ISO-10303-21;
HEADER;
FILE_DESCRIPTION(('Open CASCADE Model'),'2;1');
FILE_NAME('Open CASCADE Shape Model','2026-10-01T14:05:13',('Author'),(
    'Open CASCADE'),'Open CASCADE STEP processor 7.9','Open CASCADE 7.9'
  ,'Unknown');
FILE_SCHEMA(('AUTOMOTIVE_DESIGN { 1 0 10303 214 1 1 1 1 }'));
ENDSEC;
DATA;
#1 = APPLICATION_PROTOCOL_DEFINITION('international standard',
  'automotive_design',2000,#2);
#2 = APPLICATION_CONTEXT(
  'core data for automotive mechanical design processes');
#3 = SHAPE_DEFINITION_REPRESENTATION(#4,#10);
#4 = PRODUCT_DEFINITION_SHAPE('','',#5);
#5 = PRODUCT_DEFINITION('design','',#6,#9);
#6 = PRODUCT_DEFINITION_FORMATION('','',#7);
#7 = PRODUCT('Open CASCADE STEP translator 7.9 2',
  'Open CASCADE STEP translator 7.9 2','',(#8));
#8 = PRODUCT_CONTEXT('',#2,'mechanical');
#9 = PRODUCT_DEFINITION_CONTEXT('part definition',#2,'design');
#10 = ADVANCED_BREP_SHAPE_REPRESENTATION('',(#11,#15),#10286);
#11 = AXIS2_PLACEMENT_3D('',#12,#13,#14);
#12 = CARTESIAN_POINT('',(0.,0.,0.));
#13 = DIRECTION('',(0.,0.,1.));
#14 = DIRECTION('',(1.,0.,-0.));
#15 = MANIFOLD_SOLID_BREP('',#16);
#16 = CLOSED_SHELL('',(#17,#105,#158,#193,#923,#1788,#1847,#1902,#1961,
    #2038,#2085,#2132,#2182,#2232,#2279,#2326,#2354,#2413,#2485,#2532,
    #2579,#2629,#2679,#2726,#2773,#2801,#2996,#3043,#3090,#3115,#3174,
    #3253,#3326,#3380,#3452,#3480,#3673,#3866,#4059,#4252,#4287,#4322,
    #4357,#5287,#5317,#5397,#5558,#5604,#5726,#5756,#5809,#6001,#6186,
    #6241,#6454,#6528,#6602,#6682,#6758,#6859,#6908,#6982,#7110,#7206,
    #7255,#7282,#7342,#7397,#7452,#7528,#7577,#7678,#7752,#7880,#7929,
    #8025,#8052,#8079,#8134,#8189,#8216,#8242,#8465,#8492,#8519,#8526,
    #8579,#8584,#8588,#8664,#8735,#8782,#8829,#8876,#8925,#8952,#8959,
    #9006,#9055,#9082,#9089,#9093,#9128,#9163,#9210,#9259,#9286,#9293,
    #9342,#9389,#9416,#9423,#9458,#9493,#9538,#9585,#9632,#9679,#9726,
    #9771,#9796,#9823,#9838,#9893,#9948,#10003,#10058,#10111,#10164,
    #10217,#10270,#10274,#10278,#10282));
#17 = ADVANCED_FACE('',(#18),#32,.T.);
#18 = FACE_BOUND('',#19,.F.);
#19 = EDGE_LOOP('',(#20,#50,#77,#78));
#20 = ORIENTED_EDGE('',*,*,#21,.T.);
#21 = EDGE_CURVE('',#22,#24,#26,.T.);
#22 = VERTEX_POINT('',#23);
#23 = CARTESIAN_POINT('',(107.5,0.,1.));
#24 = VERTEX_POINT('',#25);
#25 = CARTESIAN_POINT('',(107.5,0.,2.));
#26 = SEAM_CURVE('',#27,(#31,#43),.PCURVE_S1.);
#27 = LINE('',#28,#29);
#28 = CARTESIAN_POINT('',(107.5,0.,0.));
#29 = VECTOR('',#30,1.);
#30 = DIRECTION('',(0.,0.,1.));
#31 = PCURVE('',#32,#37);
#32 = CYLINDRICAL_SURFACE('',#33,107.5);
#33 = AXIS2_PLACEMENT_3D('',#34,#35,#36);
#34 = CARTESIAN_POINT('',(0.,0.,0.));
#35 = DIRECTION('',(-0.,-0.,-1.));
#36 = DIRECTION('',(1.,0.,0.));
#37 = DEFINITIONAL_REPRESENTATION('',(#38),#42);
#38 = LINE('',#39,#40);
#39 = CARTESIAN_POINT('',(-0.,0.));
#40 = VECTOR('',#41,1.);
#41 = DIRECTION('',(-0.,-1.));
#42 = ( GEOMETRIC_REPRESENTATION_CONTEXT(2) 
PARAMETRIC_REPRESENTATION_CONTEXT() REPRESENTATION_CONTEXT('2D SPACE',''
  ) );
#43 = PCURVE('',#32,#44);
#44 = DEFINITIONAL_REPRESENTATION('',(#45),#49);
#45 = LINE('',#46,#47);
#46 = CARTESIAN_POINT('',(-6.28318530718,0.));
#47 = VECTOR('',#48,1.);
#48 = DIRECTION('',(-0.,-1.));
#49 = ( GEOMETRIC_REPRESENTATION_CONTEXT(2) 
PARAMETRIC_REPRESENTATION_CONTEXT() REPRESENTATION_CONTEXT('2D SPACE',''
  ) );
#50 = ORIENTED_EDGE('',*,*,#51,.T.);
#51 = EDGE_CURVE('',#24,#24,#52,.T.);
#52 = SURFACE_CURVE('',#53,(#58,#65),.PCURVE_S1.);
#53 = CIRCLE('',#54,107.5);
#54 = AXIS2_PLACEMENT_3D('',#55,#56,#57);
#55 = CARTESIAN_POINT('',(0.,0.,2.));
#56 = DIRECTION('',(0.,0.,1.));
#57 = DIRECTION('',(1.,0.,0.));
#58 = PCURVE('',#32,#59);
#59 = DEFINITIONAL_REPRESENTATION('',(#60),#64);
#60 = LINE('',#61,#62);
#61 = CARTESIAN_POINT('',(-0.,-2.));
#62 = VECTOR('',#63,1.);
#63 = DIRECTION('',(-1.,0.));
#64 = ( GEOMETRIC_REPRESENTATION_CONTEXT(2) 
PARAMETRIC_REPRESENTATION_CONTEXT() REPRESENTATION_CONTEXT('2D SPACE',''
  ) );
#65 = PCURVE('',#66,#71);
#66 = PLANE('',#67);
#67 = AXIS2_PLACEMENT_3D('',#68,#69,#70);
#68 = CARTESIAN_POINT('',(-9.769246714328E-15,-4.388317696945E-15,2.));
#69 = DIRECTION('',(0.,0.,1.));
#70 = DIRECTION('',(1.,0.,-0.));
#71 = DEFINITIONAL_REPRESENTATION('',(#72),#76);
#72 = CIRCLE('',#73,107.5);
#73 = AXIS2_PLACEMENT_2D('',#74,#75);
#74 = CARTESIAN_POINT('',(9.769246714328E-15,4.388317696945E-15));
#75 = DIRECTION('',(1.,0.));
#76 = ( GEOMETRIC_REPRESENTATION_CONTEXT(2) 
PARAMETRIC_REPRESENTATION_CONTEXT() REPRESENTATION_CONTEXT('2D SPACE',''
  ) );
#77 = ORIENTED_EDGE('',*,*,#21,.F.);
#78 = ORIENTED_EDGE('',*,*,#79,.F.);
#79 = EDGE_CURVE('',#22,#22,#80,.T.);
#80 = SURFACE_CURVE('',#81,(#86,#93),.PCURVE_S1.);
#81 = CIRCLE('',#82,107.5);
#82 = AXIS2_PLACEMENT_3D('',#83,#84,#85);
#83 = CARTESIAN_POINT('',(0.,0.,1.));
#84 = DIRECTION('',(0.,0.,1.));
#85 = DIRECTION('',(1.,0.,-0.));
#86 = PCURVE('',#32,#87);
#87 = DEFINITIONAL_REPRESENTATION('',(#88),#92);
#88 = LINE('',#89,#90);
#89 = CARTESIAN_POINT('',(-0.,-1.));
#90 = VECTOR('',#91,1.);
#91 = DIRECTION('',(-1.,0.));
#92 = ( GEOMETRIC_REPRESENTATION_CONTEXT(2) 
PARAMETRIC_REPRESENTATION_CONTEXT() REPRESENTATION_CONTEXT('2D SPACE',''
  ) );
#93 = PCURVE('',#94,#99);
#94 = CONICAL_SURFACE('',#95,107.5,0.785398163397);
#95 = AXIS2_PLACEMENT_3D('',#96,#97,#98);
#96 = CARTESIAN_POINT('',(0.,0.,1.));
#97 = DIRECTION('',(0.,0.,1.));
#98 = DIRECTION('',(1.,0.,-0.));
#99 = DEFINITIONAL_REPRESENTATION('',(#100),#104);
#100 = LINE('',#101,#102);
#101 = CARTESIAN_POINT('',(0.,-0.));
#102 = VECTOR('',#103,1.);
#103 = DIRECTION('',(1.,-0.));
#104 = ( GEOMETRIC_REPRESENTATION_CONTEXT(2) 
PARAMETRIC_REPRESENTATION_CONTEXT() REPRESENTATION_CONTEXT('2D SPACE',''
  ) );
#105 = ADVANCED_FACE('',(#106),#94,.T.);
#106 = FACE_BOUND('',#107,.F.);
#107 = EDGE_LOOP('',(#108,#129,#130,#131));
#108 = ORIENTED_EDGE('',*,*,#109,.F.);
#109 = EDGE_CURVE('',#22,#110,#112,.T.);
#110 = VERTEX_POINT('',#111);
#111 = CARTESIAN_POINT('',(106.5,0.,0.));
#112 = SEAM_CURVE('',#113,(#117,#123),.PCURVE_S1.);
#113 = LINE('',#114,#115);
#114 = CARTESIAN_POINT('',(107.5,0.,1.));
#115 = VECTOR('',#116,1.);
#116 = DIRECTION('',(-0.707106781187,-0.,-0.707106781187));
#117 = PCURVE('',#94,#118);
#118 = DEFINITIONAL_REPRESENTATION('',(#119),#122);
#119 = B_SPLINE_CURVE_WITH_KNOTS('',1,(#120,#121),.UNSPECIFIED.,.F.,.F.,
  (2,2),(0.,1.414213562373),.PIECEWISE_BEZIER_KNOTS.);
#120 = CARTESIAN_POINT('',(0.,0.));
#121 = CARTESIAN_POINT('',(0.,-1.));
#122 = ( GEOMETRIC_REPRESENTATION_CONTEXT(2) 
PARAMETRIC_REPRESENTATION_CONTEXT() REPRESENTATION_CONTEXT('2D SPACE',''
  ) );
#123 = PCURVE('',#94,#124);
#124 = DEFINITIONAL_REPRESENTATION('',(#125),#128);
#125 = B_SPLINE_CURVE_WITH_KNOTS('',1,(#126,#127),.UNSPECIFIED.,.F.,.F.,
  (2,2),(0.,1.414213562373),.PIECEWISE_BEZIER_KNOTS.);
#126 = CARTESIAN_POINT('',(6.28318530718,0.));
#127 = CARTESIAN_POINT('',(6.28318530718,-1.));
#128 = ( GEOMETRIC_REPRESENTATION_CONTEXT(2) 
PARAMETRIC_REPRESENTATION_CONTEXT() REPRESENTATION_CONTEXT('2D SPACE',''
  ) );
#129 = ORIENTED_EDGE('',*,*,#79,.T.);
#130 = ORIENTED_EDGE('',*,*,#109,.T.);
#131 = ORIENTED_EDGE('',*,*,#132,.F.);
#132 = EDGE_CURVE('',#110,#110,#133,.T.);
#133 = SURFACE_CURVE('',#134,(#139,#146),.PCURVE_S1.);
#134 = CIRCLE('',#135,106.5);
#135 = AXIS2_PLACEMENT_3D('',#136,#137,#138);
#136 = CARTESIAN_POINT('',(0.,0.,0.));
#137 = DIRECTION('',(0.,0.,1.));
#138 = DIRECTION('',(1.,0.,-0.));
#139 = PCURVE('',#94,#140);
#140 = DEFINITIONAL_REPRESENTATION('',(#141),#145);
#141 = LINE('',#142,#143);
#142 = CARTESIAN_POINT('',(0.,-1.));
#143 = VECTOR('',#144,1.);
#144 = DIRECTION('',(1.,-0.));
#145 = ( GEOMETRIC_REPRESENTATION_CONTEXT(2) 
PARAMETRIC_REPRESENTATION_CONTEXT() REPRESENTATION_CONTEXT('2D SPACE',''
  ) );
#146 = PCURVE('',#147,#152);
#147 = PLANE('',#148);
#148 = AXIS2_PLACEMENT_3D('',#149,#150,#151);
#149 = CARTESIAN_POINT('',(-9.769246714328E-15,-4.388317696945E-15,0.));
#150 = DIRECTION('',(0.,0.,1.));
#151 = DIRECTION('',(1.,0.,-0.));
#152 = DEFINITIONAL_REPRESENTATION('',(#153),#157);
#153 = CIRCLE('',#154,106.5);
#154 = AXIS2_PLACEMENT_2D('',#155,#156);
#155 = CARTESIAN_POINT('',(9.769246714328E-15,4.388317696945E-15));
#156 = DIRECTION('',(1.,0.));
#157 = ( GEOMETRIC_REPRESENTATION_CONTEXT(2) 
PARAMETRIC_REPRESENTATION_CONTEXT() REPRESENTATION_CONTEXT('2D SPACE',''
  ) );
#158 = ADVANCED_FACE('',(#159,#162),#66,.T.);
#159 = FACE_BOUND('',#160,.T.);
#160 = EDGE_LOOP('',(#161));
#161 = ORIENTED_EDGE('',*,*,#51,.T.);
#162 = FACE_BOUND('',#163,.T.);
#163 = EDGE_LOOP('',(#164));
#164 = ORIENTED_EDGE('',*,*,#165,.F.);
#165 = EDGE_CURVE('',#166,#166,#168,.T.);
#166 = VERTEX_POINT('',#167);
#167 = CARTESIAN_POINT('',(105.7,0.,2.));
#168 = SURFACE_CURVE('',#169,(#174,#181),.PCURVE_S1.);
#169 = CIRCLE('',#170,105.7);
#170 = AXIS2_PLACEMENT_3D('',#171,#172,#173);
#171 = CARTESIAN_POINT('',(0.,0.,2.));
#172 = DIRECTION('',(0.,0.,1.));
#173 = DIRECTION('',(1.,0.,0.));
#174 = PCURVE('',#66,#175);
#175 = DEFINITIONAL_REPRESENTATION('',(#176),#180);
#176 = CIRCLE('',#177,105.7);
#177 = AXIS2_PLACEMENT_2D('',#178,#179);
#178 = CARTESIAN_POINT('',(9.769246714328E-15,4.388317696945E-15));
#179 = DIRECTION('',(1.,0.));
#180 = ( GEOMETRIC_REPRESENTATION_CONTEXT(2) 
PARAMETRIC_REPRESENTATION_CONTEXT() REPRESENTATION_CONTEXT('2D SPACE',''
  ) );
#181 = PCURVE('',#182,#187);
#182 = CYLINDRICAL_SURFACE('',#183,105.7);
#183 = AXIS2_PLACEMENT_3D('',#184,#185,#186);
#184 = CARTESIAN_POINT('',(0.,0.,2.));
#185 = DIRECTION('',(-0.,-0.,-1.));
#186 = DIRECTION('',(1.,0.,0.));
#187 = DEFINITIONAL_REPRESENTATION('',(#188),#192);
#188 = LINE('',#189,#190);
#189 = CARTESIAN_POINT('',(-0.,0.));
#190 = VECTOR('',#191,1.);
#191 = DIRECTION('',(-1.,0.));
#192 = ( GEOMETRIC_REPRESENTATION_CONTEXT(2) 
PARAMETRIC_REPRESENTATION_CONTEXT() REPRESENTATION_CONTEXT('2D SPACE',''
  ) );
#193 = ADVANCED_FACE('',(#194,#197,#232,#267,#302,#524,#559,#781,#888),
  #147,.F.);
#194 = FACE_BOUND('',#195,.F.);
#195 = EDGE_LOOP('',(#196));
#196 = ORIENTED_EDGE('',*,*,#132,.T.);
#197 = FACE_BOUND('',#198,.F.);
#198 = EDGE_LOOP('',(#199));
#199 = ORIENTED_EDGE('',*,*,#200,.T.);
#200 = EDGE_CURVE('',#201,#201,#203,.T.);
#201 = VERTEX_POINT('',#202);
#202 = CARTESIAN_POINT('',(-12.5,-84.,0.));
#203 = SURFACE_CURVE('',#204,(#209,#220),.PCURVE_S1.);
#204 = CIRCLE('',#205,2.);
#205 = AXIS2_PLACEMENT_3D('',#206,#207,#208);
#206 = CARTESIAN_POINT('',(-14.5,-84.,0.));
#207 = DIRECTION('',(0.,0.,-1.));
#208 = DIRECTION('',(1.,0.,0.));
#209 = PCURVE('',#147,#210);
#210 = DEFINITIONAL_REPRESENTATION('',(#211),#219);
#211 = ( BOUNDED_CURVE() B_SPLINE_CURVE(2,(#212,#213,#214,#215,#216,#217
,#218),.UNSPECIFIED.,.T.,.F.) B_SPLINE_CURVE_WITH_KNOTS((1,2,2,2,2,1),(
    -2.094395102393,0.,2.094395102393,4.188790204786,6.28318530718,
8.377580409573),.UNSPECIFIED.) CURVE() GEOMETRIC_REPRESENTATION_ITEM() 
RATIONAL_B_SPLINE_CURVE((1.,0.5,1.,0.5,1.,0.5,1.)) REPRESENTATION_ITEM(
  '') );
#212 = CARTESIAN_POINT('',(-12.5,-84.));
#213 = CARTESIAN_POINT('',(-12.5,-87.46410161513));
#214 = CARTESIAN_POINT('',(-15.5,-85.73205080756));
#215 = CARTESIAN_POINT('',(-18.5,-84.));
#216 = CARTESIAN_POINT('',(-15.5,-82.26794919243));
#217 = CARTESIAN_POINT('',(-12.5,-80.53589838486));
#218 = CARTESIAN_POINT('',(-12.5,-84.));
#219 = ( GEOMETRIC_REPRESENTATION_CONTEXT(2) 
PARAMETRIC_REPRESENTATION_CONTEXT() REPRESENTATION_CONTEXT('2D SPACE',''
  ) );
#220 = PCURVE('',#221,#226);
#221 = CYLINDRICAL_SURFACE('',#222,2.);
#222 = AXIS2_PLACEMENT_3D('',#223,#224,#225);
#223 = CARTESIAN_POINT('',(-14.5,-84.,-1.));
#224 = DIRECTION('',(-0.,-0.,-1.));
#225 = DIRECTION('',(1.,0.,0.));
#226 = DEFINITIONAL_REPRESENTATION('',(#227),#231);
#227 = LINE('',#228,#229);
#228 = CARTESIAN_POINT('',(-6.28318530718,-1.));
#229 = VECTOR('',#230,1.);
#230 = DIRECTION('',(1.,-0.));
#231 = ( GEOMETRIC_REPRESENTATION_CONTEXT(2) 
PARAMETRIC_REPRESENTATION_CONTEXT() REPRESENTATION_CONTEXT('2D SPACE',''
  ) );
#232 = FACE_BOUND('',#233,.F.);
#233 = EDGE_LOOP('',(#234));
#234 = ORIENTED_EDGE('',*,*,#235,.T.);
#235 = EDGE_CURVE('',#236,#236,#238,.T.);
#236 = VERTEX_POINT('',#237);
#237 = CARTESIAN_POINT('',(9.313708498985,-84.,0.));
#238 = SURFACE_CURVE('',#239,(#244,#255),.PCURVE_S1.);
#239 = CIRCLE('',#240,9.313708498985);
#240 = AXIS2_PLACEMENT_3D('',#241,#242,#243);
#241 = CARTESIAN_POINT('',(0.,-84.,0.));
#242 = DIRECTION('',(0.,0.,-1.));
#243 = DIRECTION('',(1.,0.,0.));
#244 = PCURVE('',#147,#245);
#245 = DEFINITIONAL_REPRESENTATION('',(#246),#254);
#246 = ( BOUNDED_CURVE() B_SPLINE_CURVE(2,(#247,#248,#249,#250,#251,#252
,#253),.UNSPECIFIED.,.T.,.F.) B_SPLINE_CURVE_WITH_KNOTS((1,2,2,2,2,1),(
    -2.094395102393,0.,2.094395102393,4.188790204786,6.28318530718,
8.377580409573),.UNSPECIFIED.) CURVE() GEOMETRIC_REPRESENTATION_ITEM() 
RATIONAL_B_SPLINE_CURVE((1.,0.5,1.,0.5,1.,0.5,1.)) REPRESENTATION_ITEM(
  '') );
#247 = CARTESIAN_POINT('',(9.313708498985,-84.));
#248 = CARTESIAN_POINT('',(9.313708498985,-100.1318163271));
#249 = CARTESIAN_POINT('',(-4.656854249492,-92.06590816356));
#250 = CARTESIAN_POINT('',(-18.62741699797,-84.));
#251 = CARTESIAN_POINT('',(-4.656854249492,-75.93409183643));
#252 = CARTESIAN_POINT('',(9.313708498985,-67.86818367287));
#253 = CARTESIAN_POINT('',(9.313708498985,-84.));
#254 = ( GEOMETRIC_REPRESENTATION_CONTEXT(2) 
PARAMETRIC_REPRESENTATION_CONTEXT() REPRESENTATION_CONTEXT('2D SPACE',''
  ) );
#255 = PCURVE('',#256,#261);
#256 = CYLINDRICAL_SURFACE('',#257,9.313708498985);
#257 = AXIS2_PLACEMENT_3D('',#258,#259,#260);
#258 = CARTESIAN_POINT('',(0.,-84.,-1.));
#259 = DIRECTION('',(-0.,-0.,-1.));
#260 = DIRECTION('',(1.,0.,0.));
#261 = DEFINITIONAL_REPRESENTATION('',(#262),#266);
#262 = LINE('',#263,#264);
#263 = CARTESIAN_POINT('',(-6.28318530718,-1.));
#264 = VECTOR('',#265,1.);
#265 = DIRECTION('',(1.,-0.));
#266 = ( GEOMETRIC_REPRESENTATION_CONTEXT(2) 
PARAMETRIC_REPRESENTATION_CONTEXT() REPRESENTATION_CONTEXT('2D SPACE',''
  ) );
#267 = FACE_BOUND('',#268,.F.);
#268 = EDGE_LOOP('',(#269));
#269 = ORIENTED_EDGE('',*,*,#270,.T.);
#270 = EDGE_CURVE('',#271,#271,#273,.T.);
#271 = VERTEX_POINT('',#272);
#272 = CARTESIAN_POINT('',(16.5,-84.,0.));
#273 = SURFACE_CURVE('',#274,(#279,#290),.PCURVE_S1.);
#274 = CIRCLE('',#275,2.);
#275 = AXIS2_PLACEMENT_3D('',#276,#277,#278);
#276 = CARTESIAN_POINT('',(14.5,-84.,0.));
#277 = DIRECTION('',(0.,0.,-1.));
#278 = DIRECTION('',(1.,0.,0.));
#279 = PCURVE('',#147,#280);
#280 = DEFINITIONAL_REPRESENTATION('',(#281),#289);
#281 = ( BOUNDED_CURVE() B_SPLINE_CURVE(2,(#282,#283,#284,#285,#286,#287
,#288),.UNSPECIFIED.,.T.,.F.) B_SPLINE_CURVE_WITH_KNOTS((1,2,2,2,2,1),(
    -2.094395102393,0.,2.094395102393,4.188790204786,6.28318530718,
8.377580409573),.UNSPECIFIED.) CURVE() GEOMETRIC_REPRESENTATION_ITEM() 
RATIONAL_B_SPLINE_CURVE((1.,0.5,1.,0.5,1.,0.5,1.)) REPRESENTATION_ITEM(
  '') );
#282 = CARTESIAN_POINT('',(16.5,-84.));
#283 = CARTESIAN_POINT('',(16.5,-87.46410161513));
#284 = CARTESIAN_POINT('',(13.5,-85.73205080756));
#285 = CARTESIAN_POINT('',(10.5,-84.));
#286 = CARTESIAN_POINT('',(13.5,-82.26794919243));
#287 = CARTESIAN_POINT('',(16.5,-80.53589838486));
#288 = CARTESIAN_POINT('',(16.5,-84.));
#289 = ( GEOMETRIC_REPRESENTATION_CONTEXT(2) 
PARAMETRIC_REPRESENTATION_CONTEXT() REPRESENTATION_CONTEXT('2D SPACE',''
  ) );
#290 = PCURVE('',#291,#296);
#291 = CYLINDRICAL_SURFACE('',#292,2.);
#292 = AXIS2_PLACEMENT_3D('',#293,#294,#295);
#293 = CARTESIAN_POINT('',(14.5,-84.,-1.));
#294 = DIRECTION('',(-0.,-0.,-1.));
#295 = DIRECTION('',(1.,0.,0.));
#296 = DEFINITIONAL_REPRESENTATION('',(#297),#301);
#297 = LINE('',#298,#299);
#298 = CARTESIAN_POINT('',(-6.28318530718,-1.));
#299 = VECTOR('',#300,1.);
#300 = DIRECTION('',(1.,-0.));
#301 = ( GEOMETRIC_REPRESENTATION_CONTEXT(2) 
PARAMETRIC_REPRESENTATION_CONTEXT() REPRESENTATION_CONTEXT('2D SPACE',''
  ) );
#302 = FACE_BOUND('',#303,.F.);
#303 = EDGE_LOOP('',(#304,#335,#361,#390,#416,#445,#471,#500));
#304 = ORIENTED_EDGE('',*,*,#305,.F.);
#305 = EDGE_CURVE('',#306,#308,#310,.T.);
#306 = VERTEX_POINT('',#307);
#307 = CARTESIAN_POINT('',(-88.5,-6.,0.));
#308 = VERTEX_POINT('',#309);
#309 = CARTESIAN_POINT('',(-86.5,-4.,0.));
#310 = SURFACE_CURVE('',#311,(#316,#323),.PCURVE_S1.);
#311 = CIRCLE('',#312,2.);
#312 = AXIS2_PLACEMENT_3D('',#313,#314,#315);
#313 = CARTESIAN_POINT('',(-88.5,-4.,0.));
#314 = DIRECTION('',(0.,0.,1.));
#315 = DIRECTION('',(0.,-1.,0.));
#316 = PCURVE('',#147,#317);
#317 = DEFINITIONAL_REPRESENTATION('',(#318),#322);
#318 = CIRCLE('',#319,2.);
#319 = AXIS2_PLACEMENT_2D('',#320,#321);
#320 = CARTESIAN_POINT('',(-88.5,-4.));
#321 = DIRECTION('',(0.,-1.));
#322 = ( GEOMETRIC_REPRESENTATION_CONTEXT(2) 
PARAMETRIC_REPRESENTATION_CONTEXT() REPRESENTATION_CONTEXT('2D SPACE',''
  ) );
#323 = PCURVE('',#324,#329);
#324 = CYLINDRICAL_SURFACE('',#325,2.);
#325 = AXIS2_PLACEMENT_3D('',#326,#327,#328);
#326 = CARTESIAN_POINT('',(-88.5,-4.,-1.));
#327 = DIRECTION('',(0.,0.,1.));
#328 = DIRECTION('',(0.,-1.,0.));
#329 = DEFINITIONAL_REPRESENTATION('',(#330),#334);
#330 = LINE('',#331,#332);
#331 = CARTESIAN_POINT('',(0.,1.));
#332 = VECTOR('',#333,1.);
#333 = DIRECTION('',(1.,0.));
#334 = ( GEOMETRIC_REPRESENTATION_CONTEXT(2) 
PARAMETRIC_REPRESENTATION_CONTEXT() REPRESENTATION_CONTEXT('2D SPACE',''
  ) );
#335 = ORIENTED_EDGE('',*,*,#336,.T.);
#336 = EDGE_CURVE('',#306,#337,#339,.T.);
#337 = VERTEX_POINT('',#338);
#338 = CARTESIAN_POINT('',(-95.5,-6.,0.));
#339 = SURFACE_CURVE('',#340,(#344,#350),.PCURVE_S1.);
#340 = LINE('',#341,#342);
#341 = CARTESIAN_POINT('',(-48.75,-6.,0.));
#342 = VECTOR('',#343,1.);
#343 = DIRECTION('',(-1.,0.,0.));
#344 = PCURVE('',#147,#345);
#345 = DEFINITIONAL_REPRESENTATION('',(#346),#349);
#346 = B_SPLINE_CURVE_WITH_KNOTS('',1,(#347,#348),.UNSPECIFIED.,.F.,.F.,
  (2,2),(39.75,46.75),.PIECEWISE_BEZIER_KNOTS.);
#347 = CARTESIAN_POINT('',(-88.5,-6.));
#348 = CARTESIAN_POINT('',(-95.5,-6.));
#349 = ( GEOMETRIC_REPRESENTATION_CONTEXT(2) 
PARAMETRIC_REPRESENTATION_CONTEXT() REPRESENTATION_CONTEXT('2D SPACE',''
  ) );
#350 = PCURVE('',#351,#356);
#351 = PLANE('',#352);
#352 = AXIS2_PLACEMENT_3D('',#353,#354,#355);
#353 = CARTESIAN_POINT('',(-97.5,-6.,-1.));
#354 = DIRECTION('',(0.,1.,0.));
#355 = DIRECTION('',(1.,0.,0.));
#356 = DEFINITIONAL_REPRESENTATION('',(#357),#360);
#357 = B_SPLINE_CURVE_WITH_KNOTS('',1,(#358,#359),.UNSPECIFIED.,.F.,.F.,
  (2,2),(39.75,46.75),.PIECEWISE_BEZIER_KNOTS.);
#358 = CARTESIAN_POINT('',(9.,-1.));
#359 = CARTESIAN_POINT('',(2.,-1.));
#360 = ( GEOMETRIC_REPRESENTATION_CONTEXT(2) 
PARAMETRIC_REPRESENTATION_CONTEXT() REPRESENTATION_CONTEXT('2D SPACE',''
  ) );
#361 = ORIENTED_EDGE('',*,*,#362,.F.);
#362 = EDGE_CURVE('',#363,#337,#365,.T.);
#363 = VERTEX_POINT('',#364);
#364 = CARTESIAN_POINT('',(-97.5,-4.,0.));
#365 = SURFACE_CURVE('',#366,(#371,#378),.PCURVE_S1.);
#366 = CIRCLE('',#367,2.);
#367 = AXIS2_PLACEMENT_3D('',#368,#369,#370);
#368 = CARTESIAN_POINT('',(-95.5,-4.,0.));
#369 = DIRECTION('',(0.,0.,1.));
#370 = DIRECTION('',(0.,-1.,0.));
#371 = PCURVE('',#147,#372);
#372 = DEFINITIONAL_REPRESENTATION('',(#373),#377);
#373 = CIRCLE('',#374,2.);
#374 = AXIS2_PLACEMENT_2D('',#375,#376);
#375 = CARTESIAN_POINT('',(-95.5,-4.));
#376 = DIRECTION('',(0.,-1.));
#377 = ( GEOMETRIC_REPRESENTATION_CONTEXT(2) 
PARAMETRIC_REPRESENTATION_CONTEXT() REPRESENTATION_CONTEXT('2D SPACE',''
  ) );
#378 = PCURVE('',#379,#384);
#379 = CYLINDRICAL_SURFACE('',#380,2.);
#380 = AXIS2_PLACEMENT_3D('',#381,#382,#383);
#381 = CARTESIAN_POINT('',(-95.5,-4.,-1.));
#382 = DIRECTION('',(0.,0.,1.));
#383 = DIRECTION('',(0.,-1.,0.));
#384 = DEFINITIONAL_REPRESENTATION('',(#385),#389);
#385 = LINE('',#386,#387);
#386 = CARTESIAN_POINT('',(-6.28318530718,1.));
#387 = VECTOR('',#388,1.);
#388 = DIRECTION('',(1.,-0.));
#389 = ( GEOMETRIC_REPRESENTATION_CONTEXT(2) 
PARAMETRIC_REPRESENTATION_CONTEXT() REPRESENTATION_CONTEXT('2D SPACE',''
  ) );
#390 = ORIENTED_EDGE('',*,*,#391,.T.);
#391 = EDGE_CURVE('',#363,#392,#394,.T.);
#392 = VERTEX_POINT('',#393);
#393 = CARTESIAN_POINT('',(-97.5,28.,0.));
#394 = SURFACE_CURVE('',#395,(#399,#405),.PCURVE_S1.);
#395 = LINE('',#396,#397);
#396 = CARTESIAN_POINT('',(-97.5,15.,0.));
#397 = VECTOR('',#398,1.);
#398 = DIRECTION('',(-0.,1.,0.));
#399 = PCURVE('',#147,#400);
#400 = DEFINITIONAL_REPRESENTATION('',(#401),#404);
#401 = B_SPLINE_CURVE_WITH_KNOTS('',1,(#402,#403),.UNSPECIFIED.,.F.,.F.,
  (2,2),(-19.,13.),.PIECEWISE_BEZIER_KNOTS.);
#402 = CARTESIAN_POINT('',(-97.5,-4.));
#403 = CARTESIAN_POINT('',(-97.5,28.));
#404 = ( GEOMETRIC_REPRESENTATION_CONTEXT(2) 
PARAMETRIC_REPRESENTATION_CONTEXT() REPRESENTATION_CONTEXT('2D SPACE',''
  ) );
#405 = PCURVE('',#406,#411);
#406 = PLANE('',#407);
#407 = AXIS2_PLACEMENT_3D('',#408,#409,#410);
#408 = CARTESIAN_POINT('',(-97.5,30.,-1.));
#409 = DIRECTION('',(1.,0.,-0.));
#410 = DIRECTION('',(0.,-1.,0.));
#411 = DEFINITIONAL_REPRESENTATION('',(#412),#415);
#412 = B_SPLINE_CURVE_WITH_KNOTS('',1,(#413,#414),.UNSPECIFIED.,.F.,.F.,
  (2,2),(-19.,13.),.PIECEWISE_BEZIER_KNOTS.);
#413 = CARTESIAN_POINT('',(34.,-1.));
#414 = CARTESIAN_POINT('',(2.,-1.));
#415 = ( GEOMETRIC_REPRESENTATION_CONTEXT(2) 
PARAMETRIC_REPRESENTATION_CONTEXT() REPRESENTATION_CONTEXT('2D SPACE',''
  ) );
#416 = ORIENTED_EDGE('',*,*,#417,.F.);
#417 = EDGE_CURVE('',#418,#392,#420,.T.);
#418 = VERTEX_POINT('',#419);
#419 = CARTESIAN_POINT('',(-95.5,30.,0.));
#420 = SURFACE_CURVE('',#421,(#426,#433),.PCURVE_S1.);
#421 = CIRCLE('',#422,2.);
#422 = AXIS2_PLACEMENT_3D('',#423,#424,#425);
#423 = CARTESIAN_POINT('',(-95.5,28.,0.));
#424 = DIRECTION('',(0.,0.,1.));
#425 = DIRECTION('',(-0.,1.,0.));
#426 = PCURVE('',#147,#427);
#427 = DEFINITIONAL_REPRESENTATION('',(#428),#432);
#428 = CIRCLE('',#429,2.);
#429 = AXIS2_PLACEMENT_2D('',#430,#431);
#430 = CARTESIAN_POINT('',(-95.5,28.));
#431 = DIRECTION('',(0.,1.));
#432 = ( GEOMETRIC_REPRESENTATION_CONTEXT(2) 
PARAMETRIC_REPRESENTATION_CONTEXT() REPRESENTATION_CONTEXT('2D SPACE',''
  ) );
#433 = PCURVE('',#434,#439);
#434 = CYLINDRICAL_SURFACE('',#435,2.);
#435 = AXIS2_PLACEMENT_3D('',#436,#437,#438);
#436 = CARTESIAN_POINT('',(-95.5,28.,-1.));
#437 = DIRECTION('',(0.,0.,1.));
#438 = DIRECTION('',(-0.,1.,0.));
#439 = DEFINITIONAL_REPRESENTATION('',(#440),#444);
#440 = LINE('',#441,#442);
#441 = CARTESIAN_POINT('',(0.,1.));
#442 = VECTOR('',#443,1.);
#443 = DIRECTION('',(1.,0.));
#444 = ( GEOMETRIC_REPRESENTATION_CONTEXT(2) 
PARAMETRIC_REPRESENTATION_CONTEXT() REPRESENTATION_CONTEXT('2D SPACE',''
  ) );
#445 = ORIENTED_EDGE('',*,*,#446,.T.);
#446 = EDGE_CURVE('',#418,#447,#449,.T.);
#447 = VERTEX_POINT('',#448);
#448 = CARTESIAN_POINT('',(-88.5,30.,0.));
#449 = SURFACE_CURVE('',#450,(#454,#460),.PCURVE_S1.);
#450 = LINE('',#451,#452);
#451 = CARTESIAN_POINT('',(-43.25,30.,0.));
#452 = VECTOR('',#453,1.);
#453 = DIRECTION('',(1.,0.,-0.));
#454 = PCURVE('',#147,#455);
#455 = DEFINITIONAL_REPRESENTATION('',(#456),#459);
#456 = B_SPLINE_CURVE_WITH_KNOTS('',1,(#457,#458),.UNSPECIFIED.,.F.,.F.,
  (2,2),(-52.25,-45.25),.PIECEWISE_BEZIER_KNOTS.);
#457 = CARTESIAN_POINT('',(-95.5,30.));
#458 = CARTESIAN_POINT('',(-88.5,30.));
#459 = ( GEOMETRIC_REPRESENTATION_CONTEXT(2) 
PARAMETRIC_REPRESENTATION_CONTEXT() REPRESENTATION_CONTEXT('2D SPACE',''
  ) );
#460 = PCURVE('',#461,#466);
#461 = PLANE('',#462);
#462 = AXIS2_PLACEMENT_3D('',#463,#464,#465);
#463 = CARTESIAN_POINT('',(-86.5,30.,-1.));
#464 = DIRECTION('',(0.,-1.,0.));
#465 = DIRECTION('',(-1.,0.,0.));
#466 = DEFINITIONAL_REPRESENTATION('',(#467),#470);
#467 = B_SPLINE_CURVE_WITH_KNOTS('',1,(#468,#469),.UNSPECIFIED.,.F.,.F.,
  (2,2),(-52.25,-45.25),.PIECEWISE_BEZIER_KNOTS.);
#468 = CARTESIAN_POINT('',(9.,-1.));
#469 = CARTESIAN_POINT('',(2.,-1.));
#470 = ( GEOMETRIC_REPRESENTATION_CONTEXT(2) 
PARAMETRIC_REPRESENTATION_CONTEXT() REPRESENTATION_CONTEXT('2D SPACE',''
  ) );
#471 = ORIENTED_EDGE('',*,*,#472,.F.);
#472 = EDGE_CURVE('',#473,#447,#475,.T.);
#473 = VERTEX_POINT('',#474);
#474 = CARTESIAN_POINT('',(-86.5,28.,0.));
#475 = SURFACE_CURVE('',#476,(#481,#488),.PCURVE_S1.);
#476 = CIRCLE('',#477,2.);
#477 = AXIS2_PLACEMENT_3D('',#478,#479,#480);
#478 = CARTESIAN_POINT('',(-88.5,28.,0.));
#479 = DIRECTION('',(0.,0.,1.));
#480 = DIRECTION('',(1.,0.,-0.));
#481 = PCURVE('',#147,#482);
#482 = DEFINITIONAL_REPRESENTATION('',(#483),#487);
#483 = CIRCLE('',#484,2.);
#484 = AXIS2_PLACEMENT_2D('',#485,#486);
#485 = CARTESIAN_POINT('',(-88.5,28.));
#486 = DIRECTION('',(1.,0.));
#487 = ( GEOMETRIC_REPRESENTATION_CONTEXT(2) 
PARAMETRIC_REPRESENTATION_CONTEXT() REPRESENTATION_CONTEXT('2D SPACE',''
  ) );
#488 = PCURVE('',#489,#494);
#489 = CYLINDRICAL_SURFACE('',#490,2.);
#490 = AXIS2_PLACEMENT_3D('',#491,#492,#493);
#491 = CARTESIAN_POINT('',(-88.5,28.,-1.));
#492 = DIRECTION('',(0.,0.,1.));
#493 = DIRECTION('',(1.,0.,-0.));
#494 = DEFINITIONAL_REPRESENTATION('',(#495),#499);
#495 = LINE('',#496,#497);
#496 = CARTESIAN_POINT('',(0.,1.));
#497 = VECTOR('',#498,1.);
#498 = DIRECTION('',(1.,0.));
#499 = ( GEOMETRIC_REPRESENTATION_CONTEXT(2) 
PARAMETRIC_REPRESENTATION_CONTEXT() REPRESENTATION_CONTEXT('2D SPACE',''
  ) );
#500 = ORIENTED_EDGE('',*,*,#501,.T.);
#501 = EDGE_CURVE('',#473,#308,#502,.T.);
#502 = SURFACE_CURVE('',#503,(#507,#513),.PCURVE_S1.);
#503 = LINE('',#504,#505);
#504 = CARTESIAN_POINT('',(-86.5,-3.,0.));
#505 = VECTOR('',#506,1.);
#506 = DIRECTION('',(0.,-1.,0.));
#507 = PCURVE('',#147,#508);
#508 = DEFINITIONAL_REPRESENTATION('',(#509),#512);
#509 = B_SPLINE_CURVE_WITH_KNOTS('',1,(#510,#511),.UNSPECIFIED.,.F.,.F.,
  (2,2),(-31.,1.),.PIECEWISE_BEZIER_KNOTS.);
#510 = CARTESIAN_POINT('',(-86.5,28.));
#511 = CARTESIAN_POINT('',(-86.5,-4.));
#512 = ( GEOMETRIC_REPRESENTATION_CONTEXT(2) 
PARAMETRIC_REPRESENTATION_CONTEXT() REPRESENTATION_CONTEXT('2D SPACE',''
  ) );
#513 = PCURVE('',#514,#519);
#514 = PLANE('',#515);
#515 = AXIS2_PLACEMENT_3D('',#516,#517,#518);
#516 = CARTESIAN_POINT('',(-86.5,-6.,-1.));
#517 = DIRECTION('',(-1.,0.,0.));
#518 = DIRECTION('',(0.,1.,0.));
#519 = DEFINITIONAL_REPRESENTATION('',(#520),#523);
#520 = B_SPLINE_CURVE_WITH_KNOTS('',1,(#521,#522),.UNSPECIFIED.,.F.,.F.,
  (2,2),(-31.,1.),.PIECEWISE_BEZIER_KNOTS.);
#521 = CARTESIAN_POINT('',(34.,-1.));
#522 = CARTESIAN_POINT('',(2.,-1.));
#523 = ( GEOMETRIC_REPRESENTATION_CONTEXT(2) 
PARAMETRIC_REPRESENTATION_CONTEXT() REPRESENTATION_CONTEXT('2D SPACE',''
  ) );
#524 = FACE_BOUND('',#525,.F.);
#525 = EDGE_LOOP('',(#526));
#526 = ORIENTED_EDGE('',*,*,#527,.T.);
#527 = EDGE_CURVE('',#528,#528,#530,.T.);
#528 = VERTEX_POINT('',#529);
#529 = CARTESIAN_POINT('',(-41.,89.,0.));
#530 = SURFACE_CURVE('',#531,(#536,#547),.PCURVE_S1.);
#531 = CIRCLE('',#532,2.);
#532 = AXIS2_PLACEMENT_3D('',#533,#534,#535);
#533 = CARTESIAN_POINT('',(-43.,89.,0.));
#534 = DIRECTION('',(0.,0.,-1.));
#535 = DIRECTION('',(1.,0.,0.));
#536 = PCURVE('',#147,#537);
#537 = DEFINITIONAL_REPRESENTATION('',(#538),#546);
#538 = ( BOUNDED_CURVE() B_SPLINE_CURVE(2,(#539,#540,#541,#542,#543,#544
,#545),.UNSPECIFIED.,.T.,.F.) B_SPLINE_CURVE_WITH_KNOTS((1,2,2,2,2,1),(
    -2.094395102393,0.,2.094395102393,4.188790204786,6.28318530718,
8.377580409573),.UNSPECIFIED.) CURVE() GEOMETRIC_REPRESENTATION_ITEM() 
RATIONAL_B_SPLINE_CURVE((1.,0.5,1.,0.5,1.,0.5,1.)) REPRESENTATION_ITEM(
  '') );
#539 = CARTESIAN_POINT('',(-41.,89.));
#540 = CARTESIAN_POINT('',(-41.,85.535898384862));
#541 = CARTESIAN_POINT('',(-44.,87.267949192431));
#542 = CARTESIAN_POINT('',(-47.,89.));
#543 = CARTESIAN_POINT('',(-44.,90.732050807569));
#544 = CARTESIAN_POINT('',(-41.,92.464101615138));
#545 = CARTESIAN_POINT('',(-41.,89.));
#546 = ( GEOMETRIC_REPRESENTATION_CONTEXT(2) 
PARAMETRIC_REPRESENTATION_CONTEXT() REPRESENTATION_CONTEXT('2D SPACE',''
  ) );
#547 = PCURVE('',#548,#553);
#548 = CYLINDRICAL_SURFACE('',#549,2.);
#549 = AXIS2_PLACEMENT_3D('',#550,#551,#552);
#550 = CARTESIAN_POINT('',(-43.,89.,-1.));
#551 = DIRECTION('',(-0.,-0.,-1.));
#552 = DIRECTION('',(1.,0.,0.));
#553 = DEFINITIONAL_REPRESENTATION('',(#554),#558);
#554 = LINE('',#555,#556);
#555 = CARTESIAN_POINT('',(-6.28318530718,-1.));
#556 = VECTOR('',#557,1.);
#557 = DIRECTION('',(1.,-0.));
#558 = ( GEOMETRIC_REPRESENTATION_CONTEXT(2) 
PARAMETRIC_REPRESENTATION_CONTEXT() REPRESENTATION_CONTEXT('2D SPACE',''
  ) );
#559 = FACE_BOUND('',#560,.F.);
#560 = EDGE_LOOP('',(#561,#592,#618,#647,#673,#702,#728,#757));
#561 = ORIENTED_EDGE('',*,*,#562,.F.);
#562 = EDGE_CURVE('',#563,#565,#567,.T.);
#563 = VERTEX_POINT('',#564);
#564 = CARTESIAN_POINT('',(95.5,-6.,0.));
#565 = VERTEX_POINT('',#566);
#566 = CARTESIAN_POINT('',(97.5,-4.,0.));
#567 = SURFACE_CURVE('',#568,(#573,#580),.PCURVE_S1.);
#568 = CIRCLE('',#569,2.);
#569 = AXIS2_PLACEMENT_3D('',#570,#571,#572);
#570 = CARTESIAN_POINT('',(95.5,-4.,0.));
#571 = DIRECTION('',(0.,0.,1.));
#572 = DIRECTION('',(0.,-1.,0.));
#573 = PCURVE('',#147,#574);
#574 = DEFINITIONAL_REPRESENTATION('',(#575),#579);
#575 = CIRCLE('',#576,2.);
#576 = AXIS2_PLACEMENT_2D('',#577,#578);
#577 = CARTESIAN_POINT('',(95.5,-4.));
#578 = DIRECTION('',(0.,-1.));
#579 = ( GEOMETRIC_REPRESENTATION_CONTEXT(2) 
PARAMETRIC_REPRESENTATION_CONTEXT() REPRESENTATION_CONTEXT('2D SPACE',''
  ) );
#580 = PCURVE('',#581,#586);
#581 = CYLINDRICAL_SURFACE('',#582,2.);
#582 = AXIS2_PLACEMENT_3D('',#583,#584,#585);
#583 = CARTESIAN_POINT('',(95.5,-4.,-1.));
#584 = DIRECTION('',(0.,0.,1.));
#585 = DIRECTION('',(0.,-1.,0.));
#586 = DEFINITIONAL_REPRESENTATION('',(#587),#591);
#587 = LINE('',#588,#589);
#588 = CARTESIAN_POINT('',(0.,1.));
#589 = VECTOR('',#590,1.);
#590 = DIRECTION('',(1.,0.));
#591 = ( GEOMETRIC_REPRESENTATION_CONTEXT(2) 
PARAMETRIC_REPRESENTATION_CONTEXT() REPRESENTATION_CONTEXT('2D SPACE',''
  ) );
#592 = ORIENTED_EDGE('',*,*,#593,.T.);
#593 = EDGE_CURVE('',#563,#594,#596,.T.);
#594 = VERTEX_POINT('',#595);
#595 = CARTESIAN_POINT('',(88.5,-6.,0.));
#596 = SURFACE_CURVE('',#597,(#601,#607),.PCURVE_S1.);
#597 = LINE('',#598,#599);
#598 = CARTESIAN_POINT('',(43.25,-6.,0.));
#599 = VECTOR('',#600,1.);
#600 = DIRECTION('',(-1.,0.,0.));
#601 = PCURVE('',#147,#602);
#602 = DEFINITIONAL_REPRESENTATION('',(#603),#606);
#603 = B_SPLINE_CURVE_WITH_KNOTS('',1,(#604,#605),.UNSPECIFIED.,.F.,.F.,
  (2,2),(-52.25,-45.25),.PIECEWISE_BEZIER_KNOTS.);
#604 = CARTESIAN_POINT('',(95.5,-6.));
#605 = CARTESIAN_POINT('',(88.5,-6.));
#606 = ( GEOMETRIC_REPRESENTATION_CONTEXT(2) 
PARAMETRIC_REPRESENTATION_CONTEXT() REPRESENTATION_CONTEXT('2D SPACE',''
  ) );
#607 = PCURVE('',#608,#613);
#608 = PLANE('',#609);
#609 = AXIS2_PLACEMENT_3D('',#610,#611,#612);
#610 = CARTESIAN_POINT('',(86.5,-6.,-1.));
#611 = DIRECTION('',(0.,1.,0.));
#612 = DIRECTION('',(1.,0.,0.));
#613 = DEFINITIONAL_REPRESENTATION('',(#614),#617);
#614 = B_SPLINE_CURVE_WITH_KNOTS('',1,(#615,#616),.UNSPECIFIED.,.F.,.F.,
  (2,2),(-52.25,-45.25),.PIECEWISE_BEZIER_KNOTS.);
#615 = CARTESIAN_POINT('',(9.,-1.));
#616 = CARTESIAN_POINT('',(2.,-1.));
#617 = ( GEOMETRIC_REPRESENTATION_CONTEXT(2) 
PARAMETRIC_REPRESENTATION_CONTEXT() REPRESENTATION_CONTEXT('2D SPACE',''
  ) );
#618 = ORIENTED_EDGE('',*,*,#619,.F.);
#619 = EDGE_CURVE('',#620,#594,#622,.T.);
#620 = VERTEX_POINT('',#621);
#621 = CARTESIAN_POINT('',(86.5,-4.,0.));
#622 = SURFACE_CURVE('',#623,(#628,#635),.PCURVE_S1.);
#623 = CIRCLE('',#624,2.);
#624 = AXIS2_PLACEMENT_3D('',#625,#626,#627);
#625 = CARTESIAN_POINT('',(88.5,-4.,0.));
#626 = DIRECTION('',(0.,0.,1.));
#627 = DIRECTION('',(0.,-1.,0.));
#628 = PCURVE('',#147,#629);
#629 = DEFINITIONAL_REPRESENTATION('',(#630),#634);
#630 = CIRCLE('',#631,2.);
#631 = AXIS2_PLACEMENT_2D('',#632,#633);
#632 = CARTESIAN_POINT('',(88.5,-4.));
#633 = DIRECTION('',(0.,-1.));
#634 = ( GEOMETRIC_REPRESENTATION_CONTEXT(2) 
PARAMETRIC_REPRESENTATION_CONTEXT() REPRESENTATION_CONTEXT('2D SPACE',''
  ) );
#635 = PCURVE('',#636,#641);
#636 = CYLINDRICAL_SURFACE('',#637,2.);
#637 = AXIS2_PLACEMENT_3D('',#638,#639,#640);
#638 = CARTESIAN_POINT('',(88.5,-4.,-1.));
#639 = DIRECTION('',(0.,0.,1.));
#640 = DIRECTION('',(0.,-1.,0.));
#641 = DEFINITIONAL_REPRESENTATION('',(#642),#646);
#642 = LINE('',#643,#644);
#643 = CARTESIAN_POINT('',(-6.28318530718,1.));
#644 = VECTOR('',#645,1.);
#645 = DIRECTION('',(1.,-0.));
#646 = ( GEOMETRIC_REPRESENTATION_CONTEXT(2) 
PARAMETRIC_REPRESENTATION_CONTEXT() REPRESENTATION_CONTEXT('2D SPACE',''
  ) );
#647 = ORIENTED_EDGE('',*,*,#648,.T.);
#648 = EDGE_CURVE('',#620,#649,#651,.T.);
#649 = VERTEX_POINT('',#650);
#650 = CARTESIAN_POINT('',(86.5,28.,0.));
#651 = SURFACE_CURVE('',#652,(#656,#662),.PCURVE_S1.);
#652 = LINE('',#653,#654);
#653 = CARTESIAN_POINT('',(86.5,15.,0.));
#654 = VECTOR('',#655,1.);
#655 = DIRECTION('',(-0.,1.,0.));
#656 = PCURVE('',#147,#657);
#657 = DEFINITIONAL_REPRESENTATION('',(#658),#661);
#658 = B_SPLINE_CURVE_WITH_KNOTS('',1,(#659,#660),.UNSPECIFIED.,.F.,.F.,
  (2,2),(-19.,13.),.PIECEWISE_BEZIER_KNOTS.);
#659 = CARTESIAN_POINT('',(86.5,-4.));
#660 = CARTESIAN_POINT('',(86.5,28.));
#661 = ( GEOMETRIC_REPRESENTATION_CONTEXT(2) 
PARAMETRIC_REPRESENTATION_CONTEXT() REPRESENTATION_CONTEXT('2D SPACE',''
  ) );
#662 = PCURVE('',#663,#668);
#663 = PLANE('',#664);
#664 = AXIS2_PLACEMENT_3D('',#665,#666,#667);
#665 = CARTESIAN_POINT('',(86.5,30.,-1.));
#666 = DIRECTION('',(1.,0.,-0.));
#667 = DIRECTION('',(0.,-1.,0.));
#668 = DEFINITIONAL_REPRESENTATION('',(#669),#672);
#669 = B_SPLINE_CURVE_WITH_KNOTS('',1,(#670,#671),.UNSPECIFIED.,.F.,.F.,
  (2,2),(-19.,13.),.PIECEWISE_BEZIER_KNOTS.);
#670 = CARTESIAN_POINT('',(34.,-1.));
#671 = CARTESIAN_POINT('',(2.,-1.));
#672 = ( GEOMETRIC_REPRESENTATION_CONTEXT(2) 
PARAMETRIC_REPRESENTATION_CONTEXT() REPRESENTATION_CONTEXT('2D SPACE',''
  ) );
#673 = ORIENTED_EDGE('',*,*,#674,.F.);
#674 = EDGE_CURVE('',#675,#649,#677,.T.);
#675 = VERTEX_POINT('',#676);
#676 = CARTESIAN_POINT('',(88.5,30.,0.));
#677 = SURFACE_CURVE('',#678,(#683,#690),.PCURVE_S1.);
#678 = CIRCLE('',#679,2.);
#679 = AXIS2_PLACEMENT_3D('',#680,#681,#682);
#680 = CARTESIAN_POINT('',(88.5,28.,0.));
#681 = DIRECTION('',(0.,0.,1.));
#682 = DIRECTION('',(-0.,1.,0.));
#683 = PCURVE('',#147,#684);
#684 = DEFINITIONAL_REPRESENTATION('',(#685),#689);
#685 = CIRCLE('',#686,2.);
#686 = AXIS2_PLACEMENT_2D('',#687,#688);
#687 = CARTESIAN_POINT('',(88.5,28.));
#688 = DIRECTION('',(0.,1.));
#689 = ( GEOMETRIC_REPRESENTATION_CONTEXT(2) 
PARAMETRIC_REPRESENTATION_CONTEXT() REPRESENTATION_CONTEXT('2D SPACE',''
  ) );
#690 = PCURVE('',#691,#696);
#691 = CYLINDRICAL_SURFACE('',#692,2.);
#692 = AXIS2_PLACEMENT_3D('',#693,#694,#695);
#693 = CARTESIAN_POINT('',(88.5,28.,-1.));
#694 = DIRECTION('',(0.,0.,1.));
#695 = DIRECTION('',(-0.,1.,0.));
#696 = DEFINITIONAL_REPRESENTATION('',(#697),#701);
#697 = LINE('',#698,#699);
#698 = CARTESIAN_POINT('',(0.,1.));
#699 = VECTOR('',#700,1.);
#700 = DIRECTION('',(1.,0.));
#701 = ( GEOMETRIC_REPRESENTATION_CONTEXT(2) 
PARAMETRIC_REPRESENTATION_CONTEXT() REPRESENTATION_CONTEXT('2D SPACE',''
  ) );
#702 = ORIENTED_EDGE('',*,*,#703,.T.);
#703 = EDGE_CURVE('',#675,#704,#706,.T.);
#704 = VERTEX_POINT('',#705);
#705 = CARTESIAN_POINT('',(95.5,30.,0.));
#706 = SURFACE_CURVE('',#707,(#711,#717),.PCURVE_S1.);
#707 = LINE('',#708,#709);
#708 = CARTESIAN_POINT('',(48.75,30.,0.));
#709 = VECTOR('',#710,1.);
#710 = DIRECTION('',(1.,0.,-0.));
#711 = PCURVE('',#147,#712);
#712 = DEFINITIONAL_REPRESENTATION('',(#713),#716);
#713 = B_SPLINE_CURVE_WITH_KNOTS('',1,(#714,#715),.UNSPECIFIED.,.F.,.F.,
  (2,2),(39.75,46.75),.PIECEWISE_BEZIER_KNOTS.);
#714 = CARTESIAN_POINT('',(88.5,30.));
#715 = CARTESIAN_POINT('',(95.5,30.));
#716 = ( GEOMETRIC_REPRESENTATION_CONTEXT(2) 
PARAMETRIC_REPRESENTATION_CONTEXT() REPRESENTATION_CONTEXT('2D SPACE',''
  ) );
#717 = PCURVE('',#718,#723);
#718 = PLANE('',#719);
#719 = AXIS2_PLACEMENT_3D('',#720,#721,#722);
#720 = CARTESIAN_POINT('',(97.5,30.,-1.));
#721 = DIRECTION('',(0.,-1.,0.));
#722 = DIRECTION('',(-1.,0.,0.));
#723 = DEFINITIONAL_REPRESENTATION('',(#724),#727);
#724 = B_SPLINE_CURVE_WITH_KNOTS('',1,(#725,#726),.UNSPECIFIED.,.F.,.F.,
  (2,2),(39.75,46.75),.PIECEWISE_BEZIER_KNOTS.);
#725 = CARTESIAN_POINT('',(9.,-1.));
#726 = CARTESIAN_POINT('',(2.,-1.));
#727 = ( GEOMETRIC_REPRESENTATION_CONTEXT(2) 
PARAMETRIC_REPRESENTATION_CONTEXT() REPRESENTATION_CONTEXT('2D SPACE',''
  ) );
#728 = ORIENTED_EDGE('',*,*,#729,.F.);
#729 = EDGE_CURVE('',#730,#704,#732,.T.);
#730 = VERTEX_POINT('',#731);
#731 = CARTESIAN_POINT('',(97.5,28.,0.));
#732 = SURFACE_CURVE('',#733,(#738,#745),.PCURVE_S1.);
#733 = CIRCLE('',#734,2.);
#734 = AXIS2_PLACEMENT_3D('',#735,#736,#737);
#735 = CARTESIAN_POINT('',(95.5,28.,0.));
#736 = DIRECTION('',(0.,0.,1.));
#737 = DIRECTION('',(1.,0.,-0.));
#738 = PCURVE('',#147,#739);
#739 = DEFINITIONAL_REPRESENTATION('',(#740),#744);
#740 = CIRCLE('',#741,2.);
#741 = AXIS2_PLACEMENT_2D('',#742,#743);
#742 = CARTESIAN_POINT('',(95.5,28.));
#743 = DIRECTION('',(1.,0.));
#744 = ( GEOMETRIC_REPRESENTATION_CONTEXT(2) 
PARAMETRIC_REPRESENTATION_CONTEXT() REPRESENTATION_CONTEXT('2D SPACE',''
  ) );
#745 = PCURVE('',#746,#751);
#746 = CYLINDRICAL_SURFACE('',#747,2.);
#747 = AXIS2_PLACEMENT_3D('',#748,#749,#750);
#748 = CARTESIAN_POINT('',(95.5,28.,-1.));
#749 = DIRECTION('',(0.,0.,1.));
#750 = DIRECTION('',(1.,0.,-0.));
#751 = DEFINITIONAL_REPRESENTATION('',(#752),#756);
#752 = LINE('',#753,#754);
#753 = CARTESIAN_POINT('',(0.,1.));
#754 = VECTOR('',#755,1.);
#755 = DIRECTION('',(1.,0.));
#756 = ( GEOMETRIC_REPRESENTATION_CONTEXT(2) 
PARAMETRIC_REPRESENTATION_CONTEXT() REPRESENTATION_CONTEXT('2D SPACE',''
  ) );
#757 = ORIENTED_EDGE('',*,*,#758,.T.);
#758 = EDGE_CURVE('',#730,#565,#759,.T.);
#759 = SURFACE_CURVE('',#760,(#764,#770),.PCURVE_S1.);
#760 = LINE('',#761,#762);
#761 = CARTESIAN_POINT('',(97.5,-3.,0.));
#762 = VECTOR('',#763,1.);
#763 = DIRECTION('',(0.,-1.,0.));
#764 = PCURVE('',#147,#765);
#765 = DEFINITIONAL_REPRESENTATION('',(#766),#769);
#766 = B_SPLINE_CURVE_WITH_KNOTS('',1,(#767,#768),.UNSPECIFIED.,.F.,.F.,
  (2,2),(-31.,1.),.PIECEWISE_BEZIER_KNOTS.);
#767 = CARTESIAN_POINT('',(97.5,28.));
#768 = CARTESIAN_POINT('',(97.5,-4.));
#769 = ( GEOMETRIC_REPRESENTATION_CONTEXT(2) 
PARAMETRIC_REPRESENTATION_CONTEXT() REPRESENTATION_CONTEXT('2D SPACE',''
  ) );
#770 = PCURVE('',#771,#776);
#771 = PLANE('',#772);
#772 = AXIS2_PLACEMENT_3D('',#773,#774,#775);
#773 = CARTESIAN_POINT('',(97.5,-6.,-1.));
#774 = DIRECTION('',(-1.,0.,0.));
#775 = DIRECTION('',(0.,1.,0.));
#776 = DEFINITIONAL_REPRESENTATION('',(#777),#780);
#777 = B_SPLINE_CURVE_WITH_KNOTS('',1,(#778,#779),.UNSPECIFIED.,.F.,.F.,
  (2,2),(-31.,1.),.PIECEWISE_BEZIER_KNOTS.);
#778 = CARTESIAN_POINT('',(34.,-1.));
#779 = CARTESIAN_POINT('',(2.,-1.));
#780 = ( GEOMETRIC_REPRESENTATION_CONTEXT(2) 
PARAMETRIC_REPRESENTATION_CONTEXT() REPRESENTATION_CONTEXT('2D SPACE',''
  ) );
#781 = FACE_BOUND('',#782,.F.);
#782 = EDGE_LOOP('',(#783,#812,#838,#864));
#783 = ORIENTED_EDGE('',*,*,#784,.T.);
#784 = EDGE_CURVE('',#785,#787,#789,.T.);
#785 = VERTEX_POINT('',#786);
#786 = CARTESIAN_POINT('',(35.,83.,0.));
#787 = VERTEX_POINT('',#788);
#788 = CARTESIAN_POINT('',(-35.,83.,0.));
#789 = SURFACE_CURVE('',#790,(#794,#800),.PCURVE_S1.);
#790 = LINE('',#791,#792);
#791 = CARTESIAN_POINT('',(-17.5,83.,0.));
#792 = VECTOR('',#793,1.);
#793 = DIRECTION('',(-1.,0.,0.));
#794 = PCURVE('',#147,#795);
#795 = DEFINITIONAL_REPRESENTATION('',(#796),#799);
#796 = B_SPLINE_CURVE_WITH_KNOTS('',1,(#797,#798),.UNSPECIFIED.,.F.,.F.,
  (2,2),(-52.5,17.5),.PIECEWISE_BEZIER_KNOTS.);
#797 = CARTESIAN_POINT('',(35.,83.));
#798 = CARTESIAN_POINT('',(-35.,83.));
#799 = ( GEOMETRIC_REPRESENTATION_CONTEXT(2) 
PARAMETRIC_REPRESENTATION_CONTEXT() REPRESENTATION_CONTEXT('2D SPACE',''
  ) );
#800 = PCURVE('',#801,#806);
#801 = PLANE('',#802);
#802 = AXIS2_PLACEMENT_3D('',#803,#804,#805);
#803 = CARTESIAN_POINT('',(-35.,83.,-1.));
#804 = DIRECTION('',(0.,1.,0.));
#805 = DIRECTION('',(0.,0.,1.));
#806 = DEFINITIONAL_REPRESENTATION('',(#807),#811);
#807 = LINE('',#808,#809);
#808 = CARTESIAN_POINT('',(1.,17.5));
#809 = VECTOR('',#810,1.);
#810 = DIRECTION('',(0.,-1.));
#811 = ( GEOMETRIC_REPRESENTATION_CONTEXT(2) 
PARAMETRIC_REPRESENTATION_CONTEXT() REPRESENTATION_CONTEXT('2D SPACE',''
  ) );
#812 = ORIENTED_EDGE('',*,*,#813,.T.);
#813 = EDGE_CURVE('',#787,#814,#816,.T.);
#814 = VERTEX_POINT('',#815);
#815 = CARTESIAN_POINT('',(-35.,95.,0.));
#816 = SURFACE_CURVE('',#817,(#821,#827),.PCURVE_S1.);
#817 = LINE('',#818,#819);
#818 = CARTESIAN_POINT('',(-35.,41.5,0.));
#819 = VECTOR('',#820,1.);
#820 = DIRECTION('',(0.,1.,0.));
#821 = PCURVE('',#147,#822);
#822 = DEFINITIONAL_REPRESENTATION('',(#823),#826);
#823 = B_SPLINE_CURVE_WITH_KNOTS('',1,(#824,#825),.UNSPECIFIED.,.F.,.F.,
  (2,2),(41.5,53.5),.PIECEWISE_BEZIER_KNOTS.);
#824 = CARTESIAN_POINT('',(-35.,83.));
#825 = CARTESIAN_POINT('',(-35.,95.));
#826 = ( GEOMETRIC_REPRESENTATION_CONTEXT(2) 
PARAMETRIC_REPRESENTATION_CONTEXT() REPRESENTATION_CONTEXT('2D SPACE',''
  ) );
#827 = PCURVE('',#828,#833);
#828 = PLANE('',#829);
#829 = AXIS2_PLACEMENT_3D('',#830,#831,#832);
#830 = CARTESIAN_POINT('',(-35.,83.,-1.));
#831 = DIRECTION('',(1.,0.,0.));
#832 = DIRECTION('',(0.,0.,1.));
#833 = DEFINITIONAL_REPRESENTATION('',(#834),#837);
#834 = B_SPLINE_CURVE_WITH_KNOTS('',1,(#835,#836),.UNSPECIFIED.,.F.,.F.,
  (2,2),(41.5,53.5),.PIECEWISE_BEZIER_KNOTS.);
#835 = CARTESIAN_POINT('',(1.,0.));
#836 = CARTESIAN_POINT('',(1.,-12.));
#837 = ( GEOMETRIC_REPRESENTATION_CONTEXT(2) 
PARAMETRIC_REPRESENTATION_CONTEXT() REPRESENTATION_CONTEXT('2D SPACE',''
  ) );
#838 = ORIENTED_EDGE('',*,*,#839,.F.);
#839 = EDGE_CURVE('',#840,#814,#842,.T.);
#840 = VERTEX_POINT('',#841);
#841 = CARTESIAN_POINT('',(35.,95.,0.));
#842 = SURFACE_CURVE('',#843,(#847,#853),.PCURVE_S1.);
#843 = LINE('',#844,#845);
#844 = CARTESIAN_POINT('',(-17.5,95.,0.));
#845 = VECTOR('',#846,1.);
#846 = DIRECTION('',(-1.,0.,0.));
#847 = PCURVE('',#147,#848);
#848 = DEFINITIONAL_REPRESENTATION('',(#849),#852);
#849 = B_SPLINE_CURVE_WITH_KNOTS('',1,(#850,#851),.UNSPECIFIED.,.F.,.F.,
  (2,2),(-52.5,17.5),.PIECEWISE_BEZIER_KNOTS.);
#850 = CARTESIAN_POINT('',(35.,95.));
#851 = CARTESIAN_POINT('',(-35.,95.));
#852 = ( GEOMETRIC_REPRESENTATION_CONTEXT(2) 
PARAMETRIC_REPRESENTATION_CONTEXT() REPRESENTATION_CONTEXT('2D SPACE',''
  ) );
#853 = PCURVE('',#854,#859);
#854 = PLANE('',#855);
#855 = AXIS2_PLACEMENT_3D('',#856,#857,#858);
#856 = CARTESIAN_POINT('',(-35.,95.,-1.));
#857 = DIRECTION('',(0.,1.,0.));
#858 = DIRECTION('',(0.,0.,1.));
#859 = DEFINITIONAL_REPRESENTATION('',(#860),#863);
#860 = B_SPLINE_CURVE_WITH_KNOTS('',1,(#861,#862),.UNSPECIFIED.,.F.,.F.,
  (2,2),(-52.5,17.5),.PIECEWISE_BEZIER_KNOTS.);
#861 = CARTESIAN_POINT('',(1.,70.));
#862 = CARTESIAN_POINT('',(1.,0.));
#863 = ( GEOMETRIC_REPRESENTATION_CONTEXT(2) 
PARAMETRIC_REPRESENTATION_CONTEXT() REPRESENTATION_CONTEXT('2D SPACE',''
  ) );
#864 = ORIENTED_EDGE('',*,*,#865,.F.);
#865 = EDGE_CURVE('',#785,#840,#866,.T.);
#866 = SURFACE_CURVE('',#867,(#871,#877),.PCURVE_S1.);
#867 = LINE('',#868,#869);
#868 = CARTESIAN_POINT('',(35.,41.5,0.));
#869 = VECTOR('',#870,1.);
#870 = DIRECTION('',(0.,1.,0.));
#871 = PCURVE('',#147,#872);
#872 = DEFINITIONAL_REPRESENTATION('',(#873),#876);
#873 = B_SPLINE_CURVE_WITH_KNOTS('',1,(#874,#875),.UNSPECIFIED.,.F.,.F.,
  (2,2),(41.5,53.5),.PIECEWISE_BEZIER_KNOTS.);
#874 = CARTESIAN_POINT('',(35.,83.));
#875 = CARTESIAN_POINT('',(35.,95.));
#876 = ( GEOMETRIC_REPRESENTATION_CONTEXT(2) 
PARAMETRIC_REPRESENTATION_CONTEXT() REPRESENTATION_CONTEXT('2D SPACE',''
  ) );
#877 = PCURVE('',#878,#883);
#878 = PLANE('',#879);
#879 = AXIS2_PLACEMENT_3D('',#880,#881,#882);
#880 = CARTESIAN_POINT('',(35.,83.,-1.));
#881 = DIRECTION('',(1.,0.,0.));
#882 = DIRECTION('',(0.,0.,1.));
#883 = DEFINITIONAL_REPRESENTATION('',(#884),#887);
#884 = B_SPLINE_CURVE_WITH_KNOTS('',1,(#885,#886),.UNSPECIFIED.,.F.,.F.,
  (2,2),(41.5,53.5),.PIECEWISE_BEZIER_KNOTS.);
#885 = CARTESIAN_POINT('',(1.,0.));
#886 = CARTESIAN_POINT('',(1.,-12.));
#887 = ( GEOMETRIC_REPRESENTATION_CONTEXT(2) 
PARAMETRIC_REPRESENTATION_CONTEXT() REPRESENTATION_CONTEXT('2D SPACE',''
  ) );
#888 = FACE_BOUND('',#889,.F.);
#889 = EDGE_LOOP('',(#890));
#890 = ORIENTED_EDGE('',*,*,#891,.T.);
#891 = EDGE_CURVE('',#892,#892,#894,.T.);
#892 = VERTEX_POINT('',#893);
#893 = CARTESIAN_POINT('',(45.,89.,0.));
#894 = SURFACE_CURVE('',#895,(#900,#911),.PCURVE_S1.);
#895 = CIRCLE('',#896,2.);
#896 = AXIS2_PLACEMENT_3D('',#897,#898,#899);
#897 = CARTESIAN_POINT('',(43.,89.,0.));
#898 = DIRECTION('',(0.,0.,-1.));
#899 = DIRECTION('',(1.,0.,0.));
#900 = PCURVE('',#147,#901);
#901 = DEFINITIONAL_REPRESENTATION('',(#902),#910);
#902 = ( BOUNDED_CURVE() B_SPLINE_CURVE(2,(#903,#904,#905,#906,#907,#908
,#909),.UNSPECIFIED.,.T.,.F.) B_SPLINE_CURVE_WITH_KNOTS((1,2,2,2,2,1),(
    -2.094395102393,0.,2.094395102393,4.188790204786,6.28318530718,
8.377580409573),.UNSPECIFIED.) CURVE() GEOMETRIC_REPRESENTATION_ITEM() 
RATIONAL_B_SPLINE_CURVE((1.,0.5,1.,0.5,1.,0.5,1.)) REPRESENTATION_ITEM(
  '') );
#903 = CARTESIAN_POINT('',(45.,89.));
#904 = CARTESIAN_POINT('',(45.,85.535898384862));
#905 = CARTESIAN_POINT('',(42.,87.267949192431));
#906 = CARTESIAN_POINT('',(39.,89.));
#907 = CARTESIAN_POINT('',(42.,90.732050807569));
#908 = CARTESIAN_POINT('',(45.,92.464101615138));
#909 = CARTESIAN_POINT('',(45.,89.));
#910 = ( GEOMETRIC_REPRESENTATION_CONTEXT(2) 
PARAMETRIC_REPRESENTATION_CONTEXT() REPRESENTATION_CONTEXT('2D SPACE',''
  ) );
#911 = PCURVE('',#912,#917);
#912 = CYLINDRICAL_SURFACE('',#913,2.);
#913 = AXIS2_PLACEMENT_3D('',#914,#915,#916);
#914 = CARTESIAN_POINT('',(43.,89.,-1.));
#915 = DIRECTION('',(-0.,-0.,-1.));
#916 = DIRECTION('',(1.,0.,0.));
#917 = DEFINITIONAL_REPRESENTATION('',(#918),#922);
#918 = LINE('',#919,#920);
#919 = CARTESIAN_POINT('',(-6.28318530718,-1.));
#920 = VECTOR('',#921,1.);
#921 = DIRECTION('',(1.,-0.));
#922 = ( GEOMETRIC_REPRESENTATION_CONTEXT(2) 
PARAMETRIC_REPRESENTATION_CONTEXT() REPRESENTATION_CONTEXT('2D SPACE',''
  ) );
#923 = ADVANCED_FACE('',(#924,#1092,#1266,#1440,#1614),#182,.T.);
#924 = FACE_BOUND('',#925,.F.);
#925 = EDGE_LOOP('',(#926,#957,#978,#979,#980,#1009,#1035,#1068));
#926 = ORIENTED_EDGE('',*,*,#927,.T.);
#927 = EDGE_CURVE('',#928,#930,#932,.T.);
#928 = VERTEX_POINT('',#929);
#929 = CARTESIAN_POINT('',(-1.8,105.68467249322,17.4));
#930 = VERTEX_POINT('',#931);
#931 = CARTESIAN_POINT('',(105.7,0.,17.4));
#932 = SURFACE_CURVE('',#933,(#938,#945),.PCURVE_S1.);
#933 = CIRCLE('',#934,105.7);
#934 = AXIS2_PLACEMENT_3D('',#935,#936,#937);
#935 = CARTESIAN_POINT('',(0.,0.,17.4));
#936 = DIRECTION('',(0.,0.,1.));
#937 = DIRECTION('',(1.,0.,-0.));
#938 = PCURVE('',#182,#939);
#939 = DEFINITIONAL_REPRESENTATION('',(#940),#944);
#940 = LINE('',#941,#942);
#941 = CARTESIAN_POINT('',(-0.,-15.4));
#942 = VECTOR('',#943,1.);
#943 = DIRECTION('',(-1.,0.));
#944 = ( GEOMETRIC_REPRESENTATION_CONTEXT(2) 
PARAMETRIC_REPRESENTATION_CONTEXT() REPRESENTATION_CONTEXT('2D SPACE',''
  ) );
#945 = PCURVE('',#946,#951);
#946 = CONICAL_SURFACE('',#947,105.7,0.785398163397);
#947 = AXIS2_PLACEMENT_3D('',#948,#949,#950);
#948 = CARTESIAN_POINT('',(0.,0.,17.4));
#949 = DIRECTION('',(-0.,-0.,-1.));
#950 = DIRECTION('',(1.,0.,0.));
#951 = DEFINITIONAL_REPRESENTATION('',(#952),#956);
#952 = LINE('',#953,#954);
#953 = CARTESIAN_POINT('',(-0.,-0.));
#954 = VECTOR('',#955,1.);
#955 = DIRECTION('',(-1.,-0.));
#956 = ( GEOMETRIC_REPRESENTATION_CONTEXT(2) 
PARAMETRIC_REPRESENTATION_CONTEXT() REPRESENTATION_CONTEXT('2D SPACE',''
  ) );
#957 = ORIENTED_EDGE('',*,*,#958,.F.);
#958 = EDGE_CURVE('',#166,#930,#959,.T.);
#959 = SEAM_CURVE('',#960,(#964,#971),.PCURVE_S1.);
#960 = LINE('',#961,#962);
#961 = CARTESIAN_POINT('',(105.7,0.,2.));
#962 = VECTOR('',#963,1.);
#963 = DIRECTION('',(0.,0.,1.));
#964 = PCURVE('',#182,#965);
#965 = DEFINITIONAL_REPRESENTATION('',(#966),#970);
#966 = LINE('',#967,#968);
#967 = CARTESIAN_POINT('',(-0.,0.));
#968 = VECTOR('',#969,1.);
#969 = DIRECTION('',(-0.,-1.));
#970 = ( GEOMETRIC_REPRESENTATION_CONTEXT(2) 
PARAMETRIC_REPRESENTATION_CONTEXT() REPRESENTATION_CONTEXT('2D SPACE',''
  ) );
#971 = PCURVE('',#182,#972);
#972 = DEFINITIONAL_REPRESENTATION('',(#973),#977);
#973 = LINE('',#974,#975);
#974 = CARTESIAN_POINT('',(-6.28318530718,0.));
#975 = VECTOR('',#976,1.);
#976 = DIRECTION('',(-0.,-1.));
#977 = ( GEOMETRIC_REPRESENTATION_CONTEXT(2) 
PARAMETRIC_REPRESENTATION_CONTEXT() REPRESENTATION_CONTEXT('2D SPACE',''
  ) );
#978 = ORIENTED_EDGE('',*,*,#165,.F.);
#979 = ORIENTED_EDGE('',*,*,#958,.T.);
#980 = ORIENTED_EDGE('',*,*,#981,.T.);
#981 = EDGE_CURVE('',#930,#982,#984,.T.);
#982 = VERTEX_POINT('',#983);
#983 = CARTESIAN_POINT('',(1.8,105.68467249322,17.4));
#984 = SURFACE_CURVE('',#985,(#990,#997),.PCURVE_S1.);
#985 = CIRCLE('',#986,105.7);
#986 = AXIS2_PLACEMENT_3D('',#987,#988,#989);
#987 = CARTESIAN_POINT('',(0.,0.,17.4));
#988 = DIRECTION('',(0.,0.,1.));
#989 = DIRECTION('',(1.,0.,-0.));
#990 = PCURVE('',#182,#991);
#991 = DEFINITIONAL_REPRESENTATION('',(#992),#996);
#992 = LINE('',#993,#994);
#993 = CARTESIAN_POINT('',(-0.,-15.4));
#994 = VECTOR('',#995,1.);
#995 = DIRECTION('',(-1.,0.));
#996 = ( GEOMETRIC_REPRESENTATION_CONTEXT(2) 
PARAMETRIC_REPRESENTATION_CONTEXT() REPRESENTATION_CONTEXT('2D SPACE',''
  ) );
#997 = PCURVE('',#998,#1003);
#998 = CONICAL_SURFACE('',#999,105.7,0.785398163397);
#999 = AXIS2_PLACEMENT_3D('',#1000,#1001,#1002);
#1000 = CARTESIAN_POINT('',(0.,0.,17.4));
#1001 = DIRECTION('',(-0.,-0.,-1.));
#1002 = DIRECTION('',(1.,0.,0.));
#1003 = DEFINITIONAL_REPRESENTATION('',(#1004),#1008);
#1004 = LINE('',#1005,#1006);
#1005 = CARTESIAN_POINT('',(-0.,-0.));
#1006 = VECTOR('',#1007,1.);
#1007 = DIRECTION('',(-1.,-0.));
#1008 = ( GEOMETRIC_REPRESENTATION_CONTEXT(2) 
PARAMETRIC_REPRESENTATION_CONTEXT() REPRESENTATION_CONTEXT('2D SPACE',''
  ) );
#1009 = ORIENTED_EDGE('',*,*,#1010,.T.);
#1010 = EDGE_CURVE('',#982,#1011,#1013,.T.);
#1011 = VERTEX_POINT('',#1012);
#1012 = CARTESIAN_POINT('',(1.8,105.68467249322,4.5));
#1013 = SURFACE_CURVE('',#1014,(#1018,#1024),.PCURVE_S1.);
#1014 = LINE('',#1015,#1016);
#1015 = CARTESIAN_POINT('',(1.8,105.68467249322,2.));
#1016 = VECTOR('',#1017,1.);
#1017 = DIRECTION('',(-0.,-0.,-1.));
#1018 = PCURVE('',#182,#1019);
#1019 = DEFINITIONAL_REPRESENTATION('',(#1020),#1023);
#1020 = B_SPLINE_CURVE_WITH_KNOTS('',1,(#1021,#1022),.UNSPECIFIED.,.F.,
  .F.,(2,2),(-15.4000006,-1.05),.PIECEWISE_BEZIER_KNOTS.);
#1021 = CARTESIAN_POINT('',(-1.553766175321,-15.4000006));
#1022 = CARTESIAN_POINT('',(-1.553766175321,-1.05));
#1023 = ( GEOMETRIC_REPRESENTATION_CONTEXT(2) 
PARAMETRIC_REPRESENTATION_CONTEXT() REPRESENTATION_CONTEXT('2D SPACE',''
  ) );
#1024 = PCURVE('',#1025,#1030);
#1025 = PLANE('',#1026);
#1026 = AXIS2_PLACEMENT_3D('',#1027,#1028,#1029);
#1027 = CARTESIAN_POINT('',(1.8,103.1,4.5));
#1028 = DIRECTION('',(-1.,1.110223024625E-16,0.));
#1029 = DIRECTION('',(0.,0.,1.));
#1030 = DEFINITIONAL_REPRESENTATION('',(#1031),#1034);
#1031 = B_SPLINE_CURVE_WITH_KNOTS('',1,(#1032,#1033),.UNSPECIFIED.,.F.,
  .F.,(2,2),(-15.4000006,-1.05),.PIECEWISE_BEZIER_KNOTS.);
#1032 = CARTESIAN_POINT('',(12.9000006,2.584672493224));
#1033 = CARTESIAN_POINT('',(-1.45,2.584672493224));
#1034 = ( GEOMETRIC_REPRESENTATION_CONTEXT(2) 
PARAMETRIC_REPRESENTATION_CONTEXT() REPRESENTATION_CONTEXT('2D SPACE',''
  ) );
#1035 = ORIENTED_EDGE('',*,*,#1036,.F.);
#1036 = EDGE_CURVE('',#1037,#1011,#1039,.T.);
#1037 = VERTEX_POINT('',#1038);
#1038 = CARTESIAN_POINT('',(-1.8,105.68467249322,4.5));
#1039 = SURFACE_CURVE('',#1040,(#1045,#1052),.PCURVE_S1.);
#1040 = CIRCLE('',#1041,105.7);
#1041 = AXIS2_PLACEMENT_3D('',#1042,#1043,#1044);
#1042 = CARTESIAN_POINT('',(0.,0.,4.5));
#1043 = DIRECTION('',(0.,0.,-1.));
#1044 = DIRECTION('',(1.,0.,0.));
#1045 = PCURVE('',#182,#1046);
#1046 = DEFINITIONAL_REPRESENTATION('',(#1047),#1051);
#1047 = LINE('',#1048,#1049);
#1048 = CARTESIAN_POINT('',(-6.28318530718,-2.5));
#1049 = VECTOR('',#1050,1.);
#1050 = DIRECTION('',(1.,-0.));
#1051 = ( GEOMETRIC_REPRESENTATION_CONTEXT(2) 
PARAMETRIC_REPRESENTATION_CONTEXT() REPRESENTATION_CONTEXT('2D SPACE',''
  ) );
#1052 = PCURVE('',#1053,#1058);
#1053 = PLANE('',#1054);
#1054 = AXIS2_PLACEMENT_3D('',#1055,#1056,#1057);
#1055 = CARTESIAN_POINT('',(1.8,103.1,4.5));
#1056 = DIRECTION('',(0.,0.,1.));
#1057 = DIRECTION('',(1.110223024625E-16,1.,0.));
#1058 = DEFINITIONAL_REPRESENTATION('',(#1059),#1067);
#1059 = ( BOUNDED_CURVE() B_SPLINE_CURVE(2,(#1060,#1061,#1062,#1063,
#1064,#1065,#1066),.UNSPECIFIED.,.T.,.F.) B_SPLINE_CURVE_WITH_KNOTS((1,2
    ,2,2,2,1),(-2.094395102393,0.,2.094395102393,4.188790204786,
6.28318530718,8.377580409573),.UNSPECIFIED.) CURVE() 
GEOMETRIC_REPRESENTATION_ITEM() RATIONAL_B_SPLINE_CURVE((1.,0.5,1.,0.5,
1.,0.5,1.)) REPRESENTATION_ITEM('') );
#1060 = CARTESIAN_POINT('',(-103.1,-103.9));
#1061 = CARTESIAN_POINT('',(-286.17777036,-103.9));
#1062 = CARTESIAN_POINT('',(-194.63888518,54.65));
#1063 = CARTESIAN_POINT('',(-103.1,213.2));
#1064 = CARTESIAN_POINT('',(-11.56111481998,54.65));
#1065 = CARTESIAN_POINT('',(79.97777036003,-103.9));
#1066 = CARTESIAN_POINT('',(-103.1,-103.9));
#1067 = ( GEOMETRIC_REPRESENTATION_CONTEXT(2) 
PARAMETRIC_REPRESENTATION_CONTEXT() REPRESENTATION_CONTEXT('2D SPACE',''
  ) );
#1068 = ORIENTED_EDGE('',*,*,#1069,.F.);
#1069 = EDGE_CURVE('',#928,#1037,#1070,.T.);
#1070 = SURFACE_CURVE('',#1071,(#1075,#1081),.PCURVE_S1.);
#1071 = LINE('',#1072,#1073);
#1072 = CARTESIAN_POINT('',(-1.8,105.68467249322,2.));
#1073 = VECTOR('',#1074,1.);
#1074 = DIRECTION('',(-0.,-0.,-1.));
#1075 = PCURVE('',#182,#1076);
#1076 = DEFINITIONAL_REPRESENTATION('',(#1077),#1080);
#1077 = B_SPLINE_CURVE_WITH_KNOTS('',1,(#1078,#1079),.UNSPECIFIED.,.F.,
  .F.,(2,2),(-15.4000006,-1.05),.PIECEWISE_BEZIER_KNOTS.);
#1078 = CARTESIAN_POINT('',(-1.587826478269,-15.4000006));
#1079 = CARTESIAN_POINT('',(-1.587826478269,-1.05));
#1080 = ( GEOMETRIC_REPRESENTATION_CONTEXT(2) 
PARAMETRIC_REPRESENTATION_CONTEXT() REPRESENTATION_CONTEXT('2D SPACE',''
  ) );
#1081 = PCURVE('',#1082,#1087);
#1082 = PLANE('',#1083);
#1083 = AXIS2_PLACEMENT_3D('',#1084,#1085,#1086);
#1084 = CARTESIAN_POINT('',(-1.8,103.1,4.5));
#1085 = DIRECTION('',(-1.,1.110223024625E-16,0.));
#1086 = DIRECTION('',(0.,0.,1.));
#1087 = DEFINITIONAL_REPRESENTATION('',(#1088),#1091);
#1088 = B_SPLINE_CURVE_WITH_KNOTS('',1,(#1089,#1090),.UNSPECIFIED.,.F.,
  .F.,(2,2),(-15.4000006,-1.05),.PIECEWISE_BEZIER_KNOTS.);
#1089 = CARTESIAN_POINT('',(12.9000006,2.584672493224));
#1090 = CARTESIAN_POINT('',(-1.45,2.584672493224));
#1091 = ( GEOMETRIC_REPRESENTATION_CONTEXT(2) 
PARAMETRIC_REPRESENTATION_CONTEXT() REPRESENTATION_CONTEXT('2D SPACE',''
  ) );
#1092 = FACE_BOUND('',#1093,.F.);
#1093 = EDGE_LOOP('',(#1094));
#1094 = ORIENTED_EDGE('',*,*,#1095,.T.);
#1095 = EDGE_CURVE('',#1096,#1096,#1098,.T.);
#1096 = VERTEX_POINT('',#1097);
#1097 = CARTESIAN_POINT('',(80.379388242233,-68.64141567453,11.));
#1098 = SURFACE_CURVE('',#1099,(#1151,#1206),.PCURVE_S1.);
#1099 = B_SPLINE_CURVE_WITH_KNOTS('',8,(#1100,#1101,#1102,#1103,#1104,
    #1105,#1106,#1107,#1108,#1109,#1110,#1111,#1112,#1113,#1114,#1115,
    #1116,#1117,#1118,#1119,#1120,#1121,#1122,#1123,#1124,#1125,#1126,
    #1127,#1128,#1129,#1130,#1131,#1132,#1133,#1134,#1135,#1136,#1137,
    #1138,#1139,#1140,#1141,#1142,#1143,#1144,#1145,#1146,#1147,#1148,
    #1149,#1150),.UNSPECIFIED.,.T.,.F.,(9,7,7,7,7,7,7,9),(0.,
    0.15344629832,0.285183840891,0.421067152676,0.589578532742,
    0.714801285531,0.836743260501,1.),.UNSPECIFIED.);
#1100 = CARTESIAN_POINT('',(80.379388242233,-68.64141567453,11.));
#1101 = CARTESIAN_POINT('',(80.379388242233,-68.64141567453,
    11.238209810433));
#1102 = CARTESIAN_POINT('',(80.361021053123,-68.66292366961,
    11.477637305685));
#1103 = CARTESIAN_POINT('',(80.323959508257,-68.70632313644,
    11.715870440471));
#1104 = CARTESIAN_POINT('',(80.267618530858,-68.77223301894,
    11.950247768268));
#1105 = CARTESIAN_POINT('',(80.191251275381,-68.8613927234,
    12.177575516421));
#1106 = CARTESIAN_POINT('',(80.094008150713,-68.97457337475,
    12.393931685391));
#1107 = CARTESIAN_POINT('',(79.975051036621,-69.11242761599,
    12.594350489733));
#1108 = CARTESIAN_POINT('',(79.712560286091,-69.41492607103,
    12.92485200095));
#1109 = CARTESIAN_POINT('',(79.57018784351,-69.57843365952,
    13.066788484276));
#1110 = CARTESIAN_POINT('',(79.408589592136,-69.76319275125,
    13.185877935923));
#1111 = CARTESIAN_POINT('',(79.231449163519,-69.9645919542,
    13.272991464039));
#1112 = CARTESIAN_POINT('',(79.043950486447,-70.17637147973,
    13.32201434385));
#1113 = CARTESIAN_POINT('',(78.852166795427,-70.39151936664,
    13.329997273861));
#1114 = CARTESIAN_POINT('',(78.662466024179,-70.60297461204,
    13.297298563851));
#1115 = CARTESIAN_POINT('',(78.293326599486,-71.01213487403,
    13.155995015262));
#1116 = CARTESIAN_POINT('',(78.120745742863,-71.20216260648,
    13.047464059765));
#1117 = CARTESIAN_POINT('',(77.965159074162,-71.37245565162,
    12.909716928485));
#1118 = CARTESIAN_POINT('',(77.827669520844,-71.52218723311,
    12.749119825762));
#1119 = CARTESIAN_POINT('',(77.708724296625,-71.6512036162,
    12.571210013301));
#1120 = CARTESIAN_POINT('',(77.608288293953,-71.75980541099,
    12.380852393708));
#1121 = CARTESIAN_POINT('',(77.525921493444,-71.84866480964,
    12.182301659951));
#1122 = CARTESIAN_POINT('',(77.380217491399,-72.00559696836,
    11.727536838112));
#1123 = CARTESIAN_POINT('',(77.325331118879,-72.06448965576,
    11.466218277109));
#1124 = CARTESIAN_POINT('',(77.29497481821,-72.09698935443,
    11.199633214001));
#1125 = CARTESIAN_POINT('',(77.288469208764,-72.10394510737,
    10.930789573263));
#1126 = CARTESIAN_POINT('',(77.305682734832,-72.08552598092,
    10.662362615974));
#1127 = CARTESIAN_POINT('',(77.346992495154,-72.04127212876,
    10.397189052919));
#1128 = CARTESIAN_POINT('',(77.41321857016,-71.97014673373,
    10.138734138233));
#1129 = CARTESIAN_POINT('',(77.57412273536,-71.79662707471,
    9.708590704326));
#1130 = CARTESIAN_POINT('',(77.657752837853,-71.70627819352,
    9.529980038806));
#1131 = CARTESIAN_POINT('',(77.756958034308,-71.59884655082,
    9.359462716188));
#1132 = CARTESIAN_POINT('',(77.871963027721,-71.47391810738,
    9.200730728831));
#1133 = CARTESIAN_POINT('',(78.002647981529,-71.33140339189,
    9.057855861592));
#1134 = CARTESIAN_POINT('',(78.148490487259,-71.17160561124,
    8.935338564403));
#1135 = CARTESIAN_POINT('',(78.308448618807,-70.99537337695,
    8.838216399589));
#1136 = CARTESIAN_POINT('',(78.648548058386,-70.61840151621,
    8.708029119469));
#1137 = CARTESIAN_POINT('',(78.823818506966,-70.42311576054,
    8.674973668291));
#1138 = CARTESIAN_POINT('',(79.001670244552,-70.22378919633,
    8.676667309426));
#1139 = CARTESIAN_POINT('',(79.176797722275,-70.02627963083,
    8.713858129132));
#1140 = CARTESIAN_POINT('',(79.344027703517,-69.8365243466,
    8.784569253226));
#1141 = CARTESIAN_POINT('',(79.498837511665,-69.65991433378,
    8.884206221248));
#1142 = CARTESIAN_POINT('',(79.637781621201,-69.50070305708,
    9.005643140553));
#1143 = CARTESIAN_POINT('',(79.920721826215,-69.17535067602,
    9.318149288856));
#1144 = CARTESIAN_POINT('',(80.056292086317,-69.01845478993,
    9.525290717744));
#1145 = CARTESIAN_POINT('',(80.166467983514,-68.8903187487,
    9.751509401722));
#1146 = CARTESIAN_POINT('',(80.252687448707,-68.78969668745,
    9.990539362557));
#1147 = CARTESIAN_POINT('',(80.316297427787,-68.71529567205,
    10.23786189371));
#1148 = CARTESIAN_POINT('',(80.358332056538,-68.66607242183,
    10.490158078973));
#1149 = CARTESIAN_POINT('',(80.379388242233,-68.64141567453,
    10.744949468118));
#1150 = CARTESIAN_POINT('',(80.379388242233,-68.64141567453,11.));
#1151 = PCURVE('',#182,#1152);
#1152 = DEFINITIONAL_REPRESENTATION('',(#1153),#1205);
#1153 = B_SPLINE_CURVE_WITH_KNOTS('',8,(#1154,#1155,#1156,#1157,#1158,
    #1159,#1160,#1161,#1162,#1163,#1164,#1165,#1166,#1167,#1168,#1169,
    #1170,#1171,#1172,#1173,#1174,#1175,#1176,#1177,#1178,#1179,#1180,
    #1181,#1182,#1183,#1184,#1185,#1186,#1187,#1188,#1189,#1190,#1191,
    #1192,#1193,#1194,#1195,#1196,#1197,#1198,#1199,#1200,#1201,#1202,
    #1203,#1204),.UNSPECIFIED.,.T.,.F.,(9,7,7,7,7,7,7,9),(0.,
    0.15344629832,0.285183840891,0.421067152676,0.589578532742,
    0.714801285531,0.836743260501,1.),.UNSPECIFIED.);
#1154 = CARTESIAN_POINT('',(-5.576392190526,-9.));
#1155 = CARTESIAN_POINT('',(-5.576392190526,-9.238209810433));
#1156 = CARTESIAN_POINT('',(-5.576124609225,-9.477637305685));
#1157 = CARTESIAN_POINT('',(-5.575584677726,-9.715870440471));
#1158 = CARTESIAN_POINT('',(-5.574764348442,-9.950247768268));
#1159 = CARTESIAN_POINT('',(-5.573653713366,-10.17757551642));
#1160 = CARTESIAN_POINT('',(-5.57224200265,-10.39393168539));
#1161 = CARTESIAN_POINT('',(-5.570519360104,-10.59435048973));
#1162 = CARTESIAN_POINT('',(-5.566730258268,-10.92485200095));
#1163 = CARTESIAN_POINT('',(-5.564679120837,-11.06678848427));
#1164 = CARTESIAN_POINT('',(-5.562356911106,-11.18587793592));
#1165 = CARTESIAN_POINT('',(-5.559819400943,-11.27299146403));
#1166 = CARTESIAN_POINT('',(-5.557143424643,-11.32201434385));
#1167 = CARTESIAN_POINT('',(-5.554416692796,-11.32999727386));
#1168 = CARTESIAN_POINT('',(-5.551729125947,-11.29729856385));
#1169 = CARTESIAN_POINT('',(-5.546515615205,-11.15599501526));
#1170 = CARTESIAN_POINT('',(-5.544087060685,-11.04746405976));
#1171 = CARTESIAN_POINT('',(-5.541904802025,-10.90971692848));
#1172 = CARTESIAN_POINT('',(-5.539981628637,-10.74911982576));
#1173 = CARTESIAN_POINT('',(-5.538321463368,-10.5712100133));
#1174 = CARTESIAN_POINT('',(-5.536921987521,-10.3808523937));
#1175 = CARTESIAN_POINT('',(-5.535775703888,-10.18230165995));
#1176 = CARTESIAN_POINT('',(-5.533749750119,-9.727536838112));
#1177 = CARTESIAN_POINT('',(-5.532988126047,-9.466218277109));
#1178 = CARTESIAN_POINT('',(-5.532567390478,-9.199633214001));
#1179 = CARTESIAN_POINT('',(-5.532477286645,-8.930789573263));
#1180 = CARTESIAN_POINT('',(-5.532715797073,-8.662362615974));
#1181 = CARTESIAN_POINT('',(-5.533288535113,-8.397189052919));
#1182 = CARTESIAN_POINT('',(-5.534207964836,-8.138734138233));
#1183 = CARTESIAN_POINT('',(-5.536446768511,-7.708590704326));
#1184 = CARTESIAN_POINT('',(-5.537611511878,-7.529980038806));
#1185 = CARTESIAN_POINT('',(-5.538994954333,-7.359462716188));
#1186 = CARTESIAN_POINT('',(-5.540601417737,-7.200730728831));
#1187 = CARTESIAN_POINT('',(-5.542430760212,-7.057855861592));
#1188 = CARTESIAN_POINT('',(-5.544477536348,-6.935338564403));
#1189 = CARTESIAN_POINT('',(-5.546729189819,-6.838216399589));
#1190 = CARTESIAN_POINT('',(-5.551532556686,-6.708029119469));
#1191 = CARTESIAN_POINT('',(-5.554015091124,-6.674973668291));
#1192 = CARTESIAN_POINT('',(-5.556542388486,-6.676667309426));
#1193 = CARTESIAN_POINT('',(-5.559039707374,-6.713858129132));
#1194 = CARTESIAN_POINT('',(-5.561432580986,-6.784569253226));
#1195 = CARTESIAN_POINT('',(-5.563654480048,-6.884206221248));
#1196 = CARTESIAN_POINT('',(-5.56565366531,-7.005643140553));
#1197 = CARTESIAN_POINT('',(-5.569732871023,-7.318149288856));
#1198 = CARTESIAN_POINT('',(-5.571694581442,-7.525290717744));
#1199 = CARTESIAN_POINT('',(-5.573293344532,-7.751509401722));
#1200 = CARTESIAN_POINT('',(-5.574546974398,-7.990539362557));
#1201 = CARTESIAN_POINT('',(-5.575473051489,-8.23786189371));
#1202 = CARTESIAN_POINT('',(-5.576085435208,-8.490158078973));
#1203 = CARTESIAN_POINT('',(-5.576392190526,-8.744949468118));
#1204 = CARTESIAN_POINT('',(-5.576392190526,-9.));
#1205 = ( GEOMETRIC_REPRESENTATION_CONTEXT(2) 
PARAMETRIC_REPRESENTATION_CONTEXT() REPRESENTATION_CONTEXT('2D SPACE',''
  ) );
#1206 = PCURVE('',#1207,#1212);
#1207 = CYLINDRICAL_SURFACE('',#1208,2.3);
#1208 = AXIS2_PLACEMENT_3D('',#1209,#1210,#1211);
#1209 = CARTESIAN_POINT('',(77.145349827452,-68.66006845321,11.));
#1210 = DIRECTION('',(-0.707106781187,0.707106781187,-0.));
#1211 = DIRECTION('',(0.707106781187,0.707106781187,0.));
#1212 = DEFINITIONAL_REPRESENTATION('',(#1213),#1265);
#1213 = B_SPLINE_CURVE_WITH_KNOTS('',8,(#1214,#1215,#1216,#1217,#1218,
    #1219,#1220,#1221,#1222,#1223,#1224,#1225,#1226,#1227,#1228,#1229,
    #1230,#1231,#1232,#1233,#1234,#1235,#1236,#1237,#1238,#1239,#1240,
    #1241,#1242,#1243,#1244,#1245,#1246,#1247,#1248,#1249,#1250,#1251,
    #1252,#1253,#1254,#1255,#1256,#1257,#1258,#1259,#1260,#1261,#1262,
    #1263,#1264),.UNSPECIFIED.,.F.,.F.,(9,7,7,7,7,7,7,9),(0.,
    0.15344629832,0.285183840891,0.421067152676,0.589578532742,
    0.714801285531,0.836743260501,1.),.UNSPECIFIED.);
#1214 = CARTESIAN_POINT('',(0.,-2.273620987418));
#1215 = CARTESIAN_POINT('',(-0.103569482797,-2.273620987418));
#1216 = CARTESIAN_POINT('',(-0.207667942339,-2.275841872618));
#1217 = CARTESIAN_POINT('',(-0.312942163676,-2.280323460218));
#1218 = CARTESIAN_POINT('',(-0.419994161152,-2.287089697901));
#1219 = CARTESIAN_POINT('',(-0.529446054837,-2.296135325322));
#1220 = CARTESIAN_POINT('',(-0.641969680225,-2.307404858519));
#1221 = CARTESIAN_POINT('',(-0.758349319536,-2.320767145268));
#1222 = CARTESIAN_POINT('',(-0.983782173549,-2.34905686443));
#1223 = CARTESIAN_POINT('',(-1.095577106471,-2.364001669423));
#1224 = CARTESIAN_POINT('',(-1.212347999705,-2.380378856694));
#1225 = CARTESIAN_POINT('',(-1.332391463819,-2.397532400532));
#1226 = CARTESIAN_POINT('',(-1.454474089782,-2.414701553123));
#1227 = CARTESIAN_POINT('',(-1.577525593784,-2.431222534476));
#1228 = CARTESIAN_POINT('',(-1.700517260587,-2.44660527067));
#1229 = CARTESIAN_POINT('',(-1.947557163071,-2.47490427611));
#1230 = CARTESIAN_POINT('',(-2.067270268751,-2.48724108032));
#1231 = CARTESIAN_POINT('',(-2.182207791759,-2.497640058825));
#1232 = CARTESIAN_POINT('',(-2.292979305805,-2.506296479964));
#1233 = CARTESIAN_POINT('',(-2.400029944622,-2.513417864696));
#1234 = CARTESIAN_POINT('',(-2.503697293829,-2.519191951677));
#1235 = CARTESIAN_POINT('',(-2.604220754728,-2.523782911849));
#1236 = CARTESIAN_POINT('',(-2.822741890942,-2.531722417574));
#1237 = CARTESIAN_POINT('',(-2.940439404937,-2.534555309996));
#1238 = CARTESIAN_POINT('',(-3.056238918158,-2.536070921254));
#1239 = CARTESIAN_POINT('',(-3.171248890748,-2.53638922077));
#1240 = CARTESIAN_POINT('',(-3.286497460653,-2.53553673257));
#1241 = CARTESIAN_POINT('',(-3.402997590459,-2.533454945264));
#1242 = CARTESIAN_POINT('',(-3.52181288034,-2.529990602855));
#1243 = CARTESIAN_POINT('',(-3.735230041895,-2.521070101621));
#1244 = CARTESIAN_POINT('',(-3.829048705096,-2.516319207647));
#1245 = CARTESIAN_POINT('',(-3.925770337218,-2.510502231718));
#1246 = CARTESIAN_POINT('',(-4.025525279668,-2.503485292915));
#1247 = CARTESIAN_POINT('',(-4.128540812845,-2.49512038821));
#1248 = CARTESIAN_POINT('',(-4.235136022697,-2.485252518676));
#1249 = CARTESIAN_POINT('',(-4.345748282812,-2.473744990273));
#1250 = CARTESIAN_POINT('',(-4.573353698999,-2.447672251229));
#1251 = CARTESIAN_POINT('',(-4.687271218474,-2.433519291861));
#1252 = CARTESIAN_POINT('',(-4.801563377553,-2.41833429633));
#1253 = CARTESIAN_POINT('',(-4.915238214593,-2.402507770287));
#1254 = CARTESIAN_POINT('',(-5.027315631464,-2.386579975796));
#1255 = CARTESIAN_POINT('',(-5.136677976217,-2.371164903239));
#1256 = CARTESIAN_POINT('',(-5.241870931895,-2.356833851901));
#1257 = CARTESIAN_POINT('',(-5.473030590737,-2.326843914611));
#1258 = CARTESIAN_POINT('',(-5.598711678958,-2.311764419866));
#1259 = CARTESIAN_POINT('',(-5.719321274942,-2.299064680225));
#1260 = CARTESIAN_POINT('',(-5.83599727386,-2.288880506888));
#1261 = CARTESIAN_POINT('',(-5.949740776415,-2.28125009193));
#1262 = CARTESIAN_POINT('',(-6.061515741972,-2.276166968946));
#1263 = CARTESIAN_POINT('',(-6.172293771579,-2.273620987418));
#1264 = CARTESIAN_POINT('',(-6.28318530718,-2.273620987418));
#1265 = ( GEOMETRIC_REPRESENTATION_CONTEXT(2) 
PARAMETRIC_REPRESENTATION_CONTEXT() REPRESENTATION_CONTEXT('2D SPACE',''
  ) );
#1266 = FACE_BOUND('',#1267,.F.);
#1267 = EDGE_LOOP('',(#1268));
#1268 = ORIENTED_EDGE('',*,*,#1269,.T.);
#1269 = EDGE_CURVE('',#1270,#1270,#1272,.T.);
#1270 = VERTEX_POINT('',#1271);
#1271 = CARTESIAN_POINT('',(68.641415674536,80.379388242233,11.));
#1272 = SURFACE_CURVE('',#1273,(#1325,#1380),.PCURVE_S1.);
#1273 = B_SPLINE_CURVE_WITH_KNOTS('',8,(#1274,#1275,#1276,#1277,#1278,
    #1279,#1280,#1281,#1282,#1283,#1284,#1285,#1286,#1287,#1288,#1289,
    #1290,#1291,#1292,#1293,#1294,#1295,#1296,#1297,#1298,#1299,#1300,
    #1301,#1302,#1303,#1304,#1305,#1306,#1307,#1308,#1309,#1310,#1311,
    #1312,#1313,#1314,#1315,#1316,#1317,#1318,#1319,#1320,#1321,#1322,
    #1323,#1324),.UNSPECIFIED.,.T.,.F.,(9,7,7,7,7,7,7,9),(0.,
    0.153446297527,0.285183840018,0.421067151193,0.589578534602,
    0.714801286824,0.836743261242,1.),.UNSPECIFIED.);
#1274 = CARTESIAN_POINT('',(68.641415674536,80.379388242233,11.));
#1275 = CARTESIAN_POINT('',(68.641415674536,80.379388242233,
    11.238209810433));
#1276 = CARTESIAN_POINT('',(68.662923669616,80.361021053123,
    11.477637305684));
#1277 = CARTESIAN_POINT('',(68.706323136446,80.323959508257,
    11.715870440472));
#1278 = CARTESIAN_POINT('',(68.772233018944,80.267618530858,
    11.950247768269));
#1279 = CARTESIAN_POINT('',(68.8613927234,80.191251275381,
    12.177575516421));
#1280 = CARTESIAN_POINT('',(68.974573374756,80.094008150713,
    12.393931685391));
#1281 = CARTESIAN_POINT('',(69.112427615993,79.975051036621,
    12.594350489733));
#1282 = CARTESIAN_POINT('',(69.414926071676,79.712560285537,
    12.924852001648));
#1283 = CARTESIAN_POINT('',(69.578433659195,79.570187843793,
    13.066788483574));
#1284 = CARTESIAN_POINT('',(69.76319275046,79.408589592829,
    13.185877935619));
#1285 = CARTESIAN_POINT('',(69.96459195419,79.231449163551,
    13.272991464501));
#1286 = CARTESIAN_POINT('',(70.176371480579,79.043950485693,
    13.322014344031));
#1287 = CARTESIAN_POINT('',(70.391519367045,78.852166795055,
    13.329997273408));
#1288 = CARTESIAN_POINT('',(70.602974611259,78.662466024886,
    13.297298564122));
#1289 = CARTESIAN_POINT('',(71.01213487403,78.293326599486,
    13.155995015262));
#1290 = CARTESIAN_POINT('',(71.202162606484,78.120745742862,
    13.047464059764));
#1291 = CARTESIAN_POINT('',(71.372455651621,77.965159074162,
    12.909716928486));
#1292 = CARTESIAN_POINT('',(71.522187233116,77.827669520844,
    12.749119825762));
#1293 = CARTESIAN_POINT('',(71.651203616206,77.708724296624,
    12.571210013301));
#1294 = CARTESIAN_POINT('',(71.759805410996,77.608288293953,
    12.380852393708));
#1295 = CARTESIAN_POINT('',(71.848664809644,77.525921493444,
    12.182301659951));
#1296 = CARTESIAN_POINT('',(72.005596970479,77.380217489435,
    11.727536831984));
#1297 = CARTESIAN_POINT('',(72.064489652772,77.325331121664,
    11.466218296039));
#1298 = CARTESIAN_POINT('',(72.096989353824,77.294974818773,
    11.199633193202));
#1299 = CARTESIAN_POINT('',(72.10394511054,77.288469205824,
    10.930789573188));
#1300 = CARTESIAN_POINT('',(72.085525981372,77.305682734424,
    10.662362636778));
#1301 = CARTESIAN_POINT('',(72.041272124809,77.346992498823,
    10.397189034155));
#1302 = CARTESIAN_POINT('',(71.970146736166,77.41321856791,
    10.138734144248));
#1303 = CARTESIAN_POINT('',(71.796627074712,77.57412273536,
    9.708590704326));
#1304 = CARTESIAN_POINT('',(71.706278193529,77.657752837853,
    9.529980038806));
#1305 = CARTESIAN_POINT('',(71.598846550821,77.756958034308,
    9.359462716188));
#1306 = CARTESIAN_POINT('',(71.473918107387,77.871963027721,
    9.200730728831));
#1307 = CARTESIAN_POINT('',(71.331403391899,78.002647981529,
    9.057855861592));
#1308 = CARTESIAN_POINT('',(71.171605611241,78.148490487259,
    8.935338564403));
#1309 = CARTESIAN_POINT('',(70.995373376955,78.308448618808,
    8.838216399589));
#1310 = CARTESIAN_POINT('',(70.618401516212,78.648548058387,
    8.708029119468));
#1311 = CARTESIAN_POINT('',(70.423115760547,78.823818506966,
    8.674973668291));
#1312 = CARTESIAN_POINT('',(70.223789196338,79.001670244551,
    8.676667309426));
#1313 = CARTESIAN_POINT('',(70.026279630838,79.176797722275,
    8.713858129131));
#1314 = CARTESIAN_POINT('',(69.836524346605,79.344027703518,
    8.784569253226));
#1315 = CARTESIAN_POINT('',(69.659914333784,79.498837511666,
    8.884206221249));
#1316 = CARTESIAN_POINT('',(69.500703057084,79.6377816212,9.005643140552
    ));
#1317 = CARTESIAN_POINT('',(69.17535067602,79.920721826215,
    9.318149288856));
#1318 = CARTESIAN_POINT('',(69.018454789934,80.056292086318,
    9.525290717745));
#1319 = CARTESIAN_POINT('',(68.8903187487,80.166467983513,9.751509401721
    ));
#1320 = CARTESIAN_POINT('',(68.789696687451,80.252687448707,
    9.990539362557));
#1321 = CARTESIAN_POINT('',(68.71529567205,80.316297427788,
    10.23786189371));
#1322 = CARTESIAN_POINT('',(68.666072421837,80.358332056538,
    10.490158078972));
#1323 = CARTESIAN_POINT('',(68.641415674536,80.379388242233,
    10.744949468118));
#1324 = CARTESIAN_POINT('',(68.641415674536,80.379388242233,11.));
#1325 = PCURVE('',#182,#1326);
#1326 = DEFINITIONAL_REPRESENTATION('',(#1327),#1379);
#1327 = B_SPLINE_CURVE_WITH_KNOTS('',8,(#1328,#1329,#1330,#1331,#1332,
    #1333,#1334,#1335,#1336,#1337,#1338,#1339,#1340,#1341,#1342,#1343,
    #1344,#1345,#1346,#1347,#1348,#1349,#1350,#1351,#1352,#1353,#1354,
    #1355,#1356,#1357,#1358,#1359,#1360,#1361,#1362,#1363,#1364,#1365,
    #1366,#1367,#1368,#1369,#1370,#1371,#1372,#1373,#1374,#1375,#1376,
    #1377,#1378),.UNSPECIFIED.,.T.,.F.,(9,7,7,7,7,7,7,9),(0.,
    0.153446297527,0.285183840018,0.421067151193,0.589578534602,
    0.714801286824,0.836743261242,1.),.UNSPECIFIED.);
#1328 = CARTESIAN_POINT('',(-0.864003210142,-9.));
#1329 = CARTESIAN_POINT('',(-0.864003210142,-9.238209810433));
#1330 = CARTESIAN_POINT('',(-0.86373562884,-9.477637305684));
#1331 = CARTESIAN_POINT('',(-0.863195697341,-9.715870440471));
#1332 = CARTESIAN_POINT('',(-0.862375368057,-9.950247768269));
#1333 = CARTESIAN_POINT('',(-0.861264732981,-10.17757551642));
#1334 = CARTESIAN_POINT('',(-0.859853022265,-10.39393168539));
#1335 = CARTESIAN_POINT('',(-0.85813037972,-10.59435048973));
#1336 = CARTESIAN_POINT('',(-0.854341277875,-10.92485200164));
#1337 = CARTESIAN_POINT('',(-0.852290140456,-11.06678848357));
#1338 = CARTESIAN_POINT('',(-0.849967930731,-11.18587793561));
#1339 = CARTESIAN_POINT('',(-0.847430420559,-11.2729914645));
#1340 = CARTESIAN_POINT('',(-0.844754444247,-11.32201434403));
#1341 = CARTESIAN_POINT('',(-0.842027712406,-11.3299972734));
#1342 = CARTESIAN_POINT('',(-0.839340145573,-11.29729856412));
#1343 = CARTESIAN_POINT('',(-0.83412663482,-11.15599501526));
#1344 = CARTESIAN_POINT('',(-0.831698080301,-11.04746405976));
#1345 = CARTESIAN_POINT('',(-0.82951582164,-10.90971692848));
#1346 = CARTESIAN_POINT('',(-0.827592648252,-10.74911982576));
#1347 = CARTESIAN_POINT('',(-0.825932482983,-10.5712100133));
#1348 = CARTESIAN_POINT('',(-0.824533007136,-10.3808523937));
#1349 = CARTESIAN_POINT('',(-0.823386723503,-10.18230165995));
#1350 = CARTESIAN_POINT('',(-0.821360769707,-9.727536831984));
#1351 = CARTESIAN_POINT('',(-0.820599145701,-9.466218296039));
#1352 = CARTESIAN_POINT('',(-0.820178410101,-9.199633193202));
#1353 = CARTESIAN_POINT('',(-0.82008830622,-8.930789573188));
#1354 = CARTESIAN_POINT('',(-0.820326816682,-8.662362636778));
#1355 = CARTESIAN_POINT('',(-0.82089955478,-8.397189034155));
#1356 = CARTESIAN_POINT('',(-0.82181898442,-8.138734144248));
#1357 = CARTESIAN_POINT('',(-0.824057788127,-7.708590704326));
#1358 = CARTESIAN_POINT('',(-0.825222531493,-7.529980038806));
#1359 = CARTESIAN_POINT('',(-0.826605973948,-7.359462716188));
#1360 = CARTESIAN_POINT('',(-0.828212437352,-7.200730728831));
#1361 = CARTESIAN_POINT('',(-0.830041779827,-7.057855861592));
#1362 = CARTESIAN_POINT('',(-0.832088555964,-6.935338564403));
#1363 = CARTESIAN_POINT('',(-0.834340209434,-6.838216399589));
#1364 = CARTESIAN_POINT('',(-0.839143576301,-6.708029119468));
#1365 = CARTESIAN_POINT('',(-0.84162611074,-6.674973668291));
#1366 = CARTESIAN_POINT('',(-0.844153408102,-6.676667309426));
#1367 = CARTESIAN_POINT('',(-0.846650726989,-6.713858129131));
#1368 = CARTESIAN_POINT('',(-0.849043600601,-6.784569253226));
#1369 = CARTESIAN_POINT('',(-0.851265499664,-6.884206221249));
#1370 = CARTESIAN_POINT('',(-0.853264684925,-7.005643140552));
#1371 = CARTESIAN_POINT('',(-0.857343890639,-7.318149288856));
#1372 = CARTESIAN_POINT('',(-0.859305601057,-7.525290717745));
#1373 = CARTESIAN_POINT('',(-0.860904364148,-7.751509401722));
#1374 = CARTESIAN_POINT('',(-0.862157994013,-7.990539362557));
#1375 = CARTESIAN_POINT('',(-0.863084071104,-8.23786189371));
#1376 = CARTESIAN_POINT('',(-0.863696454823,-8.490158078972));
#1377 = CARTESIAN_POINT('',(-0.864003210142,-8.744949468118));
#1378 = CARTESIAN_POINT('',(-0.864003210142,-9.));
#1379 = ( GEOMETRIC_REPRESENTATION_CONTEXT(2) 
PARAMETRIC_REPRESENTATION_CONTEXT() REPRESENTATION_CONTEXT('2D SPACE',''
  ) );
#1380 = PCURVE('',#1381,#1386);
#1381 = CYLINDRICAL_SURFACE('',#1382,2.3);
#1382 = AXIS2_PLACEMENT_3D('',#1383,#1384,#1385);
#1383 = CARTESIAN_POINT('',(68.660068453214,77.145349827452,11.));
#1384 = DIRECTION('',(-0.707106781187,-0.707106781187,-0.));
#1385 = DIRECTION('',(-0.707106781187,0.707106781187,0.));
#1386 = DEFINITIONAL_REPRESENTATION('',(#1387),#1439);
#1387 = B_SPLINE_CURVE_WITH_KNOTS('',8,(#1388,#1389,#1390,#1391,#1392,
    #1393,#1394,#1395,#1396,#1397,#1398,#1399,#1400,#1401,#1402,#1403,
    #1404,#1405,#1406,#1407,#1408,#1409,#1410,#1411,#1412,#1413,#1414,
    #1415,#1416,#1417,#1418,#1419,#1420,#1421,#1422,#1423,#1424,#1425,
    #1426,#1427,#1428,#1429,#1430,#1431,#1432,#1433,#1434,#1435,#1436,
    #1437,#1438),.UNSPECIFIED.,.F.,.F.,(9,7,7,7,7,7,7,9),(0.,
    0.153446297527,0.285183840018,0.421067151193,0.589578534602,
    0.714801286824,0.836743261242,1.),.UNSPECIFIED.);
#1388 = CARTESIAN_POINT('',(0.,-2.273620987418));
#1389 = CARTESIAN_POINT('',(-0.103569482797,-2.273620987418));
#1390 = CARTESIAN_POINT('',(-0.207667942339,-2.275841872618));
#1391 = CARTESIAN_POINT('',(-0.312942163677,-2.280323460218));
#1392 = CARTESIAN_POINT('',(-0.419994161152,-2.287089697901));
#1393 = CARTESIAN_POINT('',(-0.529446054837,-2.296135325322));
#1394 = CARTESIAN_POINT('',(-0.641969680225,-2.307404858519));
#1395 = CARTESIAN_POINT('',(-0.758349319536,-2.320767145268));
#1396 = CARTESIAN_POINT('',(-0.983782174025,-2.34905686449));
#1397 = CARTESIAN_POINT('',(-1.095577106131,-2.364001669389));
#1398 = CARTESIAN_POINT('',(-1.212347999292,-2.380378856623));
#1399 = CARTESIAN_POINT('',(-1.332391463855,-2.397532400542));
#1400 = CARTESIAN_POINT('',(-1.454474090209,-2.414701553191));
#1401 = CARTESIAN_POINT('',(-1.577525594063,-2.431222534498));
#1402 = CARTESIAN_POINT('',(-1.700517260114,-2.446605270616));
#1403 = CARTESIAN_POINT('',(-1.94755716307,-2.47490427611));
#1404 = CARTESIAN_POINT('',(-2.067270268752,-2.48724108032));
#1405 = CARTESIAN_POINT('',(-2.182207791759,-2.497640058825));
#1406 = CARTESIAN_POINT('',(-2.292979305805,-2.506296479964));
#1407 = CARTESIAN_POINT('',(-2.400029944623,-2.513417864696));
#1408 = CARTESIAN_POINT('',(-2.503697293829,-2.519191951677));
#1409 = CARTESIAN_POINT('',(-2.604220754728,-2.523782911849));
#1410 = CARTESIAN_POINT('',(-2.822741893887,-2.531722417681));
#1411 = CARTESIAN_POINT('',(-2.940439395937,-2.534555309846));
#1412 = CARTESIAN_POINT('',(-3.056238928028,-2.536070921221));
#1413 = CARTESIAN_POINT('',(-3.171248890719,-2.536389220931));
#1414 = CARTESIAN_POINT('',(-3.286497450784,-2.535536732594));
#1415 = CARTESIAN_POINT('',(-3.402997599522,-2.533454945061));
#1416 = CARTESIAN_POINT('',(-3.521812877355,-2.529990602979));
#1417 = CARTESIAN_POINT('',(-3.735230041895,-2.521070101621));
#1418 = CARTESIAN_POINT('',(-3.829048705096,-2.516319207648));
#1419 = CARTESIAN_POINT('',(-3.925770337218,-2.510502231718));
#1420 = CARTESIAN_POINT('',(-4.025525279668,-2.503485292915));
#1421 = CARTESIAN_POINT('',(-4.128540812846,-2.495120388211));
#1422 = CARTESIAN_POINT('',(-4.235136022697,-2.485252518676));
#1423 = CARTESIAN_POINT('',(-4.345748282812,-2.473744990273));
#1424 = CARTESIAN_POINT('',(-4.573353698999,-2.447672251229));
#1425 = CARTESIAN_POINT('',(-4.687271218474,-2.433519291861));
#1426 = CARTESIAN_POINT('',(-4.801563377553,-2.418334296331));
#1427 = CARTESIAN_POINT('',(-4.915238214593,-2.402507770287));
#1428 = CARTESIAN_POINT('',(-5.027315631464,-2.386579975795));
#1429 = CARTESIAN_POINT('',(-5.136677976218,-2.371164903239));
#1430 = CARTESIAN_POINT('',(-5.241870931894,-2.356833851901));
#1431 = CARTESIAN_POINT('',(-5.473030590737,-2.326843914611));
#1432 = CARTESIAN_POINT('',(-5.598711678959,-2.311764419866));
#1433 = CARTESIAN_POINT('',(-5.719321274942,-2.299064680225));
#1434 = CARTESIAN_POINT('',(-5.83599727386,-2.288880506888));
#1435 = CARTESIAN_POINT('',(-5.949740776416,-2.28125009193));
#1436 = CARTESIAN_POINT('',(-6.061515741971,-2.276166968946));
#1437 = CARTESIAN_POINT('',(-6.172293771579,-2.273620987418));
#1438 = CARTESIAN_POINT('',(-6.28318530718,-2.273620987418));
#1439 = ( GEOMETRIC_REPRESENTATION_CONTEXT(2) 
PARAMETRIC_REPRESENTATION_CONTEXT() REPRESENTATION_CONTEXT('2D SPACE',''
  ) );
#1440 = FACE_BOUND('',#1441,.F.);
#1441 = EDGE_LOOP('',(#1442));
#1442 = ORIENTED_EDGE('',*,*,#1443,.T.);
#1443 = EDGE_CURVE('',#1444,#1444,#1446,.T.);
#1444 = VERTEX_POINT('',#1445);
#1445 = CARTESIAN_POINT('',(-80.37938824223,68.641415674536,11.));
#1446 = SURFACE_CURVE('',#1447,(#1499,#1554),.PCURVE_S1.);
#1447 = B_SPLINE_CURVE_WITH_KNOTS('',8,(#1448,#1449,#1450,#1451,#1452,
    #1453,#1454,#1455,#1456,#1457,#1458,#1459,#1460,#1461,#1462,#1463,
    #1464,#1465,#1466,#1467,#1468,#1469,#1470,#1471,#1472,#1473,#1474,
    #1475,#1476,#1477,#1478,#1479,#1480,#1481,#1482,#1483,#1484,#1485,
    #1486,#1487,#1488,#1489,#1490,#1491,#1492,#1493,#1494,#1495,#1496,
    #1497,#1498),.UNSPECIFIED.,.T.,.F.,(9,7,7,7,7,7,7,9),(0.,
    0.153446298242,0.285183841345,0.42106715315,0.589578533241,
    0.714801285998,0.836743260524,1.),.UNSPECIFIED.);
#1448 = CARTESIAN_POINT('',(-80.37938824223,68.641415674536,11.));
#1449 = CARTESIAN_POINT('',(-80.37938824223,68.641415674536,
    11.238209810435));
#1450 = CARTESIAN_POINT('',(-80.36102105312,68.662923669616,
    11.477637305687));
#1451 = CARTESIAN_POINT('',(-80.32395950825,68.706323136447,
    11.715870440475));
#1452 = CARTESIAN_POINT('',(-80.26761853085,68.772233018945,
    11.95024776827));
#1453 = CARTESIAN_POINT('',(-80.19125127538,68.8613927234,
    12.177575516419));
#1454 = CARTESIAN_POINT('',(-80.09400815071,68.974573374753,
    12.393931685387));
#1455 = CARTESIAN_POINT('',(-79.97505103662,69.11242761599,
    12.594350489729));
#1456 = CARTESIAN_POINT('',(-79.71256028553,69.414926071676,
    12.924852001648));
#1457 = CARTESIAN_POINT('',(-79.57018784379,69.578433659196,
    13.066788483575));
#1458 = CARTESIAN_POINT('',(-79.40858959282,69.76319275046,
    13.185877935618));
#1459 = CARTESIAN_POINT('',(-79.23144916355,69.964591954191,
    13.272991464502));
#1460 = CARTESIAN_POINT('',(-79.04395048569,70.176371480579,
    13.32201434403));
#1461 = CARTESIAN_POINT('',(-78.85216679505,70.391519367045,
    13.329997273409));
#1462 = CARTESIAN_POINT('',(-78.66246602488,70.602974611259,
    13.297298564122));
#1463 = CARTESIAN_POINT('',(-78.29332659948,71.01213487403,
    13.155995015262));
#1464 = CARTESIAN_POINT('',(-78.12074574286,71.202162606484,
    13.047464059764));
#1465 = CARTESIAN_POINT('',(-77.96515907416,71.372455651621,
    12.909716928486));
#1466 = CARTESIAN_POINT('',(-77.82766952084,71.522187233116,
    12.749119825762));
#1467 = CARTESIAN_POINT('',(-77.70872429662,71.651203616206,
    12.571210013301));
#1468 = CARTESIAN_POINT('',(-77.60828829395,71.759805410995,
    12.380852393708));
#1469 = CARTESIAN_POINT('',(-77.52592149344,71.848664809644,
    12.182301659951));
#1470 = CARTESIAN_POINT('',(-77.38021749139,72.005596968365,
    11.727536838112));
#1471 = CARTESIAN_POINT('',(-77.32533111887,72.064489655769,
    11.46621827711));
#1472 = CARTESIAN_POINT('',(-77.29497481821,72.096989354434,11.199633214
    ));
#1473 = CARTESIAN_POINT('',(-77.28846920876,72.103945107372,
    10.930789573263));
#1474 = CARTESIAN_POINT('',(-77.30568273483,72.085525980929,
    10.662362615975));
#1475 = CARTESIAN_POINT('',(-77.34699249515,72.041272128766,
    10.397189052918));
#1476 = CARTESIAN_POINT('',(-77.41321857016,71.970146733739,
    10.138734138233));
#1477 = CARTESIAN_POINT('',(-77.57412273533,71.796627074742,
    9.708590704401));
#1478 = CARTESIAN_POINT('',(-77.65775283783,71.706278193548,
    9.529980038817));
#1479 = CARTESIAN_POINT('',(-77.75695803432,71.598846550803,
    9.359462716141));
#1480 = CARTESIAN_POINT('',(-77.87196302776,71.473918107343,
    9.200730728783));
#1481 = CARTESIAN_POINT('',(-78.00264798155,71.331403391869,
    9.057855861586));
#1482 = CARTESIAN_POINT('',(-78.14849048723,71.171605611262,
    8.935338564433));
#1483 = CARTESIAN_POINT('',(-78.30844861875,70.995373377014,
    8.838216399609));
#1484 = CARTESIAN_POINT('',(-78.64854805787,70.618401516784,
    8.708029119666));
#1485 = CARTESIAN_POINT('',(-78.82381850724,70.423115760247,
    8.674973667977));
#1486 = CARTESIAN_POINT('',(-79.00167024509,70.223789195727,
    8.676667309532));
#1487 = CARTESIAN_POINT('',(-79.17679772226,70.026279630843,
    8.713858129449));
#1488 = CARTESIAN_POINT('',(-79.344027703,69.83652434719,8.784569253028)
  );
#1489 = CARTESIAN_POINT('',(-79.49883751144,69.659914334043,
    8.884206220778));
#1490 = CARTESIAN_POINT('',(-79.63778162162,69.500703056597,
    9.00564314102));
#1491 = CARTESIAN_POINT('',(-79.92072182621,69.17535067602,
    9.318149288856));
#1492 = CARTESIAN_POINT('',(-80.05629208631,69.018454789934,
    9.525290717745));
#1493 = CARTESIAN_POINT('',(-80.16646798351,68.8903187487,9.751509401721
    ));
#1494 = CARTESIAN_POINT('',(-80.2526874487,68.789696687451,
    9.990539362557));
#1495 = CARTESIAN_POINT('',(-80.31629742778,68.71529567205,
    10.237861893711));
#1496 = CARTESIAN_POINT('',(-80.35833205653,68.666072421837,
    10.490158078972));
#1497 = CARTESIAN_POINT('',(-80.37938824223,68.641415674536,
    10.744949468118));
#1498 = CARTESIAN_POINT('',(-80.37938824223,68.641415674536,11.));
#1499 = PCURVE('',#182,#1500);
#1500 = DEFINITIONAL_REPRESENTATION('',(#1501),#1553);
#1501 = B_SPLINE_CURVE_WITH_KNOTS('',8,(#1502,#1503,#1504,#1505,#1506,
    #1507,#1508,#1509,#1510,#1511,#1512,#1513,#1514,#1515,#1516,#1517,
    #1518,#1519,#1520,#1521,#1522,#1523,#1524,#1525,#1526,#1527,#1528,
    #1529,#1530,#1531,#1532,#1533,#1534,#1535,#1536,#1537,#1538,#1539,
    #1540,#1541,#1542,#1543,#1544,#1545,#1546,#1547,#1548,#1549,#1550,
    #1551,#1552),.UNSPECIFIED.,.T.,.F.,(9,7,7,7,7,7,7,9),(0.,
    0.153446298242,0.285183841345,0.42106715315,0.589578533241,
    0.714801285998,0.836743260524,1.),.UNSPECIFIED.);
#1502 = CARTESIAN_POINT('',(-2.434799536937,-9.));
#1503 = CARTESIAN_POINT('',(-2.434799536937,-9.238209810435));
#1504 = CARTESIAN_POINT('',(-2.434531955635,-9.477637305687));
#1505 = CARTESIAN_POINT('',(-2.433992024136,-9.715870440475));
#1506 = CARTESIAN_POINT('',(-2.433171694852,-9.95024776827));
#1507 = CARTESIAN_POINT('',(-2.432061059776,-10.17757551641));
#1508 = CARTESIAN_POINT('',(-2.43064934906,-10.39393168538));
#1509 = CARTESIAN_POINT('',(-2.428926706515,-10.59435048972));
#1510 = CARTESIAN_POINT('',(-2.42513760467,-10.92485200164));
#1511 = CARTESIAN_POINT('',(-2.423086467251,-11.06678848357));
#1512 = CARTESIAN_POINT('',(-2.420764257526,-11.18587793561));
#1513 = CARTESIAN_POINT('',(-2.418226747354,-11.2729914645));
#1514 = CARTESIAN_POINT('',(-2.415550771042,-11.32201434403));
#1515 = CARTESIAN_POINT('',(-2.412824039201,-11.3299972734));
#1516 = CARTESIAN_POINT('',(-2.410136472368,-11.29729856412));
#1517 = CARTESIAN_POINT('',(-2.404922961615,-11.15599501526));
#1518 = CARTESIAN_POINT('',(-2.402494407096,-11.04746405976));
#1519 = CARTESIAN_POINT('',(-2.400312148435,-10.90971692848));
#1520 = CARTESIAN_POINT('',(-2.398388975047,-10.74911982576));
#1521 = CARTESIAN_POINT('',(-2.396728809778,-10.5712100133));
#1522 = CARTESIAN_POINT('',(-2.395329333931,-10.3808523937));
#1523 = CARTESIAN_POINT('',(-2.394183050298,-10.18230165995));
#1524 = CARTESIAN_POINT('',(-2.39215709653,-9.727536838112));
#1525 = CARTESIAN_POINT('',(-2.391395472457,-9.46621827711));
#1526 = CARTESIAN_POINT('',(-2.390974736888,-9.199633214));
#1527 = CARTESIAN_POINT('',(-2.390884633056,-8.930789573263));
#1528 = CARTESIAN_POINT('',(-2.391123143483,-8.662362615975));
#1529 = CARTESIAN_POINT('',(-2.391695881523,-8.397189052918));
#1530 = CARTESIAN_POINT('',(-2.392615311247,-8.138734138233));
#1531 = CARTESIAN_POINT('',(-2.394854114921,-7.708590704401));
#1532 = CARTESIAN_POINT('',(-2.396018858288,-7.529980038817));
#1533 = CARTESIAN_POINT('',(-2.397402300743,-7.359462716141));
#1534 = CARTESIAN_POINT('',(-2.399008764148,-7.200730728783));
#1535 = CARTESIAN_POINT('',(-2.400838106622,-7.057855861586));
#1536 = CARTESIAN_POINT('',(-2.402884882758,-6.935338564433));
#1537 = CARTESIAN_POINT('',(-2.405136536228,-6.838216399609));
#1538 = CARTESIAN_POINT('',(-2.409939903089,-6.708029119666));
#1539 = CARTESIAN_POINT('',(-2.412422437539,-6.674973667977));
#1540 = CARTESIAN_POINT('',(-2.414949734904,-6.676667309533));
#1541 = CARTESIAN_POINT('',(-2.417447053784,-6.713858129449));
#1542 = CARTESIAN_POINT('',(-2.419839927388,-6.784569253028));
#1543 = CARTESIAN_POINT('',(-2.422061826455,-6.884206220778));
#1544 = CARTESIAN_POINT('',(-2.424061011726,-7.00564314102));
#1545 = CARTESIAN_POINT('',(-2.428140217434,-7.318149288856));
#1546 = CARTESIAN_POINT('',(-2.430101927852,-7.525290717745));
#1547 = CARTESIAN_POINT('',(-2.431700690942,-7.751509401721));
#1548 = CARTESIAN_POINT('',(-2.432954320808,-7.990539362557));
#1549 = CARTESIAN_POINT('',(-2.433880397899,-8.237861893711));
#1550 = CARTESIAN_POINT('',(-2.434492781618,-8.490158078972));
#1551 = CARTESIAN_POINT('',(-2.434799536937,-8.744949468118));
#1552 = CARTESIAN_POINT('',(-2.434799536937,-9.));
#1553 = ( GEOMETRIC_REPRESENTATION_CONTEXT(2) 
PARAMETRIC_REPRESENTATION_CONTEXT() REPRESENTATION_CONTEXT('2D SPACE',''
  ) );
#1554 = PCURVE('',#1555,#1560);
#1555 = CYLINDRICAL_SURFACE('',#1556,2.3);
#1556 = AXIS2_PLACEMENT_3D('',#1557,#1558,#1559);
#1557 = CARTESIAN_POINT('',(-77.14534982745,68.660068453214,11.));
#1558 = DIRECTION('',(0.707106781187,-0.707106781187,-0.));
#1559 = DIRECTION('',(-0.707106781187,-0.707106781187,0.));
#1560 = DEFINITIONAL_REPRESENTATION('',(#1561),#1613);
#1561 = B_SPLINE_CURVE_WITH_KNOTS('',8,(#1562,#1563,#1564,#1565,#1566,
    #1567,#1568,#1569,#1570,#1571,#1572,#1573,#1574,#1575,#1576,#1577,
    #1578,#1579,#1580,#1581,#1582,#1583,#1584,#1585,#1586,#1587,#1588,
    #1589,#1590,#1591,#1592,#1593,#1594,#1595,#1596,#1597,#1598,#1599,
    #1600,#1601,#1602,#1603,#1604,#1605,#1606,#1607,#1608,#1609,#1610,
    #1611,#1612),.UNSPECIFIED.,.F.,.F.,(9,7,7,7,7,7,7,9),(0.,
    0.153446298242,0.285183841345,0.42106715315,0.589578533241,
    0.714801285998,0.836743260524,1.),.UNSPECIFIED.);
#1562 = CARTESIAN_POINT('',(0.,-2.273620987418));
#1563 = CARTESIAN_POINT('',(-0.103569482798,-2.273620987418));
#1564 = CARTESIAN_POINT('',(-0.207667942341,-2.275841872618));
#1565 = CARTESIAN_POINT('',(-0.312942163678,-2.280323460218));
#1566 = CARTESIAN_POINT('',(-0.419994161153,-2.287089697901));
#1567 = CARTESIAN_POINT('',(-0.529446054836,-2.296135325322));
#1568 = CARTESIAN_POINT('',(-0.641969680223,-2.307404858519));
#1569 = CARTESIAN_POINT('',(-0.758349319534,-2.320767145268));
#1570 = CARTESIAN_POINT('',(-0.983782174024,-2.34905686449));
#1571 = CARTESIAN_POINT('',(-1.095577106131,-2.364001669389));
#1572 = CARTESIAN_POINT('',(-1.212347999292,-2.380378856623));
#1573 = CARTESIAN_POINT('',(-1.332391463856,-2.397532400543));
#1574 = CARTESIAN_POINT('',(-1.454474090208,-2.414701553191));
#1575 = CARTESIAN_POINT('',(-1.577525594063,-2.431222534498));
#1576 = CARTESIAN_POINT('',(-1.700517260114,-2.446605270616));
#1577 = CARTESIAN_POINT('',(-1.94755716307,-2.47490427611));
#1578 = CARTESIAN_POINT('',(-2.067270268752,-2.48724108032));
#1579 = CARTESIAN_POINT('',(-2.182207791759,-2.497640058825));
#1580 = CARTESIAN_POINT('',(-2.292979305805,-2.506296479964));
#1581 = CARTESIAN_POINT('',(-2.400029944623,-2.513417864697));
#1582 = CARTESIAN_POINT('',(-2.503697293829,-2.519191951677));
#1583 = CARTESIAN_POINT('',(-2.604220754728,-2.523782911849));
#1584 = CARTESIAN_POINT('',(-2.822741890942,-2.531722417574));
#1585 = CARTESIAN_POINT('',(-2.940439404936,-2.534555309996));
#1586 = CARTESIAN_POINT('',(-3.056238918158,-2.536070921254));
#1587 = CARTESIAN_POINT('',(-3.171248890748,-2.53638922077));
#1588 = CARTESIAN_POINT('',(-3.286497460653,-2.53553673257));
#1589 = CARTESIAN_POINT('',(-3.402997590459,-2.533454945264));
#1590 = CARTESIAN_POINT('',(-3.52181288034,-2.529990602855));
#1591 = CARTESIAN_POINT('',(-3.735230041858,-2.521070101623));
#1592 = CARTESIAN_POINT('',(-3.829048705086,-2.516319207649));
#1593 = CARTESIAN_POINT('',(-3.92577033724,-2.510502231717));
#1594 = CARTESIAN_POINT('',(-4.025525279699,-2.503485292912));
#1595 = CARTESIAN_POINT('',(-4.128540812861,-2.495120388208));
#1596 = CARTESIAN_POINT('',(-4.235136022682,-2.485252518677));
#1597 = CARTESIAN_POINT('',(-4.345748282776,-2.473744990277));
#1598 = CARTESIAN_POINT('',(-4.573353698654,-2.447672251269));
#1599 = CARTESIAN_POINT('',(-4.687271218679,-2.433519291845));
#1600 = CARTESIAN_POINT('',(-4.801563377866,-2.418334296281));
#1601 = CARTESIAN_POINT('',(-4.915238214614,-2.402507770282));
#1602 = CARTESIAN_POINT('',(-5.027315631159,-2.386579975845));
#1603 = CARTESIAN_POINT('',(-5.136677975977,-2.371164903266));
#1604 = CARTESIAN_POINT('',(-5.24187093224,-2.356833851856));
#1605 = CARTESIAN_POINT('',(-5.473030590737,-2.326843914611));
#1606 = CARTESIAN_POINT('',(-5.598711678959,-2.311764419866));
#1607 = CARTESIAN_POINT('',(-5.719321274941,-2.299064680225));
#1608 = CARTESIAN_POINT('',(-5.83599727386,-2.288880506888));
#1609 = CARTESIAN_POINT('',(-5.949740776416,-2.28125009193));
#1610 = CARTESIAN_POINT('',(-6.061515741971,-2.276166968946));
#1611 = CARTESIAN_POINT('',(-6.172293771579,-2.273620987418));
#1612 = CARTESIAN_POINT('',(-6.28318530718,-2.273620987418));
#1613 = ( GEOMETRIC_REPRESENTATION_CONTEXT(2) 
PARAMETRIC_REPRESENTATION_CONTEXT() REPRESENTATION_CONTEXT('2D SPACE',''
  ) );
#1614 = FACE_BOUND('',#1615,.F.);
#1615 = EDGE_LOOP('',(#1616));
#1616 = ORIENTED_EDGE('',*,*,#1617,.T.);
#1617 = EDGE_CURVE('',#1618,#1618,#1620,.T.);
#1618 = VERTEX_POINT('',#1619);
#1619 = CARTESIAN_POINT('',(-68.64141567453,-80.37938824223,11.));
#1620 = SURFACE_CURVE('',#1621,(#1673,#1728),.PCURVE_S1.);
#1621 = B_SPLINE_CURVE_WITH_KNOTS('',8,(#1622,#1623,#1624,#1625,#1626,
    #1627,#1628,#1629,#1630,#1631,#1632,#1633,#1634,#1635,#1636,#1637,
    #1638,#1639,#1640,#1641,#1642,#1643,#1644,#1645,#1646,#1647,#1648,
    #1649,#1650,#1651,#1652,#1653,#1654,#1655,#1656,#1657,#1658,#1659,
    #1660,#1661,#1662,#1663,#1664,#1665,#1666,#1667,#1668,#1669,#1670,
    #1671,#1672),.UNSPECIFIED.,.T.,.F.,(9,7,7,7,7,7,7,9),(0.,
    0.153446298203,0.285183841272,0.421067153043,0.58957853309,
    0.714801285866,0.836743260448,1.),.UNSPECIFIED.);
#1622 = CARTESIAN_POINT('',(-68.64141567453,-80.37938824223,11.));
#1623 = CARTESIAN_POINT('',(-68.64141567453,-80.37938824223,
    11.238209810436));
#1624 = CARTESIAN_POINT('',(-68.66292366961,-80.36102105312,
    11.47763730569));
#1625 = CARTESIAN_POINT('',(-68.70632313644,-80.32395950825,
    11.715870440476));
#1626 = CARTESIAN_POINT('',(-68.77223301894,-80.26761853085,
    11.95024776827));
#1627 = CARTESIAN_POINT('',(-68.8613927234,-80.19125127538,
    12.177575516417));
#1628 = CARTESIAN_POINT('',(-68.97457337475,-80.09400815071,
    12.393931685385));
#1629 = CARTESIAN_POINT('',(-69.11242761598,-79.97505103662,
    12.594350489727));
#1630 = CARTESIAN_POINT('',(-69.41492607167,-79.71256028553,
    12.924852001649));
#1631 = CARTESIAN_POINT('',(-69.57843365919,-79.57018784379,
    13.066788483573));
#1632 = CARTESIAN_POINT('',(-69.76319275046,-79.40858959282,
    13.185877935621));
#1633 = CARTESIAN_POINT('',(-69.96459195418,-79.23144916355,
    13.272991464499));
#1634 = CARTESIAN_POINT('',(-70.17637148058,-79.04395048569,
    13.322014344032));
#1635 = CARTESIAN_POINT('',(-70.39151936704,-78.85216679505,
    13.329997273408));
#1636 = CARTESIAN_POINT('',(-70.60297461125,-78.66246602488,
    13.297298564122));
#1637 = CARTESIAN_POINT('',(-71.01213487403,-78.29332659948,
    13.155995015262));
#1638 = CARTESIAN_POINT('',(-71.20216260648,-78.12074574286,
    13.047464059764));
#1639 = CARTESIAN_POINT('',(-71.37245565162,-77.96515907416,
    12.909716928486));
#1640 = CARTESIAN_POINT('',(-71.52218723311,-77.82766952084,
    12.749119825762));
#1641 = CARTESIAN_POINT('',(-71.6512036162,-77.70872429662,
    12.571210013301));
#1642 = CARTESIAN_POINT('',(-71.75980541099,-77.60828829395,
    12.380852393708));
#1643 = CARTESIAN_POINT('',(-71.84866480964,-77.52592149344,
    12.182301659951));
#1644 = CARTESIAN_POINT('',(-72.00559696836,-77.38021749139,
    11.727536838112));
#1645 = CARTESIAN_POINT('',(-72.06448965576,-77.32533111887,
    11.466218277111));
#1646 = CARTESIAN_POINT('',(-72.09698935443,-77.29497481821,
    11.199633214001));
#1647 = CARTESIAN_POINT('',(-72.10394510737,-77.28846920876,
    10.930789573263));
#1648 = CARTESIAN_POINT('',(-72.08552598092,-77.30568273483,
    10.662362615974));
#1649 = CARTESIAN_POINT('',(-72.04127212876,-77.34699249515,
    10.397189052918));
#1650 = CARTESIAN_POINT('',(-71.97014673373,-77.41321857016,
    10.138734138233));
#1651 = CARTESIAN_POINT('',(-71.79662707471,-77.57412273536,
    9.708590704326));
#1652 = CARTESIAN_POINT('',(-71.70627819352,-77.65775283785,
    9.529980038806));
#1653 = CARTESIAN_POINT('',(-71.59884655082,-77.7569580343,
    9.359462716187));
#1654 = CARTESIAN_POINT('',(-71.47391810738,-77.87196302772,
    9.200730728831));
#1655 = CARTESIAN_POINT('',(-71.33140339189,-78.00264798152,
    9.057855861592));
#1656 = CARTESIAN_POINT('',(-71.17160561124,-78.14849048725,
    8.935338564403));
#1657 = CARTESIAN_POINT('',(-70.99537337695,-78.3084486188,
    8.838216399589));
#1658 = CARTESIAN_POINT('',(-70.61840151678,-78.64854805787,
    8.708029119666));
#1659 = CARTESIAN_POINT('',(-70.42311576024,-78.82381850724,
    8.674973667977));
#1660 = CARTESIAN_POINT('',(-70.22378919572,-79.00167024509,
    8.676667309532));
#1661 = CARTESIAN_POINT('',(-70.02627963084,-79.17679772226,
    8.713858129449));
#1662 = CARTESIAN_POINT('',(-69.83652434719,-79.344027703,8.784569253029
    ));
#1663 = CARTESIAN_POINT('',(-69.65991433404,-79.49883751144,
    8.884206220777));
#1664 = CARTESIAN_POINT('',(-69.50070305659,-79.63778162162,
    9.00564314102));
#1665 = CARTESIAN_POINT('',(-69.17535067602,-79.92072182621,
    9.318149288856));
#1666 = CARTESIAN_POINT('',(-69.01845478993,-80.05629208631,
    9.525290717743));
#1667 = CARTESIAN_POINT('',(-68.89031874869,-80.16646798351,
    9.751509401723));
#1668 = CARTESIAN_POINT('',(-68.78969668745,-80.2526874487,
    9.990539362557));
#1669 = CARTESIAN_POINT('',(-68.71529567205,-80.31629742778,
    10.237861893709));
#1670 = CARTESIAN_POINT('',(-68.66607242183,-80.35833205653,
    10.490158078973));
#1671 = CARTESIAN_POINT('',(-68.64141567453,-80.37938824223,
    10.744949468118));
#1672 = CARTESIAN_POINT('',(-68.64141567453,-80.37938824223,11.));
#1673 = PCURVE('',#182,#1674);
#1674 = DEFINITIONAL_REPRESENTATION('',(#1675),#1727);
#1675 = B_SPLINE_CURVE_WITH_KNOTS('',8,(#1676,#1677,#1678,#1679,#1680,
    #1681,#1682,#1683,#1684,#1685,#1686,#1687,#1688,#1689,#1690,#1691,
    #1692,#1693,#1694,#1695,#1696,#1697,#1698,#1699,#1700,#1701,#1702,
    #1703,#1704,#1705,#1706,#1707,#1708,#1709,#1710,#1711,#1712,#1713,
    #1714,#1715,#1716,#1717,#1718,#1719,#1720,#1721,#1722,#1723,#1724,
    #1725,#1726),.UNSPECIFIED.,.T.,.F.,(9,7,7,7,7,7,7,9),(0.,
    0.153446298203,0.285183841272,0.421067153043,0.58957853309,
    0.714801285866,0.836743260448,1.),.UNSPECIFIED.);
#1676 = CARTESIAN_POINT('',(-4.005595863731,-9.));
#1677 = CARTESIAN_POINT('',(-4.005595863731,-9.238209810436));
#1678 = CARTESIAN_POINT('',(-4.00532828243,-9.47763730569));
#1679 = CARTESIAN_POINT('',(-4.004788350931,-9.715870440476));
#1680 = CARTESIAN_POINT('',(-4.003968021647,-9.95024776827));
#1681 = CARTESIAN_POINT('',(-4.002857386571,-10.17757551641));
#1682 = CARTESIAN_POINT('',(-4.001445675855,-10.39393168538));
#1683 = CARTESIAN_POINT('',(-3.999723033309,-10.59435048972));
#1684 = CARTESIAN_POINT('',(-3.995933931465,-10.92485200164));
#1685 = CARTESIAN_POINT('',(-3.993882794046,-11.06678848357));
#1686 = CARTESIAN_POINT('',(-3.991560584321,-11.18587793561));
#1687 = CARTESIAN_POINT('',(-3.989023074149,-11.2729914645));
#1688 = CARTESIAN_POINT('',(-3.986347097837,-11.32201434403));
#1689 = CARTESIAN_POINT('',(-3.983620365996,-11.3299972734));
#1690 = CARTESIAN_POINT('',(-3.980932799162,-11.29729856412));
#1691 = CARTESIAN_POINT('',(-3.97571928841,-11.15599501526));
#1692 = CARTESIAN_POINT('',(-3.973290733891,-11.04746405976));
#1693 = CARTESIAN_POINT('',(-3.97110847523,-10.90971692848));
#1694 = CARTESIAN_POINT('',(-3.969185301842,-10.74911982576));
#1695 = CARTESIAN_POINT('',(-3.967525136573,-10.5712100133));
#1696 = CARTESIAN_POINT('',(-3.966125660726,-10.3808523937));
#1697 = CARTESIAN_POINT('',(-3.964979377093,-10.18230165995));
#1698 = CARTESIAN_POINT('',(-3.962953423325,-9.727536838112));
#1699 = CARTESIAN_POINT('',(-3.962191799252,-9.466218277111));
#1700 = CARTESIAN_POINT('',(-3.961771063683,-9.199633214));
#1701 = CARTESIAN_POINT('',(-3.96168095985,-8.930789573263));
#1702 = CARTESIAN_POINT('',(-3.961919470278,-8.662362615975));
#1703 = CARTESIAN_POINT('',(-3.962492208318,-8.397189052918));
#1704 = CARTESIAN_POINT('',(-3.963411638041,-8.138734138233));
#1705 = CARTESIAN_POINT('',(-3.965650441716,-7.708590704326));
#1706 = CARTESIAN_POINT('',(-3.966815185083,-7.529980038806));
#1707 = CARTESIAN_POINT('',(-3.968198627538,-7.359462716187));
#1708 = CARTESIAN_POINT('',(-3.969805090942,-7.200730728831));
#1709 = CARTESIAN_POINT('',(-3.971634433417,-7.057855861592));
#1710 = CARTESIAN_POINT('',(-3.973681209554,-6.935338564403));
#1711 = CARTESIAN_POINT('',(-3.975932863024,-6.838216399589));
#1712 = CARTESIAN_POINT('',(-3.980736229884,-6.708029119666));
#1713 = CARTESIAN_POINT('',(-3.983218764333,-6.674973667977));
#1714 = CARTESIAN_POINT('',(-3.985746061699,-6.676667309532));
#1715 = CARTESIAN_POINT('',(-3.988243380579,-6.713858129449));
#1716 = CARTESIAN_POINT('',(-3.990636254183,-6.784569253029));
#1717 = CARTESIAN_POINT('',(-3.99285815325,-6.884206220777));
#1718 = CARTESIAN_POINT('',(-3.994857338521,-7.00564314102));
#1719 = CARTESIAN_POINT('',(-3.998936544229,-7.318149288856));
#1720 = CARTESIAN_POINT('',(-4.000898254647,-7.525290717743));
#1721 = CARTESIAN_POINT('',(-4.002497017737,-7.751509401723));
#1722 = CARTESIAN_POINT('',(-4.003750647603,-7.990539362557));
#1723 = CARTESIAN_POINT('',(-4.004676724694,-8.237861893709));
#1724 = CARTESIAN_POINT('',(-4.005289108413,-8.490158078973));
#1725 = CARTESIAN_POINT('',(-4.005595863731,-8.744949468118));
#1726 = CARTESIAN_POINT('',(-4.005595863731,-9.));
#1727 = ( GEOMETRIC_REPRESENTATION_CONTEXT(2) 
PARAMETRIC_REPRESENTATION_CONTEXT() REPRESENTATION_CONTEXT('2D SPACE',''
  ) );
#1728 = PCURVE('',#1729,#1734);
#1729 = CYLINDRICAL_SURFACE('',#1730,2.3);
#1730 = AXIS2_PLACEMENT_3D('',#1731,#1732,#1733);
#1731 = CARTESIAN_POINT('',(-68.66006845321,-77.14534982745,11.));
#1732 = DIRECTION('',(0.707106781187,0.707106781187,-0.));
#1733 = DIRECTION('',(0.707106781187,-0.707106781187,0.));
#1734 = DEFINITIONAL_REPRESENTATION('',(#1735),#1787);
#1735 = B_SPLINE_CURVE_WITH_KNOTS('',8,(#1736,#1737,#1738,#1739,#1740,
    #1741,#1742,#1743,#1744,#1745,#1746,#1747,#1748,#1749,#1750,#1751,
    #1752,#1753,#1754,#1755,#1756,#1757,#1758,#1759,#1760,#1761,#1762,
    #1763,#1764,#1765,#1766,#1767,#1768,#1769,#1770,#1771,#1772,#1773,
    #1774,#1775,#1776,#1777,#1778,#1779,#1780,#1781,#1782,#1783,#1784,
    #1785,#1786),.UNSPECIFIED.,.F.,.F.,(9,7,7,7,7,7,7,9),(0.,
    0.153446298203,0.285183841272,0.421067153043,0.58957853309,
    0.714801285866,0.836743260448,1.),.UNSPECIFIED.);
#1736 = CARTESIAN_POINT('',(0.,-2.273620987418));
#1737 = CARTESIAN_POINT('',(-0.103569482798,-2.273620987418));
#1738 = CARTESIAN_POINT('',(-0.207667942342,-2.275841872618));
#1739 = CARTESIAN_POINT('',(-0.312942163679,-2.280323460218));
#1740 = CARTESIAN_POINT('',(-0.419994161153,-2.287089697901));
#1741 = CARTESIAN_POINT('',(-0.529446054836,-2.296135325322));
#1742 = CARTESIAN_POINT('',(-0.641969680222,-2.307404858518));
#1743 = CARTESIAN_POINT('',(-0.758349319533,-2.320767145268));
#1744 = CARTESIAN_POINT('',(-0.983782174025,-2.34905686449));
#1745 = CARTESIAN_POINT('',(-1.095577106129,-2.364001669389));
#1746 = CARTESIAN_POINT('',(-1.212347999294,-2.380378856623));
#1747 = CARTESIAN_POINT('',(-1.332391463853,-2.397532400543));
#1748 = CARTESIAN_POINT('',(-1.45447409021,-2.414701553191));
#1749 = CARTESIAN_POINT('',(-1.577525594062,-2.431222534498));
#1750 = CARTESIAN_POINT('',(-1.700517260114,-2.446605270616));
#1751 = CARTESIAN_POINT('',(-1.94755716307,-2.47490427611));
#1752 = CARTESIAN_POINT('',(-2.067270268752,-2.48724108032));
#1753 = CARTESIAN_POINT('',(-2.182207791759,-2.497640058825));
#1754 = CARTESIAN_POINT('',(-2.292979305805,-2.506296479964));
#1755 = CARTESIAN_POINT('',(-2.400029944623,-2.513417864696));
#1756 = CARTESIAN_POINT('',(-2.503697293829,-2.519191951677));
#1757 = CARTESIAN_POINT('',(-2.604220754728,-2.523782911849));
#1758 = CARTESIAN_POINT('',(-2.822741890942,-2.531722417574));
#1759 = CARTESIAN_POINT('',(-2.940439404936,-2.534555309996));
#1760 = CARTESIAN_POINT('',(-3.056238918158,-2.536070921254));
#1761 = CARTESIAN_POINT('',(-3.171248890748,-2.53638922077));
#1762 = CARTESIAN_POINT('',(-3.286497460653,-2.53553673257));
#1763 = CARTESIAN_POINT('',(-3.402997590459,-2.533454945264));
#1764 = CARTESIAN_POINT('',(-3.52181288034,-2.529990602855));
#1765 = CARTESIAN_POINT('',(-3.735230041895,-2.521070101621));
#1766 = CARTESIAN_POINT('',(-3.829048705096,-2.516319207648));
#1767 = CARTESIAN_POINT('',(-3.925770337218,-2.510502231718));
#1768 = CARTESIAN_POINT('',(-4.025525279668,-2.503485292915));
#1769 = CARTESIAN_POINT('',(-4.128540812845,-2.495120388211));
#1770 = CARTESIAN_POINT('',(-4.235136022697,-2.485252518676));
#1771 = CARTESIAN_POINT('',(-4.345748282812,-2.473744990273));
#1772 = CARTESIAN_POINT('',(-4.573353698654,-2.447672251269));
#1773 = CARTESIAN_POINT('',(-4.687271218679,-2.433519291845));
#1774 = CARTESIAN_POINT('',(-4.801563377866,-2.418334296281));
#1775 = CARTESIAN_POINT('',(-4.915238214614,-2.402507770282));
#1776 = CARTESIAN_POINT('',(-5.027315631159,-2.386579975845));
#1777 = CARTESIAN_POINT('',(-5.136677975977,-2.371164903266));
#1778 = CARTESIAN_POINT('',(-5.24187093224,-2.356833851856));
#1779 = CARTESIAN_POINT('',(-5.473030590737,-2.326843914611));
#1780 = CARTESIAN_POINT('',(-5.598711678958,-2.311764419866));
#1781 = CARTESIAN_POINT('',(-5.719321274943,-2.299064680225));
#1782 = CARTESIAN_POINT('',(-5.83599727386,-2.288880506888));
#1783 = CARTESIAN_POINT('',(-5.949740776415,-2.28125009193));
#1784 = CARTESIAN_POINT('',(-6.061515741972,-2.276166968946));
#1785 = CARTESIAN_POINT('',(-6.172293771579,-2.273620987418));
#1786 = CARTESIAN_POINT('',(-6.28318530718,-2.273620987418));
#1787 = ( GEOMETRIC_REPRESENTATION_CONTEXT(2) 
PARAMETRIC_REPRESENTATION_CONTEXT() REPRESENTATION_CONTEXT('2D SPACE',''
  ) );
#1788 = ADVANCED_FACE('',(#1789),#221,.F.);
#1789 = FACE_BOUND('',#1790,.T.);
#1790 = EDGE_LOOP('',(#1791,#1792,#1815,#1846));
#1791 = ORIENTED_EDGE('',*,*,#200,.T.);
#1792 = ORIENTED_EDGE('',*,*,#1793,.T.);
#1793 = EDGE_CURVE('',#201,#1794,#1796,.T.);
#1794 = VERTEX_POINT('',#1795);
#1795 = CARTESIAN_POINT('',(-12.5,-84.,8.));
#1796 = SEAM_CURVE('',#1797,(#1801,#1808),.PCURVE_S1.);
#1797 = LINE('',#1798,#1799);
#1798 = CARTESIAN_POINT('',(-12.5,-84.,-1.));
#1799 = VECTOR('',#1800,1.);
#1800 = DIRECTION('',(0.,0.,1.));
#1801 = PCURVE('',#221,#1802);
#1802 = DEFINITIONAL_REPRESENTATION('',(#1803),#1807);
#1803 = LINE('',#1804,#1805);
#1804 = CARTESIAN_POINT('',(-6.28318530718,0.));
#1805 = VECTOR('',#1806,1.);
#1806 = DIRECTION('',(-0.,-1.));
#1807 = ( GEOMETRIC_REPRESENTATION_CONTEXT(2) 
PARAMETRIC_REPRESENTATION_CONTEXT() REPRESENTATION_CONTEXT('2D SPACE',''
  ) );
#1808 = PCURVE('',#221,#1809);
#1809 = DEFINITIONAL_REPRESENTATION('',(#1810),#1814);
#1810 = LINE('',#1811,#1812);
#1811 = CARTESIAN_POINT('',(-0.,0.));
#1812 = VECTOR('',#1813,1.);
#1813 = DIRECTION('',(-0.,-1.));
#1814 = ( GEOMETRIC_REPRESENTATION_CONTEXT(2) 
PARAMETRIC_REPRESENTATION_CONTEXT() REPRESENTATION_CONTEXT('2D SPACE',''
  ) );
#1815 = ORIENTED_EDGE('',*,*,#1816,.F.);
#1816 = EDGE_CURVE('',#1794,#1794,#1817,.T.);
#1817 = SURFACE_CURVE('',#1818,(#1823,#1830),.PCURVE_S1.);
#1818 = CIRCLE('',#1819,2.);
#1819 = AXIS2_PLACEMENT_3D('',#1820,#1821,#1822);
#1820 = CARTESIAN_POINT('',(-14.5,-84.,8.));
#1821 = DIRECTION('',(0.,0.,-1.));
#1822 = DIRECTION('',(1.,0.,0.));
#1823 = PCURVE('',#221,#1824);
#1824 = DEFINITIONAL_REPRESENTATION('',(#1825),#1829);
#1825 = LINE('',#1826,#1827);
#1826 = CARTESIAN_POINT('',(-6.28318530718,-9.));
#1827 = VECTOR('',#1828,1.);
#1828 = DIRECTION('',(1.,-0.));
#1829 = ( GEOMETRIC_REPRESENTATION_CONTEXT(2) 
PARAMETRIC_REPRESENTATION_CONTEXT() REPRESENTATION_CONTEXT('2D SPACE',''
  ) );
#1830 = PCURVE('',#1831,#1836);
#1831 = PLANE('',#1832);
#1832 = AXIS2_PLACEMENT_3D('',#1833,#1834,#1835);
#1833 = CARTESIAN_POINT('',(-14.5,-84.,8.));
#1834 = DIRECTION('',(0.,0.,1.));
#1835 = DIRECTION('',(1.,0.,-0.));
#1836 = DEFINITIONAL_REPRESENTATION('',(#1837),#1845);
#1837 = ( BOUNDED_CURVE() B_SPLINE_CURVE(2,(#1838,#1839,#1840,#1841,
#1842,#1843,#1844),.UNSPECIFIED.,.T.,.F.) B_SPLINE_CURVE_WITH_KNOTS((1,2
    ,2,2,2,1),(-2.094395102393,0.,2.094395102393,4.188790204786,
6.28318530718,8.377580409573),.UNSPECIFIED.) CURVE() 
GEOMETRIC_REPRESENTATION_ITEM() RATIONAL_B_SPLINE_CURVE((1.,0.5,1.,0.5,
1.,0.5,1.)) REPRESENTATION_ITEM('') );
#1838 = CARTESIAN_POINT('',(2.,0.));
#1839 = CARTESIAN_POINT('',(2.,-3.464101615138));
#1840 = CARTESIAN_POINT('',(-1.,-1.732050807569));
#1841 = CARTESIAN_POINT('',(-4.,-4.898587196589E-16));
#1842 = CARTESIAN_POINT('',(-1.,1.732050807569));
#1843 = CARTESIAN_POINT('',(2.,3.464101615138));
#1844 = CARTESIAN_POINT('',(2.,0.));
#1845 = ( GEOMETRIC_REPRESENTATION_CONTEXT(2) 
PARAMETRIC_REPRESENTATION_CONTEXT() REPRESENTATION_CONTEXT('2D SPACE',''
  ) );
#1846 = ORIENTED_EDGE('',*,*,#1793,.F.);
#1847 = ADVANCED_FACE('',(#1848),#256,.F.);
#1848 = FACE_BOUND('',#1849,.T.);
#1849 = EDGE_LOOP('',(#1850,#1851,#1874,#1901));
#1850 = ORIENTED_EDGE('',*,*,#235,.T.);
#1851 = ORIENTED_EDGE('',*,*,#1852,.T.);
#1852 = EDGE_CURVE('',#236,#1853,#1855,.T.);
#1853 = VERTEX_POINT('',#1854);
#1854 = CARTESIAN_POINT('',(9.313708498985,-84.,2.));
#1855 = SEAM_CURVE('',#1856,(#1860,#1867),.PCURVE_S1.);
#1856 = LINE('',#1857,#1858);
#1857 = CARTESIAN_POINT('',(9.313708498985,-84.,-1.));
#1858 = VECTOR('',#1859,1.);
#1859 = DIRECTION('',(0.,0.,1.));
#1860 = PCURVE('',#256,#1861);
#1861 = DEFINITIONAL_REPRESENTATION('',(#1862),#1866);
#1862 = LINE('',#1863,#1864);
#1863 = CARTESIAN_POINT('',(-6.28318530718,0.));
#1864 = VECTOR('',#1865,1.);
#1865 = DIRECTION('',(-0.,-1.));
#1866 = ( GEOMETRIC_REPRESENTATION_CONTEXT(2) 
PARAMETRIC_REPRESENTATION_CONTEXT() REPRESENTATION_CONTEXT('2D SPACE',''
  ) );
#1867 = PCURVE('',#256,#1868);
#1868 = DEFINITIONAL_REPRESENTATION('',(#1869),#1873);
#1869 = LINE('',#1870,#1871);
#1870 = CARTESIAN_POINT('',(-0.,0.));
#1871 = VECTOR('',#1872,1.);
#1872 = DIRECTION('',(-0.,-1.));
#1873 = ( GEOMETRIC_REPRESENTATION_CONTEXT(2) 
PARAMETRIC_REPRESENTATION_CONTEXT() REPRESENTATION_CONTEXT('2D SPACE',''
  ) );
#1874 = ORIENTED_EDGE('',*,*,#1875,.T.);
#1875 = EDGE_CURVE('',#1853,#1853,#1876,.T.);
#1876 = SURFACE_CURVE('',#1877,(#1882,#1889),.PCURVE_S1.);
#1877 = CIRCLE('',#1878,9.313708498985);
#1878 = AXIS2_PLACEMENT_3D('',#1879,#1880,#1881);
#1879 = CARTESIAN_POINT('',(0.,-84.,2.));
#1880 = DIRECTION('',(0.,0.,1.));
#1881 = DIRECTION('',(1.,0.,0.));
#1882 = PCURVE('',#256,#1883);
#1883 = DEFINITIONAL_REPRESENTATION('',(#1884),#1888);
#1884 = LINE('',#1885,#1886);
#1885 = CARTESIAN_POINT('',(-0.,-3.));
#1886 = VECTOR('',#1887,1.);
#1887 = DIRECTION('',(-1.,0.));
#1888 = ( GEOMETRIC_REPRESENTATION_CONTEXT(2) 
PARAMETRIC_REPRESENTATION_CONTEXT() REPRESENTATION_CONTEXT('2D SPACE',''
  ) );
#1889 = PCURVE('',#1890,#1895);
#1890 = PLANE('',#1891);
#1891 = AXIS2_PLACEMENT_3D('',#1892,#1893,#1894);
#1892 = CARTESIAN_POINT('',(-1.174561246093E-15,-84.,2.));
#1893 = DIRECTION('',(0.,0.,1.));
#1894 = DIRECTION('',(1.,0.,-0.));
#1895 = DEFINITIONAL_REPRESENTATION('',(#1896),#1900);
#1896 = CIRCLE('',#1897,9.313708498985);
#1897 = AXIS2_PLACEMENT_2D('',#1898,#1899);
#1898 = CARTESIAN_POINT('',(1.174561246093E-15,0.));
#1899 = DIRECTION('',(1.,0.));
#1900 = ( GEOMETRIC_REPRESENTATION_CONTEXT(2) 
PARAMETRIC_REPRESENTATION_CONTEXT() REPRESENTATION_CONTEXT('2D SPACE',''
  ) );
#1901 = ORIENTED_EDGE('',*,*,#1852,.F.);
#1902 = ADVANCED_FACE('',(#1903),#291,.F.);
#1903 = FACE_BOUND('',#1904,.T.);
#1904 = EDGE_LOOP('',(#1905,#1906,#1929,#1960));
#1905 = ORIENTED_EDGE('',*,*,#270,.T.);
#1906 = ORIENTED_EDGE('',*,*,#1907,.T.);
#1907 = EDGE_CURVE('',#271,#1908,#1910,.T.);
#1908 = VERTEX_POINT('',#1909);
#1909 = CARTESIAN_POINT('',(16.5,-84.,8.));
#1910 = SEAM_CURVE('',#1911,(#1915,#1922),.PCURVE_S1.);
#1911 = LINE('',#1912,#1913);
#1912 = CARTESIAN_POINT('',(16.5,-84.,-1.));
#1913 = VECTOR('',#1914,1.);
#1914 = DIRECTION('',(0.,0.,1.));
#1915 = PCURVE('',#291,#1916);
#1916 = DEFINITIONAL_REPRESENTATION('',(#1917),#1921);
#1917 = LINE('',#1918,#1919);
#1918 = CARTESIAN_POINT('',(-6.28318530718,0.));
#1919 = VECTOR('',#1920,1.);
#1920 = DIRECTION('',(-0.,-1.));
#1921 = ( GEOMETRIC_REPRESENTATION_CONTEXT(2) 
PARAMETRIC_REPRESENTATION_CONTEXT() REPRESENTATION_CONTEXT('2D SPACE',''
  ) );
#1922 = PCURVE('',#291,#1923);
#1923 = DEFINITIONAL_REPRESENTATION('',(#1924),#1928);
#1924 = LINE('',#1925,#1926);
#1925 = CARTESIAN_POINT('',(-0.,0.));
#1926 = VECTOR('',#1927,1.);
#1927 = DIRECTION('',(-0.,-1.));
#1928 = ( GEOMETRIC_REPRESENTATION_CONTEXT(2) 
PARAMETRIC_REPRESENTATION_CONTEXT() REPRESENTATION_CONTEXT('2D SPACE',''
  ) );
#1929 = ORIENTED_EDGE('',*,*,#1930,.F.);
#1930 = EDGE_CURVE('',#1908,#1908,#1931,.T.);
#1931 = SURFACE_CURVE('',#1932,(#1937,#1944),.PCURVE_S1.);
#1932 = CIRCLE('',#1933,2.);
#1933 = AXIS2_PLACEMENT_3D('',#1934,#1935,#1936);
#1934 = CARTESIAN_POINT('',(14.5,-84.,8.));
#1935 = DIRECTION('',(0.,0.,-1.));
#1936 = DIRECTION('',(1.,0.,0.));
#1937 = PCURVE('',#291,#1938);
#1938 = DEFINITIONAL_REPRESENTATION('',(#1939),#1943);
#1939 = LINE('',#1940,#1941);
#1940 = CARTESIAN_POINT('',(-6.28318530718,-9.));
#1941 = VECTOR('',#1942,1.);
#1942 = DIRECTION('',(1.,-0.));
#1943 = ( GEOMETRIC_REPRESENTATION_CONTEXT(2) 
PARAMETRIC_REPRESENTATION_CONTEXT() REPRESENTATION_CONTEXT('2D SPACE',''
  ) );
#1944 = PCURVE('',#1945,#1950);
#1945 = PLANE('',#1946);
#1946 = AXIS2_PLACEMENT_3D('',#1947,#1948,#1949);
#1947 = CARTESIAN_POINT('',(14.5,-84.,8.));
#1948 = DIRECTION('',(0.,0.,1.));
#1949 = DIRECTION('',(1.,0.,-0.));
#1950 = DEFINITIONAL_REPRESENTATION('',(#1951),#1959);
#1951 = ( BOUNDED_CURVE() B_SPLINE_CURVE(2,(#1952,#1953,#1954,#1955,
#1956,#1957,#1958),.UNSPECIFIED.,.T.,.F.) B_SPLINE_CURVE_WITH_KNOTS((1,2
    ,2,2,2,1),(-2.094395102393,0.,2.094395102393,4.188790204786,
6.28318530718,8.377580409573),.UNSPECIFIED.) CURVE() 
GEOMETRIC_REPRESENTATION_ITEM() RATIONAL_B_SPLINE_CURVE((1.,0.5,1.,0.5,
1.,0.5,1.)) REPRESENTATION_ITEM('') );
#1952 = CARTESIAN_POINT('',(2.,0.));
#1953 = CARTESIAN_POINT('',(2.,-3.464101615138));
#1954 = CARTESIAN_POINT('',(-1.,-1.732050807569));
#1955 = CARTESIAN_POINT('',(-4.,-4.898587196589E-16));
#1956 = CARTESIAN_POINT('',(-1.,1.732050807569));
#1957 = CARTESIAN_POINT('',(2.,3.464101615138));
#1958 = CARTESIAN_POINT('',(2.,0.));
#1959 = ( GEOMETRIC_REPRESENTATION_CONTEXT(2) 
PARAMETRIC_REPRESENTATION_CONTEXT() REPRESENTATION_CONTEXT('2D SPACE',''
  ) );
#1960 = ORIENTED_EDGE('',*,*,#1907,.F.);
#1961 = ADVANCED_FACE('',(#1962),#324,.F.);
#1962 = FACE_BOUND('',#1963,.F.);
#1963 = EDGE_LOOP('',(#1964,#1987,#1988,#2011));
#1964 = ORIENTED_EDGE('',*,*,#1965,.F.);
#1965 = EDGE_CURVE('',#306,#1966,#1968,.T.);
#1966 = VERTEX_POINT('',#1967);
#1967 = CARTESIAN_POINT('',(-88.5,-6.,2.));
#1968 = SURFACE_CURVE('',#1969,(#1973,#1980),.PCURVE_S1.);
#1969 = LINE('',#1970,#1971);
#1970 = CARTESIAN_POINT('',(-88.5,-6.,-1.));
#1971 = VECTOR('',#1972,1.);
#1972 = DIRECTION('',(0.,0.,1.));
#1973 = PCURVE('',#324,#1974);
#1974 = DEFINITIONAL_REPRESENTATION('',(#1975),#1979);
#1975 = LINE('',#1976,#1977);
#1976 = CARTESIAN_POINT('',(0.,0.));
#1977 = VECTOR('',#1978,1.);
#1978 = DIRECTION('',(0.,1.));
#1979 = ( GEOMETRIC_REPRESENTATION_CONTEXT(2) 
PARAMETRIC_REPRESENTATION_CONTEXT() REPRESENTATION_CONTEXT('2D SPACE',''
  ) );
#1980 = PCURVE('',#351,#1981);
#1981 = DEFINITIONAL_REPRESENTATION('',(#1982),#1986);
#1982 = LINE('',#1983,#1984);
#1983 = CARTESIAN_POINT('',(9.,0.));
#1984 = VECTOR('',#1985,1.);
#1985 = DIRECTION('',(0.,-1.));
#1986 = ( GEOMETRIC_REPRESENTATION_CONTEXT(2) 
PARAMETRIC_REPRESENTATION_CONTEXT() REPRESENTATION_CONTEXT('2D SPACE',''
  ) );
#1987 = ORIENTED_EDGE('',*,*,#305,.T.);
#1988 = ORIENTED_EDGE('',*,*,#1989,.T.);
#1989 = EDGE_CURVE('',#308,#1990,#1992,.T.);
#1990 = VERTEX_POINT('',#1991);
#1991 = CARTESIAN_POINT('',(-86.5,-4.,2.));
#1992 = SURFACE_CURVE('',#1993,(#1997,#2004),.PCURVE_S1.);
#1993 = LINE('',#1994,#1995);
#1994 = CARTESIAN_POINT('',(-86.5,-4.,-1.));
#1995 = VECTOR('',#1996,1.);
#1996 = DIRECTION('',(0.,0.,1.));
#1997 = PCURVE('',#324,#1998);
#1998 = DEFINITIONAL_REPRESENTATION('',(#1999),#2003);
#1999 = LINE('',#2000,#2001);
#2000 = CARTESIAN_POINT('',(1.570796326795,0.));
#2001 = VECTOR('',#2002,1.);
#2002 = DIRECTION('',(0.,1.));
#2003 = ( GEOMETRIC_REPRESENTATION_CONTEXT(2) 
PARAMETRIC_REPRESENTATION_CONTEXT() REPRESENTATION_CONTEXT('2D SPACE',''
  ) );
#2004 = PCURVE('',#514,#2005);
#2005 = DEFINITIONAL_REPRESENTATION('',(#2006),#2010);
#2006 = LINE('',#2007,#2008);
#2007 = CARTESIAN_POINT('',(2.,0.));
#2008 = VECTOR('',#2009,1.);
#2009 = DIRECTION('',(0.,-1.));
#2010 = ( GEOMETRIC_REPRESENTATION_CONTEXT(2) 
PARAMETRIC_REPRESENTATION_CONTEXT() REPRESENTATION_CONTEXT('2D SPACE',''
  ) );
#2011 = ORIENTED_EDGE('',*,*,#2012,.F.);
#2012 = EDGE_CURVE('',#1966,#1990,#2013,.T.);
#2013 = SURFACE_CURVE('',#2014,(#2019,#2026),.PCURVE_S1.);
#2014 = CIRCLE('',#2015,2.);
#2015 = AXIS2_PLACEMENT_3D('',#2016,#2017,#2018);
#2016 = CARTESIAN_POINT('',(-88.5,-4.,2.));
#2017 = DIRECTION('',(0.,0.,1.));
#2018 = DIRECTION('',(0.,-1.,0.));
#2019 = PCURVE('',#324,#2020);
#2020 = DEFINITIONAL_REPRESENTATION('',(#2021),#2025);
#2021 = LINE('',#2022,#2023);
#2022 = CARTESIAN_POINT('',(0.,3.));
#2023 = VECTOR('',#2024,1.);
#2024 = DIRECTION('',(1.,0.));
#2025 = ( GEOMETRIC_REPRESENTATION_CONTEXT(2) 
PARAMETRIC_REPRESENTATION_CONTEXT() REPRESENTATION_CONTEXT('2D SPACE',''
  ) );
#2026 = PCURVE('',#2027,#2032);
#2027 = PLANE('',#2028);
#2028 = AXIS2_PLACEMENT_3D('',#2029,#2030,#2031);
#2029 = CARTESIAN_POINT('',(-9.769246714328E-15,-4.388317696945E-15,2.)
  );
#2030 = DIRECTION('',(0.,0.,1.));
#2031 = DIRECTION('',(1.,0.,-0.));
#2032 = DEFINITIONAL_REPRESENTATION('',(#2033),#2037);
#2033 = CIRCLE('',#2034,2.);
#2034 = AXIS2_PLACEMENT_2D('',#2035,#2036);
#2035 = CARTESIAN_POINT('',(-88.5,-4.));
#2036 = DIRECTION('',(0.,-1.));
#2037 = ( GEOMETRIC_REPRESENTATION_CONTEXT(2) 
PARAMETRIC_REPRESENTATION_CONTEXT() REPRESENTATION_CONTEXT('2D SPACE',''
  ) );
#2038 = ADVANCED_FACE('',(#2039),#351,.T.);
#2039 = FACE_BOUND('',#2040,.T.);
#2040 = EDGE_LOOP('',(#2041,#2042,#2065,#2084));
#2041 = ORIENTED_EDGE('',*,*,#336,.T.);
#2042 = ORIENTED_EDGE('',*,*,#2043,.T.);
#2043 = EDGE_CURVE('',#337,#2044,#2046,.T.);
#2044 = VERTEX_POINT('',#2045);
#2045 = CARTESIAN_POINT('',(-95.5,-6.,2.));
#2046 = SURFACE_CURVE('',#2047,(#2051,#2058),.PCURVE_S1.);
#2047 = LINE('',#2048,#2049);
#2048 = CARTESIAN_POINT('',(-95.5,-6.,-1.));
#2049 = VECTOR('',#2050,1.);
#2050 = DIRECTION('',(0.,0.,1.));
#2051 = PCURVE('',#351,#2052);
#2052 = DEFINITIONAL_REPRESENTATION('',(#2053),#2057);
#2053 = LINE('',#2054,#2055);
#2054 = CARTESIAN_POINT('',(2.,0.));
#2055 = VECTOR('',#2056,1.);
#2056 = DIRECTION('',(0.,-1.));
#2057 = ( GEOMETRIC_REPRESENTATION_CONTEXT(2) 
PARAMETRIC_REPRESENTATION_CONTEXT() REPRESENTATION_CONTEXT('2D SPACE',''
  ) );
#2058 = PCURVE('',#379,#2059);
#2059 = DEFINITIONAL_REPRESENTATION('',(#2060),#2064);
#2060 = LINE('',#2061,#2062);
#2061 = CARTESIAN_POINT('',(-0.,0.));
#2062 = VECTOR('',#2063,1.);
#2063 = DIRECTION('',(-0.,1.));
#2064 = ( GEOMETRIC_REPRESENTATION_CONTEXT(2) 
PARAMETRIC_REPRESENTATION_CONTEXT() REPRESENTATION_CONTEXT('2D SPACE',''
  ) );
#2065 = ORIENTED_EDGE('',*,*,#2066,.F.);
#2066 = EDGE_CURVE('',#1966,#2044,#2067,.T.);
#2067 = SURFACE_CURVE('',#2068,(#2072,#2078),.PCURVE_S1.);
#2068 = LINE('',#2069,#2070);
#2069 = CARTESIAN_POINT('',(-48.75,-6.,2.));
#2070 = VECTOR('',#2071,1.);
#2071 = DIRECTION('',(-1.,0.,0.));
#2072 = PCURVE('',#351,#2073);
#2073 = DEFINITIONAL_REPRESENTATION('',(#2074),#2077);
#2074 = B_SPLINE_CURVE_WITH_KNOTS('',1,(#2075,#2076),.UNSPECIFIED.,.F.,
  .F.,(2,2),(39.75,46.75),.PIECEWISE_BEZIER_KNOTS.);
#2075 = CARTESIAN_POINT('',(9.,-3.));
#2076 = CARTESIAN_POINT('',(2.,-3.));
#2077 = ( GEOMETRIC_REPRESENTATION_CONTEXT(2) 
PARAMETRIC_REPRESENTATION_CONTEXT() REPRESENTATION_CONTEXT('2D SPACE',''
  ) );
#2078 = PCURVE('',#2027,#2079);
#2079 = DEFINITIONAL_REPRESENTATION('',(#2080),#2083);
#2080 = B_SPLINE_CURVE_WITH_KNOTS('',1,(#2081,#2082),.UNSPECIFIED.,.F.,
  .F.,(2,2),(39.75,46.75),.PIECEWISE_BEZIER_KNOTS.);
#2081 = CARTESIAN_POINT('',(-88.5,-6.));
#2082 = CARTESIAN_POINT('',(-95.5,-6.));
#2083 = ( GEOMETRIC_REPRESENTATION_CONTEXT(2) 
PARAMETRIC_REPRESENTATION_CONTEXT() REPRESENTATION_CONTEXT('2D SPACE',''
  ) );
#2084 = ORIENTED_EDGE('',*,*,#1965,.F.);
#2085 = ADVANCED_FACE('',(#2086),#514,.T.);
#2086 = FACE_BOUND('',#2087,.T.);
#2087 = EDGE_LOOP('',(#2088,#2089,#2090,#2111));
#2088 = ORIENTED_EDGE('',*,*,#501,.T.);
#2089 = ORIENTED_EDGE('',*,*,#1989,.T.);
#2090 = ORIENTED_EDGE('',*,*,#2091,.F.);
#2091 = EDGE_CURVE('',#2092,#1990,#2094,.T.);
#2092 = VERTEX_POINT('',#2093);
#2093 = CARTESIAN_POINT('',(-86.5,28.,2.));
#2094 = SURFACE_CURVE('',#2095,(#2099,#2105),.PCURVE_S1.);
#2095 = LINE('',#2096,#2097);
#2096 = CARTESIAN_POINT('',(-86.5,-3.,2.));
#2097 = VECTOR('',#2098,1.);
#2098 = DIRECTION('',(0.,-1.,0.));
#2099 = PCURVE('',#514,#2100);
#2100 = DEFINITIONAL_REPRESENTATION('',(#2101),#2104);
#2101 = B_SPLINE_CURVE_WITH_KNOTS('',1,(#2102,#2103),.UNSPECIFIED.,.F.,
  .F.,(2,2),(-31.,1.),.PIECEWISE_BEZIER_KNOTS.);
#2102 = CARTESIAN_POINT('',(34.,-3.));
#2103 = CARTESIAN_POINT('',(2.,-3.));
#2104 = ( GEOMETRIC_REPRESENTATION_CONTEXT(2) 
PARAMETRIC_REPRESENTATION_CONTEXT() REPRESENTATION_CONTEXT('2D SPACE',''
  ) );
#2105 = PCURVE('',#2027,#2106);
#2106 = DEFINITIONAL_REPRESENTATION('',(#2107),#2110);
#2107 = B_SPLINE_CURVE_WITH_KNOTS('',1,(#2108,#2109),.UNSPECIFIED.,.F.,
  .F.,(2,2),(-31.,1.),.PIECEWISE_BEZIER_KNOTS.);
#2108 = CARTESIAN_POINT('',(-86.5,28.));
#2109 = CARTESIAN_POINT('',(-86.5,-4.));
#2110 = ( GEOMETRIC_REPRESENTATION_CONTEXT(2) 
PARAMETRIC_REPRESENTATION_CONTEXT() REPRESENTATION_CONTEXT('2D SPACE',''
  ) );
#2111 = ORIENTED_EDGE('',*,*,#2112,.F.);
#2112 = EDGE_CURVE('',#473,#2092,#2113,.T.);
#2113 = SURFACE_CURVE('',#2114,(#2118,#2125),.PCURVE_S1.);
#2114 = LINE('',#2115,#2116);
#2115 = CARTESIAN_POINT('',(-86.5,28.,-1.));
#2116 = VECTOR('',#2117,1.);
#2117 = DIRECTION('',(0.,0.,1.));
#2118 = PCURVE('',#514,#2119);
#2119 = DEFINITIONAL_REPRESENTATION('',(#2120),#2124);
#2120 = LINE('',#2121,#2122);
#2121 = CARTESIAN_POINT('',(34.,0.));
#2122 = VECTOR('',#2123,1.);
#2123 = DIRECTION('',(0.,-1.));
#2124 = ( GEOMETRIC_REPRESENTATION_CONTEXT(2) 
PARAMETRIC_REPRESENTATION_CONTEXT() REPRESENTATION_CONTEXT('2D SPACE',''
  ) );
#2125 = PCURVE('',#489,#2126);
#2126 = DEFINITIONAL_REPRESENTATION('',(#2127),#2131);
#2127 = LINE('',#2128,#2129);
#2128 = CARTESIAN_POINT('',(0.,0.));
#2129 = VECTOR('',#2130,1.);
#2130 = DIRECTION('',(0.,1.));
#2131 = ( GEOMETRIC_REPRESENTATION_CONTEXT(2) 
PARAMETRIC_REPRESENTATION_CONTEXT() REPRESENTATION_CONTEXT('2D SPACE',''
  ) );
#2132 = ADVANCED_FACE('',(#2133),#379,.F.);
#2133 = FACE_BOUND('',#2134,.T.);
#2134 = EDGE_LOOP('',(#2135,#2136,#2137,#2160));
#2135 = ORIENTED_EDGE('',*,*,#2043,.F.);
#2136 = ORIENTED_EDGE('',*,*,#362,.F.);
#2137 = ORIENTED_EDGE('',*,*,#2138,.T.);
#2138 = EDGE_CURVE('',#363,#2139,#2141,.T.);
#2139 = VERTEX_POINT('',#2140);
#2140 = CARTESIAN_POINT('',(-97.5,-4.,2.));
#2141 = SURFACE_CURVE('',#2142,(#2146,#2153),.PCURVE_S1.);
#2142 = LINE('',#2143,#2144);
#2143 = CARTESIAN_POINT('',(-97.5,-4.,-1.));
#2144 = VECTOR('',#2145,1.);
#2145 = DIRECTION('',(0.,0.,1.));
#2146 = PCURVE('',#379,#2147);
#2147 = DEFINITIONAL_REPRESENTATION('',(#2148),#2152);
#2148 = LINE('',#2149,#2150);
#2149 = CARTESIAN_POINT('',(-1.570796326795,0.));
#2150 = VECTOR('',#2151,1.);
#2151 = DIRECTION('',(-0.,1.));
#2152 = ( GEOMETRIC_REPRESENTATION_CONTEXT(2) 
PARAMETRIC_REPRESENTATION_CONTEXT() REPRESENTATION_CONTEXT('2D SPACE',''
  ) );
#2153 = PCURVE('',#406,#2154);
#2154 = DEFINITIONAL_REPRESENTATION('',(#2155),#2159);
#2155 = LINE('',#2156,#2157);
#2156 = CARTESIAN_POINT('',(34.,0.));
#2157 = VECTOR('',#2158,1.);
#2158 = DIRECTION('',(0.,-1.));
#2159 = ( GEOMETRIC_REPRESENTATION_CONTEXT(2) 
PARAMETRIC_REPRESENTATION_CONTEXT() REPRESENTATION_CONTEXT('2D SPACE',''
  ) );
#2160 = ORIENTED_EDGE('',*,*,#2161,.T.);
#2161 = EDGE_CURVE('',#2139,#2044,#2162,.T.);
#2162 = SURFACE_CURVE('',#2163,(#2168,#2175),.PCURVE_S1.);
#2163 = CIRCLE('',#2164,2.);
#2164 = AXIS2_PLACEMENT_3D('',#2165,#2166,#2167);
#2165 = CARTESIAN_POINT('',(-95.5,-4.,2.));
#2166 = DIRECTION('',(0.,0.,1.));
#2167 = DIRECTION('',(0.,-1.,0.));
#2168 = PCURVE('',#379,#2169);
#2169 = DEFINITIONAL_REPRESENTATION('',(#2170),#2174);
#2170 = LINE('',#2171,#2172);
#2171 = CARTESIAN_POINT('',(-6.28318530718,3.));
#2172 = VECTOR('',#2173,1.);
#2173 = DIRECTION('',(1.,-0.));
#2174 = ( GEOMETRIC_REPRESENTATION_CONTEXT(2) 
PARAMETRIC_REPRESENTATION_CONTEXT() REPRESENTATION_CONTEXT('2D SPACE',''
  ) );
#2175 = PCURVE('',#2027,#2176);
#2176 = DEFINITIONAL_REPRESENTATION('',(#2177),#2181);
#2177 = CIRCLE('',#2178,2.);
#2178 = AXIS2_PLACEMENT_2D('',#2179,#2180);
#2179 = CARTESIAN_POINT('',(-95.5,-4.));
#2180 = DIRECTION('',(0.,-1.));
#2181 = ( GEOMETRIC_REPRESENTATION_CONTEXT(2) 
PARAMETRIC_REPRESENTATION_CONTEXT() REPRESENTATION_CONTEXT('2D SPACE',''
  ) );
#2182 = ADVANCED_FACE('',(#2183),#489,.F.);
#2183 = FACE_BOUND('',#2184,.F.);
#2184 = EDGE_LOOP('',(#2185,#2186,#2187,#2210));
#2185 = ORIENTED_EDGE('',*,*,#2112,.F.);
#2186 = ORIENTED_EDGE('',*,*,#472,.T.);
#2187 = ORIENTED_EDGE('',*,*,#2188,.T.);
#2188 = EDGE_CURVE('',#447,#2189,#2191,.T.);
#2189 = VERTEX_POINT('',#2190);
#2190 = CARTESIAN_POINT('',(-88.5,30.,2.));
#2191 = SURFACE_CURVE('',#2192,(#2196,#2203),.PCURVE_S1.);
#2192 = LINE('',#2193,#2194);
#2193 = CARTESIAN_POINT('',(-88.5,30.,-1.));
#2194 = VECTOR('',#2195,1.);
#2195 = DIRECTION('',(0.,0.,1.));
#2196 = PCURVE('',#489,#2197);
#2197 = DEFINITIONAL_REPRESENTATION('',(#2198),#2202);
#2198 = LINE('',#2199,#2200);
#2199 = CARTESIAN_POINT('',(1.570796326795,0.));
#2200 = VECTOR('',#2201,1.);
#2201 = DIRECTION('',(0.,1.));
#2202 = ( GEOMETRIC_REPRESENTATION_CONTEXT(2) 
PARAMETRIC_REPRESENTATION_CONTEXT() REPRESENTATION_CONTEXT('2D SPACE',''
  ) );
#2203 = PCURVE('',#461,#2204);
#2204 = DEFINITIONAL_REPRESENTATION('',(#2205),#2209);
#2205 = LINE('',#2206,#2207);
#2206 = CARTESIAN_POINT('',(2.,0.));
#2207 = VECTOR('',#2208,1.);
#2208 = DIRECTION('',(0.,-1.));
#2209 = ( GEOMETRIC_REPRESENTATION_CONTEXT(2) 
PARAMETRIC_REPRESENTATION_CONTEXT() REPRESENTATION_CONTEXT('2D SPACE',''
  ) );
#2210 = ORIENTED_EDGE('',*,*,#2211,.F.);
#2211 = EDGE_CURVE('',#2092,#2189,#2212,.T.);
#2212 = SURFACE_CURVE('',#2213,(#2218,#2225),.PCURVE_S1.);
#2213 = CIRCLE('',#2214,2.);
#2214 = AXIS2_PLACEMENT_3D('',#2215,#2216,#2217);
#2215 = CARTESIAN_POINT('',(-88.5,28.,2.));
#2216 = DIRECTION('',(0.,0.,1.));
#2217 = DIRECTION('',(1.,0.,-0.));
#2218 = PCURVE('',#489,#2219);
#2219 = DEFINITIONAL_REPRESENTATION('',(#2220),#2224);
#2220 = LINE('',#2221,#2222);
#2221 = CARTESIAN_POINT('',(0.,3.));
#2222 = VECTOR('',#2223,1.);
#2223 = DIRECTION('',(1.,0.));
#2224 = ( GEOMETRIC_REPRESENTATION_CONTEXT(2) 
PARAMETRIC_REPRESENTATION_CONTEXT() REPRESENTATION_CONTEXT('2D SPACE',''
  ) );
#2225 = PCURVE('',#2027,#2226);
#2226 = DEFINITIONAL_REPRESENTATION('',(#2227),#2231);
#2227 = CIRCLE('',#2228,2.);
#2228 = AXIS2_PLACEMENT_2D('',#2229,#2230);
#2229 = CARTESIAN_POINT('',(-88.5,28.));
#2230 = DIRECTION('',(1.,0.));
#2231 = ( GEOMETRIC_REPRESENTATION_CONTEXT(2) 
PARAMETRIC_REPRESENTATION_CONTEXT() REPRESENTATION_CONTEXT('2D SPACE',''
  ) );
#2232 = ADVANCED_FACE('',(#2233),#406,.T.);
#2233 = FACE_BOUND('',#2234,.T.);
#2234 = EDGE_LOOP('',(#2235,#2236,#2259,#2278));
#2235 = ORIENTED_EDGE('',*,*,#391,.T.);
#2236 = ORIENTED_EDGE('',*,*,#2237,.T.);
#2237 = EDGE_CURVE('',#392,#2238,#2240,.T.);
#2238 = VERTEX_POINT('',#2239);
#2239 = CARTESIAN_POINT('',(-97.5,28.,2.));
#2240 = SURFACE_CURVE('',#2241,(#2245,#2252),.PCURVE_S1.);
#2241 = LINE('',#2242,#2243);
#2242 = CARTESIAN_POINT('',(-97.5,28.,-1.));
#2243 = VECTOR('',#2244,1.);
#2244 = DIRECTION('',(0.,0.,1.));
#2245 = PCURVE('',#406,#2246);
#2246 = DEFINITIONAL_REPRESENTATION('',(#2247),#2251);
#2247 = LINE('',#2248,#2249);
#2248 = CARTESIAN_POINT('',(2.,0.));
#2249 = VECTOR('',#2250,1.);
#2250 = DIRECTION('',(0.,-1.));
#2251 = ( GEOMETRIC_REPRESENTATION_CONTEXT(2) 
PARAMETRIC_REPRESENTATION_CONTEXT() REPRESENTATION_CONTEXT('2D SPACE',''
  ) );
#2252 = PCURVE('',#434,#2253);
#2253 = DEFINITIONAL_REPRESENTATION('',(#2254),#2258);
#2254 = LINE('',#2255,#2256);
#2255 = CARTESIAN_POINT('',(1.570796326795,0.));
#2256 = VECTOR('',#2257,1.);
#2257 = DIRECTION('',(0.,1.));
#2258 = ( GEOMETRIC_REPRESENTATION_CONTEXT(2) 
PARAMETRIC_REPRESENTATION_CONTEXT() REPRESENTATION_CONTEXT('2D SPACE',''
  ) );
#2259 = ORIENTED_EDGE('',*,*,#2260,.F.);
#2260 = EDGE_CURVE('',#2139,#2238,#2261,.T.);
#2261 = SURFACE_CURVE('',#2262,(#2266,#2272),.PCURVE_S1.);
#2262 = LINE('',#2263,#2264);
#2263 = CARTESIAN_POINT('',(-97.5,15.,2.));
#2264 = VECTOR('',#2265,1.);
#2265 = DIRECTION('',(-0.,1.,0.));
#2266 = PCURVE('',#406,#2267);
#2267 = DEFINITIONAL_REPRESENTATION('',(#2268),#2271);
#2268 = B_SPLINE_CURVE_WITH_KNOTS('',1,(#2269,#2270),.UNSPECIFIED.,.F.,
  .F.,(2,2),(-19.,13.),.PIECEWISE_BEZIER_KNOTS.);
#2269 = CARTESIAN_POINT('',(34.,-3.));
#2270 = CARTESIAN_POINT('',(2.,-3.));
#2271 = ( GEOMETRIC_REPRESENTATION_CONTEXT(2) 
PARAMETRIC_REPRESENTATION_CONTEXT() REPRESENTATION_CONTEXT('2D SPACE',''
  ) );
#2272 = PCURVE('',#2027,#2273);
#2273 = DEFINITIONAL_REPRESENTATION('',(#2274),#2277);
#2274 = B_SPLINE_CURVE_WITH_KNOTS('',1,(#2275,#2276),.UNSPECIFIED.,.F.,
  .F.,(2,2),(-19.,13.),.PIECEWISE_BEZIER_KNOTS.);
#2275 = CARTESIAN_POINT('',(-97.5,-4.));
#2276 = CARTESIAN_POINT('',(-97.5,28.));
#2277 = ( GEOMETRIC_REPRESENTATION_CONTEXT(2) 
PARAMETRIC_REPRESENTATION_CONTEXT() REPRESENTATION_CONTEXT('2D SPACE',''
  ) );
#2278 = ORIENTED_EDGE('',*,*,#2138,.F.);
#2279 = ADVANCED_FACE('',(#2280),#461,.T.);
#2280 = FACE_BOUND('',#2281,.T.);
#2281 = EDGE_LOOP('',(#2282,#2283,#2284,#2305));
#2282 = ORIENTED_EDGE('',*,*,#446,.T.);
#2283 = ORIENTED_EDGE('',*,*,#2188,.T.);
#2284 = ORIENTED_EDGE('',*,*,#2285,.F.);
#2285 = EDGE_CURVE('',#2286,#2189,#2288,.T.);
#2286 = VERTEX_POINT('',#2287);
#2287 = CARTESIAN_POINT('',(-95.5,30.,2.));
#2288 = SURFACE_CURVE('',#2289,(#2293,#2299),.PCURVE_S1.);
#2289 = LINE('',#2290,#2291);
#2290 = CARTESIAN_POINT('',(-43.25,30.,2.));
#2291 = VECTOR('',#2292,1.);
#2292 = DIRECTION('',(1.,0.,-0.));
#2293 = PCURVE('',#461,#2294);
#2294 = DEFINITIONAL_REPRESENTATION('',(#2295),#2298);
#2295 = B_SPLINE_CURVE_WITH_KNOTS('',1,(#2296,#2297),.UNSPECIFIED.,.F.,
  .F.,(2,2),(-52.25,-45.25),.PIECEWISE_BEZIER_KNOTS.);
#2296 = CARTESIAN_POINT('',(9.,-3.));
#2297 = CARTESIAN_POINT('',(2.,-3.));
#2298 = ( GEOMETRIC_REPRESENTATION_CONTEXT(2) 
PARAMETRIC_REPRESENTATION_CONTEXT() REPRESENTATION_CONTEXT('2D SPACE',''
  ) );
#2299 = PCURVE('',#2027,#2300);
#2300 = DEFINITIONAL_REPRESENTATION('',(#2301),#2304);
#2301 = B_SPLINE_CURVE_WITH_KNOTS('',1,(#2302,#2303),.UNSPECIFIED.,.F.,
  .F.,(2,2),(-52.25,-45.25),.PIECEWISE_BEZIER_KNOTS.);
#2302 = CARTESIAN_POINT('',(-95.5,30.));
#2303 = CARTESIAN_POINT('',(-88.5,30.));
#2304 = ( GEOMETRIC_REPRESENTATION_CONTEXT(2) 
PARAMETRIC_REPRESENTATION_CONTEXT() REPRESENTATION_CONTEXT('2D SPACE',''
  ) );
#2305 = ORIENTED_EDGE('',*,*,#2306,.F.);
#2306 = EDGE_CURVE('',#418,#2286,#2307,.T.);
#2307 = SURFACE_CURVE('',#2308,(#2312,#2319),.PCURVE_S1.);
#2308 = LINE('',#2309,#2310);
#2309 = CARTESIAN_POINT('',(-95.5,30.,-1.));
#2310 = VECTOR('',#2311,1.);
#2311 = DIRECTION('',(0.,0.,1.));
#2312 = PCURVE('',#461,#2313);
#2313 = DEFINITIONAL_REPRESENTATION('',(#2314),#2318);
#2314 = LINE('',#2315,#2316);
#2315 = CARTESIAN_POINT('',(9.,0.));
#2316 = VECTOR('',#2317,1.);
#2317 = DIRECTION('',(0.,-1.));
#2318 = ( GEOMETRIC_REPRESENTATION_CONTEXT(2) 
PARAMETRIC_REPRESENTATION_CONTEXT() REPRESENTATION_CONTEXT('2D SPACE',''
  ) );
#2319 = PCURVE('',#434,#2320);
#2320 = DEFINITIONAL_REPRESENTATION('',(#2321),#2325);
#2321 = LINE('',#2322,#2323);
#2322 = CARTESIAN_POINT('',(0.,0.));
#2323 = VECTOR('',#2324,1.);
#2324 = DIRECTION('',(0.,1.));
#2325 = ( GEOMETRIC_REPRESENTATION_CONTEXT(2) 
PARAMETRIC_REPRESENTATION_CONTEXT() REPRESENTATION_CONTEXT('2D SPACE',''
  ) );
#2326 = ADVANCED_FACE('',(#2327),#434,.F.);
#2327 = FACE_BOUND('',#2328,.F.);
#2328 = EDGE_LOOP('',(#2329,#2330,#2331,#2332));
#2329 = ORIENTED_EDGE('',*,*,#2306,.F.);
#2330 = ORIENTED_EDGE('',*,*,#417,.T.);
#2331 = ORIENTED_EDGE('',*,*,#2237,.T.);
#2332 = ORIENTED_EDGE('',*,*,#2333,.F.);
#2333 = EDGE_CURVE('',#2286,#2238,#2334,.T.);
#2334 = SURFACE_CURVE('',#2335,(#2340,#2347),.PCURVE_S1.);
#2335 = CIRCLE('',#2336,2.);
#2336 = AXIS2_PLACEMENT_3D('',#2337,#2338,#2339);
#2337 = CARTESIAN_POINT('',(-95.5,28.,2.));
#2338 = DIRECTION('',(0.,0.,1.));
#2339 = DIRECTION('',(-0.,1.,0.));
#2340 = PCURVE('',#434,#2341);
#2341 = DEFINITIONAL_REPRESENTATION('',(#2342),#2346);
#2342 = LINE('',#2343,#2344);
#2343 = CARTESIAN_POINT('',(0.,3.));
#2344 = VECTOR('',#2345,1.);
#2345 = DIRECTION('',(1.,0.));
#2346 = ( GEOMETRIC_REPRESENTATION_CONTEXT(2) 
PARAMETRIC_REPRESENTATION_CONTEXT() REPRESENTATION_CONTEXT('2D SPACE',''
  ) );
#2347 = PCURVE('',#2027,#2348);
#2348 = DEFINITIONAL_REPRESENTATION('',(#2349),#2353);
#2349 = CIRCLE('',#2350,2.);
#2350 = AXIS2_PLACEMENT_2D('',#2351,#2352);
#2351 = CARTESIAN_POINT('',(-95.5,28.));
#2352 = DIRECTION('',(0.,1.));
#2353 = ( GEOMETRIC_REPRESENTATION_CONTEXT(2) 
PARAMETRIC_REPRESENTATION_CONTEXT() REPRESENTATION_CONTEXT('2D SPACE',''
  ) );
#2354 = ADVANCED_FACE('',(#2355),#548,.F.);
#2355 = FACE_BOUND('',#2356,.T.);
#2356 = EDGE_LOOP('',(#2357,#2358,#2381,#2412));
#2357 = ORIENTED_EDGE('',*,*,#527,.T.);
#2358 = ORIENTED_EDGE('',*,*,#2359,.T.);
#2359 = EDGE_CURVE('',#528,#2360,#2362,.T.);
#2360 = VERTEX_POINT('',#2361);
#2361 = CARTESIAN_POINT('',(-41.,89.,8.));
#2362 = SEAM_CURVE('',#2363,(#2367,#2374),.PCURVE_S1.);
#2363 = LINE('',#2364,#2365);
#2364 = CARTESIAN_POINT('',(-41.,89.,-1.));
#2365 = VECTOR('',#2366,1.);
#2366 = DIRECTION('',(0.,0.,1.));
#2367 = PCURVE('',#548,#2368);
#2368 = DEFINITIONAL_REPRESENTATION('',(#2369),#2373);
#2369 = LINE('',#2370,#2371);
#2370 = CARTESIAN_POINT('',(-6.28318530718,0.));
#2371 = VECTOR('',#2372,1.);
#2372 = DIRECTION('',(-0.,-1.));
#2373 = ( GEOMETRIC_REPRESENTATION_CONTEXT(2) 
PARAMETRIC_REPRESENTATION_CONTEXT() REPRESENTATION_CONTEXT('2D SPACE',''
  ) );
#2374 = PCURVE('',#548,#2375);
#2375 = DEFINITIONAL_REPRESENTATION('',(#2376),#2380);
#2376 = LINE('',#2377,#2378);
#2377 = CARTESIAN_POINT('',(-0.,0.));
#2378 = VECTOR('',#2379,1.);
#2379 = DIRECTION('',(-0.,-1.));
#2380 = ( GEOMETRIC_REPRESENTATION_CONTEXT(2) 
PARAMETRIC_REPRESENTATION_CONTEXT() REPRESENTATION_CONTEXT('2D SPACE',''
  ) );
#2381 = ORIENTED_EDGE('',*,*,#2382,.F.);
#2382 = EDGE_CURVE('',#2360,#2360,#2383,.T.);
#2383 = SURFACE_CURVE('',#2384,(#2389,#2396),.PCURVE_S1.);
#2384 = CIRCLE('',#2385,2.);
#2385 = AXIS2_PLACEMENT_3D('',#2386,#2387,#2388);
#2386 = CARTESIAN_POINT('',(-43.,89.,8.));
#2387 = DIRECTION('',(0.,0.,-1.));
#2388 = DIRECTION('',(1.,0.,0.));
#2389 = PCURVE('',#548,#2390);
#2390 = DEFINITIONAL_REPRESENTATION('',(#2391),#2395);
#2391 = LINE('',#2392,#2393);
#2392 = CARTESIAN_POINT('',(-6.28318530718,-9.));
#2393 = VECTOR('',#2394,1.);
#2394 = DIRECTION('',(1.,-0.));
#2395 = ( GEOMETRIC_REPRESENTATION_CONTEXT(2) 
PARAMETRIC_REPRESENTATION_CONTEXT() REPRESENTATION_CONTEXT('2D SPACE',''
  ) );
#2396 = PCURVE('',#2397,#2402);
#2397 = PLANE('',#2398);
#2398 = AXIS2_PLACEMENT_3D('',#2399,#2400,#2401);
#2399 = CARTESIAN_POINT('',(-43.,89.,8.));
#2400 = DIRECTION('',(0.,0.,1.));
#2401 = DIRECTION('',(1.,0.,-0.));
#2402 = DEFINITIONAL_REPRESENTATION('',(#2403),#2411);
#2403 = ( BOUNDED_CURVE() B_SPLINE_CURVE(2,(#2404,#2405,#2406,#2407,
#2408,#2409,#2410),.UNSPECIFIED.,.T.,.F.) B_SPLINE_CURVE_WITH_KNOTS((1,2
    ,2,2,2,1),(-2.094395102393,0.,2.094395102393,4.188790204786,
6.28318530718,8.377580409573),.UNSPECIFIED.) CURVE() 
GEOMETRIC_REPRESENTATION_ITEM() RATIONAL_B_SPLINE_CURVE((1.,0.5,1.,0.5,
1.,0.5,1.)) REPRESENTATION_ITEM('') );
#2404 = CARTESIAN_POINT('',(2.,0.));
#2405 = CARTESIAN_POINT('',(2.,-3.464101615138));
#2406 = CARTESIAN_POINT('',(-1.,-1.732050807569));
#2407 = CARTESIAN_POINT('',(-4.,-4.898587196589E-16));
#2408 = CARTESIAN_POINT('',(-1.,1.732050807569));
#2409 = CARTESIAN_POINT('',(2.,3.464101615138));
#2410 = CARTESIAN_POINT('',(2.,0.));
#2411 = ( GEOMETRIC_REPRESENTATION_CONTEXT(2) 
PARAMETRIC_REPRESENTATION_CONTEXT() REPRESENTATION_CONTEXT('2D SPACE',''
  ) );
#2412 = ORIENTED_EDGE('',*,*,#2359,.F.);
#2413 = ADVANCED_FACE('',(#2414),#581,.F.);
#2414 = FACE_BOUND('',#2415,.F.);
#2415 = EDGE_LOOP('',(#2416,#2439,#2440,#2463));
#2416 = ORIENTED_EDGE('',*,*,#2417,.F.);
#2417 = EDGE_CURVE('',#563,#2418,#2420,.T.);
#2418 = VERTEX_POINT('',#2419);
#2419 = CARTESIAN_POINT('',(95.5,-6.,2.));
#2420 = SURFACE_CURVE('',#2421,(#2425,#2432),.PCURVE_S1.);
#2421 = LINE('',#2422,#2423);
#2422 = CARTESIAN_POINT('',(95.5,-6.,-1.));
#2423 = VECTOR('',#2424,1.);
#2424 = DIRECTION('',(0.,0.,1.));
#2425 = PCURVE('',#581,#2426);
#2426 = DEFINITIONAL_REPRESENTATION('',(#2427),#2431);
#2427 = LINE('',#2428,#2429);
#2428 = CARTESIAN_POINT('',(0.,0.));
#2429 = VECTOR('',#2430,1.);
#2430 = DIRECTION('',(0.,1.));
#2431 = ( GEOMETRIC_REPRESENTATION_CONTEXT(2) 
PARAMETRIC_REPRESENTATION_CONTEXT() REPRESENTATION_CONTEXT('2D SPACE',''
  ) );
#2432 = PCURVE('',#608,#2433);
#2433 = DEFINITIONAL_REPRESENTATION('',(#2434),#2438);
#2434 = LINE('',#2435,#2436);
#2435 = CARTESIAN_POINT('',(9.,0.));
#2436 = VECTOR('',#2437,1.);
#2437 = DIRECTION('',(0.,-1.));
#2438 = ( GEOMETRIC_REPRESENTATION_CONTEXT(2) 
PARAMETRIC_REPRESENTATION_CONTEXT() REPRESENTATION_CONTEXT('2D SPACE',''
  ) );
#2439 = ORIENTED_EDGE('',*,*,#562,.T.);
#2440 = ORIENTED_EDGE('',*,*,#2441,.T.);
#2441 = EDGE_CURVE('',#565,#2442,#2444,.T.);
#2442 = VERTEX_POINT('',#2443);
#2443 = CARTESIAN_POINT('',(97.5,-4.,2.));
#2444 = SURFACE_CURVE('',#2445,(#2449,#2456),.PCURVE_S1.);
#2445 = LINE('',#2446,#2447);
#2446 = CARTESIAN_POINT('',(97.5,-4.,-1.));
#2447 = VECTOR('',#2448,1.);
#2448 = DIRECTION('',(0.,0.,1.));
#2449 = PCURVE('',#581,#2450);
#2450 = DEFINITIONAL_REPRESENTATION('',(#2451),#2455);
#2451 = LINE('',#2452,#2453);
#2452 = CARTESIAN_POINT('',(1.570796326795,0.));
#2453 = VECTOR('',#2454,1.);
#2454 = DIRECTION('',(0.,1.));
#2455 = ( GEOMETRIC_REPRESENTATION_CONTEXT(2) 
PARAMETRIC_REPRESENTATION_CONTEXT() REPRESENTATION_CONTEXT('2D SPACE',''
  ) );
#2456 = PCURVE('',#771,#2457);
#2457 = DEFINITIONAL_REPRESENTATION('',(#2458),#2462);
#2458 = LINE('',#2459,#2460);
#2459 = CARTESIAN_POINT('',(2.,0.));
#2460 = VECTOR('',#2461,1.);
#2461 = DIRECTION('',(0.,-1.));
#2462 = ( GEOMETRIC_REPRESENTATION_CONTEXT(2) 
PARAMETRIC_REPRESENTATION_CONTEXT() REPRESENTATION_CONTEXT('2D SPACE',''
  ) );
#2463 = ORIENTED_EDGE('',*,*,#2464,.F.);
#2464 = EDGE_CURVE('',#2418,#2442,#2465,.T.);
#2465 = SURFACE_CURVE('',#2466,(#2471,#2478),.PCURVE_S1.);
#2466 = CIRCLE('',#2467,2.);
#2467 = AXIS2_PLACEMENT_3D('',#2468,#2469,#2470);
#2468 = CARTESIAN_POINT('',(95.5,-4.,2.));
#2469 = DIRECTION('',(0.,0.,1.));
#2470 = DIRECTION('',(0.,-1.,0.));
#2471 = PCURVE('',#581,#2472);
#2472 = DEFINITIONAL_REPRESENTATION('',(#2473),#2477);
#2473 = LINE('',#2474,#2475);
#2474 = CARTESIAN_POINT('',(0.,3.));
#2475 = VECTOR('',#2476,1.);
#2476 = DIRECTION('',(1.,0.));
#2477 = ( GEOMETRIC_REPRESENTATION_CONTEXT(2) 
PARAMETRIC_REPRESENTATION_CONTEXT() REPRESENTATION_CONTEXT('2D SPACE',''
  ) );
#2478 = PCURVE('',#2027,#2479);
#2479 = DEFINITIONAL_REPRESENTATION('',(#2480),#2484);
#2480 = CIRCLE('',#2481,2.);
#2481 = AXIS2_PLACEMENT_2D('',#2482,#2483);
#2482 = CARTESIAN_POINT('',(95.5,-4.));
#2483 = DIRECTION('',(0.,-1.));
#2484 = ( GEOMETRIC_REPRESENTATION_CONTEXT(2) 
PARAMETRIC_REPRESENTATION_CONTEXT() REPRESENTATION_CONTEXT('2D SPACE',''
  ) );
#2485 = ADVANCED_FACE('',(#2486),#608,.T.);
#2486 = FACE_BOUND('',#2487,.T.);
#2487 = EDGE_LOOP('',(#2488,#2489,#2512,#2531));
#2488 = ORIENTED_EDGE('',*,*,#593,.T.);
#2489 = ORIENTED_EDGE('',*,*,#2490,.T.);
#2490 = EDGE_CURVE('',#594,#2491,#2493,.T.);
#2491 = VERTEX_POINT('',#2492);
#2492 = CARTESIAN_POINT('',(88.5,-6.,2.));
#2493 = SURFACE_CURVE('',#2494,(#2498,#2505),.PCURVE_S1.);
#2494 = LINE('',#2495,#2496);
#2495 = CARTESIAN_POINT('',(88.5,-6.,-1.));
#2496 = VECTOR('',#2497,1.);
#2497 = DIRECTION('',(0.,0.,1.));
#2498 = PCURVE('',#608,#2499);
#2499 = DEFINITIONAL_REPRESENTATION('',(#2500),#2504);
#2500 = LINE('',#2501,#2502);
#2501 = CARTESIAN_POINT('',(2.,0.));
#2502 = VECTOR('',#2503,1.);
#2503 = DIRECTION('',(0.,-1.));
#2504 = ( GEOMETRIC_REPRESENTATION_CONTEXT(2) 
PARAMETRIC_REPRESENTATION_CONTEXT() REPRESENTATION_CONTEXT('2D SPACE',''
  ) );
#2505 = PCURVE('',#636,#2506);
#2506 = DEFINITIONAL_REPRESENTATION('',(#2507),#2511);
#2507 = LINE('',#2508,#2509);
#2508 = CARTESIAN_POINT('',(-0.,0.));
#2509 = VECTOR('',#2510,1.);
#2510 = DIRECTION('',(-0.,1.));
#2511 = ( GEOMETRIC_REPRESENTATION_CONTEXT(2) 
PARAMETRIC_REPRESENTATION_CONTEXT() REPRESENTATION_CONTEXT('2D SPACE',''
  ) );
#2512 = ORIENTED_EDGE('',*,*,#2513,.F.);
#2513 = EDGE_CURVE('',#2418,#2491,#2514,.T.);
#2514 = SURFACE_CURVE('',#2515,(#2519,#2525),.PCURVE_S1.);
#2515 = LINE('',#2516,#2517);
#2516 = CARTESIAN_POINT('',(43.25,-6.,2.));
#2517 = VECTOR('',#2518,1.);
#2518 = DIRECTION('',(-1.,0.,0.));
#2519 = PCURVE('',#608,#2520);
#2520 = DEFINITIONAL_REPRESENTATION('',(#2521),#2524);
#2521 = B_SPLINE_CURVE_WITH_KNOTS('',1,(#2522,#2523),.UNSPECIFIED.,.F.,
  .F.,(2,2),(-52.25,-45.25),.PIECEWISE_BEZIER_KNOTS.);
#2522 = CARTESIAN_POINT('',(9.,-3.));
#2523 = CARTESIAN_POINT('',(2.,-3.));
#2524 = ( GEOMETRIC_REPRESENTATION_CONTEXT(2) 
PARAMETRIC_REPRESENTATION_CONTEXT() REPRESENTATION_CONTEXT('2D SPACE',''
  ) );
#2525 = PCURVE('',#2027,#2526);
#2526 = DEFINITIONAL_REPRESENTATION('',(#2527),#2530);
#2527 = B_SPLINE_CURVE_WITH_KNOTS('',1,(#2528,#2529),.UNSPECIFIED.,.F.,
  .F.,(2,2),(-52.25,-45.25),.PIECEWISE_BEZIER_KNOTS.);
#2528 = CARTESIAN_POINT('',(95.5,-6.));
#2529 = CARTESIAN_POINT('',(88.5,-6.));
#2530 = ( GEOMETRIC_REPRESENTATION_CONTEXT(2) 
PARAMETRIC_REPRESENTATION_CONTEXT() REPRESENTATION_CONTEXT('2D SPACE',''
  ) );
#2531 = ORIENTED_EDGE('',*,*,#2417,.F.);
#2532 = ADVANCED_FACE('',(#2533),#771,.T.);
#2533 = FACE_BOUND('',#2534,.T.);
#2534 = EDGE_LOOP('',(#2535,#2536,#2537,#2558));
#2535 = ORIENTED_EDGE('',*,*,#758,.T.);
#2536 = ORIENTED_EDGE('',*,*,#2441,.T.);
#2537 = ORIENTED_EDGE('',*,*,#2538,.F.);
#2538 = EDGE_CURVE('',#2539,#2442,#2541,.T.);
#2539 = VERTEX_POINT('',#2540);
#2540 = CARTESIAN_POINT('',(97.5,28.,2.));
#2541 = SURFACE_CURVE('',#2542,(#2546,#2552),.PCURVE_S1.);
#2542 = LINE('',#2543,#2544);
#2543 = CARTESIAN_POINT('',(97.5,-3.,2.));
#2544 = VECTOR('',#2545,1.);
#2545 = DIRECTION('',(0.,-1.,0.));
#2546 = PCURVE('',#771,#2547);
#2547 = DEFINITIONAL_REPRESENTATION('',(#2548),#2551);
#2548 = B_SPLINE_CURVE_WITH_KNOTS('',1,(#2549,#2550),.UNSPECIFIED.,.F.,
  .F.,(2,2),(-31.,1.),.PIECEWISE_BEZIER_KNOTS.);
#2549 = CARTESIAN_POINT('',(34.,-3.));
#2550 = CARTESIAN_POINT('',(2.,-3.));
#2551 = ( GEOMETRIC_REPRESENTATION_CONTEXT(2) 
PARAMETRIC_REPRESENTATION_CONTEXT() REPRESENTATION_CONTEXT('2D SPACE',''
  ) );
#2552 = PCURVE('',#2027,#2553);
#2553 = DEFINITIONAL_REPRESENTATION('',(#2554),#2557);
#2554 = B_SPLINE_CURVE_WITH_KNOTS('',1,(#2555,#2556),.UNSPECIFIED.,.F.,
  .F.,(2,2),(-31.,1.),.PIECEWISE_BEZIER_KNOTS.);
#2555 = CARTESIAN_POINT('',(97.5,28.));
#2556 = CARTESIAN_POINT('',(97.5,-4.));
#2557 = ( GEOMETRIC_REPRESENTATION_CONTEXT(2) 
PARAMETRIC_REPRESENTATION_CONTEXT() REPRESENTATION_CONTEXT('2D SPACE',''
  ) );
#2558 = ORIENTED_EDGE('',*,*,#2559,.F.);
#2559 = EDGE_CURVE('',#730,#2539,#2560,.T.);
#2560 = SURFACE_CURVE('',#2561,(#2565,#2572),.PCURVE_S1.);
#2561 = LINE('',#2562,#2563);
#2562 = CARTESIAN_POINT('',(97.5,28.,-1.));
#2563 = VECTOR('',#2564,1.);
#2564 = DIRECTION('',(0.,0.,1.));
#2565 = PCURVE('',#771,#2566);
#2566 = DEFINITIONAL_REPRESENTATION('',(#2567),#2571);
#2567 = LINE('',#2568,#2569);
#2568 = CARTESIAN_POINT('',(34.,0.));
#2569 = VECTOR('',#2570,1.);
#2570 = DIRECTION('',(0.,-1.));
#2571 = ( GEOMETRIC_REPRESENTATION_CONTEXT(2) 
PARAMETRIC_REPRESENTATION_CONTEXT() REPRESENTATION_CONTEXT('2D SPACE',''
  ) );
#2572 = PCURVE('',#746,#2573);
#2573 = DEFINITIONAL_REPRESENTATION('',(#2574),#2578);
#2574 = LINE('',#2575,#2576);
#2575 = CARTESIAN_POINT('',(0.,0.));
#2576 = VECTOR('',#2577,1.);
#2577 = DIRECTION('',(0.,1.));
#2578 = ( GEOMETRIC_REPRESENTATION_CONTEXT(2) 
PARAMETRIC_REPRESENTATION_CONTEXT() REPRESENTATION_CONTEXT('2D SPACE',''
  ) );
#2579 = ADVANCED_FACE('',(#2580),#636,.F.);
#2580 = FACE_BOUND('',#2581,.T.);
#2581 = EDGE_LOOP('',(#2582,#2583,#2584,#2607));
#2582 = ORIENTED_EDGE('',*,*,#2490,.F.);
#2583 = ORIENTED_EDGE('',*,*,#619,.F.);
#2584 = ORIENTED_EDGE('',*,*,#2585,.T.);
#2585 = EDGE_CURVE('',#620,#2586,#2588,.T.);
#2586 = VERTEX_POINT('',#2587);
#2587 = CARTESIAN_POINT('',(86.5,-4.,2.));
#2588 = SURFACE_CURVE('',#2589,(#2593,#2600),.PCURVE_S1.);
#2589 = LINE('',#2590,#2591);
#2590 = CARTESIAN_POINT('',(86.5,-4.,-1.));
#2591 = VECTOR('',#2592,1.);
#2592 = DIRECTION('',(0.,0.,1.));
#2593 = PCURVE('',#636,#2594);
#2594 = DEFINITIONAL_REPRESENTATION('',(#2595),#2599);
#2595 = LINE('',#2596,#2597);
#2596 = CARTESIAN_POINT('',(-1.570796326795,0.));
#2597 = VECTOR('',#2598,1.);
#2598 = DIRECTION('',(-0.,1.));
#2599 = ( GEOMETRIC_REPRESENTATION_CONTEXT(2) 
PARAMETRIC_REPRESENTATION_CONTEXT() REPRESENTATION_CONTEXT('2D SPACE',''
  ) );
#2600 = PCURVE('',#663,#2601);
#2601 = DEFINITIONAL_REPRESENTATION('',(#2602),#2606);
#2602 = LINE('',#2603,#2604);
#2603 = CARTESIAN_POINT('',(34.,0.));
#2604 = VECTOR('',#2605,1.);
#2605 = DIRECTION('',(0.,-1.));
#2606 = ( GEOMETRIC_REPRESENTATION_CONTEXT(2) 
PARAMETRIC_REPRESENTATION_CONTEXT() REPRESENTATION_CONTEXT('2D SPACE',''
  ) );
#2607 = ORIENTED_EDGE('',*,*,#2608,.T.);
#2608 = EDGE_CURVE('',#2586,#2491,#2609,.T.);
#2609 = SURFACE_CURVE('',#2610,(#2615,#2622),.PCURVE_S1.);
#2610 = CIRCLE('',#2611,2.);
#2611 = AXIS2_PLACEMENT_3D('',#2612,#2613,#2614);
#2612 = CARTESIAN_POINT('',(88.5,-4.,2.));
#2613 = DIRECTION('',(0.,0.,1.));
#2614 = DIRECTION('',(0.,-1.,0.));
#2615 = PCURVE('',#636,#2616);
#2616 = DEFINITIONAL_REPRESENTATION('',(#2617),#2621);
#2617 = LINE('',#2618,#2619);
#2618 = CARTESIAN_POINT('',(-6.28318530718,3.));
#2619 = VECTOR('',#2620,1.);
#2620 = DIRECTION('',(1.,-0.));
#2621 = ( GEOMETRIC_REPRESENTATION_CONTEXT(2) 
PARAMETRIC_REPRESENTATION_CONTEXT() REPRESENTATION_CONTEXT('2D SPACE',''
  ) );
#2622 = PCURVE('',#2027,#2623);
#2623 = DEFINITIONAL_REPRESENTATION('',(#2624),#2628);
#2624 = CIRCLE('',#2625,2.);
#2625 = AXIS2_PLACEMENT_2D('',#2626,#2627);
#2626 = CARTESIAN_POINT('',(88.5,-4.));
#2627 = DIRECTION('',(0.,-1.));
#2628 = ( GEOMETRIC_REPRESENTATION_CONTEXT(2) 
PARAMETRIC_REPRESENTATION_CONTEXT() REPRESENTATION_CONTEXT('2D SPACE',''
  ) );
#2629 = ADVANCED_FACE('',(#2630),#746,.F.);
#2630 = FACE_BOUND('',#2631,.F.);
#2631 = EDGE_LOOP('',(#2632,#2633,#2634,#2657));
#2632 = ORIENTED_EDGE('',*,*,#2559,.F.);
#2633 = ORIENTED_EDGE('',*,*,#729,.T.);
#2634 = ORIENTED_EDGE('',*,*,#2635,.T.);
#2635 = EDGE_CURVE('',#704,#2636,#2638,.T.);
#2636 = VERTEX_POINT('',#2637);
#2637 = CARTESIAN_POINT('',(95.5,30.,2.));
#2638 = SURFACE_CURVE('',#2639,(#2643,#2650),.PCURVE_S1.);
#2639 = LINE('',#2640,#2641);
#2640 = CARTESIAN_POINT('',(95.5,30.,-1.));
#2641 = VECTOR('',#2642,1.);
#2642 = DIRECTION('',(0.,0.,1.));
#2643 = PCURVE('',#746,#2644);
#2644 = DEFINITIONAL_REPRESENTATION('',(#2645),#2649);
#2645 = LINE('',#2646,#2647);
#2646 = CARTESIAN_POINT('',(1.570796326795,0.));
#2647 = VECTOR('',#2648,1.);
#2648 = DIRECTION('',(0.,1.));
#2649 = ( GEOMETRIC_REPRESENTATION_CONTEXT(2) 
PARAMETRIC_REPRESENTATION_CONTEXT() REPRESENTATION_CONTEXT('2D SPACE',''
  ) );
#2650 = PCURVE('',#718,#2651);
#2651 = DEFINITIONAL_REPRESENTATION('',(#2652),#2656);
#2652 = LINE('',#2653,#2654);
#2653 = CARTESIAN_POINT('',(2.,0.));
#2654 = VECTOR('',#2655,1.);
#2655 = DIRECTION('',(0.,-1.));
#2656 = ( GEOMETRIC_REPRESENTATION_CONTEXT(2) 
PARAMETRIC_REPRESENTATION_CONTEXT() REPRESENTATION_CONTEXT('2D SPACE',''
  ) );
#2657 = ORIENTED_EDGE('',*,*,#2658,.F.);
#2658 = EDGE_CURVE('',#2539,#2636,#2659,.T.);
#2659 = SURFACE_CURVE('',#2660,(#2665,#2672),.PCURVE_S1.);
#2660 = CIRCLE('',#2661,2.);
#2661 = AXIS2_PLACEMENT_3D('',#2662,#2663,#2664);
#2662 = CARTESIAN_POINT('',(95.5,28.,2.));
#2663 = DIRECTION('',(0.,0.,1.));
#2664 = DIRECTION('',(1.,0.,-0.));
#2665 = PCURVE('',#746,#2666);
#2666 = DEFINITIONAL_REPRESENTATION('',(#2667),#2671);
#2667 = LINE('',#2668,#2669);
#2668 = CARTESIAN_POINT('',(0.,3.));
#2669 = VECTOR('',#2670,1.);
#2670 = DIRECTION('',(1.,0.));
#2671 = ( GEOMETRIC_REPRESENTATION_CONTEXT(2) 
PARAMETRIC_REPRESENTATION_CONTEXT() REPRESENTATION_CONTEXT('2D SPACE',''
  ) );
#2672 = PCURVE('',#2027,#2673);
#2673 = DEFINITIONAL_REPRESENTATION('',(#2674),#2678);
#2674 = CIRCLE('',#2675,2.);
#2675 = AXIS2_PLACEMENT_2D('',#2676,#2677);
#2676 = CARTESIAN_POINT('',(95.5,28.));
#2677 = DIRECTION('',(1.,0.));
#2678 = ( GEOMETRIC_REPRESENTATION_CONTEXT(2) 
PARAMETRIC_REPRESENTATION_CONTEXT() REPRESENTATION_CONTEXT('2D SPACE',''
  ) );
#2679 = ADVANCED_FACE('',(#2680),#663,.T.);
#2680 = FACE_BOUND('',#2681,.T.);
#2681 = EDGE_LOOP('',(#2682,#2683,#2706,#2725));
#2682 = ORIENTED_EDGE('',*,*,#648,.T.);
#2683 = ORIENTED_EDGE('',*,*,#2684,.T.);
#2684 = EDGE_CURVE('',#649,#2685,#2687,.T.);
#2685 = VERTEX_POINT('',#2686);
#2686 = CARTESIAN_POINT('',(86.5,28.,2.));
#2687 = SURFACE_CURVE('',#2688,(#2692,#2699),.PCURVE_S1.);
#2688 = LINE('',#2689,#2690);
#2689 = CARTESIAN_POINT('',(86.5,28.,-1.));
#2690 = VECTOR('',#2691,1.);
#2691 = DIRECTION('',(0.,0.,1.));
#2692 = PCURVE('',#663,#2693);
#2693 = DEFINITIONAL_REPRESENTATION('',(#2694),#2698);
#2694 = LINE('',#2695,#2696);
#2695 = CARTESIAN_POINT('',(2.,0.));
#2696 = VECTOR('',#2697,1.);
#2697 = DIRECTION('',(0.,-1.));
#2698 = ( GEOMETRIC_REPRESENTATION_CONTEXT(2) 
PARAMETRIC_REPRESENTATION_CONTEXT() REPRESENTATION_CONTEXT('2D SPACE',''
  ) );
#2699 = PCURVE('',#691,#2700);
#2700 = DEFINITIONAL_REPRESENTATION('',(#2701),#2705);
#2701 = LINE('',#2702,#2703);
#2702 = CARTESIAN_POINT('',(1.570796326795,0.));
#2703 = VECTOR('',#2704,1.);
#2704 = DIRECTION('',(0.,1.));
#2705 = ( GEOMETRIC_REPRESENTATION_CONTEXT(2) 
PARAMETRIC_REPRESENTATION_CONTEXT() REPRESENTATION_CONTEXT('2D SPACE',''
  ) );
#2706 = ORIENTED_EDGE('',*,*,#2707,.F.);
#2707 = EDGE_CURVE('',#2586,#2685,#2708,.T.);
#2708 = SURFACE_CURVE('',#2709,(#2713,#2719),.PCURVE_S1.);
#2709 = LINE('',#2710,#2711);
#2710 = CARTESIAN_POINT('',(86.5,15.,2.));
#2711 = VECTOR('',#2712,1.);
#2712 = DIRECTION('',(-0.,1.,0.));
#2713 = PCURVE('',#663,#2714);
#2714 = DEFINITIONAL_REPRESENTATION('',(#2715),#2718);
#2715 = B_SPLINE_CURVE_WITH_KNOTS('',1,(#2716,#2717),.UNSPECIFIED.,.F.,
  .F.,(2,2),(-19.,13.),.PIECEWISE_BEZIER_KNOTS.);
#2716 = CARTESIAN_POINT('',(34.,-3.));
#2717 = CARTESIAN_POINT('',(2.,-3.));
#2718 = ( GEOMETRIC_REPRESENTATION_CONTEXT(2) 
PARAMETRIC_REPRESENTATION_CONTEXT() REPRESENTATION_CONTEXT('2D SPACE',''
  ) );
#2719 = PCURVE('',#2027,#2720);
#2720 = DEFINITIONAL_REPRESENTATION('',(#2721),#2724);
#2721 = B_SPLINE_CURVE_WITH_KNOTS('',1,(#2722,#2723),.UNSPECIFIED.,.F.,
  .F.,(2,2),(-19.,13.),.PIECEWISE_BEZIER_KNOTS.);
#2722 = CARTESIAN_POINT('',(86.5,-4.));
#2723 = CARTESIAN_POINT('',(86.5,28.));
#2724 = ( GEOMETRIC_REPRESENTATION_CONTEXT(2) 
PARAMETRIC_REPRESENTATION_CONTEXT() REPRESENTATION_CONTEXT('2D SPACE',''
  ) );
#2725 = ORIENTED_EDGE('',*,*,#2585,.F.);
#2726 = ADVANCED_FACE('',(#2727),#718,.T.);
#2727 = FACE_BOUND('',#2728,.T.);
#2728 = EDGE_LOOP('',(#2729,#2730,#2731,#2752));
#2729 = ORIENTED_EDGE('',*,*,#703,.T.);
#2730 = ORIENTED_EDGE('',*,*,#2635,.T.);
#2731 = ORIENTED_EDGE('',*,*,#2732,.F.);
#2732 = EDGE_CURVE('',#2733,#2636,#2735,.T.);
#2733 = VERTEX_POINT('',#2734);
#2734 = CARTESIAN_POINT('',(88.5,30.,2.));
#2735 = SURFACE_CURVE('',#2736,(#2740,#2746),.PCURVE_S1.);
#2736 = LINE('',#2737,#2738);
#2737 = CARTESIAN_POINT('',(48.75,30.,2.));
#2738 = VECTOR('',#2739,1.);
#2739 = DIRECTION('',(1.,0.,-0.));
#2740 = PCURVE('',#718,#2741);
#2741 = DEFINITIONAL_REPRESENTATION('',(#2742),#2745);
#2742 = B_SPLINE_CURVE_WITH_KNOTS('',1,(#2743,#2744),.UNSPECIFIED.,.F.,
  .F.,(2,2),(39.75,46.75),.PIECEWISE_BEZIER_KNOTS.);
#2743 = CARTESIAN_POINT('',(9.,-3.));
#2744 = CARTESIAN_POINT('',(2.,-3.));
#2745 = ( GEOMETRIC_REPRESENTATION_CONTEXT(2) 
PARAMETRIC_REPRESENTATION_CONTEXT() REPRESENTATION_CONTEXT('2D SPACE',''
  ) );
#2746 = PCURVE('',#2027,#2747);
#2747 = DEFINITIONAL_REPRESENTATION('',(#2748),#2751);
#2748 = B_SPLINE_CURVE_WITH_KNOTS('',1,(#2749,#2750),.UNSPECIFIED.,.F.,
  .F.,(2,2),(39.75,46.75),.PIECEWISE_BEZIER_KNOTS.);
#2749 = CARTESIAN_POINT('',(88.5,30.));
#2750 = CARTESIAN_POINT('',(95.5,30.));
#2751 = ( GEOMETRIC_REPRESENTATION_CONTEXT(2) 
PARAMETRIC_REPRESENTATION_CONTEXT() REPRESENTATION_CONTEXT('2D SPACE',''
  ) );
#2752 = ORIENTED_EDGE('',*,*,#2753,.F.);
#2753 = EDGE_CURVE('',#675,#2733,#2754,.T.);
#2754 = SURFACE_CURVE('',#2755,(#2759,#2766),.PCURVE_S1.);
#2755 = LINE('',#2756,#2757);
#2756 = CARTESIAN_POINT('',(88.5,30.,-1.));
#2757 = VECTOR('',#2758,1.);
#2758 = DIRECTION('',(0.,0.,1.));
#2759 = PCURVE('',#718,#2760);
#2760 = DEFINITIONAL_REPRESENTATION('',(#2761),#2765);
#2761 = LINE('',#2762,#2763);
#2762 = CARTESIAN_POINT('',(9.,0.));
#2763 = VECTOR('',#2764,1.);
#2764 = DIRECTION('',(0.,-1.));
#2765 = ( GEOMETRIC_REPRESENTATION_CONTEXT(2) 
PARAMETRIC_REPRESENTATION_CONTEXT() REPRESENTATION_CONTEXT('2D SPACE',''
  ) );
#2766 = PCURVE('',#691,#2767);
#2767 = DEFINITIONAL_REPRESENTATION('',(#2768),#2772);
#2768 = LINE('',#2769,#2770);
#2769 = CARTESIAN_POINT('',(0.,0.));
#2770 = VECTOR('',#2771,1.);
#2771 = DIRECTION('',(0.,1.));
#2772 = ( GEOMETRIC_REPRESENTATION_CONTEXT(2) 
PARAMETRIC_REPRESENTATION_CONTEXT() REPRESENTATION_CONTEXT('2D SPACE',''
  ) );
#2773 = ADVANCED_FACE('',(#2774),#691,.F.);
#2774 = FACE_BOUND('',#2775,.F.);
#2775 = EDGE_LOOP('',(#2776,#2777,#2778,#2779));
#2776 = ORIENTED_EDGE('',*,*,#2753,.F.);
#2777 = ORIENTED_EDGE('',*,*,#674,.T.);
#2778 = ORIENTED_EDGE('',*,*,#2684,.T.);
#2779 = ORIENTED_EDGE('',*,*,#2780,.F.);
#2780 = EDGE_CURVE('',#2733,#2685,#2781,.T.);
#2781 = SURFACE_CURVE('',#2782,(#2787,#2794),.PCURVE_S1.);
#2782 = CIRCLE('',#2783,2.);
#2783 = AXIS2_PLACEMENT_3D('',#2784,#2785,#2786);
#2784 = CARTESIAN_POINT('',(88.5,28.,2.));
#2785 = DIRECTION('',(0.,0.,1.));
#2786 = DIRECTION('',(-0.,1.,0.));
#2787 = PCURVE('',#691,#2788);
#2788 = DEFINITIONAL_REPRESENTATION('',(#2789),#2793);
#2789 = LINE('',#2790,#2791);
#2790 = CARTESIAN_POINT('',(0.,3.));
#2791 = VECTOR('',#2792,1.);
#2792 = DIRECTION('',(1.,0.));
#2793 = ( GEOMETRIC_REPRESENTATION_CONTEXT(2) 
PARAMETRIC_REPRESENTATION_CONTEXT() REPRESENTATION_CONTEXT('2D SPACE',''
  ) );
#2794 = PCURVE('',#2027,#2795);
#2795 = DEFINITIONAL_REPRESENTATION('',(#2796),#2800);
#2796 = CIRCLE('',#2797,2.);
#2797 = AXIS2_PLACEMENT_2D('',#2798,#2799);
#2798 = CARTESIAN_POINT('',(88.5,28.));
#2799 = DIRECTION('',(0.,1.));
#2800 = ( GEOMETRIC_REPRESENTATION_CONTEXT(2) 
PARAMETRIC_REPRESENTATION_CONTEXT() REPRESENTATION_CONTEXT('2D SPACE',''
  ) );
#2801 = ADVANCED_FACE('',(#2802),#801,.T.);
#2802 = FACE_BOUND('',#2803,.T.);
#2803 = EDGE_LOOP('',(#2804,#2827,#2828,#2851,#2879,#2913,#2941,#2975));
#2804 = ORIENTED_EDGE('',*,*,#2805,.F.);
#2805 = EDGE_CURVE('',#785,#2806,#2808,.T.);
#2806 = VERTEX_POINT('',#2807);
#2807 = CARTESIAN_POINT('',(35.,83.,2.));
#2808 = SURFACE_CURVE('',#2809,(#2813,#2820),.PCURVE_S1.);
#2809 = LINE('',#2810,#2811);
#2810 = CARTESIAN_POINT('',(35.,83.,-1.));
#2811 = VECTOR('',#2812,1.);
#2812 = DIRECTION('',(0.,0.,1.));
#2813 = PCURVE('',#801,#2814);
#2814 = DEFINITIONAL_REPRESENTATION('',(#2815),#2819);
#2815 = LINE('',#2816,#2817);
#2816 = CARTESIAN_POINT('',(0.,70.));
#2817 = VECTOR('',#2818,1.);
#2818 = DIRECTION('',(1.,0.));
#2819 = ( GEOMETRIC_REPRESENTATION_CONTEXT(2) 
PARAMETRIC_REPRESENTATION_CONTEXT() REPRESENTATION_CONTEXT('2D SPACE',''
  ) );
#2820 = PCURVE('',#878,#2821);
#2821 = DEFINITIONAL_REPRESENTATION('',(#2822),#2826);
#2822 = LINE('',#2823,#2824);
#2823 = CARTESIAN_POINT('',(0.,0.));
#2824 = VECTOR('',#2825,1.);
#2825 = DIRECTION('',(1.,0.));
#2826 = ( GEOMETRIC_REPRESENTATION_CONTEXT(2) 
PARAMETRIC_REPRESENTATION_CONTEXT() REPRESENTATION_CONTEXT('2D SPACE',''
  ) );
#2827 = ORIENTED_EDGE('',*,*,#784,.T.);
#2828 = ORIENTED_EDGE('',*,*,#2829,.T.);
#2829 = EDGE_CURVE('',#787,#2830,#2832,.T.);
#2830 = VERTEX_POINT('',#2831);
#2831 = CARTESIAN_POINT('',(-35.,83.,2.));
#2832 = SURFACE_CURVE('',#2833,(#2837,#2844),.PCURVE_S1.);
#2833 = LINE('',#2834,#2835);
#2834 = CARTESIAN_POINT('',(-35.,83.,-1.));
#2835 = VECTOR('',#2836,1.);
#2836 = DIRECTION('',(0.,0.,1.));
#2837 = PCURVE('',#801,#2838);
#2838 = DEFINITIONAL_REPRESENTATION('',(#2839),#2843);
#2839 = LINE('',#2840,#2841);
#2840 = CARTESIAN_POINT('',(0.,0.));
#2841 = VECTOR('',#2842,1.);
#2842 = DIRECTION('',(1.,0.));
#2843 = ( GEOMETRIC_REPRESENTATION_CONTEXT(2) 
PARAMETRIC_REPRESENTATION_CONTEXT() REPRESENTATION_CONTEXT('2D SPACE',''
  ) );
#2844 = PCURVE('',#828,#2845);
#2845 = DEFINITIONAL_REPRESENTATION('',(#2846),#2850);
#2846 = LINE('',#2847,#2848);
#2847 = CARTESIAN_POINT('',(0.,0.));
#2848 = VECTOR('',#2849,1.);
#2849 = DIRECTION('',(1.,0.));
#2850 = ( GEOMETRIC_REPRESENTATION_CONTEXT(2) 
PARAMETRIC_REPRESENTATION_CONTEXT() REPRESENTATION_CONTEXT('2D SPACE',''
  ) );
#2851 = ORIENTED_EDGE('',*,*,#2852,.F.);
#2852 = EDGE_CURVE('',#2853,#2830,#2855,.T.);
#2853 = VERTEX_POINT('',#2854);
#2854 = CARTESIAN_POINT('',(-36.,83.,2.));
#2855 = SURFACE_CURVE('',#2856,(#2860,#2867),.PCURVE_S1.);
#2856 = LINE('',#2857,#2858);
#2857 = CARTESIAN_POINT('',(-36.,83.,2.));
#2858 = VECTOR('',#2859,1.);
#2859 = DIRECTION('',(1.,0.,0.));
#2860 = PCURVE('',#801,#2861);
#2861 = DEFINITIONAL_REPRESENTATION('',(#2862),#2866);
#2862 = LINE('',#2863,#2864);
#2863 = CARTESIAN_POINT('',(3.,-1.));
#2864 = VECTOR('',#2865,1.);
#2865 = DIRECTION('',(0.,1.));
#2866 = ( GEOMETRIC_REPRESENTATION_CONTEXT(2) 
PARAMETRIC_REPRESENTATION_CONTEXT() REPRESENTATION_CONTEXT('2D SPACE',''
  ) );
#2867 = PCURVE('',#2868,#2873);
#2868 = PLANE('',#2869);
#2869 = AXIS2_PLACEMENT_3D('',#2870,#2871,#2872);
#2870 = CARTESIAN_POINT('',(-9.769246714328E-15,-4.388317696945E-15,2.)
  );
#2871 = DIRECTION('',(0.,0.,1.));
#2872 = DIRECTION('',(1.,0.,-0.));
#2873 = DEFINITIONAL_REPRESENTATION('',(#2874),#2878);
#2874 = LINE('',#2875,#2876);
#2875 = CARTESIAN_POINT('',(-36.,83.));
#2876 = VECTOR('',#2877,1.);
#2877 = DIRECTION('',(1.,0.));
#2878 = ( GEOMETRIC_REPRESENTATION_CONTEXT(2) 
PARAMETRIC_REPRESENTATION_CONTEXT() REPRESENTATION_CONTEXT('2D SPACE',''
  ) );
#2879 = ORIENTED_EDGE('',*,*,#2880,.T.);
#2880 = EDGE_CURVE('',#2853,#2881,#2883,.T.);
#2881 = VERTEX_POINT('',#2882);
#2882 = CARTESIAN_POINT('',(-32.,83.,6.));
#2883 = SURFACE_CURVE('',#2884,(#2890,#2899),.PCURVE_S1.);
#2884 = B_SPLINE_CURVE_WITH_KNOTS('',4,(#2885,#2886,#2887,#2888,#2889),
  .UNSPECIFIED.,.F.,.F.,(5,5),(0.,1.),.PIECEWISE_BEZIER_KNOTS.);
#2885 = CARTESIAN_POINT('',(-36.,83.,2.));
#2886 = CARTESIAN_POINT('',(-34.9999436731,83.,3.000056326892));
#2887 = CARTESIAN_POINT('',(-33.99992450956,83.,4.000075490435));
#2888 = CARTESIAN_POINT('',(-32.99994308866,83.,5.000056911331));
#2889 = CARTESIAN_POINT('',(-32.,83.,6.));
#2890 = PCURVE('',#801,#2891);
#2891 = DEFINITIONAL_REPRESENTATION('',(#2892),#2898);
#2892 = B_SPLINE_CURVE_WITH_KNOTS('',4,(#2893,#2894,#2895,#2896,#2897),
  .UNSPECIFIED.,.F.,.F.,(5,5),(0.,1.),.PIECEWISE_BEZIER_KNOTS.);
#2893 = CARTESIAN_POINT('',(3.,-1.));
#2894 = CARTESIAN_POINT('',(4.000056326892,5.632689210699E-05));
#2895 = CARTESIAN_POINT('',(5.000075490435,1.000075490435));
#2896 = CARTESIAN_POINT('',(6.000056911331,2.000056911331));
#2897 = CARTESIAN_POINT('',(7.,3.));
#2898 = ( GEOMETRIC_REPRESENTATION_CONTEXT(2) 
PARAMETRIC_REPRESENTATION_CONTEXT() REPRESENTATION_CONTEXT('2D SPACE',''
  ) );
#2899 = PCURVE('',#2900,#2905);
#2900 = B_SPLINE_SURFACE_WITH_KNOTS('',1,1,(
    (#2901,#2902)
    ,(#2903,#2904
    )),.UNSPECIFIED.,.F.,.F.,.F.,(2,2),(2,2),(0.,29.),(0.,1.),
  .PIECEWISE_BEZIER_KNOTS.);
#2901 = CARTESIAN_POINT('',(-36.,96.,2.));
#2902 = CARTESIAN_POINT('',(-14.,98.5,24.));
#2903 = CARTESIAN_POINT('',(-36.,67.,2.));
#2904 = CARTESIAN_POINT('',(-14.,70.5,24.));
#2905 = DEFINITIONAL_REPRESENTATION('',(#2906),#2912);
#2906 = B_SPLINE_CURVE_WITH_KNOTS('',4,(#2907,#2908,#2909,#2910,#2911),
  .UNSPECIFIED.,.F.,.F.,(5,5),(0.,1.),.PIECEWISE_BEZIER_KNOTS.);
#2907 = CARTESIAN_POINT('',(13.,0.));
#2908 = CARTESIAN_POINT('',(13.134020087695,4.545710576782E-02));
#2909 = CARTESIAN_POINT('',(13.268595375433,9.091252229251E-02));
#2910 = CARTESIAN_POINT('',(13.403731031481,0.136366223242));
#2911 = CARTESIAN_POINT('',(13.539432191691,0.181818181818));
#2912 = ( GEOMETRIC_REPRESENTATION_CONTEXT(2) 
PARAMETRIC_REPRESENTATION_CONTEXT() REPRESENTATION_CONTEXT('2D SPACE',''
  ) );
#2913 = ORIENTED_EDGE('',*,*,#2914,.T.);
#2914 = EDGE_CURVE('',#2881,#2915,#2917,.T.);
#2915 = VERTEX_POINT('',#2916);
#2916 = CARTESIAN_POINT('',(32.,83.,6.));
#2917 = SURFACE_CURVE('',#2918,(#2922,#2929),.PCURVE_S1.);
#2918 = LINE('',#2919,#2920);
#2919 = CARTESIAN_POINT('',(-36.,83.,6.));
#2920 = VECTOR('',#2921,1.);
#2921 = DIRECTION('',(1.,0.,0.));
#2922 = PCURVE('',#801,#2923);
#2923 = DEFINITIONAL_REPRESENTATION('',(#2924),#2928);
#2924 = LINE('',#2925,#2926);
#2925 = CARTESIAN_POINT('',(7.,-1.));
#2926 = VECTOR('',#2927,1.);
#2927 = DIRECTION('',(0.,1.));
#2928 = ( GEOMETRIC_REPRESENTATION_CONTEXT(2) 
PARAMETRIC_REPRESENTATION_CONTEXT() REPRESENTATION_CONTEXT('2D SPACE',''
  ) );
#2929 = PCURVE('',#2930,#2935);
#2930 = PLANE('',#2931);
#2931 = AXIS2_PLACEMENT_3D('',#2932,#2933,#2934);
#2932 = CARTESIAN_POINT('',(-36.,81.4,6.));
#2933 = DIRECTION('',(0.,0.,1.));
#2934 = DIRECTION('',(1.,0.,0.));
#2935 = DEFINITIONAL_REPRESENTATION('',(#2936),#2940);
#2936 = LINE('',#2937,#2938);
#2937 = CARTESIAN_POINT('',(0.,1.6));
#2938 = VECTOR('',#2939,1.);
#2939 = DIRECTION('',(1.,0.));
#2940 = ( GEOMETRIC_REPRESENTATION_CONTEXT(2) 
PARAMETRIC_REPRESENTATION_CONTEXT() REPRESENTATION_CONTEXT('2D SPACE',''
  ) );
#2941 = ORIENTED_EDGE('',*,*,#2942,.F.);
#2942 = EDGE_CURVE('',#2943,#2915,#2945,.T.);
#2943 = VERTEX_POINT('',#2944);
#2944 = CARTESIAN_POINT('',(36.,83.,2.));
#2945 = SURFACE_CURVE('',#2946,(#2952,#2961),.PCURVE_S1.);
#2946 = B_SPLINE_CURVE_WITH_KNOTS('',4,(#2947,#2948,#2949,#2950,#2951),
  .UNSPECIFIED.,.F.,.F.,(5,5),(0.,1.),.PIECEWISE_BEZIER_KNOTS.);
#2947 = CARTESIAN_POINT('',(36.,83.,2.));
#2948 = CARTESIAN_POINT('',(34.999943673108,83.,3.000056326892));
#2949 = CARTESIAN_POINT('',(33.999924509565,83.,4.000075490435));
#2950 = CARTESIAN_POINT('',(32.999943088669,83.,5.000056911331));
#2951 = CARTESIAN_POINT('',(32.,83.,6.));
#2952 = PCURVE('',#801,#2953);
#2953 = DEFINITIONAL_REPRESENTATION('',(#2954),#2960);
#2954 = B_SPLINE_CURVE_WITH_KNOTS('',4,(#2955,#2956,#2957,#2958,#2959),
  .UNSPECIFIED.,.F.,.F.,(5,5),(0.,1.),.PIECEWISE_BEZIER_KNOTS.);
#2955 = CARTESIAN_POINT('',(3.,71.));
#2956 = CARTESIAN_POINT('',(4.000056326892,69.999943673108));
#2957 = CARTESIAN_POINT('',(5.000075490435,68.999924509565));
#2958 = CARTESIAN_POINT('',(6.000056911331,67.999943088669));
#2959 = CARTESIAN_POINT('',(7.,67.));
#2960 = ( GEOMETRIC_REPRESENTATION_CONTEXT(2) 
PARAMETRIC_REPRESENTATION_CONTEXT() REPRESENTATION_CONTEXT('2D SPACE',''
  ) );
#2961 = PCURVE('',#2962,#2967);
#2962 = B_SPLINE_SURFACE_WITH_KNOTS('',1,1,(
    (#2963,#2964)
    ,(#2965,#2966
    )),.UNSPECIFIED.,.F.,.F.,.F.,(2,2),(2,2),(0.,29.),(0.,1.),
  .PIECEWISE_BEZIER_KNOTS.);
#2963 = CARTESIAN_POINT('',(36.,67.,2.));
#2964 = CARTESIAN_POINT('',(14.,70.5,24.));
#2965 = CARTESIAN_POINT('',(36.,96.,2.));
#2966 = CARTESIAN_POINT('',(14.,98.5,24.));
#2967 = DEFINITIONAL_REPRESENTATION('',(#2968),#2974);
#2968 = B_SPLINE_CURVE_WITH_KNOTS('',4,(#2969,#2970,#2971,#2972,#2973),
  .UNSPECIFIED.,.F.,.F.,(5,5),(0.,1.),.PIECEWISE_BEZIER_KNOTS.);
#2969 = CARTESIAN_POINT('',(16.,0.));
#2970 = CARTESIAN_POINT('',(15.865979912305,4.545710576782E-02));
#2971 = CARTESIAN_POINT('',(15.731404624567,9.091252229251E-02));
#2972 = CARTESIAN_POINT('',(15.596268968519,0.136366223242));
#2973 = CARTESIAN_POINT('',(15.460567808309,0.181818181818));
#2974 = ( GEOMETRIC_REPRESENTATION_CONTEXT(2) 
PARAMETRIC_REPRESENTATION_CONTEXT() REPRESENTATION_CONTEXT('2D SPACE',''
  ) );
#2975 = ORIENTED_EDGE('',*,*,#2976,.F.);
#2976 = EDGE_CURVE('',#2806,#2943,#2977,.T.);
#2977 = SURFACE_CURVE('',#2978,(#2982,#2989),.PCURVE_S1.);
#2978 = LINE('',#2979,#2980);
#2979 = CARTESIAN_POINT('',(-36.,83.,2.));
#2980 = VECTOR('',#2981,1.);
#2981 = DIRECTION('',(1.,0.,0.));
#2982 = PCURVE('',#801,#2983);
#2983 = DEFINITIONAL_REPRESENTATION('',(#2984),#2988);
#2984 = LINE('',#2985,#2986);
#2985 = CARTESIAN_POINT('',(3.,-1.));
#2986 = VECTOR('',#2987,1.);
#2987 = DIRECTION('',(0.,1.));
#2988 = ( GEOMETRIC_REPRESENTATION_CONTEXT(2) 
PARAMETRIC_REPRESENTATION_CONTEXT() REPRESENTATION_CONTEXT('2D SPACE',''
  ) );
#2989 = PCURVE('',#2868,#2990);
#2990 = DEFINITIONAL_REPRESENTATION('',(#2991),#2995);
#2991 = LINE('',#2992,#2993);
#2992 = CARTESIAN_POINT('',(-36.,83.));
#2993 = VECTOR('',#2994,1.);
#2994 = DIRECTION('',(1.,0.));
#2995 = ( GEOMETRIC_REPRESENTATION_CONTEXT(2) 
PARAMETRIC_REPRESENTATION_CONTEXT() REPRESENTATION_CONTEXT('2D SPACE',''
  ) );
#2996 = ADVANCED_FACE('',(#2997),#878,.F.);
#2997 = FACE_BOUND('',#2998,.F.);
#2998 = EDGE_LOOP('',(#2999,#3020,#3021,#3022));
#2999 = ORIENTED_EDGE('',*,*,#3000,.F.);
#3000 = EDGE_CURVE('',#2806,#3001,#3003,.T.);
#3001 = VERTEX_POINT('',#3002);
#3002 = CARTESIAN_POINT('',(35.,95.,2.));
#3003 = SURFACE_CURVE('',#3004,(#3008,#3014),.PCURVE_S1.);
#3004 = LINE('',#3005,#3006);
#3005 = CARTESIAN_POINT('',(35.,41.5,2.));
#3006 = VECTOR('',#3007,1.);
#3007 = DIRECTION('',(0.,1.,0.));
#3008 = PCURVE('',#878,#3009);
#3009 = DEFINITIONAL_REPRESENTATION('',(#3010),#3013);
#3010 = B_SPLINE_CURVE_WITH_KNOTS('',1,(#3011,#3012),.UNSPECIFIED.,.F.,
  .F.,(2,2),(41.5,53.5),.PIECEWISE_BEZIER_KNOTS.);
#3011 = CARTESIAN_POINT('',(3.,0.));
#3012 = CARTESIAN_POINT('',(3.,-12.));
#3013 = ( GEOMETRIC_REPRESENTATION_CONTEXT(2) 
PARAMETRIC_REPRESENTATION_CONTEXT() REPRESENTATION_CONTEXT('2D SPACE',''
  ) );
#3014 = PCURVE('',#2868,#3015);
#3015 = DEFINITIONAL_REPRESENTATION('',(#3016),#3019);
#3016 = B_SPLINE_CURVE_WITH_KNOTS('',1,(#3017,#3018),.UNSPECIFIED.,.F.,
  .F.,(2,2),(41.5,53.5),.PIECEWISE_BEZIER_KNOTS.);
#3017 = CARTESIAN_POINT('',(35.,83.));
#3018 = CARTESIAN_POINT('',(35.,95.));
#3019 = ( GEOMETRIC_REPRESENTATION_CONTEXT(2) 
PARAMETRIC_REPRESENTATION_CONTEXT() REPRESENTATION_CONTEXT('2D SPACE',''
  ) );
#3020 = ORIENTED_EDGE('',*,*,#2805,.F.);
#3021 = ORIENTED_EDGE('',*,*,#865,.T.);
#3022 = ORIENTED_EDGE('',*,*,#3023,.T.);
#3023 = EDGE_CURVE('',#840,#3001,#3024,.T.);
#3024 = SURFACE_CURVE('',#3025,(#3029,#3036),.PCURVE_S1.);
#3025 = LINE('',#3026,#3027);
#3026 = CARTESIAN_POINT('',(35.,95.,-1.));
#3027 = VECTOR('',#3028,1.);
#3028 = DIRECTION('',(0.,0.,1.));
#3029 = PCURVE('',#878,#3030);
#3030 = DEFINITIONAL_REPRESENTATION('',(#3031),#3035);
#3031 = LINE('',#3032,#3033);
#3032 = CARTESIAN_POINT('',(0.,-12.));
#3033 = VECTOR('',#3034,1.);
#3034 = DIRECTION('',(1.,0.));
#3035 = ( GEOMETRIC_REPRESENTATION_CONTEXT(2) 
PARAMETRIC_REPRESENTATION_CONTEXT() REPRESENTATION_CONTEXT('2D SPACE',''
  ) );
#3036 = PCURVE('',#854,#3037);
#3037 = DEFINITIONAL_REPRESENTATION('',(#3038),#3042);
#3038 = LINE('',#3039,#3040);
#3039 = CARTESIAN_POINT('',(0.,70.));
#3040 = VECTOR('',#3041,1.);
#3041 = DIRECTION('',(1.,0.));
#3042 = ( GEOMETRIC_REPRESENTATION_CONTEXT(2) 
PARAMETRIC_REPRESENTATION_CONTEXT() REPRESENTATION_CONTEXT('2D SPACE',''
  ) );
#3043 = ADVANCED_FACE('',(#3044),#828,.T.);
#3044 = FACE_BOUND('',#3045,.T.);
#3045 = EDGE_LOOP('',(#3046,#3067,#3068,#3069));
#3046 = ORIENTED_EDGE('',*,*,#3047,.F.);
#3047 = EDGE_CURVE('',#2830,#3048,#3050,.T.);
#3048 = VERTEX_POINT('',#3049);
#3049 = CARTESIAN_POINT('',(-35.,95.,2.));
#3050 = SURFACE_CURVE('',#3051,(#3055,#3061),.PCURVE_S1.);
#3051 = LINE('',#3052,#3053);
#3052 = CARTESIAN_POINT('',(-35.,41.5,2.));
#3053 = VECTOR('',#3054,1.);
#3054 = DIRECTION('',(0.,1.,0.));
#3055 = PCURVE('',#828,#3056);
#3056 = DEFINITIONAL_REPRESENTATION('',(#3057),#3060);
#3057 = B_SPLINE_CURVE_WITH_KNOTS('',1,(#3058,#3059),.UNSPECIFIED.,.F.,
  .F.,(2,2),(41.5,53.5),.PIECEWISE_BEZIER_KNOTS.);
#3058 = CARTESIAN_POINT('',(3.,0.));
#3059 = CARTESIAN_POINT('',(3.,-12.));
#3060 = ( GEOMETRIC_REPRESENTATION_CONTEXT(2) 
PARAMETRIC_REPRESENTATION_CONTEXT() REPRESENTATION_CONTEXT('2D SPACE',''
  ) );
#3061 = PCURVE('',#2868,#3062);
#3062 = DEFINITIONAL_REPRESENTATION('',(#3063),#3066);
#3063 = B_SPLINE_CURVE_WITH_KNOTS('',1,(#3064,#3065),.UNSPECIFIED.,.F.,
  .F.,(2,2),(41.5,53.5),.PIECEWISE_BEZIER_KNOTS.);
#3064 = CARTESIAN_POINT('',(-35.,83.));
#3065 = CARTESIAN_POINT('',(-35.,95.));
#3066 = ( GEOMETRIC_REPRESENTATION_CONTEXT(2) 
PARAMETRIC_REPRESENTATION_CONTEXT() REPRESENTATION_CONTEXT('2D SPACE',''
  ) );
#3067 = ORIENTED_EDGE('',*,*,#2829,.F.);
#3068 = ORIENTED_EDGE('',*,*,#813,.T.);
#3069 = ORIENTED_EDGE('',*,*,#3070,.T.);
#3070 = EDGE_CURVE('',#814,#3048,#3071,.T.);
#3071 = SURFACE_CURVE('',#3072,(#3076,#3083),.PCURVE_S1.);
#3072 = LINE('',#3073,#3074);
#3073 = CARTESIAN_POINT('',(-35.,95.,-1.));
#3074 = VECTOR('',#3075,1.);
#3075 = DIRECTION('',(0.,0.,1.));
#3076 = PCURVE('',#828,#3077);
#3077 = DEFINITIONAL_REPRESENTATION('',(#3078),#3082);
#3078 = LINE('',#3079,#3080);
#3079 = CARTESIAN_POINT('',(0.,-12.));
#3080 = VECTOR('',#3081,1.);
#3081 = DIRECTION('',(1.,0.));
#3082 = ( GEOMETRIC_REPRESENTATION_CONTEXT(2) 
PARAMETRIC_REPRESENTATION_CONTEXT() REPRESENTATION_CONTEXT('2D SPACE',''
  ) );
#3083 = PCURVE('',#854,#3084);
#3084 = DEFINITIONAL_REPRESENTATION('',(#3085),#3089);
#3085 = LINE('',#3086,#3087);
#3086 = CARTESIAN_POINT('',(0.,0.));
#3087 = VECTOR('',#3088,1.);
#3088 = DIRECTION('',(1.,0.));
#3089 = ( GEOMETRIC_REPRESENTATION_CONTEXT(2) 
PARAMETRIC_REPRESENTATION_CONTEXT() REPRESENTATION_CONTEXT('2D SPACE',''
  ) );
#3090 = ADVANCED_FACE('',(#3091),#854,.F.);
#3091 = FACE_BOUND('',#3092,.F.);
#3092 = EDGE_LOOP('',(#3093,#3094,#3095,#3096));
#3093 = ORIENTED_EDGE('',*,*,#3023,.F.);
#3094 = ORIENTED_EDGE('',*,*,#839,.T.);
#3095 = ORIENTED_EDGE('',*,*,#3070,.T.);
#3096 = ORIENTED_EDGE('',*,*,#3097,.F.);
#3097 = EDGE_CURVE('',#3001,#3048,#3098,.T.);
#3098 = SURFACE_CURVE('',#3099,(#3103,#3109),.PCURVE_S1.);
#3099 = LINE('',#3100,#3101);
#3100 = CARTESIAN_POINT('',(-17.5,95.,2.));
#3101 = VECTOR('',#3102,1.);
#3102 = DIRECTION('',(-1.,0.,0.));
#3103 = PCURVE('',#854,#3104);
#3104 = DEFINITIONAL_REPRESENTATION('',(#3105),#3108);
#3105 = B_SPLINE_CURVE_WITH_KNOTS('',1,(#3106,#3107),.UNSPECIFIED.,.F.,
  .F.,(2,2),(-52.5,17.5),.PIECEWISE_BEZIER_KNOTS.);
#3106 = CARTESIAN_POINT('',(3.,70.));
#3107 = CARTESIAN_POINT('',(3.,0.));
#3108 = ( GEOMETRIC_REPRESENTATION_CONTEXT(2) 
PARAMETRIC_REPRESENTATION_CONTEXT() REPRESENTATION_CONTEXT('2D SPACE',''
  ) );
#3109 = PCURVE('',#2868,#3110);
#3110 = DEFINITIONAL_REPRESENTATION('',(#3111),#3114);
#3111 = B_SPLINE_CURVE_WITH_KNOTS('',1,(#3112,#3113),.UNSPECIFIED.,.F.,
  .F.,(2,2),(-52.5,17.5),.PIECEWISE_BEZIER_KNOTS.);
#3112 = CARTESIAN_POINT('',(35.,95.));
#3113 = CARTESIAN_POINT('',(-35.,95.));
#3114 = ( GEOMETRIC_REPRESENTATION_CONTEXT(2) 
PARAMETRIC_REPRESENTATION_CONTEXT() REPRESENTATION_CONTEXT('2D SPACE',''
  ) );
#3115 = ADVANCED_FACE('',(#3116),#912,.F.);
#3116 = FACE_BOUND('',#3117,.T.);
#3117 = EDGE_LOOP('',(#3118,#3119,#3142,#3173));
#3118 = ORIENTED_EDGE('',*,*,#891,.T.);
#3119 = ORIENTED_EDGE('',*,*,#3120,.T.);
#3120 = EDGE_CURVE('',#892,#3121,#3123,.T.);
#3121 = VERTEX_POINT('',#3122);
#3122 = CARTESIAN_POINT('',(45.,89.,8.));
#3123 = SEAM_CURVE('',#3124,(#3128,#3135),.PCURVE_S1.);
#3124 = LINE('',#3125,#3126);
#3125 = CARTESIAN_POINT('',(45.,89.,-1.));
#3126 = VECTOR('',#3127,1.);
#3127 = DIRECTION('',(0.,0.,1.));
#3128 = PCURVE('',#912,#3129);
#3129 = DEFINITIONAL_REPRESENTATION('',(#3130),#3134);
#3130 = LINE('',#3131,#3132);
#3131 = CARTESIAN_POINT('',(-6.28318530718,0.));
#3132 = VECTOR('',#3133,1.);
#3133 = DIRECTION('',(-0.,-1.));
#3134 = ( GEOMETRIC_REPRESENTATION_CONTEXT(2) 
PARAMETRIC_REPRESENTATION_CONTEXT() REPRESENTATION_CONTEXT('2D SPACE',''
  ) );
#3135 = PCURVE('',#912,#3136);
#3136 = DEFINITIONAL_REPRESENTATION('',(#3137),#3141);
#3137 = LINE('',#3138,#3139);
#3138 = CARTESIAN_POINT('',(-0.,0.));
#3139 = VECTOR('',#3140,1.);
#3140 = DIRECTION('',(-0.,-1.));
#3141 = ( GEOMETRIC_REPRESENTATION_CONTEXT(2) 
PARAMETRIC_REPRESENTATION_CONTEXT() REPRESENTATION_CONTEXT('2D SPACE',''
  ) );
#3142 = ORIENTED_EDGE('',*,*,#3143,.F.);
#3143 = EDGE_CURVE('',#3121,#3121,#3144,.T.);
#3144 = SURFACE_CURVE('',#3145,(#3150,#3157),.PCURVE_S1.);
#3145 = CIRCLE('',#3146,2.);
#3146 = AXIS2_PLACEMENT_3D('',#3147,#3148,#3149);
#3147 = CARTESIAN_POINT('',(43.,89.,8.));
#3148 = DIRECTION('',(0.,0.,-1.));
#3149 = DIRECTION('',(1.,0.,0.));
#3150 = PCURVE('',#912,#3151);
#3151 = DEFINITIONAL_REPRESENTATION('',(#3152),#3156);
#3152 = LINE('',#3153,#3154);
#3153 = CARTESIAN_POINT('',(-6.28318530718,-9.));
#3154 = VECTOR('',#3155,1.);
#3155 = DIRECTION('',(1.,-0.));
#3156 = ( GEOMETRIC_REPRESENTATION_CONTEXT(2) 
PARAMETRIC_REPRESENTATION_CONTEXT() REPRESENTATION_CONTEXT('2D SPACE',''
  ) );
#3157 = PCURVE('',#3158,#3163);
#3158 = PLANE('',#3159);
#3159 = AXIS2_PLACEMENT_3D('',#3160,#3161,#3162);
#3160 = CARTESIAN_POINT('',(43.,89.,8.));
#3161 = DIRECTION('',(0.,0.,1.));
#3162 = DIRECTION('',(1.,0.,-0.));
#3163 = DEFINITIONAL_REPRESENTATION('',(#3164),#3172);
#3164 = ( BOUNDED_CURVE() B_SPLINE_CURVE(2,(#3165,#3166,#3167,#3168,
#3169,#3170,#3171),.UNSPECIFIED.,.T.,.F.) B_SPLINE_CURVE_WITH_KNOTS((1,2
    ,2,2,2,1),(-2.094395102393,0.,2.094395102393,4.188790204786,
6.28318530718,8.377580409573),.UNSPECIFIED.) CURVE() 
GEOMETRIC_REPRESENTATION_ITEM() RATIONAL_B_SPLINE_CURVE((1.,0.5,1.,0.5,
1.,0.5,1.)) REPRESENTATION_ITEM('') );
#3165 = CARTESIAN_POINT('',(2.,0.));
#3166 = CARTESIAN_POINT('',(2.,-3.464101615138));
#3167 = CARTESIAN_POINT('',(-1.,-1.732050807569));
#3168 = CARTESIAN_POINT('',(-4.,-4.898587196589E-16));
#3169 = CARTESIAN_POINT('',(-1.,1.732050807569));
#3170 = CARTESIAN_POINT('',(2.,3.464101615138));
#3171 = CARTESIAN_POINT('',(2.,0.));
#3172 = ( GEOMETRIC_REPRESENTATION_CONTEXT(2) 
PARAMETRIC_REPRESENTATION_CONTEXT() REPRESENTATION_CONTEXT('2D SPACE',''
  ) );
#3173 = ORIENTED_EDGE('',*,*,#3120,.F.);
#3174 = ADVANCED_FACE('',(#3175),#946,.T.);
#3175 = FACE_BOUND('',#3176,.T.);
#3176 = EDGE_LOOP('',(#3177,#3178,#3199,#3228));
#3177 = ORIENTED_EDGE('',*,*,#927,.T.);
#3178 = ORIENTED_EDGE('',*,*,#3179,.T.);
#3179 = EDGE_CURVE('',#930,#3180,#3182,.T.);
#3180 = VERTEX_POINT('',#3181);
#3181 = CARTESIAN_POINT('',(105.1,0.,18.));
#3182 = SURFACE_CURVE('',#3183,(#3187,#3193),.PCURVE_S1.);
#3183 = LINE('',#3184,#3185);
#3184 = CARTESIAN_POINT('',(105.7,0.,17.4));
#3185 = VECTOR('',#3186,1.);
#3186 = DIRECTION('',(-0.707106781187,0.,0.707106781187));
#3187 = PCURVE('',#946,#3188);
#3188 = DEFINITIONAL_REPRESENTATION('',(#3189),#3192);
#3189 = B_SPLINE_CURVE_WITH_KNOTS('',1,(#3190,#3191),.UNSPECIFIED.,.F.,
  .F.,(2,2),(0.,0.848528137424),.PIECEWISE_BEZIER_KNOTS.);
#3190 = CARTESIAN_POINT('',(-6.28318530718,0.));
#3191 = CARTESIAN_POINT('',(-6.28318530718,-0.6));
#3192 = ( GEOMETRIC_REPRESENTATION_CONTEXT(2) 
PARAMETRIC_REPRESENTATION_CONTEXT() REPRESENTATION_CONTEXT('2D SPACE',''
  ) );
#3193 = PCURVE('',#998,#3194);
#3194 = DEFINITIONAL_REPRESENTATION('',(#3195),#3198);
#3195 = B_SPLINE_CURVE_WITH_KNOTS('',1,(#3196,#3197),.UNSPECIFIED.,.F.,
  .F.,(2,2),(0.,0.848528137424),.PIECEWISE_BEZIER_KNOTS.);
#3196 = CARTESIAN_POINT('',(0.,0.));
#3197 = CARTESIAN_POINT('',(0.,-0.6));
#3198 = ( GEOMETRIC_REPRESENTATION_CONTEXT(2) 
PARAMETRIC_REPRESENTATION_CONTEXT() REPRESENTATION_CONTEXT('2D SPACE',''
  ) );
#3199 = ORIENTED_EDGE('',*,*,#3200,.F.);
#3200 = EDGE_CURVE('',#3201,#3180,#3203,.T.);
#3201 = VERTEX_POINT('',#3202);
#3202 = CARTESIAN_POINT('',(-1.8,105.084584978,18.));
#3203 = SURFACE_CURVE('',#3204,(#3209,#3216),.PCURVE_S1.);
#3204 = CIRCLE('',#3205,105.1);
#3205 = AXIS2_PLACEMENT_3D('',#3206,#3207,#3208);
#3206 = CARTESIAN_POINT('',(0.,0.,18.));
#3207 = DIRECTION('',(0.,0.,1.));
#3208 = DIRECTION('',(1.,0.,-0.));
#3209 = PCURVE('',#946,#3210);
#3210 = DEFINITIONAL_REPRESENTATION('',(#3211),#3215);
#3211 = LINE('',#3212,#3213);
#3212 = CARTESIAN_POINT('',(-0.,-0.6));
#3213 = VECTOR('',#3214,1.);
#3214 = DIRECTION('',(-1.,-0.));
#3215 = ( GEOMETRIC_REPRESENTATION_CONTEXT(2) 
PARAMETRIC_REPRESENTATION_CONTEXT() REPRESENTATION_CONTEXT('2D SPACE',''
  ) );
#3216 = PCURVE('',#3217,#3222);
#3217 = PLANE('',#3218);
#3218 = AXIS2_PLACEMENT_3D('',#3219,#3220,#3221);
#3219 = CARTESIAN_POINT('',(-9.935610423749E-15,-4.314838888996E-15,18.)
  );
#3220 = DIRECTION('',(0.,0.,1.));
#3221 = DIRECTION('',(1.,0.,-0.));
#3222 = DEFINITIONAL_REPRESENTATION('',(#3223),#3227);
#3223 = CIRCLE('',#3224,105.1);
#3224 = AXIS2_PLACEMENT_2D('',#3225,#3226);
#3225 = CARTESIAN_POINT('',(9.935610423749E-15,4.314838888996E-15));
#3226 = DIRECTION('',(1.,0.));
#3227 = ( GEOMETRIC_REPRESENTATION_CONTEXT(2) 
PARAMETRIC_REPRESENTATION_CONTEXT() REPRESENTATION_CONTEXT('2D SPACE',''
  ) );
#3228 = ORIENTED_EDGE('',*,*,#3229,.F.);
#3229 = EDGE_CURVE('',#928,#3201,#3230,.T.);
#3230 = SURFACE_CURVE('',#3231,(#3236,#3246),.PCURVE_S1.);
#3231 = HYPERBOLA('',#3232,1.8,1.8);
#3232 = AXIS2_PLACEMENT_3D('',#3233,#3234,#3235);
#3233 = CARTESIAN_POINT('',(-1.8,1.998401444325E-16,123.1));
#3234 = DIRECTION('',(-1.,1.110223024625E-16,0.));
#3235 = DIRECTION('',(-0.,0.,-1.));
#3236 = PCURVE('',#946,#3237);
#3237 = DEFINITIONAL_REPRESENTATION('',(#3238),#3245);
#3238 = B_SPLINE_CURVE_WITH_KNOTS('',5,(#3239,#3240,#3241,#3242,#3243,
    #3244),.UNSPECIFIED.,.F.,.F.,(6,6),(-4.765892901143,-4.760199455828)
  ,.PIECEWISE_BEZIER_KNOTS.);
#3239 = CARTESIAN_POINT('',(-1.587826478269,-1.7763568394E-14));
#3240 = CARTESIAN_POINT('',(-1.587845869378,-0.120341980698));
#3241 = CARTESIAN_POINT('',(-1.587865288085,-0.240512646433));
#3242 = CARTESIAN_POINT('',(-1.58788473444,-0.36051232228));
#3243 = CARTESIAN_POINT('',(-1.587904208497,-0.480341332392));
#3244 = CARTESIAN_POINT('',(-1.587923710308,-0.6));
#3245 = ( GEOMETRIC_REPRESENTATION_CONTEXT(2) 
PARAMETRIC_REPRESENTATION_CONTEXT() REPRESENTATION_CONTEXT('2D SPACE',''
  ) );
#3246 = PCURVE('',#1082,#3247);
#3247 = DEFINITIONAL_REPRESENTATION('',(#3248),#3252);
#3248 = ( BOUNDED_CURVE() B_SPLINE_CURVE(2,(#3249,#3250,#3251),
.UNSPECIFIED.,.F.,.F.) B_SPLINE_CURVE_WITH_KNOTS((3,3),(-4.765892901143,
-4.760199455828),.PIECEWISE_BEZIER_KNOTS.) CURVE() 
GEOMETRIC_REPRESENTATION_ITEM() RATIONAL_B_SPLINE_CURVE((1.,
1.000004051918,1.)) REPRESENTATION_ITEM('') );
#3249 = CARTESIAN_POINT('',(12.9,2.584672493224));
#3250 = CARTESIAN_POINT('',(13.200854139055,2.283774721126));
#3251 = CARTESIAN_POINT('',(13.5,1.984584978007));
#3252 = ( GEOMETRIC_REPRESENTATION_CONTEXT(2) 
PARAMETRIC_REPRESENTATION_CONTEXT() REPRESENTATION_CONTEXT('2D SPACE',''
  ) );
#3253 = ADVANCED_FACE('',(#3254),#1082,.F.);
#3254 = FACE_BOUND('',#3255,.F.);
#3255 = EDGE_LOOP('',(#3256,#3279,#3305,#3324,#3325));
#3256 = ORIENTED_EDGE('',*,*,#3257,.F.);
#3257 = EDGE_CURVE('',#3258,#1037,#3260,.T.);
#3258 = VERTEX_POINT('',#3259);
#3259 = CARTESIAN_POINT('',(-1.8,104.08443687698,4.5));
#3260 = SURFACE_CURVE('',#3261,(#3265,#3272),.PCURVE_S1.);
#3261 = LINE('',#3262,#3263);
#3262 = CARTESIAN_POINT('',(-1.8,103.1,4.5));
#3263 = VECTOR('',#3264,1.);
#3264 = DIRECTION('',(1.110223024625E-16,1.,0.));
#3265 = PCURVE('',#1082,#3266);
#3266 = DEFINITIONAL_REPRESENTATION('',(#3267),#3271);
#3267 = LINE('',#3268,#3269);
#3268 = CARTESIAN_POINT('',(0.,0.));
#3269 = VECTOR('',#3270,1.);
#3270 = DIRECTION('',(0.,1.));
#3271 = ( GEOMETRIC_REPRESENTATION_CONTEXT(2) 
PARAMETRIC_REPRESENTATION_CONTEXT() REPRESENTATION_CONTEXT('2D SPACE',''
  ) );
#3272 = PCURVE('',#1053,#3273);
#3273 = DEFINITIONAL_REPRESENTATION('',(#3274),#3278);
#3274 = LINE('',#3275,#3276);
#3275 = CARTESIAN_POINT('',(-3.996802888651E-16,3.6));
#3276 = VECTOR('',#3277,1.);
#3277 = DIRECTION('',(1.,0.));
#3278 = ( GEOMETRIC_REPRESENTATION_CONTEXT(2) 
PARAMETRIC_REPRESENTATION_CONTEXT() REPRESENTATION_CONTEXT('2D SPACE',''
  ) );
#3279 = ORIENTED_EDGE('',*,*,#3280,.F.);
#3280 = EDGE_CURVE('',#3281,#3258,#3283,.T.);
#3281 = VERTEX_POINT('',#3282);
#3282 = CARTESIAN_POINT('',(-1.8,104.08443687698,18.));
#3283 = SURFACE_CURVE('',#3284,(#3288,#3294),.PCURVE_S1.);
#3284 = LINE('',#3285,#3286);
#3285 = CARTESIAN_POINT('',(-1.8,104.08443687698,2.));
#3286 = VECTOR('',#3287,1.);
#3287 = DIRECTION('',(-0.,-0.,-1.));
#3288 = PCURVE('',#1082,#3289);
#3289 = DEFINITIONAL_REPRESENTATION('',(#3290),#3293);
#3290 = B_SPLINE_CURVE_WITH_KNOTS('',1,(#3291,#3292),.UNSPECIFIED.,.F.,
  .F.,(2,2),(-16.0000006,-1.05),.PIECEWISE_BEZIER_KNOTS.);
#3291 = CARTESIAN_POINT('',(13.5000006,0.984436876989));
#3292 = CARTESIAN_POINT('',(-1.45,0.984436876989));
#3293 = ( GEOMETRIC_REPRESENTATION_CONTEXT(2) 
PARAMETRIC_REPRESENTATION_CONTEXT() REPRESENTATION_CONTEXT('2D SPACE',''
  ) );
#3294 = PCURVE('',#3295,#3300);
#3295 = CYLINDRICAL_SURFACE('',#3296,104.1);
#3296 = AXIS2_PLACEMENT_3D('',#3297,#3298,#3299);
#3297 = CARTESIAN_POINT('',(4.990604796862E-13,5.37780689317E-15,2.));
#3298 = DIRECTION('',(-0.,-0.,-1.));
#3299 = DIRECTION('',(1.,0.,0.));
#3300 = DEFINITIONAL_REPRESENTATION('',(#3301),#3304);
#3301 = B_SPLINE_CURVE_WITH_KNOTS('',1,(#3302,#3303),.UNSPECIFIED.,.F.,
  .F.,(2,2),(-16.0000006,-1.05),.PIECEWISE_BEZIER_KNOTS.);
#3302 = CARTESIAN_POINT('',(-1.58808825481,-16.0000006));
#3303 = CARTESIAN_POINT('',(-1.58808825481,-1.05));
#3304 = ( GEOMETRIC_REPRESENTATION_CONTEXT(2) 
PARAMETRIC_REPRESENTATION_CONTEXT() REPRESENTATION_CONTEXT('2D SPACE',''
  ) );
#3305 = ORIENTED_EDGE('',*,*,#3306,.F.);
#3306 = EDGE_CURVE('',#3201,#3281,#3307,.T.);
#3307 = SURFACE_CURVE('',#3308,(#3312,#3318),.PCURVE_S1.);
#3308 = LINE('',#3309,#3310);
#3309 = CARTESIAN_POINT('',(-1.8,51.55,18.));
#3310 = VECTOR('',#3311,1.);
#3311 = DIRECTION('',(-1.110223024625E-16,-1.,0.));
#3312 = PCURVE('',#1082,#3313);
#3313 = DEFINITIONAL_REPRESENTATION('',(#3314),#3317);
#3314 = B_SPLINE_CURVE_WITH_KNOTS('',1,(#3315,#3316),.UNSPECIFIED.,.F.,
  .F.,(2,2),(-53.55,-51.55),.PIECEWISE_BEZIER_KNOTS.);
#3315 = CARTESIAN_POINT('',(13.5,2.));
#3316 = CARTESIAN_POINT('',(13.5,0.));
#3317 = ( GEOMETRIC_REPRESENTATION_CONTEXT(2) 
PARAMETRIC_REPRESENTATION_CONTEXT() REPRESENTATION_CONTEXT('2D SPACE',''
  ) );
#3318 = PCURVE('',#3217,#3319);
#3319 = DEFINITIONAL_REPRESENTATION('',(#3320),#3323);
#3320 = B_SPLINE_CURVE_WITH_KNOTS('',1,(#3321,#3322),.UNSPECIFIED.,.F.,
  .F.,(2,2),(-53.55,-51.55),.PIECEWISE_BEZIER_KNOTS.);
#3321 = CARTESIAN_POINT('',(-1.8,105.1));
#3322 = CARTESIAN_POINT('',(-1.8,103.1));
#3323 = ( GEOMETRIC_REPRESENTATION_CONTEXT(2) 
PARAMETRIC_REPRESENTATION_CONTEXT() REPRESENTATION_CONTEXT('2D SPACE',''
  ) );
#3324 = ORIENTED_EDGE('',*,*,#3229,.F.);
#3325 = ORIENTED_EDGE('',*,*,#1069,.T.);
#3326 = ADVANCED_FACE('',(#3327),#1053,.T.);
#3327 = FACE_BOUND('',#3328,.T.);
#3328 = EDGE_LOOP('',(#3329,#3330,#3358,#3379));
#3329 = ORIENTED_EDGE('',*,*,#3257,.F.);
#3330 = ORIENTED_EDGE('',*,*,#3331,.T.);
#3331 = EDGE_CURVE('',#3258,#3332,#3334,.T.);
#3332 = VERTEX_POINT('',#3333);
#3333 = CARTESIAN_POINT('',(1.8,104.08443687698,4.5));
#3334 = SURFACE_CURVE('',#3335,(#3340,#3351),.PCURVE_S1.);
#3335 = CIRCLE('',#3336,104.1);
#3336 = AXIS2_PLACEMENT_3D('',#3337,#3338,#3339);
#3337 = CARTESIAN_POINT('',(4.990604796862E-13,5.37780689317E-15,4.5));
#3338 = DIRECTION('',(0.,0.,-1.));
#3339 = DIRECTION('',(1.,0.,0.));
#3340 = PCURVE('',#1053,#3341);
#3341 = DEFINITIONAL_REPRESENTATION('',(#3342),#3350);
#3342 = ( BOUNDED_CURVE() B_SPLINE_CURVE(2,(#3343,#3344,#3345,#3346,
#3347,#3348,#3349),.UNSPECIFIED.,.T.,.F.) B_SPLINE_CURVE_WITH_KNOTS((1,2
    ,2,2,2,1),(-2.094395102393,0.,2.094395102393,4.188790204786,
6.28318530718,8.377580409573),.UNSPECIFIED.) CURVE() 
GEOMETRIC_REPRESENTATION_ITEM() RATIONAL_B_SPLINE_CURVE((1.,0.5,1.,0.5,
1.,0.5,1.)) REPRESENTATION_ITEM('') );
#3343 = CARTESIAN_POINT('',(-103.1,-102.3));
#3344 = CARTESIAN_POINT('',(-283.4064890679,-102.3));
#3345 = CARTESIAN_POINT('',(-193.2532445339,53.849999999999));
#3346 = CARTESIAN_POINT('',(-103.1,209.99999999999));
#3347 = CARTESIAN_POINT('',(-12.94675546604,53.85));
#3348 = CARTESIAN_POINT('',(77.20648906792,-102.3));
#3349 = CARTESIAN_POINT('',(-103.1,-102.3));
#3350 = ( GEOMETRIC_REPRESENTATION_CONTEXT(2) 
PARAMETRIC_REPRESENTATION_CONTEXT() REPRESENTATION_CONTEXT('2D SPACE',''
  ) );
#3351 = PCURVE('',#3295,#3352);
#3352 = DEFINITIONAL_REPRESENTATION('',(#3353),#3357);
#3353 = LINE('',#3354,#3355);
#3354 = CARTESIAN_POINT('',(-6.28318530718,-2.5));
#3355 = VECTOR('',#3356,1.);
#3356 = DIRECTION('',(1.,-0.));
#3357 = ( GEOMETRIC_REPRESENTATION_CONTEXT(2) 
PARAMETRIC_REPRESENTATION_CONTEXT() REPRESENTATION_CONTEXT('2D SPACE',''
  ) );
#3358 = ORIENTED_EDGE('',*,*,#3359,.T.);
#3359 = EDGE_CURVE('',#3332,#1011,#3360,.T.);
#3360 = SURFACE_CURVE('',#3361,(#3365,#3372),.PCURVE_S1.);
#3361 = LINE('',#3362,#3363);
#3362 = CARTESIAN_POINT('',(1.8,103.1,4.5));
#3363 = VECTOR('',#3364,1.);
#3364 = DIRECTION('',(1.110223024625E-16,1.,0.));
#3365 = PCURVE('',#1053,#3366);
#3366 = DEFINITIONAL_REPRESENTATION('',(#3367),#3371);
#3367 = LINE('',#3368,#3369);
#3368 = CARTESIAN_POINT('',(0.,0.));
#3369 = VECTOR('',#3370,1.);
#3370 = DIRECTION('',(1.,0.));
#3371 = ( GEOMETRIC_REPRESENTATION_CONTEXT(2) 
PARAMETRIC_REPRESENTATION_CONTEXT() REPRESENTATION_CONTEXT('2D SPACE',''
  ) );
#3372 = PCURVE('',#1025,#3373);
#3373 = DEFINITIONAL_REPRESENTATION('',(#3374),#3378);
#3374 = LINE('',#3375,#3376);
#3375 = CARTESIAN_POINT('',(0.,0.));
#3376 = VECTOR('',#3377,1.);
#3377 = DIRECTION('',(0.,1.));
#3378 = ( GEOMETRIC_REPRESENTATION_CONTEXT(2) 
PARAMETRIC_REPRESENTATION_CONTEXT() REPRESENTATION_CONTEXT('2D SPACE',''
  ) );
#3379 = ORIENTED_EDGE('',*,*,#1036,.F.);
#3380 = ADVANCED_FACE('',(#3381),#1025,.T.);
#3381 = FACE_BOUND('',#3382,.T.);
#3382 = EDGE_LOOP('',(#3383,#3384,#3405,#3426,#3451));
#3383 = ORIENTED_EDGE('',*,*,#3359,.F.);
#3384 = ORIENTED_EDGE('',*,*,#3385,.F.);
#3385 = EDGE_CURVE('',#3386,#3332,#3388,.T.);
#3386 = VERTEX_POINT('',#3387);
#3387 = CARTESIAN_POINT('',(1.8,104.08443687698,18.));
#3388 = SURFACE_CURVE('',#3389,(#3393,#3399),.PCURVE_S1.);
#3389 = LINE('',#3390,#3391);
#3390 = CARTESIAN_POINT('',(1.8,104.08443687698,2.));
#3391 = VECTOR('',#3392,1.);
#3392 = DIRECTION('',(-0.,-0.,-1.));
#3393 = PCURVE('',#1025,#3394);
#3394 = DEFINITIONAL_REPRESENTATION('',(#3395),#3398);
#3395 = B_SPLINE_CURVE_WITH_KNOTS('',1,(#3396,#3397),.UNSPECIFIED.,.F.,
  .F.,(2,2),(-16.0000006,-1.05),.PIECEWISE_BEZIER_KNOTS.);
#3396 = CARTESIAN_POINT('',(13.5000006,0.984436876989));
#3397 = CARTESIAN_POINT('',(-1.45,0.984436876989));
#3398 = ( GEOMETRIC_REPRESENTATION_CONTEXT(2) 
PARAMETRIC_REPRESENTATION_CONTEXT() REPRESENTATION_CONTEXT('2D SPACE',''
  ) );
#3399 = PCURVE('',#3295,#3400);
#3400 = DEFINITIONAL_REPRESENTATION('',(#3401),#3404);
#3401 = B_SPLINE_CURVE_WITH_KNOTS('',1,(#3402,#3403),.UNSPECIFIED.,.F.,
  .F.,(2,2),(-16.0000006,-1.05),.PIECEWISE_BEZIER_KNOTS.);
#3402 = CARTESIAN_POINT('',(-1.55350439878,-16.0000006));
#3403 = CARTESIAN_POINT('',(-1.55350439878,-1.05));
#3404 = ( GEOMETRIC_REPRESENTATION_CONTEXT(2) 
PARAMETRIC_REPRESENTATION_CONTEXT() REPRESENTATION_CONTEXT('2D SPACE',''
  ) );
#3405 = ORIENTED_EDGE('',*,*,#3406,.F.);
#3406 = EDGE_CURVE('',#3407,#3386,#3409,.T.);
#3407 = VERTEX_POINT('',#3408);
#3408 = CARTESIAN_POINT('',(1.8,105.084584978,18.));
#3409 = SURFACE_CURVE('',#3410,(#3414,#3420),.PCURVE_S1.);
#3410 = LINE('',#3411,#3412);
#3411 = CARTESIAN_POINT('',(1.8,51.55,18.));
#3412 = VECTOR('',#3413,1.);
#3413 = DIRECTION('',(-1.110223024625E-16,-1.,0.));
#3414 = PCURVE('',#1025,#3415);
#3415 = DEFINITIONAL_REPRESENTATION('',(#3416),#3419);
#3416 = B_SPLINE_CURVE_WITH_KNOTS('',1,(#3417,#3418),.UNSPECIFIED.,.F.,
  .F.,(2,2),(-53.55,-51.55),.PIECEWISE_BEZIER_KNOTS.);
#3417 = CARTESIAN_POINT('',(13.5,2.));
#3418 = CARTESIAN_POINT('',(13.5,0.));
#3419 = ( GEOMETRIC_REPRESENTATION_CONTEXT(2) 
PARAMETRIC_REPRESENTATION_CONTEXT() REPRESENTATION_CONTEXT('2D SPACE',''
  ) );
#3420 = PCURVE('',#3217,#3421);
#3421 = DEFINITIONAL_REPRESENTATION('',(#3422),#3425);
#3422 = B_SPLINE_CURVE_WITH_KNOTS('',1,(#3423,#3424),.UNSPECIFIED.,.F.,
  .F.,(2,2),(-53.55,-51.55),.PIECEWISE_BEZIER_KNOTS.);
#3423 = CARTESIAN_POINT('',(1.8,105.1));
#3424 = CARTESIAN_POINT('',(1.8,103.1));
#3425 = ( GEOMETRIC_REPRESENTATION_CONTEXT(2) 
PARAMETRIC_REPRESENTATION_CONTEXT() REPRESENTATION_CONTEXT('2D SPACE',''
  ) );
#3426 = ORIENTED_EDGE('',*,*,#3427,.F.);
#3427 = EDGE_CURVE('',#982,#3407,#3428,.T.);
#3428 = SURFACE_CURVE('',#3429,(#3434,#3441),.PCURVE_S1.);
#3429 = HYPERBOLA('',#3430,1.8,1.8);
#3430 = AXIS2_PLACEMENT_3D('',#3431,#3432,#3433);
#3431 = CARTESIAN_POINT('',(1.8,-1.998401444325E-16,123.1));
#3432 = DIRECTION('',(-1.,1.110223024625E-16,0.));
#3433 = DIRECTION('',(-0.,0.,-1.));
#3434 = PCURVE('',#1025,#3435);
#3435 = DEFINITIONAL_REPRESENTATION('',(#3436),#3440);
#3436 = ( BOUNDED_CURVE() B_SPLINE_CURVE(2,(#3437,#3438,#3439),
.UNSPECIFIED.,.F.,.F.) B_SPLINE_CURVE_WITH_KNOTS((3,3),(-4.765892901143,
-4.760199455828),.PIECEWISE_BEZIER_KNOTS.) CURVE() 
GEOMETRIC_REPRESENTATION_ITEM() RATIONAL_B_SPLINE_CURVE((1.,
1.000004051918,1.)) REPRESENTATION_ITEM('') );
#3437 = CARTESIAN_POINT('',(12.9,2.584672493224));
#3438 = CARTESIAN_POINT('',(13.200854139055,2.283774721126));
#3439 = CARTESIAN_POINT('',(13.5,1.984584978007));
#3440 = ( GEOMETRIC_REPRESENTATION_CONTEXT(2) 
PARAMETRIC_REPRESENTATION_CONTEXT() REPRESENTATION_CONTEXT('2D SPACE',''
  ) );
#3441 = PCURVE('',#998,#3442);
#3442 = DEFINITIONAL_REPRESENTATION('',(#3443),#3450);
#3443 = B_SPLINE_CURVE_WITH_KNOTS('',5,(#3444,#3445,#3446,#3447,#3448,
    #3449),.UNSPECIFIED.,.F.,.F.,(6,6),(-4.765892901143,-4.760199455828)
  ,.PIECEWISE_BEZIER_KNOTS.);
#3444 = CARTESIAN_POINT('',(-1.553766175321,-1.7763568394E-14));
#3445 = CARTESIAN_POINT('',(-1.553746784211,-0.120341980698));
#3446 = CARTESIAN_POINT('',(-1.553727365505,-0.240512646433));
#3447 = CARTESIAN_POINT('',(-1.55370791915,-0.36051232228));
#3448 = CARTESIAN_POINT('',(-1.553688445093,-0.480341332392));
#3449 = CARTESIAN_POINT('',(-1.553668943282,-0.6));
#3450 = ( GEOMETRIC_REPRESENTATION_CONTEXT(2) 
PARAMETRIC_REPRESENTATION_CONTEXT() REPRESENTATION_CONTEXT('2D SPACE',''
  ) );
#3451 = ORIENTED_EDGE('',*,*,#1010,.T.);
#3452 = ADVANCED_FACE('',(#3453),#998,.T.);
#3453 = FACE_BOUND('',#3454,.T.);
#3454 = EDGE_LOOP('',(#3455,#3456,#3457,#3479));
#3455 = ORIENTED_EDGE('',*,*,#981,.T.);
#3456 = ORIENTED_EDGE('',*,*,#3427,.T.);
#3457 = ORIENTED_EDGE('',*,*,#3458,.F.);
#3458 = EDGE_CURVE('',#3180,#3407,#3459,.T.);
#3459 = SURFACE_CURVE('',#3460,(#3465,#3472),.PCURVE_S1.);
#3460 = CIRCLE('',#3461,105.1);
#3461 = AXIS2_PLACEMENT_3D('',#3462,#3463,#3464);
#3462 = CARTESIAN_POINT('',(0.,0.,18.));
#3463 = DIRECTION('',(0.,0.,1.));
#3464 = DIRECTION('',(1.,0.,-0.));
#3465 = PCURVE('',#998,#3466);
#3466 = DEFINITIONAL_REPRESENTATION('',(#3467),#3471);
#3467 = LINE('',#3468,#3469);
#3468 = CARTESIAN_POINT('',(-0.,-0.6));
#3469 = VECTOR('',#3470,1.);
#3470 = DIRECTION('',(-1.,-0.));
#3471 = ( GEOMETRIC_REPRESENTATION_CONTEXT(2) 
PARAMETRIC_REPRESENTATION_CONTEXT() REPRESENTATION_CONTEXT('2D SPACE',''
  ) );
#3472 = PCURVE('',#3217,#3473);
#3473 = DEFINITIONAL_REPRESENTATION('',(#3474),#3478);
#3474 = CIRCLE('',#3475,105.1);
#3475 = AXIS2_PLACEMENT_2D('',#3476,#3477);
#3476 = CARTESIAN_POINT('',(9.935610423749E-15,4.314838888996E-15));
#3477 = DIRECTION('',(1.,0.));
#3478 = ( GEOMETRIC_REPRESENTATION_CONTEXT(2) 
PARAMETRIC_REPRESENTATION_CONTEXT() REPRESENTATION_CONTEXT('2D SPACE',''
  ) );
#3479 = ORIENTED_EDGE('',*,*,#3179,.F.);
#3480 = ADVANCED_FACE('',(#3481),#1207,.F.);
#3481 = FACE_BOUND('',#3482,.T.);
#3482 = EDGE_LOOP('',(#3483,#3650,#3671,#3672));
#3483 = ORIENTED_EDGE('',*,*,#3484,.F.);
#3484 = EDGE_CURVE('',#3485,#3485,#3487,.T.);
#3485 = VERTEX_POINT('',#3486);
#3486 = CARTESIAN_POINT('',(79.244459025086,-67.50648645738,11.));
#3487 = SURFACE_CURVE('',#3488,(#3540,#3595),.PCURVE_S1.);
#3488 = B_SPLINE_CURVE_WITH_KNOTS('',8,(#3489,#3490,#3491,#3492,#3493,
    #3494,#3495,#3496,#3497,#3498,#3499,#3500,#3501,#3502,#3503,#3504,
    #3505,#3506,#3507,#3508,#3509,#3510,#3511,#3512,#3513,#3514,#3515,
    #3516,#3517,#3518,#3519,#3520,#3521,#3522,#3523,#3524,#3525,#3526,
    #3527,#3528,#3529,#3530,#3531,#3532,#3533,#3534,#3535,#3536,#3537,
    #3538,#3539),.UNSPECIFIED.,.T.,.F.,(9,7,7,7,7,7,7,9),(0.,
    0.153485297628,0.285222156719,0.421097620951,0.589595928395,
    0.714811799595,0.836753707808,1.),.UNSPECIFIED.);
#3489 = CARTESIAN_POINT('',(79.244459025085,-67.50648645738,11.));
#3490 = CARTESIAN_POINT('',(79.244459025085,-67.50648645738,
    11.238239748948));
#3491 = CARTESIAN_POINT('',(79.226111501097,-67.52802416889,
    11.477701209817));
#3492 = CARTESIAN_POINT('',(79.18908869575,-67.57148472559,
    11.715939058809));
#3493 = CARTESIAN_POINT('',(79.132818131158,-67.63747276066,
    11.950283387738));
#3494 = CARTESIAN_POINT('',(79.056563499487,-67.7267151356,
    12.177557198256));
#3495 = CARTESIAN_POINT('',(78.959471503063,-67.83998635974,
    12.393873179494));
#3496 = CARTESIAN_POINT('',(78.840678085867,-67.97796666828,
    12.594299014188));
#3497 = CARTESIAN_POINT('',(78.578451887233,-68.28082553101,
    12.924856598127));
#3498 = CARTESIAN_POINT('',(78.436241459028,-68.44449768412,
    13.066792344557));
#3499 = CARTESIAN_POINT('',(78.274822942068,-68.62943445589,
    13.185879258512));
#3500 = CARTESIAN_POINT('',(78.097872151246,-68.8310180438,
    13.272990730906));
#3501 = CARTESIAN_POINT('',(77.910563570359,-69.04298169142,
    13.32201316544));
#3502 = CARTESIAN_POINT('',(77.718961925183,-69.25830763906,
    13.329997173446));
#3503 = CARTESIAN_POINT('',(77.529428647259,-69.46993081325,
    13.297299729769));
#3504 = CARTESIAN_POINT('',(77.160601273197,-69.87939539911,
    13.155997584003));
#3505 = CARTESIAN_POINT('',(76.988158009252,-70.06955405957,
    13.047470895862));
#3506 = CARTESIAN_POINT('',(76.832684812491,-70.23996018945,
    12.909727270072));
#3507 = CARTESIAN_POINT('',(76.695287745301,-70.38978800196,
    12.749131579125));
#3508 = CARTESIAN_POINT('',(76.576417374893,-70.51888483634,
    12.571220699611));
#3509 = CARTESIAN_POINT('',(76.476041590307,-70.62755234064,
    12.380859954671));
#3510 = CARTESIAN_POINT('',(76.393722807497,-70.71646381607,
    12.182305127574));
#3511 = CARTESIAN_POINT('',(76.248104325411,-70.87348334243,
    11.727537529261));
#3512 = CARTESIAN_POINT('',(76.193248663259,-70.93240698366,
    11.466219113131));
#3513 = CARTESIAN_POINT('',(76.162908674262,-70.96492336622,
    11.199633595737));
#3514 = CARTESIAN_POINT('',(76.156406467427,-70.9718826469,
    10.930789254049));
#3515 = CARTESIAN_POINT('',(76.1736108519,-70.95345410145,
    10.662361591335));
#3516 = CARTESIAN_POINT('',(76.214898223631,-70.9091773141,
    10.397187612212));
#3517 = CARTESIAN_POINT('',(76.281086748167,-70.83801405625,
    10.138733037882));
#3518 = CARTESIAN_POINT('',(76.441894657082,-70.66439640667,
    9.708587373321));
#3519 = CARTESIAN_POINT('',(76.525474992138,-70.57399370822,
    9.529973139854));
#3520 = CARTESIAN_POINT('',(76.624619275929,-70.46649612275,
    9.35945325096));
#3521 = CARTESIAN_POINT('',(76.739550176199,-70.34148875989,
    9.200720500674));
#3522 = CARTESIAN_POINT('',(76.870145447572,-70.19888138348,
    9.05784694017));
#3523 = CARTESIAN_POINT('',(77.015880106465,-70.03897647801,
    8.935332654464));
#3524 = CARTESIAN_POINT('',(77.175709931456,-69.8626220766,
    8.838214109646));
#3525 = CARTESIAN_POINT('',(77.515522566713,-69.48536905865,
    8.708027854783));
#3526 = CARTESIAN_POINT('',(77.690639365969,-69.2899282991,
    8.674973504897));
#3527 = CARTESIAN_POINT('',(77.868324167488,-69.09043764765,
    8.676668339309));
#3528 = CARTESIAN_POINT('',(78.043276644553,-68.89275811448,
    8.713859203671));
#3529 = CARTESIAN_POINT('',(78.210330555345,-68.7028316257,
    8.784569005668));
#3530 = CARTESIAN_POINT('',(78.364970907238,-68.52605473187,
    8.88420404651));
#3531 = CARTESIAN_POINT('',(78.503759088914,-68.36668635034,
    9.005640147718));
#3532 = CARTESIAN_POINT('',(78.786367804289,-68.04101094747,
    9.318141945732));
#3533 = CARTESIAN_POINT('',(78.921771187177,-67.88395279856,
    9.525276334572));
#3534 = CARTESIAN_POINT('',(79.031809155556,-67.75567695183,
    9.75149078531));
#3535 = CARTESIAN_POINT('',(79.11791963327,-67.65494078987,
    9.990520081703));
#3536 = CARTESIAN_POINT('',(79.181448759648,-67.5804532892,
    10.23784525542));
#3537 = CARTESIAN_POINT('',(79.223429758601,-67.53117213807,
    10.490146451112));
#3538 = CARTESIAN_POINT('',(79.244459025085,-67.50648645738,
    10.744943848071));
#3539 = CARTESIAN_POINT('',(79.244459025085,-67.50648645738,11.));
#3540 = PCURVE('',#1207,#3541);
#3541 = DEFINITIONAL_REPRESENTATION('',(#3542),#3594);
#3542 = B_SPLINE_CURVE_WITH_KNOTS('',8,(#3543,#3544,#3545,#3546,#3547,
    #3548,#3549,#3550,#3551,#3552,#3553,#3554,#3555,#3556,#3557,#3558,
    #3559,#3560,#3561,#3562,#3563,#3564,#3565,#3566,#3567,#3568,#3569,
    #3570,#3571,#3572,#3573,#3574,#3575,#3576,#3577,#3578,#3579,#3580,
    #3581,#3582,#3583,#3584,#3585,#3586,#3587,#3588,#3589,#3590,#3591,
    #3592,#3593),.UNSPECIFIED.,.F.,.F.,(9,7,7,7,7,7,7,9),(0.,
    0.153485297628,0.285222156719,0.421097620951,0.589595928395,
    0.714811799595,0.836753707808,1.),.UNSPECIFIED.);
#3543 = CARTESIAN_POINT('',(0.,-0.668588696195));
#3544 = CARTESIAN_POINT('',(-0.103582499542,-0.668588696195));
#3545 = CARTESIAN_POINT('',(-0.207695696836,-0.670844499425));
#3546 = CARTESIAN_POINT('',(-0.312972727678,-0.675396677056));
#3547 = CARTESIAN_POINT('',(-0.420012337971,-0.68226796633));
#3548 = CARTESIAN_POINT('',(-0.529441154518,-0.691451687664));
#3549 = CARTESIAN_POINT('',(-0.641941498366,-0.702892129303));
#3550 = CARTESIAN_POINT('',(-0.758314208414,-0.716459310278));
#3551 = CARTESIAN_POINT('',(-0.983785309252,-0.745190942596));
#3552 = CARTESIAN_POINT('',(-1.095580641805,-0.760366673816));
#3553 = CARTESIAN_POINT('',(-1.212350502187,-0.77699659127));
#3554 = CARTESIAN_POINT('',(-1.332392297226,-0.794414609136));
#3555 = CARTESIAN_POINT('',(-1.454473222839,-0.811848374015));
#3556 = CARTESIAN_POINT('',(-1.577523562939,-0.828623989161));
#3557 = CARTESIAN_POINT('',(-1.700515222222,-0.844243904606));
#3558 = CARTESIAN_POINT('',(-1.94755267216,-0.872978752642));
#3559 = CARTESIAN_POINT('',(-2.067263331357,-0.885505429644));
#3560 = CARTESIAN_POINT('',(-2.182200039231,-0.896064607917));
#3561 = CARTESIAN_POINT('',(-2.292972035986,-0.904854472228));
#3562 = CARTESIAN_POINT('',(-2.400024116676,-0.912085674254));
#3563 = CARTESIAN_POINT('',(-2.503693485633,-0.917948805489));
#3564 = CARTESIAN_POINT('',(-2.604219088485,-0.922610543142));
#3565 = CARTESIAN_POINT('',(-2.822741558835,-0.930672298863));
#3566 = CARTESIAN_POINT('',(-2.940439046973,-0.933548794457));
#3567 = CARTESIAN_POINT('',(-3.056238767696,-0.9350877371));
#3568 = CARTESIAN_POINT('',(-3.171249025869,-0.935410937118));
#3569 = CARTESIAN_POINT('',(-3.286497885645,-0.93454532459));
#3570 = CARTESIAN_POINT('',(-3.402998220776,-0.932431488532));
#3571 = CARTESIAN_POINT('',(-3.521813426282,-0.928913820874));
#3572 = CARTESIAN_POINT('',(-3.735231694585,-0.919855966386));
#3573 = CARTESIAN_POINT('',(-3.829052317227,-0.915031826968));
#3574 = CARTESIAN_POINT('',(-3.925775733798,-0.909125150699));
#3575 = CARTESIAN_POINT('',(-4.025531914019,-0.902000015678));
#3576 = CARTESIAN_POINT('',(-4.128547818927,-0.893506174748));
#3577 = CARTESIAN_POINT('',(-4.235142246062,-0.883486297297));
#3578 = CARTESIAN_POINT('',(-4.3457522863,-0.871801657259));
#3579 = CARTESIAN_POINT('',(-4.573355910038,-0.845327308766));
#3580 = CARTESIAN_POINT('',(-4.687273714078,-0.830956098623));
#3581 = CARTESIAN_POINT('',(-4.801565022345,-0.815537034267));
#3582 = CARTESIAN_POINT('',(-4.915238438163,-0.79946657878));
#3583 = CARTESIAN_POINT('',(-5.027314365907,-0.783293223781));
#3584 = CARTESIAN_POINT('',(-5.136675679373,-0.767640324864));
#3585 = CARTESIAN_POINT('',(-5.241868718106,-0.753087925988));
#3586 = CARTESIAN_POINT('',(-5.473025159055,-0.722635179214));
#3587 = CARTESIAN_POINT('',(-5.59870329928,-0.707322947321));
#3588 = CARTESIAN_POINT('',(-5.719311850861,-0.694426819862));
#3589 = CARTESIAN_POINT('',(-5.835988313637,-0.684084899353));
#3590 = CARTESIAN_POINT('',(-5.949733407208,-0.67633615858));
#3591 = CARTESIAN_POINT('',(-6.061510685579,-0.671174171468));
#3592 = CARTESIAN_POINT('',(-6.17229132808,-0.668588696195));
#3593 = CARTESIAN_POINT('',(-6.28318530718,-0.668588696195));
#3594 = ( GEOMETRIC_REPRESENTATION_CONTEXT(2) 
PARAMETRIC_REPRESENTATION_CONTEXT() REPRESENTATION_CONTEXT('2D SPACE',''
  ) );
#3595 = PCURVE('',#3295,#3596);
#3596 = DEFINITIONAL_REPRESENTATION('',(#3597),#3649);
#3597 = B_SPLINE_CURVE_WITH_KNOTS('',8,(#3598,#3599,#3600,#3601,#3602,
    #3603,#3604,#3605,#3606,#3607,#3608,#3609,#3610,#3611,#3612,#3613,
    #3614,#3615,#3616,#3617,#3618,#3619,#3620,#3621,#3622,#3623,#3624,
    #3625,#3626,#3627,#3628,#3629,#3630,#3631,#3632,#3633,#3634,#3635,
    #3636,#3637,#3638,#3639,#3640,#3641,#3642,#3643,#3644,#3645,#3646,
    #3647,#3648),.UNSPECIFIED.,.T.,.F.,(9,7,7,7,7,7,7,9),(0.,
    0.153485297628,0.285222156719,0.421097620951,0.589595928395,
    0.714811799595,0.836753707808,1.),.UNSPECIFIED.);
#3598 = CARTESIAN_POINT('',(-5.577602889728,-9.));
#3599 = CARTESIAN_POINT('',(-5.577602889728,-9.238239748948));
#3600 = CARTESIAN_POINT('',(-5.577331101145,-9.477701209817));
#3601 = CARTESIAN_POINT('',(-5.576782665985,-9.715939058809));
#3602 = CARTESIAN_POINT('',(-5.575949596621,-9.950283387738));
#3603 = CARTESIAN_POINT('',(-5.574821991146,-10.17755719825));
#3604 = CARTESIAN_POINT('',(-5.573388867971,-10.39387317949));
#3605 = CARTESIAN_POINT('',(-5.571639858257,-10.59429901418));
#3606 = CARTESIAN_POINT('',(-5.567791566934,-10.92485659812));
#3607 = CARTESIAN_POINT('',(-5.565708732582,-11.06679234455));
#3608 = CARTESIAN_POINT('',(-5.563350681868,-11.18587925851));
#3609 = CARTESIAN_POINT('',(-5.560774043124,-11.2729907309));
#3610 = CARTESIAN_POINT('',(-5.558056823482,-11.32201316544));
#3611 = CARTESIAN_POINT('',(-5.555288068669,-11.32999717344));
#3612 = CARTESIAN_POINT('',(-5.552559067415,-11.29729972976));
#3613 = CARTESIAN_POINT('',(-5.547265261623,-11.155997584));
#3614 = CARTESIAN_POINT('',(-5.544799337919,-11.04747089586));
#3615 = CARTESIAN_POINT('',(-5.542583471476,-10.90972727007));
#3616 = CARTESIAN_POINT('',(-5.540630659099,-10.74913157912));
#3617 = CARTESIAN_POINT('',(-5.538944896359,-10.57122069961));
#3618 = CARTESIAN_POINT('',(-5.537523839934,-10.38085995467));
#3619 = CARTESIAN_POINT('',(-5.536359884608,-10.18230512757));
#3620 = CARTESIAN_POINT('',(-5.534302735845,-9.727537529261));
#3621 = CARTESIAN_POINT('',(-5.533529389271,-9.466219113131));
#3622 = CARTESIAN_POINT('',(-5.533102176838,-9.199633595737));
#3623 = CARTESIAN_POINT('',(-5.533010685679,-8.930789254049));
#3624 = CARTESIAN_POINT('',(-5.533252868165,-8.662361591335));
#3625 = CARTESIAN_POINT('',(-5.533834423473,-8.397187612212));
#3626 = CARTESIAN_POINT('',(-5.534768005142,-8.138733037882));
#3627 = CARTESIAN_POINT('',(-5.537041280755,-7.708587373321));
#3628 = CARTESIAN_POINT('',(-5.538223980872,-7.529973139854));
#3629 = CARTESIAN_POINT('',(-5.539628755236,-7.35945325096));
#3630 = CARTESIAN_POINT('',(-5.541259985628,-7.200720500674));
#3631 = CARTESIAN_POINT('',(-5.543117518746,-7.05784694017));
#3632 = CARTESIAN_POINT('',(-5.545195815343,-6.935332654464));
#3633 = CARTESIAN_POINT('',(-5.54748211728,-6.838214109646));
#3634 = CARTESIAN_POINT('',(-5.552359472442,-6.708027854783));
#3635 = CARTESIAN_POINT('',(-5.554880285905,-6.674973504897));
#3636 = CARTESIAN_POINT('',(-5.557446536312,-6.676668339309));
#3637 = CARTESIAN_POINT('',(-5.559982345298,-6.713859203671));
#3638 = CARTESIAN_POINT('',(-5.562412113099,-6.784569005668));
#3639 = CARTESIAN_POINT('',(-5.564668295764,-6.88420404651));
#3640 = CARTESIAN_POINT('',(-5.566698361365,-7.005640147718));
#3641 = CARTESIAN_POINT('',(-5.57084051803,-7.318141945732));
#3642 = CARTESIAN_POINT('',(-5.572832511883,-7.525276334572));
#3643 = CARTESIAN_POINT('',(-5.574456003094,-7.75149078531));
#3644 = CARTESIAN_POINT('',(-5.57572905298,-7.990520081703));
#3645 = CARTESIAN_POINT('',(-5.576669491146,-8.23784525542));
#3646 = CARTESIAN_POINT('',(-5.577291375972,-8.490146451112));
#3647 = CARTESIAN_POINT('',(-5.577602889728,-8.744943848071));
#3648 = CARTESIAN_POINT('',(-5.577602889728,-9.));
#3649 = ( GEOMETRIC_REPRESENTATION_CONTEXT(2) 
PARAMETRIC_REPRESENTATION_CONTEXT() REPRESENTATION_CONTEXT('2D SPACE',''
  ) );
#3650 = ORIENTED_EDGE('',*,*,#3651,.T.);
#3651 = EDGE_CURVE('',#3485,#1096,#3652,.T.);
#3652 = SEAM_CURVE('',#3653,(#3657,#3664),.PCURVE_S1.);
#3653 = LINE('',#3654,#3655);
#3654 = CARTESIAN_POINT('',(78.771695424181,-67.03372285648,11.));
#3655 = VECTOR('',#3656,1.);
#3656 = DIRECTION('',(0.707106781187,-0.707106781187,0.));
#3657 = PCURVE('',#1207,#3658);
#3658 = DEFINITIONAL_REPRESENTATION('',(#3659),#3663);
#3659 = LINE('',#3660,#3661);
#3660 = CARTESIAN_POINT('',(-6.28318530718,0.));
#3661 = VECTOR('',#3662,1.);
#3662 = DIRECTION('',(-0.,-1.));
#3663 = ( GEOMETRIC_REPRESENTATION_CONTEXT(2) 
PARAMETRIC_REPRESENTATION_CONTEXT() REPRESENTATION_CONTEXT('2D SPACE',''
  ) );
#3664 = PCURVE('',#1207,#3665);
#3665 = DEFINITIONAL_REPRESENTATION('',(#3666),#3670);
#3666 = LINE('',#3667,#3668);
#3667 = CARTESIAN_POINT('',(-0.,0.));
#3668 = VECTOR('',#3669,1.);
#3669 = DIRECTION('',(-0.,-1.));
#3670 = ( GEOMETRIC_REPRESENTATION_CONTEXT(2) 
PARAMETRIC_REPRESENTATION_CONTEXT() REPRESENTATION_CONTEXT('2D SPACE',''
  ) );
#3671 = ORIENTED_EDGE('',*,*,#1095,.T.);
#3672 = ORIENTED_EDGE('',*,*,#3651,.F.);
#3673 = ADVANCED_FACE('',(#3674),#1381,.F.);
#3674 = FACE_BOUND('',#3675,.T.);
#3675 = EDGE_LOOP('',(#3676,#3843,#3864,#3865));
#3676 = ORIENTED_EDGE('',*,*,#3677,.F.);
#3677 = EDGE_CURVE('',#3678,#3678,#3680,.T.);
#3678 = VERTEX_POINT('',#3679);
#3679 = CARTESIAN_POINT('',(67.506486457389,79.244459025085,11.));
#3680 = SURFACE_CURVE('',#3681,(#3733,#3788),.PCURVE_S1.);
#3681 = B_SPLINE_CURVE_WITH_KNOTS('',8,(#3682,#3683,#3684,#3685,#3686,
    #3687,#3688,#3689,#3690,#3691,#3692,#3693,#3694,#3695,#3696,#3697,
    #3698,#3699,#3700,#3701,#3702,#3703,#3704,#3705,#3706,#3707,#3708,
    #3709,#3710,#3711,#3712,#3713,#3714,#3715,#3716,#3717,#3718,#3719,
    #3720,#3721,#3722,#3723,#3724,#3725,#3726,#3727,#3728,#3729,#3730,
    #3731,#3732),.UNSPECIFIED.,.T.,.F.,(9,7,7,7,7,7,7,9),(0.,
    0.153485298225,0.285222158433,0.421097623288,0.589595931504,
    0.714811803229,0.836753711543,1.),.UNSPECIFIED.);
#3682 = CARTESIAN_POINT('',(67.506486457389,79.244459025085,11.));
#3683 = CARTESIAN_POINT('',(67.506486457389,79.244459025085,
    11.238239748946));
#3684 = CARTESIAN_POINT('',(67.528024168898,79.226111501097,
    11.477701209815));
#3685 = CARTESIAN_POINT('',(67.57148472559,79.189088695751,
    11.715939058807));
#3686 = CARTESIAN_POINT('',(67.637472760663,79.132818131159,
    11.950283387737));
#3687 = CARTESIAN_POINT('',(67.7267151356,79.056563499487,
    12.177557198258));
#3688 = CARTESIAN_POINT('',(67.83998635975,78.959471503062,
    12.393873179496));
#3689 = CARTESIAN_POINT('',(67.977966668285,78.840678085865,
    12.59429901419));
#3690 = CARTESIAN_POINT('',(68.280825531649,78.57845188668,
    12.924856598824));
#3691 = CARTESIAN_POINT('',(68.444497683793,78.436241459311,
    13.066792343857));
#3692 = CARTESIAN_POINT('',(68.629434455097,78.27482294276,
    13.185879258206));
#3693 = CARTESIAN_POINT('',(68.831018043789,78.097872151278,
    13.272990731372));
#3694 = CARTESIAN_POINT('',(69.042981692279,77.910563569606,
    13.322013165618));
#3695 = CARTESIAN_POINT('',(69.258307639463,77.718961924812,
    13.329997172995));
#3696 = CARTESIAN_POINT('',(69.469930812468,77.529428647965,
    13.297299730039));
#3697 = CARTESIAN_POINT('',(69.879395399118,77.160601273197,
    13.155997584003));
#3698 = CARTESIAN_POINT('',(70.069554059571,76.988158009252,
    13.047470895862));
#3699 = CARTESIAN_POINT('',(70.239960189454,76.832684812491,
    12.909727270072));
#3700 = CARTESIAN_POINT('',(70.389788001964,76.695287745302,
    12.749131579125));
#3701 = CARTESIAN_POINT('',(70.518884836349,76.576417374893,
    12.571220699611));
#3702 = CARTESIAN_POINT('',(70.627552340647,76.476041590307,
    12.380859954671));
#3703 = CARTESIAN_POINT('',(70.716463816069,76.393722807497,
    12.182305127574));
#3704 = CARTESIAN_POINT('',(70.873483342433,76.248104325411,
    11.72753752926));
#3705 = CARTESIAN_POINT('',(70.932406983664,76.19324866326,
    11.466219113131));
#3706 = CARTESIAN_POINT('',(70.964923366221,76.162908674261,
    11.199633595737));
#3707 = CARTESIAN_POINT('',(70.971882646904,76.156406467427,
    10.930789254048));
#3708 = CARTESIAN_POINT('',(70.953454101453,76.173610851901,
    10.662361591335));
#3709 = CARTESIAN_POINT('',(70.909177314101,76.214898223631,
    10.397187612213));
#3710 = CARTESIAN_POINT('',(70.838014056255,76.281086748167,
    10.138733037882));
#3711 = CARTESIAN_POINT('',(70.664396406706,76.441894657055,
    9.708587373393));
#3712 = CARTESIAN_POINT('',(70.573993708248,76.52547499212,
    9.529973139865));
#3713 = CARTESIAN_POINT('',(70.466496122732,76.624619275946,
    9.359453250915));
#3714 = CARTESIAN_POINT('',(70.341488759855,76.739550176239,
    9.200720500627));
#3715 = CARTESIAN_POINT('',(70.198881383458,76.870145447599,
    9.057846940165));
#3716 = CARTESIAN_POINT('',(70.03897647803,77.015880106446,
    8.935332654493));
#3717 = CARTESIAN_POINT('',(69.862622076662,77.175709931405,
    8.838214109666));
#3718 = CARTESIAN_POINT('',(69.485369059224,77.5155225662,8.70802785498)
  );
#3719 = CARTESIAN_POINT('',(69.289928298808,77.690639366244,
    8.674973504585));
#3720 = CARTESIAN_POINT('',(69.090437647049,77.868324168025,
    8.676668339415));
#3721 = CARTESIAN_POINT('',(68.892758114492,78.043276644541,
    8.713859203987));
#3722 = CARTESIAN_POINT('',(68.702831626289,78.210330554834,
    8.784569005472));
#3723 = CARTESIAN_POINT('',(68.526054732134,78.364970907019,
    8.884204046041));
#3724 = CARTESIAN_POINT('',(68.366686349857,78.503759089336,
    9.005640148184));
#3725 = CARTESIAN_POINT('',(68.041010952542,78.786367799887,
    9.318141940865));
#3726 = CARTESIAN_POINT('',(67.883952786831,78.921771197347,
    9.525276351284));
#3727 = CARTESIAN_POINT('',(67.755676960345,79.031809148195,
    9.751490765292));
#3728 = CARTESIAN_POINT('',(67.654940793441,79.117919630177,
    9.990520082879));
#3729 = CARTESIAN_POINT('',(67.58045328052,79.181448767162,
    10.237845275349));
#3730 = CARTESIAN_POINT('',(67.53117214199,79.223429755213,
    10.49014643179));
#3731 = CARTESIAN_POINT('',(67.506486457389,79.244459025085,
    10.744943854714));
#3732 = CARTESIAN_POINT('',(67.506486457389,79.244459025085,11.));
#3733 = PCURVE('',#1381,#3734);
#3734 = DEFINITIONAL_REPRESENTATION('',(#3735),#3787);
#3735 = B_SPLINE_CURVE_WITH_KNOTS('',8,(#3736,#3737,#3738,#3739,#3740,
    #3741,#3742,#3743,#3744,#3745,#3746,#3747,#3748,#3749,#3750,#3751,
    #3752,#3753,#3754,#3755,#3756,#3757,#3758,#3759,#3760,#3761,#3762,
    #3763,#3764,#3765,#3766,#3767,#3768,#3769,#3770,#3771,#3772,#3773,
    #3774,#3775,#3776,#3777,#3778,#3779,#3780,#3781,#3782,#3783,#3784,
    #3785,#3786),.UNSPECIFIED.,.F.,.F.,(9,7,7,7,7,7,7,9),(0.,
    0.153485298225,0.285222158433,0.421097623288,0.589595931504,
    0.714811803229,0.836753711543,1.),.UNSPECIFIED.);
#3736 = CARTESIAN_POINT('',(0.,-0.668588696195));
#3737 = CARTESIAN_POINT('',(-0.103582499542,-0.668588696195));
#3738 = CARTESIAN_POINT('',(-0.207695696835,-0.670844499425));
#3739 = CARTESIAN_POINT('',(-0.312972727677,-0.675396677056));
#3740 = CARTESIAN_POINT('',(-0.420012337971,-0.68226796633));
#3741 = CARTESIAN_POINT('',(-0.529441154519,-0.691451687664));
#3742 = CARTESIAN_POINT('',(-0.641941498366,-0.702892129303));
#3743 = CARTESIAN_POINT('',(-0.758314208415,-0.716459310278));
#3744 = CARTESIAN_POINT('',(-0.983785309728,-0.745190942657));
#3745 = CARTESIAN_POINT('',(-1.095580641465,-0.760366673781));
#3746 = CARTESIAN_POINT('',(-1.212350501774,-0.776996591199));
#3747 = CARTESIAN_POINT('',(-1.332392297262,-0.794414609146));
#3748 = CARTESIAN_POINT('',(-1.454473223265,-0.811848374083));
#3749 = CARTESIAN_POINT('',(-1.577523563218,-0.828623989182));
#3750 = CARTESIAN_POINT('',(-1.70051522175,-0.844243904551));
#3751 = CARTESIAN_POINT('',(-1.94755267216,-0.872978752642));
#3752 = CARTESIAN_POINT('',(-2.067263331357,-0.885505429643));
#3753 = CARTESIAN_POINT('',(-2.182200039231,-0.896064607917));
#3754 = CARTESIAN_POINT('',(-2.292972035986,-0.904854472228));
#3755 = CARTESIAN_POINT('',(-2.400024116676,-0.912085674254));
#3756 = CARTESIAN_POINT('',(-2.503693485633,-0.91794880549));
#3757 = CARTESIAN_POINT('',(-2.604219088484,-0.922610543142));
#3758 = CARTESIAN_POINT('',(-2.822741558835,-0.930672298863));
#3759 = CARTESIAN_POINT('',(-2.940439046973,-0.933548794457));
#3760 = CARTESIAN_POINT('',(-3.056238767696,-0.9350877371));
#3761 = CARTESIAN_POINT('',(-3.171249025869,-0.935410937118));
#3762 = CARTESIAN_POINT('',(-3.286497885645,-0.93454532459));
#3763 = CARTESIAN_POINT('',(-3.402998220776,-0.932431488532));
#3764 = CARTESIAN_POINT('',(-3.521813426282,-0.928913820874));
#3765 = CARTESIAN_POINT('',(-3.735231694549,-0.919855966388));
#3766 = CARTESIAN_POINT('',(-3.829052317217,-0.915031826969));
#3767 = CARTESIAN_POINT('',(-3.925775733819,-0.909125150698));
#3768 = CARTESIAN_POINT('',(-4.02553191405,-0.902000015675));
#3769 = CARTESIAN_POINT('',(-4.128547818942,-0.893506174746));
#3770 = CARTESIAN_POINT('',(-4.235142246046,-0.883486297298));
#3771 = CARTESIAN_POINT('',(-4.345752286266,-0.871801657263));
#3772 = CARTESIAN_POINT('',(-4.573355909695,-0.845327308806));
#3773 = CARTESIAN_POINT('',(-4.687273714282,-0.830956098607));
#3774 = CARTESIAN_POINT('',(-4.801565022657,-0.815537034218));
#3775 = CARTESIAN_POINT('',(-4.915238438184,-0.799466578775));
#3776 = CARTESIAN_POINT('',(-5.027314365603,-0.783293223831));
#3777 = CARTESIAN_POINT('',(-5.136675679134,-0.767640324892));
#3778 = CARTESIAN_POINT('',(-5.24186871845,-0.753087925942));
#3779 = CARTESIAN_POINT('',(-5.473025155455,-0.722635179689));
#3780 = CARTESIAN_POINT('',(-5.598703309777,-0.707322946213));
#3781 = CARTESIAN_POINT('',(-5.719311839995,-0.694426820675));
#3782 = CARTESIAN_POINT('',(-5.835988313116,-0.684084899687));
#3783 = CARTESIAN_POINT('',(-5.949733418091,-0.676336157752));
#3784 = CARTESIAN_POINT('',(-6.061510676215,-0.671174171844));
#3785 = CARTESIAN_POINT('',(-6.172291330968,-0.668588696195));
#3786 = CARTESIAN_POINT('',(-6.28318530718,-0.668588696195));
#3787 = ( GEOMETRIC_REPRESENTATION_CONTEXT(2) 
PARAMETRIC_REPRESENTATION_CONTEXT() REPRESENTATION_CONTEXT('2D SPACE',''
  ) );
#3788 = PCURVE('',#3295,#3789);
#3789 = DEFINITIONAL_REPRESENTATION('',(#3790),#3842);
#3790 = B_SPLINE_CURVE_WITH_KNOTS('',8,(#3791,#3792,#3793,#3794,#3795,
    #3796,#3797,#3798,#3799,#3800,#3801,#3802,#3803,#3804,#3805,#3806,
    #3807,#3808,#3809,#3810,#3811,#3812,#3813,#3814,#3815,#3816,#3817,
    #3818,#3819,#3820,#3821,#3822,#3823,#3824,#3825,#3826,#3827,#3828,
    #3829,#3830,#3831,#3832,#3833,#3834,#3835,#3836,#3837,#3838,#3839,
    #3840,#3841),.UNSPECIFIED.,.T.,.F.,(9,7,7,7,7,7,7,9),(0.,
    0.153485298225,0.285222158433,0.421097623288,0.589595931504,
    0.714811803229,0.836753711543,1.),.UNSPECIFIED.);
#3791 = CARTESIAN_POINT('',(-0.865213909343,-9.));
#3792 = CARTESIAN_POINT('',(-0.865213909343,-9.238239748946));
#3793 = CARTESIAN_POINT('',(-0.86494212076,-9.477701209815));
#3794 = CARTESIAN_POINT('',(-0.864393685601,-9.715939058807));
#3795 = CARTESIAN_POINT('',(-0.863560616236,-9.950283387737));
#3796 = CARTESIAN_POINT('',(-0.862433010762,-10.17755719825));
#3797 = CARTESIAN_POINT('',(-0.860999887587,-10.39387317949));
#3798 = CARTESIAN_POINT('',(-0.859250877872,-10.59429901419));
#3799 = CARTESIAN_POINT('',(-0.855402586541,-10.92485659882));
#3800 = CARTESIAN_POINT('',(-0.853319752202,-11.06679234385));
#3801 = CARTESIAN_POINT('',(-0.850961701494,-11.1858792582));
#3802 = CARTESIAN_POINT('',(-0.84838506274,-11.27299073137));
#3803 = CARTESIAN_POINT('',(-0.845667843086,-11.32201316561));
#3804 = CARTESIAN_POINT('',(-0.842899088279,-11.32999717299));
#3805 = CARTESIAN_POINT('',(-0.840170087041,-11.29729973003));
#3806 = CARTESIAN_POINT('',(-0.834876281238,-11.155997584));
#3807 = CARTESIAN_POINT('',(-0.832410357535,-11.04747089586));
#3808 = CARTESIAN_POINT('',(-0.830194491091,-10.90972727007));
#3809 = CARTESIAN_POINT('',(-0.828241678715,-10.74913157912));
#3810 = CARTESIAN_POINT('',(-0.826555915974,-10.57122069961));
#3811 = CARTESIAN_POINT('',(-0.82513485955,-10.38085995467));
#3812 = CARTESIAN_POINT('',(-0.823970904224,-10.18230512757));
#3813 = CARTESIAN_POINT('',(-0.82191375546,-9.72753752926));
#3814 = CARTESIAN_POINT('',(-0.821140408886,-9.466219113131));
#3815 = CARTESIAN_POINT('',(-0.820713196453,-9.199633595737));
#3816 = CARTESIAN_POINT('',(-0.820621705294,-8.930789254048));
#3817 = CARTESIAN_POINT('',(-0.82086388778,-8.662361591335));
#3818 = CARTESIAN_POINT('',(-0.821445443088,-8.397187612213));
#3819 = CARTESIAN_POINT('',(-0.822379024757,-8.138733037882));
#3820 = CARTESIAN_POINT('',(-0.82465230037,-7.708587373393));
#3821 = CARTESIAN_POINT('',(-0.825835000487,-7.529973139865));
#3822 = CARTESIAN_POINT('',(-0.827239774851,-7.359453250915));
#3823 = CARTESIAN_POINT('',(-0.828871005244,-7.200720500627));
#3824 = CARTESIAN_POINT('',(-0.830728538362,-7.057846940164));
#3825 = CARTESIAN_POINT('',(-0.832806834958,-6.935332654493));
#3826 = CARTESIAN_POINT('',(-0.835093136894,-6.838214109666));
#3827 = CARTESIAN_POINT('',(-0.83997049205,-6.70802785498));
#3828 = CARTESIAN_POINT('',(-0.842491305525,-6.674973504585));
#3829 = CARTESIAN_POINT('',(-0.845057555935,-6.676668339415));
#3830 = CARTESIAN_POINT('',(-0.847593364913,-6.713859203987));
#3831 = CARTESIAN_POINT('',(-0.850023132707,-6.784569005472));
#3832 = CARTESIAN_POINT('',(-0.852279315377,-6.884204046041));
#3833 = CARTESIAN_POINT('',(-0.854309380986,-7.005640148184));
#3834 = CARTESIAN_POINT('',(-0.858451537581,-7.318141940865));
#3835 = CARTESIAN_POINT('',(-0.860443531647,-7.525276351284));
#3836 = CARTESIAN_POINT('',(-0.862067022601,-7.751490765292));
#3837 = CARTESIAN_POINT('',(-0.86334007255,-7.990520082879));
#3838 = CARTESIAN_POINT('',(-0.864280510872,-8.237845275349));
#3839 = CARTESIAN_POINT('',(-0.864902395538,-8.49014643179));
#3840 = CARTESIAN_POINT('',(-0.865213909343,-8.744943854714));
#3841 = CARTESIAN_POINT('',(-0.865213909343,-9.));
#3842 = ( GEOMETRIC_REPRESENTATION_CONTEXT(2) 
PARAMETRIC_REPRESENTATION_CONTEXT() REPRESENTATION_CONTEXT('2D SPACE',''
  ) );
#3843 = ORIENTED_EDGE('',*,*,#3844,.T.);
#3844 = EDGE_CURVE('',#3678,#1270,#3845,.T.);
#3845 = SEAM_CURVE('',#3846,(#3850,#3857),.PCURVE_S1.);
#3846 = LINE('',#3847,#3848);
#3847 = CARTESIAN_POINT('',(67.033722856485,78.771695424181,11.));
#3848 = VECTOR('',#3849,1.);
#3849 = DIRECTION('',(0.707106781187,0.707106781187,0.));
#3850 = PCURVE('',#1381,#3851);
#3851 = DEFINITIONAL_REPRESENTATION('',(#3852),#3856);
#3852 = LINE('',#3853,#3854);
#3853 = CARTESIAN_POINT('',(-6.28318530718,0.));
#3854 = VECTOR('',#3855,1.);
#3855 = DIRECTION('',(-0.,-1.));
#3856 = ( GEOMETRIC_REPRESENTATION_CONTEXT(2) 
PARAMETRIC_REPRESENTATION_CONTEXT() REPRESENTATION_CONTEXT('2D SPACE',''
  ) );
#3857 = PCURVE('',#1381,#3858);
#3858 = DEFINITIONAL_REPRESENTATION('',(#3859),#3863);
#3859 = LINE('',#3860,#3861);
#3860 = CARTESIAN_POINT('',(-0.,0.));
#3861 = VECTOR('',#3862,1.);
#3862 = DIRECTION('',(-0.,-1.));
#3863 = ( GEOMETRIC_REPRESENTATION_CONTEXT(2) 
PARAMETRIC_REPRESENTATION_CONTEXT() REPRESENTATION_CONTEXT('2D SPACE',''
  ) );
#3864 = ORIENTED_EDGE('',*,*,#1269,.T.);
#3865 = ORIENTED_EDGE('',*,*,#3844,.F.);
#3866 = ADVANCED_FACE('',(#3867),#1555,.F.);
#3867 = FACE_BOUND('',#3868,.T.);
#3868 = EDGE_LOOP('',(#3869,#4036,#4057,#4058));
#3869 = ORIENTED_EDGE('',*,*,#3870,.F.);
#3870 = EDGE_CURVE('',#3871,#3871,#3873,.T.);
#3871 = VERTEX_POINT('',#3872);
#3872 = CARTESIAN_POINT('',(-79.24445902508,67.506486457388,11.));
#3873 = SURFACE_CURVE('',#3874,(#3926,#3981),.PCURVE_S1.);
#3874 = B_SPLINE_CURVE_WITH_KNOTS('',8,(#3875,#3876,#3877,#3878,#3879,
    #3880,#3881,#3882,#3883,#3884,#3885,#3886,#3887,#3888,#3889,#3890,
    #3891,#3892,#3893,#3894,#3895,#3896,#3897,#3898,#3899,#3900,#3901,
    #3902,#3903,#3904,#3905,#3906,#3907,#3908,#3909,#3910,#3911,#3912,
    #3913,#3914,#3915,#3916,#3917,#3918,#3919,#3920,#3921,#3922,#3923,
    #3924,#3925),.UNSPECIFIED.,.T.,.F.,(9,7,7,7,7,7,7,9),(0.,
    0.153485298184,0.285222157758,0.421097622553,0.589595926707,
    0.714811798515,0.836753706946,1.),.UNSPECIFIED.);
#3875 = CARTESIAN_POINT('',(-79.24445902508,67.506486457388,11.));
#3876 = CARTESIAN_POINT('',(-79.24445902508,67.506486457388,
    11.238239748944));
#3877 = CARTESIAN_POINT('',(-79.22611150109,67.528024168897,
    11.477701209811));
#3878 = CARTESIAN_POINT('',(-79.18908869575,67.571484725588,
    11.715939058803));
#3879 = CARTESIAN_POINT('',(-79.13281813115,67.637472760662,
    11.950283387736));
#3880 = CARTESIAN_POINT('',(-79.05656349948,67.7267151356,12.17755719826
    ));
#3881 = CARTESIAN_POINT('',(-78.95947150305,67.839986359752,
    12.393873179501));
#3882 = CARTESIAN_POINT('',(-78.84067808586,67.977966668288,
    12.594299014194));
#3883 = CARTESIAN_POINT('',(-78.57845188723,68.280825531009,
    12.924856598127));
#3884 = CARTESIAN_POINT('',(-78.43624145902,68.444497684124,
    13.066792344557));
#3885 = CARTESIAN_POINT('',(-78.27482294206,68.629434455891,
    13.185879258513));
#3886 = CARTESIAN_POINT('',(-78.09787215124,68.831018043805,
    13.272990730905));
#3887 = CARTESIAN_POINT('',(-77.91056357035,69.042981691429,
    13.32201316544));
#3888 = CARTESIAN_POINT('',(-77.71896192518,69.258307639061,
    13.329997173446));
#3889 = CARTESIAN_POINT('',(-77.52942864725,69.469930813251,
    13.297299729769));
#3890 = CARTESIAN_POINT('',(-77.1606012731,69.87939539922,
    13.155997583968));
#3891 = CARTESIAN_POINT('',(-76.98815800921,70.069554059607,
    13.047470895808));
#3892 = CARTESIAN_POINT('',(-76.83268481253,70.239960189402,
    12.909727270082));
#3893 = CARTESIAN_POINT('',(-76.69528774537,70.389788001887,
    12.749131579212));
#3894 = CARTESIAN_POINT('',(-76.57641737492,70.51888483632,
    12.571220699696));
#3895 = CARTESIAN_POINT('',(-76.47604159027,70.62755234068,
    12.38085995465));
#3896 = CARTESIAN_POINT('',(-76.39372280745,70.716463816115,
    12.18230512744));
#3897 = CARTESIAN_POINT('',(-76.24810432737,70.873483340317,
    11.727537535385));
#3898 = CARTESIAN_POINT('',(-76.19324866047,70.932406986662,
    11.466219094209));
#3899 = CARTESIAN_POINT('',(-76.16290867369,70.96492336683,
    11.199633616529));
#3900 = CARTESIAN_POINT('',(-76.15640647036,70.971882643735,
    10.930789254123));
#3901 = CARTESIAN_POINT('',(-76.1736108523,70.95345410101,
    10.662361570538));
#3902 = CARTESIAN_POINT('',(-76.21489821996,70.909177318059,
    10.397187630971));
#3903 = CARTESIAN_POINT('',(-76.28108675041,70.838014053828,
    10.138733031869));
#3904 = CARTESIAN_POINT('',(-76.44189465708,70.664396406676,
    9.708587373321));
#3905 = CARTESIAN_POINT('',(-76.52547499213,70.573993708229,
    9.529973139854));
#3906 = CARTESIAN_POINT('',(-76.62461927592,70.466496122749,
    9.35945325096));
#3907 = CARTESIAN_POINT('',(-76.73955017619,70.341488759898,
    9.200720500673));
#3908 = CARTESIAN_POINT('',(-76.87014544757,70.198881383486,
    9.057846940171));
#3909 = CARTESIAN_POINT('',(-77.01588010646,70.038976478009,
    8.935332654464));
#3910 = CARTESIAN_POINT('',(-77.17570993145,69.862622076604,
    8.838214109646));
#3911 = CARTESIAN_POINT('',(-77.51552256619,69.485369059223,
    8.70802785498));
#3912 = CARTESIAN_POINT('',(-77.69063936624,69.289928298807,
    8.674973504585));
#3913 = CARTESIAN_POINT('',(-77.86832416802,69.090437647048,
    8.676668339415));
#3914 = CARTESIAN_POINT('',(-78.04327664454,68.892758114492,
    8.713859203987));
#3915 = CARTESIAN_POINT('',(-78.21033055483,68.702831626288,
    8.784569005472));
#3916 = CARTESIAN_POINT('',(-78.36497090701,68.526054732133,
    8.884204046041));
#3917 = CARTESIAN_POINT('',(-78.50375908933,68.366686349857,
    9.005640148184));
#3918 = CARTESIAN_POINT('',(-78.78636780428,68.04101094747,
    9.318141945731));
#3919 = CARTESIAN_POINT('',(-78.92177118717,67.883952798567,
    9.525276334573));
#3920 = CARTESIAN_POINT('',(-79.03180915555,67.755676951835,
    9.751490785308));
#3921 = CARTESIAN_POINT('',(-79.11791963326,67.654940789875,
    9.990520081703));
#3922 = CARTESIAN_POINT('',(-79.18144875964,67.580453289205,
    10.237845255422));
#3923 = CARTESIAN_POINT('',(-79.2234297586,67.53117213807,
    10.490146451111));
#3924 = CARTESIAN_POINT('',(-79.24445902508,67.506486457388,
    10.744943848072));
#3925 = CARTESIAN_POINT('',(-79.24445902508,67.506486457388,11.));
#3926 = PCURVE('',#1555,#3927);
#3927 = DEFINITIONAL_REPRESENTATION('',(#3928),#3980);
#3928 = B_SPLINE_CURVE_WITH_KNOTS('',8,(#3929,#3930,#3931,#3932,#3933,
    #3934,#3935,#3936,#3937,#3938,#3939,#3940,#3941,#3942,#3943,#3944,
    #3945,#3946,#3947,#3948,#3949,#3950,#3951,#3952,#3953,#3954,#3955,
    #3956,#3957,#3958,#3959,#3960,#3961,#3962,#3963,#3964,#3965,#3966,
    #3967,#3968,#3969,#3970,#3971,#3972,#3973,#3974,#3975,#3976,#3977,
    #3978,#3979),.UNSPECIFIED.,.F.,.F.,(9,7,7,7,7,7,7,9),(0.,
    0.153485298184,0.285222157758,0.421097622553,0.589595926707,
    0.714811798515,0.836753706946,1.),.UNSPECIFIED.);
#3929 = CARTESIAN_POINT('',(0.,-0.668588696194));
#3930 = CARTESIAN_POINT('',(-0.103582499541,-0.668588696194));
#3931 = CARTESIAN_POINT('',(-0.207695696834,-0.670844499424));
#3932 = CARTESIAN_POINT('',(-0.312972727675,-0.675396677055));
#3933 = CARTESIAN_POINT('',(-0.42001233797,-0.682267966329));
#3934 = CARTESIAN_POINT('',(-0.52944115452,-0.691451687663));
#3935 = CARTESIAN_POINT('',(-0.641941498369,-0.702892129303));
#3936 = CARTESIAN_POINT('',(-0.758314208418,-0.716459310278));
#3937 = CARTESIAN_POINT('',(-0.983785309252,-0.745190942595));
#3938 = CARTESIAN_POINT('',(-1.095580641805,-0.760366673815));
#3939 = CARTESIAN_POINT('',(-1.212350502186,-0.77699659127));
#3940 = CARTESIAN_POINT('',(-1.332392297227,-0.794414609134));
#3941 = CARTESIAN_POINT('',(-1.454473222838,-0.811848374015));
#3942 = CARTESIAN_POINT('',(-1.577523562939,-0.82862398916));
#3943 = CARTESIAN_POINT('',(-1.700515222222,-0.844243904605));
#3944 = CARTESIAN_POINT('',(-1.947552672221,-0.872978752648));
#3945 = CARTESIAN_POINT('',(-2.067263331384,-0.885505429644));
#3946 = CARTESIAN_POINT('',(-2.182200039204,-0.896064607913));
#3947 = CARTESIAN_POINT('',(-2.292972035931,-0.904854472223));
#3948 = CARTESIAN_POINT('',(-2.400024116637,-0.912085674252));
#3949 = CARTESIAN_POINT('',(-2.50369348565,-0.917948805491));
#3950 = CARTESIAN_POINT('',(-2.604219088549,-0.922610543144));
#3951 = CARTESIAN_POINT('',(-2.822741555892,-0.930672298754));
#3952 = CARTESIAN_POINT('',(-2.94043905597,-0.933548794609));
#3953 = CARTESIAN_POINT('',(-3.056238757829,-0.935087737133));
#3954 = CARTESIAN_POINT('',(-3.171249025899,-0.935410936954));
#3955 = CARTESIAN_POINT('',(-3.286497895512,-0.934545324565));
#3956 = CARTESIAN_POINT('',(-3.402998211716,-0.932431488738));
#3957 = CARTESIAN_POINT('',(-3.521813429266,-0.928913820747));
#3958 = CARTESIAN_POINT('',(-3.735231694585,-0.919855966385));
#3959 = CARTESIAN_POINT('',(-3.829052317226,-0.915031826967));
#3960 = CARTESIAN_POINT('',(-3.925775733798,-0.909125150698));
#3961 = CARTESIAN_POINT('',(-4.02553191402,-0.902000015677));
#3962 = CARTESIAN_POINT('',(-4.128547818927,-0.893506174748));
#3963 = CARTESIAN_POINT('',(-4.235142246061,-0.883486297297));
#3964 = CARTESIAN_POINT('',(-4.3457522863,-0.871801657258));
#3965 = CARTESIAN_POINT('',(-4.573355909695,-0.845327308805));
#3966 = CARTESIAN_POINT('',(-4.687273714282,-0.830956098606));
#3967 = CARTESIAN_POINT('',(-4.801565022657,-0.815537034217));
#3968 = CARTESIAN_POINT('',(-4.915238438184,-0.799466578774));
#3969 = CARTESIAN_POINT('',(-5.027314365603,-0.78329322383));
#3970 = CARTESIAN_POINT('',(-5.136675679134,-0.767640324891));
#3971 = CARTESIAN_POINT('',(-5.24186871845,-0.753087925941));
#3972 = CARTESIAN_POINT('',(-5.473025159054,-0.722635179214));
#3973 = CARTESIAN_POINT('',(-5.598703299281,-0.707322947321));
#3974 = CARTESIAN_POINT('',(-5.71931185086,-0.694426819861));
#3975 = CARTESIAN_POINT('',(-5.835988313637,-0.684084899352));
#3976 = CARTESIAN_POINT('',(-5.949733407209,-0.67633615858));
#3977 = CARTESIAN_POINT('',(-6.061510685578,-0.671174171467));
#3978 = CARTESIAN_POINT('',(-6.17229132808,-0.668588696194));
#3979 = CARTESIAN_POINT('',(-6.28318530718,-0.668588696194));
#3980 = ( GEOMETRIC_REPRESENTATION_CONTEXT(2) 
PARAMETRIC_REPRESENTATION_CONTEXT() REPRESENTATION_CONTEXT('2D SPACE',''
  ) );
#3981 = PCURVE('',#3295,#3982);
#3982 = DEFINITIONAL_REPRESENTATION('',(#3983),#4035);
#3983 = B_SPLINE_CURVE_WITH_KNOTS('',8,(#3984,#3985,#3986,#3987,#3988,
    #3989,#3990,#3991,#3992,#3993,#3994,#3995,#3996,#3997,#3998,#3999,
    #4000,#4001,#4002,#4003,#4004,#4005,#4006,#4007,#4008,#4009,#4010,
    #4011,#4012,#4013,#4014,#4015,#4016,#4017,#4018,#4019,#4020,#4021,
    #4022,#4023,#4024,#4025,#4026,#4027,#4028,#4029,#4030,#4031,#4032,
    #4033,#4034),.UNSPECIFIED.,.T.,.F.,(9,7,7,7,7,7,7,9),(0.,
    0.153485298184,0.285222157758,0.421097622553,0.589595926707,
    0.714811798515,0.836753706946,1.),.UNSPECIFIED.);
#3984 = CARTESIAN_POINT('',(-2.436010236138,-9.));
#3985 = CARTESIAN_POINT('',(-2.436010236138,-9.238239748944));
#3986 = CARTESIAN_POINT('',(-2.435738447555,-9.477701209811));
#3987 = CARTESIAN_POINT('',(-2.435190012395,-9.715939058803));
#3988 = CARTESIAN_POINT('',(-2.434356943031,-9.950283387736));
#3989 = CARTESIAN_POINT('',(-2.433229337556,-10.17755719826));
#3990 = CARTESIAN_POINT('',(-2.431796214382,-10.3938731795));
#3991 = CARTESIAN_POINT('',(-2.430047204667,-10.59429901419));
#3992 = CARTESIAN_POINT('',(-2.426198913344,-10.92485659812));
#3993 = CARTESIAN_POINT('',(-2.424116078992,-11.06679234455));
#3994 = CARTESIAN_POINT('',(-2.421758028278,-11.18587925851));
#3995 = CARTESIAN_POINT('',(-2.419181389534,-11.2729907309));
#3996 = CARTESIAN_POINT('',(-2.416464169892,-11.32201316544));
#3997 = CARTESIAN_POINT('',(-2.41369541508,-11.32999717344));
#3998 = CARTESIAN_POINT('',(-2.410966413825,-11.29729972976));
#3999 = CARTESIAN_POINT('',(-2.405672608032,-11.15599758396));
#4000 = CARTESIAN_POINT('',(-2.403206684329,-11.0474708958));
#4001 = CARTESIAN_POINT('',(-2.400990817886,-10.90972727008));
#4002 = CARTESIAN_POINT('',(-2.39903800551,-10.74913157921));
#4003 = CARTESIAN_POINT('',(-2.397352242769,-10.57122069969));
#4004 = CARTESIAN_POINT('',(-2.395931186344,-10.38085995465));
#4005 = CARTESIAN_POINT('',(-2.394767231018,-10.18230512744));
#4006 = CARTESIAN_POINT('',(-2.392710082283,-9.727537535385));
#4007 = CARTESIAN_POINT('',(-2.391936735642,-9.466219094209));
#4008 = CARTESIAN_POINT('',(-2.39150952324,-9.199633616529));
#4009 = CARTESIAN_POINT('',(-2.391418032131,-8.930789254123));
#4010 = CARTESIAN_POINT('',(-2.391660214581,-8.662361570538));
#4011 = CARTESIAN_POINT('',(-2.392241769831,-8.397187630971));
#4012 = CARTESIAN_POINT('',(-2.393175351584,-8.138733031869));
#4013 = CARTESIAN_POINT('',(-2.395448627166,-7.708587373321));
#4014 = CARTESIAN_POINT('',(-2.396631327282,-7.529973139855));
#4015 = CARTESIAN_POINT('',(-2.398036101646,-7.35945325096));
#4016 = CARTESIAN_POINT('',(-2.399667332038,-7.200720500673));
#4017 = CARTESIAN_POINT('',(-2.401524865157,-7.057846940171));
#4018 = CARTESIAN_POINT('',(-2.403603161753,-6.935332654464));
#4019 = CARTESIAN_POINT('',(-2.40588946369,-6.838214109646));
#4020 = CARTESIAN_POINT('',(-2.410766818845,-6.70802785498));
#4021 = CARTESIAN_POINT('',(-2.41328763232,-6.674973504585));
#4022 = CARTESIAN_POINT('',(-2.41585388273,-6.676668339415));
#4023 = CARTESIAN_POINT('',(-2.418389691708,-6.713859203987));
#4024 = CARTESIAN_POINT('',(-2.420819459502,-6.784569005472));
#4025 = CARTESIAN_POINT('',(-2.423075642171,-6.884204046041));
#4026 = CARTESIAN_POINT('',(-2.425105707781,-7.005640148184));
#4027 = CARTESIAN_POINT('',(-2.42924786444,-7.318141945731));
#4028 = CARTESIAN_POINT('',(-2.431239858293,-7.525276334573));
#4029 = CARTESIAN_POINT('',(-2.432863349504,-7.751490785308));
#4030 = CARTESIAN_POINT('',(-2.43413639939,-7.990520081703));
#4031 = CARTESIAN_POINT('',(-2.435076837557,-8.237845255422));
#4032 = CARTESIAN_POINT('',(-2.435698722383,-8.490146451111));
#4033 = CARTESIAN_POINT('',(-2.436010236138,-8.744943848072));
#4034 = CARTESIAN_POINT('',(-2.436010236138,-9.));
#4035 = ( GEOMETRIC_REPRESENTATION_CONTEXT(2) 
PARAMETRIC_REPRESENTATION_CONTEXT() REPRESENTATION_CONTEXT('2D SPACE',''
  ) );
#4036 = ORIENTED_EDGE('',*,*,#4037,.T.);
#4037 = EDGE_CURVE('',#3871,#1444,#4038,.T.);
#4038 = SEAM_CURVE('',#4039,(#4043,#4050),.PCURVE_S1.);
#4039 = LINE('',#4040,#4041);
#4040 = CARTESIAN_POINT('',(-78.77169542418,67.033722856485,11.));
#4041 = VECTOR('',#4042,1.);
#4042 = DIRECTION('',(-0.707106781187,0.707106781187,0.));
#4043 = PCURVE('',#1555,#4044);
#4044 = DEFINITIONAL_REPRESENTATION('',(#4045),#4049);
#4045 = LINE('',#4046,#4047);
#4046 = CARTESIAN_POINT('',(-6.28318530718,0.));
#4047 = VECTOR('',#4048,1.);
#4048 = DIRECTION('',(-0.,-1.));
#4049 = ( GEOMETRIC_REPRESENTATION_CONTEXT(2) 
PARAMETRIC_REPRESENTATION_CONTEXT() REPRESENTATION_CONTEXT('2D SPACE',''
  ) );
#4050 = PCURVE('',#1555,#4051);
#4051 = DEFINITIONAL_REPRESENTATION('',(#4052),#4056);
#4052 = LINE('',#4053,#4054);
#4053 = CARTESIAN_POINT('',(-0.,0.));
#4054 = VECTOR('',#4055,1.);
#4055 = DIRECTION('',(-0.,-1.));
#4056 = ( GEOMETRIC_REPRESENTATION_CONTEXT(2) 
PARAMETRIC_REPRESENTATION_CONTEXT() REPRESENTATION_CONTEXT('2D SPACE',''
  ) );
#4057 = ORIENTED_EDGE('',*,*,#1443,.T.);
#4058 = ORIENTED_EDGE('',*,*,#4037,.F.);
#4059 = ADVANCED_FACE('',(#4060),#1729,.F.);
#4060 = FACE_BOUND('',#4061,.T.);
#4061 = EDGE_LOOP('',(#4062,#4229,#4250,#4251));
#4062 = ORIENTED_EDGE('',*,*,#4063,.F.);
#4063 = EDGE_CURVE('',#4064,#4064,#4066,.T.);
#4064 = VERTEX_POINT('',#4065);
#4065 = CARTESIAN_POINT('',(-67.50648645738,-79.24445902508,11.));
#4066 = SURFACE_CURVE('',#4067,(#4119,#4174),.PCURVE_S1.);
#4067 = B_SPLINE_CURVE_WITH_KNOTS('',8,(#4068,#4069,#4070,#4071,#4072,
    #4073,#4074,#4075,#4076,#4077,#4078,#4079,#4080,#4081,#4082,#4083,
    #4084,#4085,#4086,#4087,#4088,#4089,#4090,#4091,#4092,#4093,#4094,
    #4095,#4096,#4097,#4098,#4099,#4100,#4101,#4102,#4103,#4104,#4105,
    #4106,#4107,#4108,#4109,#4110,#4111,#4112,#4113,#4114,#4115,#4116,
    #4117,#4118),.UNSPECIFIED.,.T.,.F.,(9,7,7,7,7,7,7,9),(0.,
    0.153485297507,0.285222157098,0.421097621315,0.589595928741,
    0.714811799928,0.836753707755,1.),.UNSPECIFIED.);
#4068 = CARTESIAN_POINT('',(-67.50648645738,-79.24445902508,11.));
#4069 = CARTESIAN_POINT('',(-67.50648645738,-79.24445902508,
    11.238239748948));
#4070 = CARTESIAN_POINT('',(-67.52802416889,-79.22611150109,
    11.477701209819));
#4071 = CARTESIAN_POINT('',(-67.57148472559,-79.18908869574,
    11.715939058809));
#4072 = CARTESIAN_POINT('',(-67.63747276066,-79.13281813115,
    11.950283387737));
#4073 = CARTESIAN_POINT('',(-67.72671513559,-79.05656349948,
    12.177557198256));
#4074 = CARTESIAN_POINT('',(-67.83998635974,-78.95947150306,
    12.393873179492));
#4075 = CARTESIAN_POINT('',(-67.97796666828,-78.84067808586,
    12.594299014188));
#4076 = CARTESIAN_POINT('',(-68.28082553164,-78.57845188667,
    12.924856598825));
#4077 = CARTESIAN_POINT('',(-68.44449768379,-78.43624145931,
    13.066792343857));
#4078 = CARTESIAN_POINT('',(-68.62943445509,-78.27482294276,
    13.185879258204));
#4079 = CARTESIAN_POINT('',(-68.83101804378,-78.09787215127,
    13.272990731374));
#4080 = CARTESIAN_POINT('',(-69.04298169228,-77.9105635696,
    13.322013165617));
#4081 = CARTESIAN_POINT('',(-69.25830763946,-77.71896192481,
    13.329997172994));
#4082 = CARTESIAN_POINT('',(-69.46993081246,-77.52942864796,
    13.29729973004));
#4083 = CARTESIAN_POINT('',(-69.87939539911,-77.16060127319,
    13.155997584003));
#4084 = CARTESIAN_POINT('',(-70.06955405957,-76.98815800925,
    13.047470895862));
#4085 = CARTESIAN_POINT('',(-70.23996018945,-76.83268481249,
    12.909727270072));
#4086 = CARTESIAN_POINT('',(-70.38978800196,-76.6952877453,
    12.749131579125));
#4087 = CARTESIAN_POINT('',(-70.51888483634,-76.57641737489,
    12.571220699611));
#4088 = CARTESIAN_POINT('',(-70.62755234064,-76.4760415903,
    12.38085995467));
#4089 = CARTESIAN_POINT('',(-70.71646381606,-76.39372280749,
    12.182305127574));
#4090 = CARTESIAN_POINT('',(-70.87348334243,-76.24810432541,
    11.72753752926));
#4091 = CARTESIAN_POINT('',(-70.93240698366,-76.19324866325,
    11.466219113132));
#4092 = CARTESIAN_POINT('',(-70.96492336622,-76.16290867426,
    11.199633595736));
#4093 = CARTESIAN_POINT('',(-70.9718826469,-76.15640646742,
    10.930789254048));
#4094 = CARTESIAN_POINT('',(-70.95345410145,-76.1736108519,
    10.662361591336));
#4095 = CARTESIAN_POINT('',(-70.9091773141,-76.21489822363,
    10.397187612212));
#4096 = CARTESIAN_POINT('',(-70.83801405625,-76.28108674816,
    10.138733037883));
#4097 = CARTESIAN_POINT('',(-70.66439640667,-76.44189465708,
    9.708587373321));
#4098 = CARTESIAN_POINT('',(-70.57399370822,-76.52547499213,
    9.529973139855));
#4099 = CARTESIAN_POINT('',(-70.46649612274,-76.62461927592,
    9.35945325096));
#4100 = CARTESIAN_POINT('',(-70.34148875989,-76.73955017619,
    9.200720500674));
#4101 = CARTESIAN_POINT('',(-70.19888138348,-76.87014544757,
    9.057846940171));
#4102 = CARTESIAN_POINT('',(-70.038976478,-77.01588010646,8.935332654464
    ));
#4103 = CARTESIAN_POINT('',(-69.8626220766,-77.17570993145,
    8.838214109646));
#4104 = CARTESIAN_POINT('',(-69.48536905922,-77.51552256619,
    8.70802785498));
#4105 = CARTESIAN_POINT('',(-69.2899282988,-77.69063936624,
    8.674973504585));
#4106 = CARTESIAN_POINT('',(-69.09043764704,-77.86832416802,
    8.676668339415));
#4107 = CARTESIAN_POINT('',(-68.89275811449,-78.04327664454,
    8.713859203987));
#4108 = CARTESIAN_POINT('',(-68.70283162628,-78.21033055483,
    8.784569005472));
#4109 = CARTESIAN_POINT('',(-68.52605473213,-78.36497090701,
    8.884204046041));
#4110 = CARTESIAN_POINT('',(-68.36668634985,-78.50375908933,
    9.005640148184));
#4111 = CARTESIAN_POINT('',(-68.04101094747,-78.78636780428,
    9.318141945731));
#4112 = CARTESIAN_POINT('',(-67.88395279856,-78.92177118717,
    9.525276334572));
#4113 = CARTESIAN_POINT('',(-67.75567695183,-79.03180915555,
    9.751490785309));
#4114 = CARTESIAN_POINT('',(-67.65494078987,-79.11791963326,
    9.990520081703));
#4115 = CARTESIAN_POINT('',(-67.5804532892,-79.18144875964,
    10.237845255421));
#4116 = CARTESIAN_POINT('',(-67.53117213806,-79.2234297586,
    10.490146451111));
#4117 = CARTESIAN_POINT('',(-67.50648645738,-79.24445902508,
    10.744943848072));
#4118 = CARTESIAN_POINT('',(-67.50648645738,-79.24445902508,11.));
#4119 = PCURVE('',#1729,#4120);
#4120 = DEFINITIONAL_REPRESENTATION('',(#4121),#4173);
#4121 = B_SPLINE_CURVE_WITH_KNOTS('',8,(#4122,#4123,#4124,#4125,#4126,
    #4127,#4128,#4129,#4130,#4131,#4132,#4133,#4134,#4135,#4136,#4137,
    #4138,#4139,#4140,#4141,#4142,#4143,#4144,#4145,#4146,#4147,#4148,
    #4149,#4150,#4151,#4152,#4153,#4154,#4155,#4156,#4157,#4158,#4159,
    #4160,#4161,#4162,#4163,#4164,#4165,#4166,#4167,#4168,#4169,#4170,
    #4171,#4172),.UNSPECIFIED.,.F.,.F.,(9,7,7,7,7,7,7,9),(0.,
    0.153485297507,0.285222157098,0.421097621315,0.589595928741,
    0.714811799928,0.836753707755,1.),.UNSPECIFIED.);
#4122 = CARTESIAN_POINT('',(0.,-0.668588696194));
#4123 = CARTESIAN_POINT('',(-0.103582499543,-0.668588696194));
#4124 = CARTESIAN_POINT('',(-0.207695696837,-0.670844499424));
#4125 = CARTESIAN_POINT('',(-0.312972727678,-0.675396677055));
#4126 = CARTESIAN_POINT('',(-0.420012337971,-0.682267966329));
#4127 = CARTESIAN_POINT('',(-0.529441154518,-0.691451687664));
#4128 = CARTESIAN_POINT('',(-0.641941498365,-0.702892129302));
#4129 = CARTESIAN_POINT('',(-0.758314208414,-0.716459310277));
#4130 = CARTESIAN_POINT('',(-0.983785309728,-0.745190942656));
#4131 = CARTESIAN_POINT('',(-1.095580641465,-0.76036667378));
#4132 = CARTESIAN_POINT('',(-1.212350501773,-0.776996591199));
#4133 = CARTESIAN_POINT('',(-1.332392297263,-0.794414609144));
#4134 = CARTESIAN_POINT('',(-1.454473223265,-0.811848374083));
#4135 = CARTESIAN_POINT('',(-1.577523563219,-0.828623989182));
#4136 = CARTESIAN_POINT('',(-1.700515221749,-0.84424390455));
#4137 = CARTESIAN_POINT('',(-1.94755267216,-0.872978752641));
#4138 = CARTESIAN_POINT('',(-2.067263331357,-0.885505429643));
#4139 = CARTESIAN_POINT('',(-2.182200039231,-0.896064607916));
#4140 = CARTESIAN_POINT('',(-2.292972035986,-0.904854472228));
#4141 = CARTESIAN_POINT('',(-2.400024116675,-0.912085674254));
#4142 = CARTESIAN_POINT('',(-2.503693485634,-0.917948805489));
#4143 = CARTESIAN_POINT('',(-2.604219088484,-0.922610543142));
#4144 = CARTESIAN_POINT('',(-2.822741558835,-0.930672298863));
#4145 = CARTESIAN_POINT('',(-2.940439046973,-0.933548794456));
#4146 = CARTESIAN_POINT('',(-3.056238767697,-0.9350877371));
#4147 = CARTESIAN_POINT('',(-3.171249025869,-0.935410937118));
#4148 = CARTESIAN_POINT('',(-3.286497885645,-0.934545324589));
#4149 = CARTESIAN_POINT('',(-3.402998220776,-0.932431488532));
#4150 = CARTESIAN_POINT('',(-3.521813426282,-0.928913820873));
#4151 = CARTESIAN_POINT('',(-3.735231694585,-0.919855966385));
#4152 = CARTESIAN_POINT('',(-3.829052317226,-0.915031826967));
#4153 = CARTESIAN_POINT('',(-3.925775733798,-0.909125150699));
#4154 = CARTESIAN_POINT('',(-4.025531914019,-0.902000015677));
#4155 = CARTESIAN_POINT('',(-4.128547818927,-0.893506174747));
#4156 = CARTESIAN_POINT('',(-4.235142246062,-0.883486297297));
#4157 = CARTESIAN_POINT('',(-4.3457522863,-0.871801657258));
#4158 = CARTESIAN_POINT('',(-4.573355909695,-0.845327308805));
#4159 = CARTESIAN_POINT('',(-4.687273714282,-0.830956098606));
#4160 = CARTESIAN_POINT('',(-4.801565022657,-0.815537034217));
#4161 = CARTESIAN_POINT('',(-4.915238438184,-0.799466578774));
#4162 = CARTESIAN_POINT('',(-5.027314365603,-0.78329322383));
#4163 = CARTESIAN_POINT('',(-5.136675679134,-0.767640324891));
#4164 = CARTESIAN_POINT('',(-5.24186871845,-0.753087925941));
#4165 = CARTESIAN_POINT('',(-5.473025159055,-0.722635179214));
#4166 = CARTESIAN_POINT('',(-5.59870329928,-0.707322947321));
#4167 = CARTESIAN_POINT('',(-5.71931185086,-0.694426819861));
#4168 = CARTESIAN_POINT('',(-5.835988313637,-0.684084899352));
#4169 = CARTESIAN_POINT('',(-5.949733407208,-0.67633615858));
#4170 = CARTESIAN_POINT('',(-6.061510685578,-0.671174171468));
#4171 = CARTESIAN_POINT('',(-6.17229132808,-0.668588696194));
#4172 = CARTESIAN_POINT('',(-6.28318530718,-0.668588696194));
#4173 = ( GEOMETRIC_REPRESENTATION_CONTEXT(2) 
PARAMETRIC_REPRESENTATION_CONTEXT() REPRESENTATION_CONTEXT('2D SPACE',''
  ) );
#4174 = PCURVE('',#3295,#4175);
#4175 = DEFINITIONAL_REPRESENTATION('',(#4176),#4228);
#4176 = B_SPLINE_CURVE_WITH_KNOTS('',8,(#4177,#4178,#4179,#4180,#4181,
    #4182,#4183,#4184,#4185,#4186,#4187,#4188,#4189,#4190,#4191,#4192,
    #4193,#4194,#4195,#4196,#4197,#4198,#4199,#4200,#4201,#4202,#4203,
    #4204,#4205,#4206,#4207,#4208,#4209,#4210,#4211,#4212,#4213,#4214,
    #4215,#4216,#4217,#4218,#4219,#4220,#4221,#4222,#4223,#4224,#4225,
    #4226,#4227),.UNSPECIFIED.,.T.,.F.,(9,7,7,7,7,7,7,9),(0.,
    0.153485297507,0.285222157098,0.421097621315,0.589595928741,
    0.714811799928,0.836753707755,1.),.UNSPECIFIED.);
#4177 = CARTESIAN_POINT('',(-4.006806562933,-9.));
#4178 = CARTESIAN_POINT('',(-4.006806562933,-9.238239748948));
#4179 = CARTESIAN_POINT('',(-4.00653477435,-9.477701209818));
#4180 = CARTESIAN_POINT('',(-4.00598633919,-9.715939058809));
#4181 = CARTESIAN_POINT('',(-4.005153269826,-9.950283387737));
#4182 = CARTESIAN_POINT('',(-4.004025664351,-10.17755719825));
#4183 = CARTESIAN_POINT('',(-4.002592541177,-10.39387317949));
#4184 = CARTESIAN_POINT('',(-4.000843531462,-10.59429901418));
#4185 = CARTESIAN_POINT('',(-3.996995240131,-10.92485659882));
#4186 = CARTESIAN_POINT('',(-3.994912405792,-11.06679234385));
#4187 = CARTESIAN_POINT('',(-3.992554355083,-11.1858792582));
#4188 = CARTESIAN_POINT('',(-3.989977716329,-11.27299073137));
#4189 = CARTESIAN_POINT('',(-3.987260496676,-11.32201316561));
#4190 = CARTESIAN_POINT('',(-3.984491741869,-11.32999717299));
#4191 = CARTESIAN_POINT('',(-3.981762740631,-11.29729973004));
#4192 = CARTESIAN_POINT('',(-3.976468934828,-11.155997584));
#4193 = CARTESIAN_POINT('',(-3.974003011124,-11.04747089586));
#4194 = CARTESIAN_POINT('',(-3.971787144681,-10.90972727007));
#4195 = CARTESIAN_POINT('',(-3.969834332304,-10.74913157912));
#4196 = CARTESIAN_POINT('',(-3.968148569564,-10.57122069961));
#4197 = CARTESIAN_POINT('',(-3.966727513139,-10.38085995467));
#4198 = CARTESIAN_POINT('',(-3.965563557813,-10.18230512757));
#4199 = CARTESIAN_POINT('',(-3.96350640905,-9.72753752926));
#4200 = CARTESIAN_POINT('',(-3.962733062476,-9.466219113132));
#4201 = CARTESIAN_POINT('',(-3.962305850043,-9.199633595736));
#4202 = CARTESIAN_POINT('',(-3.962214358884,-8.930789254048));
#4203 = CARTESIAN_POINT('',(-3.96245654137,-8.662361591336));
#4204 = CARTESIAN_POINT('',(-3.963038096678,-8.397187612212));
#4205 = CARTESIAN_POINT('',(-3.963971678347,-8.138733037883));
#4206 = CARTESIAN_POINT('',(-3.96624495396,-7.708587373321));
#4207 = CARTESIAN_POINT('',(-3.967427654077,-7.529973139854));
#4208 = CARTESIAN_POINT('',(-3.968832428441,-7.35945325096));
#4209 = CARTESIAN_POINT('',(-3.970463658833,-7.200720500674));
#4210 = CARTESIAN_POINT('',(-3.972321191951,-7.057846940171));
#4211 = CARTESIAN_POINT('',(-3.974399488548,-6.935332654464));
#4212 = CARTESIAN_POINT('',(-3.976685790485,-6.838214109646));
#4213 = CARTESIAN_POINT('',(-3.98156314564,-6.70802785498));
#4214 = CARTESIAN_POINT('',(-3.984083959114,-6.674973504585));
#4215 = CARTESIAN_POINT('',(-3.986650209525,-6.676668339415));
#4216 = CARTESIAN_POINT('',(-3.989186018503,-6.713859203987));
#4217 = CARTESIAN_POINT('',(-3.991615786297,-6.784569005472));
#4218 = CARTESIAN_POINT('',(-3.993871968966,-6.884204046041));
#4219 = CARTESIAN_POINT('',(-3.995902034576,-7.005640148184));
#4220 = CARTESIAN_POINT('',(-4.000044191235,-7.318141945731));
#4221 = CARTESIAN_POINT('',(-4.002036185088,-7.525276334572));
#4222 = CARTESIAN_POINT('',(-4.003659676299,-7.751490785309));
#4223 = CARTESIAN_POINT('',(-4.004932726185,-7.990520081703));
#4224 = CARTESIAN_POINT('',(-4.005873164351,-8.237845255421));
#4225 = CARTESIAN_POINT('',(-4.006495049177,-8.490146451111));
#4226 = CARTESIAN_POINT('',(-4.006806562933,-8.744943848072));
#4227 = CARTESIAN_POINT('',(-4.006806562933,-9.));
#4228 = ( GEOMETRIC_REPRESENTATION_CONTEXT(2) 
PARAMETRIC_REPRESENTATION_CONTEXT() REPRESENTATION_CONTEXT('2D SPACE',''
  ) );
#4229 = ORIENTED_EDGE('',*,*,#4230,.T.);
#4230 = EDGE_CURVE('',#4064,#1618,#4231,.T.);
#4231 = SEAM_CURVE('',#4232,(#4236,#4243),.PCURVE_S1.);
#4232 = LINE('',#4233,#4234);
#4233 = CARTESIAN_POINT('',(-67.03372285648,-78.77169542418,11.));
#4234 = VECTOR('',#4235,1.);
#4235 = DIRECTION('',(-0.707106781187,-0.707106781187,0.));
#4236 = PCURVE('',#1729,#4237);
#4237 = DEFINITIONAL_REPRESENTATION('',(#4238),#4242);
#4238 = LINE('',#4239,#4240);
#4239 = CARTESIAN_POINT('',(-6.28318530718,0.));
#4240 = VECTOR('',#4241,1.);
#4241 = DIRECTION('',(-0.,-1.));
#4242 = ( GEOMETRIC_REPRESENTATION_CONTEXT(2) 
PARAMETRIC_REPRESENTATION_CONTEXT() REPRESENTATION_CONTEXT('2D SPACE',''
  ) );
#4243 = PCURVE('',#1729,#4244);
#4244 = DEFINITIONAL_REPRESENTATION('',(#4245),#4249);
#4245 = LINE('',#4246,#4247);
#4246 = CARTESIAN_POINT('',(-0.,0.));
#4247 = VECTOR('',#4248,1.);
#4248 = DIRECTION('',(-0.,-1.));
#4249 = ( GEOMETRIC_REPRESENTATION_CONTEXT(2) 
PARAMETRIC_REPRESENTATION_CONTEXT() REPRESENTATION_CONTEXT('2D SPACE',''
  ) );
#4250 = ORIENTED_EDGE('',*,*,#1617,.T.);
#4251 = ORIENTED_EDGE('',*,*,#4230,.F.);
#4252 = ADVANCED_FACE('',(#4253,#4284),#1831,.T.);
#4253 = FACE_BOUND('',#4254,.T.);
#4254 = EDGE_LOOP('',(#4255));
#4255 = ORIENTED_EDGE('',*,*,#4256,.T.);
#4256 = EDGE_CURVE('',#4257,#4257,#4259,.T.);
#4257 = VERTEX_POINT('',#4258);
#4258 = CARTESIAN_POINT('',(-10.5,-84.,8.));
#4259 = SURFACE_CURVE('',#4260,(#4265,#4272),.PCURVE_S1.);
#4260 = CIRCLE('',#4261,4.);
#4261 = AXIS2_PLACEMENT_3D('',#4262,#4263,#4264);
#4262 = CARTESIAN_POINT('',(-14.5,-84.,8.));
#4263 = DIRECTION('',(0.,0.,1.));
#4264 = DIRECTION('',(1.,0.,0.));
#4265 = PCURVE('',#1831,#4266);
#4266 = DEFINITIONAL_REPRESENTATION('',(#4267),#4271);
#4267 = CIRCLE('',#4268,4.);
#4268 = AXIS2_PLACEMENT_2D('',#4269,#4270);
#4269 = CARTESIAN_POINT('',(0.,0.));
#4270 = DIRECTION('',(1.,0.));
#4271 = ( GEOMETRIC_REPRESENTATION_CONTEXT(2) 
PARAMETRIC_REPRESENTATION_CONTEXT() REPRESENTATION_CONTEXT('2D SPACE',''
  ) );
#4272 = PCURVE('',#4273,#4278);
#4273 = CYLINDRICAL_SURFACE('',#4274,4.);
#4274 = AXIS2_PLACEMENT_3D('',#4275,#4276,#4277);
#4275 = CARTESIAN_POINT('',(-14.5,-84.,2.));
#4276 = DIRECTION('',(-0.,-0.,-1.));
#4277 = DIRECTION('',(1.,0.,0.));
#4278 = DEFINITIONAL_REPRESENTATION('',(#4279),#4283);
#4279 = LINE('',#4280,#4281);
#4280 = CARTESIAN_POINT('',(-0.,-6.));
#4281 = VECTOR('',#4282,1.);
#4282 = DIRECTION('',(-1.,0.));
#4283 = ( GEOMETRIC_REPRESENTATION_CONTEXT(2) 
PARAMETRIC_REPRESENTATION_CONTEXT() REPRESENTATION_CONTEXT('2D SPACE',''
  ) );
#4284 = FACE_BOUND('',#4285,.T.);
#4285 = EDGE_LOOP('',(#4286));
#4286 = ORIENTED_EDGE('',*,*,#1816,.T.);
#4287 = ADVANCED_FACE('',(#4288,#4291),#1890,.F.);
#4288 = FACE_BOUND('',#4289,.F.);
#4289 = EDGE_LOOP('',(#4290));
#4290 = ORIENTED_EDGE('',*,*,#1875,.T.);
#4291 = FACE_BOUND('',#4292,.F.);
#4292 = EDGE_LOOP('',(#4293));
#4293 = ORIENTED_EDGE('',*,*,#4294,.F.);
#4294 = EDGE_CURVE('',#4295,#4295,#4297,.T.);
#4295 = VERTEX_POINT('',#4296);
#4296 = CARTESIAN_POINT('',(9.214972129052,-84.,2.));
#4297 = SURFACE_CURVE('',#4298,(#4303,#4310),.PCURVE_S1.);
#4298 = CIRCLE('',#4299,9.214972129052);
#4299 = AXIS2_PLACEMENT_3D('',#4300,#4301,#4302);
#4300 = CARTESIAN_POINT('',(0.,-84.,2.));
#4301 = DIRECTION('',(0.,0.,1.));
#4302 = DIRECTION('',(1.,0.,-0.));
#4303 = PCURVE('',#1890,#4304);
#4304 = DEFINITIONAL_REPRESENTATION('',(#4305),#4309);
#4305 = CIRCLE('',#4306,9.214972129052);
#4306 = AXIS2_PLACEMENT_2D('',#4307,#4308);
#4307 = CARTESIAN_POINT('',(1.174561246093E-15,0.));
#4308 = DIRECTION('',(1.,0.));
#4309 = ( GEOMETRIC_REPRESENTATION_CONTEXT(2) 
PARAMETRIC_REPRESENTATION_CONTEXT() REPRESENTATION_CONTEXT('2D SPACE',''
  ) );
#4310 = PCURVE('',#4311,#4316);
#4311 = CONICAL_SURFACE('',#4312,9.313708498985,0.779039925905);
#4312 = AXIS2_PLACEMENT_3D('',#4313,#4314,#4315);
#4313 = CARTESIAN_POINT('',(0.,-84.,1.9));
#4314 = DIRECTION('',(-0.,-0.,-1.));
#4315 = DIRECTION('',(1.,0.,-0.));
#4316 = DEFINITIONAL_REPRESENTATION('',(#4317),#4321);
#4317 = LINE('',#4318,#4319);
#4318 = CARTESIAN_POINT('',(-0.,-0.1));
#4319 = VECTOR('',#4320,1.);
#4320 = DIRECTION('',(-1.,-0.));
#4321 = ( GEOMETRIC_REPRESENTATION_CONTEXT(2) 
PARAMETRIC_REPRESENTATION_CONTEXT() REPRESENTATION_CONTEXT('2D SPACE',''
  ) );
#4322 = ADVANCED_FACE('',(#4323,#4354),#1945,.T.);
#4323 = FACE_BOUND('',#4324,.T.);
#4324 = EDGE_LOOP('',(#4325));
#4325 = ORIENTED_EDGE('',*,*,#4326,.T.);
#4326 = EDGE_CURVE('',#4327,#4327,#4329,.T.);
#4327 = VERTEX_POINT('',#4328);
#4328 = CARTESIAN_POINT('',(18.5,-84.,8.));
#4329 = SURFACE_CURVE('',#4330,(#4335,#4342),.PCURVE_S1.);
#4330 = CIRCLE('',#4331,4.);
#4331 = AXIS2_PLACEMENT_3D('',#4332,#4333,#4334);
#4332 = CARTESIAN_POINT('',(14.5,-84.,8.));
#4333 = DIRECTION('',(0.,0.,1.));
#4334 = DIRECTION('',(1.,0.,0.));
#4335 = PCURVE('',#1945,#4336);
#4336 = DEFINITIONAL_REPRESENTATION('',(#4337),#4341);
#4337 = CIRCLE('',#4338,4.);
#4338 = AXIS2_PLACEMENT_2D('',#4339,#4340);
#4339 = CARTESIAN_POINT('',(0.,0.));
#4340 = DIRECTION('',(1.,0.));
#4341 = ( GEOMETRIC_REPRESENTATION_CONTEXT(2) 
PARAMETRIC_REPRESENTATION_CONTEXT() REPRESENTATION_CONTEXT('2D SPACE',''
  ) );
#4342 = PCURVE('',#4343,#4348);
#4343 = CYLINDRICAL_SURFACE('',#4344,4.);
#4344 = AXIS2_PLACEMENT_3D('',#4345,#4346,#4347);
#4345 = CARTESIAN_POINT('',(14.5,-84.,2.));
#4346 = DIRECTION('',(-0.,-0.,-1.));
#4347 = DIRECTION('',(1.,0.,0.));
#4348 = DEFINITIONAL_REPRESENTATION('',(#4349),#4353);
#4349 = LINE('',#4350,#4351);
#4350 = CARTESIAN_POINT('',(-0.,-6.));
#4351 = VECTOR('',#4352,1.);
#4352 = DIRECTION('',(-1.,0.));
#4353 = ( GEOMETRIC_REPRESENTATION_CONTEXT(2) 
PARAMETRIC_REPRESENTATION_CONTEXT() REPRESENTATION_CONTEXT('2D SPACE',''
  ) );
#4354 = FACE_BOUND('',#4355,.T.);
#4355 = EDGE_LOOP('',(#4356));
#4356 = ORIENTED_EDGE('',*,*,#1930,.T.);
#4357 = ADVANCED_FACE('',(#4358,#4490,#4604,#4718,#4853,#4884,#4915,
    #4925,#5039,#5153,#5184,#5215,#5246,#5256),#2027,.T.);
#4358 = FACE_BOUND('',#4359,.T.);
#4359 = EDGE_LOOP('',(#4360,#4386,#4413,#4441,#4468));
#4360 = ORIENTED_EDGE('',*,*,#4361,.T.);
#4361 = EDGE_CURVE('',#4362,#4364,#4366,.T.);
#4362 = VERTEX_POINT('',#4363);
#4363 = CARTESIAN_POINT('',(104.1,5.37780689317E-15,2.));
#4364 = VERTEX_POINT('',#4365);
#4365 = CARTESIAN_POINT('',(37.600000000001,97.072395664266,2.));
#4366 = SURFACE_CURVE('',#4367,(#4372,#4379),.PCURVE_S1.);
#4367 = CIRCLE('',#4368,104.1);
#4368 = AXIS2_PLACEMENT_3D('',#4369,#4370,#4371);
#4369 = CARTESIAN_POINT('',(4.990604796862E-13,5.37780689317E-15,2.));
#4370 = DIRECTION('',(0.,0.,1.));
#4371 = DIRECTION('',(1.,0.,0.));
#4372 = PCURVE('',#2027,#4373);
#4373 = DEFINITIONAL_REPRESENTATION('',(#4374),#4378);
#4374 = CIRCLE('',#4375,104.1);
#4375 = AXIS2_PLACEMENT_2D('',#4376,#4377);
#4376 = CARTESIAN_POINT('',(5.088297264005E-13,9.766124590115E-15));
#4377 = DIRECTION('',(1.,0.));
#4378 = ( GEOMETRIC_REPRESENTATION_CONTEXT(2) 
PARAMETRIC_REPRESENTATION_CONTEXT() REPRESENTATION_CONTEXT('2D SPACE',''
  ) );
#4379 = PCURVE('',#3295,#4380);
#4380 = DEFINITIONAL_REPRESENTATION('',(#4381),#4385);
#4381 = LINE('',#4382,#4383);
#4382 = CARTESIAN_POINT('',(-0.,0.));
#4383 = VECTOR('',#4384,1.);
#4384 = DIRECTION('',(-1.,0.));
#4385 = ( GEOMETRIC_REPRESENTATION_CONTEXT(2) 
PARAMETRIC_REPRESENTATION_CONTEXT() REPRESENTATION_CONTEXT('2D SPACE',''
  ) );
#4386 = ORIENTED_EDGE('',*,*,#4387,.F.);
#4387 = EDGE_CURVE('',#4388,#4364,#4390,.T.);
#4388 = VERTEX_POINT('',#4389);
#4389 = CARTESIAN_POINT('',(37.6,65.4,2.));
#4390 = SURFACE_CURVE('',#4391,(#4395,#4402),.PCURVE_S1.);
#4391 = LINE('',#4392,#4393);
#4392 = CARTESIAN_POINT('',(37.6,65.4,2.));
#4393 = VECTOR('',#4394,1.);
#4394 = DIRECTION('',(0.,1.,0.));
#4395 = PCURVE('',#2027,#4396);
#4396 = DEFINITIONAL_REPRESENTATION('',(#4397),#4401);
#4397 = LINE('',#4398,#4399);
#4398 = CARTESIAN_POINT('',(37.6,65.4));
#4399 = VECTOR('',#4400,1.);
#4400 = DIRECTION('',(0.,1.));
#4401 = ( GEOMETRIC_REPRESENTATION_CONTEXT(2) 
PARAMETRIC_REPRESENTATION_CONTEXT() REPRESENTATION_CONTEXT('2D SPACE',''
  ) );
#4402 = PCURVE('',#4403,#4408);
#4403 = B_SPLINE_SURFACE_WITH_KNOTS('',1,1,(
    (#4404,#4405)
    ,(#4406,#4407
    )),.UNSPECIFIED.,.F.,.F.,.F.,(2,2),(2,2),(0.,33.5),(0.,1.),
  .PIECEWISE_BEZIER_KNOTS.);
#4404 = CARTESIAN_POINT('',(37.6,65.4,2.));
#4405 = CARTESIAN_POINT('',(16.75,67.75,24.));
#4406 = CARTESIAN_POINT('',(37.6,97.6,2.));
#4407 = CARTESIAN_POINT('',(16.75,101.25,24.));
#4408 = DEFINITIONAL_REPRESENTATION('',(#4409),#4412);
#4409 = B_SPLINE_CURVE_WITH_KNOTS('',1,(#4410,#4411),.UNSPECIFIED.,.F.,
  .F.,(2,2),(0.,32.2),.PIECEWISE_BEZIER_KNOTS.);
#4410 = CARTESIAN_POINT('',(0.,0.));
#4411 = CARTESIAN_POINT('',(33.5,0.));
#4412 = ( GEOMETRIC_REPRESENTATION_CONTEXT(2) 
PARAMETRIC_REPRESENTATION_CONTEXT() REPRESENTATION_CONTEXT('2D SPACE',''
  ) );
#4413 = ORIENTED_EDGE('',*,*,#4414,.F.);
#4414 = EDGE_CURVE('',#4415,#4388,#4417,.T.);
#4415 = VERTEX_POINT('',#4416);
#4416 = CARTESIAN_POINT('',(-37.6,65.4,2.));
#4417 = SURFACE_CURVE('',#4418,(#4422,#4429),.PCURVE_S1.);
#4418 = LINE('',#4419,#4420);
#4419 = CARTESIAN_POINT('',(-37.6,65.4,2.));
#4420 = VECTOR('',#4421,1.);
#4421 = DIRECTION('',(1.,0.,0.));
#4422 = PCURVE('',#2027,#4423);
#4423 = DEFINITIONAL_REPRESENTATION('',(#4424),#4428);
#4424 = LINE('',#4425,#4426);
#4425 = CARTESIAN_POINT('',(-37.6,65.4));
#4426 = VECTOR('',#4427,1.);
#4427 = DIRECTION('',(1.,0.));
#4428 = ( GEOMETRIC_REPRESENTATION_CONTEXT(2) 
PARAMETRIC_REPRESENTATION_CONTEXT() REPRESENTATION_CONTEXT('2D SPACE',''
  ) );
#4429 = PCURVE('',#4430,#4435);
#4430 = B_SPLINE_SURFACE_WITH_KNOTS('',1,1,(
    (#4431,#4432)
    ,(#4433,#4434
    )),.UNSPECIFIED.,.F.,.F.,.F.,(2,2),(2,2),(0.,75.2),(0.,1.),
  .PIECEWISE_BEZIER_KNOTS.);
#4431 = CARTESIAN_POINT('',(-37.6,65.4,2.));
#4432 = CARTESIAN_POINT('',(-16.75,67.75,24.));
#4433 = CARTESIAN_POINT('',(37.6,65.4,2.));
#4434 = CARTESIAN_POINT('',(16.75,67.75,24.));
#4435 = DEFINITIONAL_REPRESENTATION('',(#4436),#4440);
#4436 = LINE('',#4437,#4438);
#4437 = CARTESIAN_POINT('',(0.,0.));
#4438 = VECTOR('',#4439,1.);
#4439 = DIRECTION('',(1.,0.));
#4440 = ( GEOMETRIC_REPRESENTATION_CONTEXT(2) 
PARAMETRIC_REPRESENTATION_CONTEXT() REPRESENTATION_CONTEXT('2D SPACE',''
  ) );
#4441 = ORIENTED_EDGE('',*,*,#4442,.F.);
#4442 = EDGE_CURVE('',#4443,#4415,#4445,.T.);
#4443 = VERTEX_POINT('',#4444);
#4444 = CARTESIAN_POINT('',(-37.59999999999,97.072395664267,2.));
#4445 = SURFACE_CURVE('',#4446,(#4450,#4457),.PCURVE_S1.);
#4446 = LINE('',#4447,#4448);
#4447 = CARTESIAN_POINT('',(-37.6,97.6,2.));
#4448 = VECTOR('',#4449,1.);
#4449 = DIRECTION('',(0.,-1.,0.));
#4450 = PCURVE('',#2027,#4451);
#4451 = DEFINITIONAL_REPRESENTATION('',(#4452),#4456);
#4452 = LINE('',#4453,#4454);
#4453 = CARTESIAN_POINT('',(-37.6,97.6));
#4454 = VECTOR('',#4455,1.);
#4455 = DIRECTION('',(0.,-1.));
#4456 = ( GEOMETRIC_REPRESENTATION_CONTEXT(2) 
PARAMETRIC_REPRESENTATION_CONTEXT() REPRESENTATION_CONTEXT('2D SPACE',''
  ) );
#4457 = PCURVE('',#4458,#4463);
#4458 = B_SPLINE_SURFACE_WITH_KNOTS('',1,1,(
    (#4459,#4460)
    ,(#4461,#4462
    )),.UNSPECIFIED.,.F.,.F.,.F.,(2,2),(2,2),(0.,33.5),(0.,1.),
  .PIECEWISE_BEZIER_KNOTS.);
#4459 = CARTESIAN_POINT('',(-37.6,97.6,2.));
#4460 = CARTESIAN_POINT('',(-16.75,101.25,24.));
#4461 = CARTESIAN_POINT('',(-37.6,65.4,2.));
#4462 = CARTESIAN_POINT('',(-16.75,67.75,24.));
#4463 = DEFINITIONAL_REPRESENTATION('',(#4464),#4467);
#4464 = B_SPLINE_CURVE_WITH_KNOTS('',1,(#4465,#4466),.UNSPECIFIED.,.F.,
  .F.,(2,2),(0.,32.2),.PIECEWISE_BEZIER_KNOTS.);
#4465 = CARTESIAN_POINT('',(0.,0.));
#4466 = CARTESIAN_POINT('',(33.5,0.));
#4467 = ( GEOMETRIC_REPRESENTATION_CONTEXT(2) 
PARAMETRIC_REPRESENTATION_CONTEXT() REPRESENTATION_CONTEXT('2D SPACE',''
  ) );
#4468 = ORIENTED_EDGE('',*,*,#4469,.T.);
#4469 = EDGE_CURVE('',#4443,#4362,#4470,.T.);
#4470 = SURFACE_CURVE('',#4471,(#4476,#4483),.PCURVE_S1.);
#4471 = CIRCLE('',#4472,104.1);
#4472 = AXIS2_PLACEMENT_3D('',#4473,#4474,#4475);
#4473 = CARTESIAN_POINT('',(4.990604796862E-13,5.37780689317E-15,2.));
#4474 = DIRECTION('',(0.,0.,1.));
#4475 = DIRECTION('',(1.,0.,0.));
#4476 = PCURVE('',#2027,#4477);
#4477 = DEFINITIONAL_REPRESENTATION('',(#4478),#4482);
#4478 = CIRCLE('',#4479,104.1);
#4479 = AXIS2_PLACEMENT_2D('',#4480,#4481);
#4480 = CARTESIAN_POINT('',(5.088297264005E-13,9.766124590115E-15));
#4481 = DIRECTION('',(1.,0.));
#4482 = ( GEOMETRIC_REPRESENTATION_CONTEXT(2) 
PARAMETRIC_REPRESENTATION_CONTEXT() REPRESENTATION_CONTEXT('2D SPACE',''
  ) );
#4483 = PCURVE('',#3295,#4484);
#4484 = DEFINITIONAL_REPRESENTATION('',(#4485),#4489);
#4485 = LINE('',#4486,#4487);
#4486 = CARTESIAN_POINT('',(-0.,0.));
#4487 = VECTOR('',#4488,1.);
#4488 = DIRECTION('',(-1.,0.));
#4489 = ( GEOMETRIC_REPRESENTATION_CONTEXT(2) 
PARAMETRIC_REPRESENTATION_CONTEXT() REPRESENTATION_CONTEXT('2D SPACE',''
  ) );
#4490 = FACE_BOUND('',#4491,.T.);
#4491 = EDGE_LOOP('',(#4492,#4522,#4550,#4578));
#4492 = ORIENTED_EDGE('',*,*,#4493,.T.);
#4493 = EDGE_CURVE('',#4494,#4496,#4498,.T.);
#4494 = VERTEX_POINT('',#4495);
#4495 = CARTESIAN_POINT('',(-79.,-64.8,2.));
#4496 = VERTEX_POINT('',#4497);
#4497 = CARTESIAN_POINT('',(-79.,-56.8,2.));
#4498 = SURFACE_CURVE('',#4499,(#4503,#4510),.PCURVE_S1.);
#4499 = LINE('',#4500,#4501);
#4500 = CARTESIAN_POINT('',(-79.,-64.8,2.));
#4501 = VECTOR('',#4502,1.);
#4502 = DIRECTION('',(0.,1.,0.));
#4503 = PCURVE('',#2027,#4504);
#4504 = DEFINITIONAL_REPRESENTATION('',(#4505),#4509);
#4505 = LINE('',#4506,#4507);
#4506 = CARTESIAN_POINT('',(-79.,-64.8));
#4507 = VECTOR('',#4508,1.);
#4508 = DIRECTION('',(0.,1.));
#4509 = ( GEOMETRIC_REPRESENTATION_CONTEXT(2) 
PARAMETRIC_REPRESENTATION_CONTEXT() REPRESENTATION_CONTEXT('2D SPACE',''
  ) );
#4510 = PCURVE('',#4511,#4516);
#4511 = PLANE('',#4512);
#4512 = AXIS2_PLACEMENT_3D('',#4513,#4514,#4515);
#4513 = CARTESIAN_POINT('',(-79.,-64.8,2.));
#4514 = DIRECTION('',(1.,0.,0.));
#4515 = DIRECTION('',(0.,0.,1.));
#4516 = DEFINITIONAL_REPRESENTATION('',(#4517),#4521);
#4517 = LINE('',#4518,#4519);
#4518 = CARTESIAN_POINT('',(0.,0.));
#4519 = VECTOR('',#4520,1.);
#4520 = DIRECTION('',(0.,-1.));
#4521 = ( GEOMETRIC_REPRESENTATION_CONTEXT(2) 
PARAMETRIC_REPRESENTATION_CONTEXT() REPRESENTATION_CONTEXT('2D SPACE',''
  ) );
#4522 = ORIENTED_EDGE('',*,*,#4523,.T.);
#4523 = EDGE_CURVE('',#4496,#4524,#4526,.T.);
#4524 = VERTEX_POINT('',#4525);
#4525 = CARTESIAN_POINT('',(-71.,-56.8,2.));
#4526 = SURFACE_CURVE('',#4527,(#4531,#4538),.PCURVE_S1.);
#4527 = LINE('',#4528,#4529);
#4528 = CARTESIAN_POINT('',(-79.,-56.8,2.));
#4529 = VECTOR('',#4530,1.);
#4530 = DIRECTION('',(1.,0.,0.));
#4531 = PCURVE('',#2027,#4532);
#4532 = DEFINITIONAL_REPRESENTATION('',(#4533),#4537);
#4533 = LINE('',#4534,#4535);
#4534 = CARTESIAN_POINT('',(-79.,-56.8));
#4535 = VECTOR('',#4536,1.);
#4536 = DIRECTION('',(1.,0.));
#4537 = ( GEOMETRIC_REPRESENTATION_CONTEXT(2) 
PARAMETRIC_REPRESENTATION_CONTEXT() REPRESENTATION_CONTEXT('2D SPACE',''
  ) );
#4538 = PCURVE('',#4539,#4544);
#4539 = PLANE('',#4540);
#4540 = AXIS2_PLACEMENT_3D('',#4541,#4542,#4543);
#4541 = CARTESIAN_POINT('',(-79.,-56.8,2.));
#4542 = DIRECTION('',(0.,1.,0.));
#4543 = DIRECTION('',(0.,0.,1.));
#4544 = DEFINITIONAL_REPRESENTATION('',(#4545),#4549);
#4545 = LINE('',#4546,#4547);
#4546 = CARTESIAN_POINT('',(0.,0.));
#4547 = VECTOR('',#4548,1.);
#4548 = DIRECTION('',(0.,1.));
#4549 = ( GEOMETRIC_REPRESENTATION_CONTEXT(2) 
PARAMETRIC_REPRESENTATION_CONTEXT() REPRESENTATION_CONTEXT('2D SPACE',''
  ) );
#4550 = ORIENTED_EDGE('',*,*,#4551,.F.);
#4551 = EDGE_CURVE('',#4552,#4524,#4554,.T.);
#4552 = VERTEX_POINT('',#4553);
#4553 = CARTESIAN_POINT('',(-71.,-64.8,2.));
#4554 = SURFACE_CURVE('',#4555,(#4559,#4566),.PCURVE_S1.);
#4555 = LINE('',#4556,#4557);
#4556 = CARTESIAN_POINT('',(-71.,-64.8,2.));
#4557 = VECTOR('',#4558,1.);
#4558 = DIRECTION('',(0.,1.,0.));
#4559 = PCURVE('',#2027,#4560);
#4560 = DEFINITIONAL_REPRESENTATION('',(#4561),#4565);
#4561 = LINE('',#4562,#4563);
#4562 = CARTESIAN_POINT('',(-71.,-64.8));
#4563 = VECTOR('',#4564,1.);
#4564 = DIRECTION('',(0.,1.));
#4565 = ( GEOMETRIC_REPRESENTATION_CONTEXT(2) 
PARAMETRIC_REPRESENTATION_CONTEXT() REPRESENTATION_CONTEXT('2D SPACE',''
  ) );
#4566 = PCURVE('',#4567,#4572);
#4567 = PLANE('',#4568);
#4568 = AXIS2_PLACEMENT_3D('',#4569,#4570,#4571);
#4569 = CARTESIAN_POINT('',(-71.,-64.8,2.));
#4570 = DIRECTION('',(1.,0.,0.));
#4571 = DIRECTION('',(0.,0.,1.));
#4572 = DEFINITIONAL_REPRESENTATION('',(#4573),#4577);
#4573 = LINE('',#4574,#4575);
#4574 = CARTESIAN_POINT('',(0.,0.));
#4575 = VECTOR('',#4576,1.);
#4576 = DIRECTION('',(0.,-1.));
#4577 = ( GEOMETRIC_REPRESENTATION_CONTEXT(2) 
PARAMETRIC_REPRESENTATION_CONTEXT() REPRESENTATION_CONTEXT('2D SPACE',''
  ) );
#4578 = ORIENTED_EDGE('',*,*,#4579,.F.);
#4579 = EDGE_CURVE('',#4494,#4552,#4580,.T.);
#4580 = SURFACE_CURVE('',#4581,(#4585,#4592),.PCURVE_S1.);
#4581 = LINE('',#4582,#4583);
#4582 = CARTESIAN_POINT('',(-79.,-64.8,2.));
#4583 = VECTOR('',#4584,1.);
#4584 = DIRECTION('',(1.,0.,0.));
#4585 = PCURVE('',#2027,#4586);
#4586 = DEFINITIONAL_REPRESENTATION('',(#4587),#4591);
#4587 = LINE('',#4588,#4589);
#4588 = CARTESIAN_POINT('',(-79.,-64.8));
#4589 = VECTOR('',#4590,1.);
#4590 = DIRECTION('',(1.,0.));
#4591 = ( GEOMETRIC_REPRESENTATION_CONTEXT(2) 
PARAMETRIC_REPRESENTATION_CONTEXT() REPRESENTATION_CONTEXT('2D SPACE',''
  ) );
#4592 = PCURVE('',#4593,#4598);
#4593 = PLANE('',#4594);
#4594 = AXIS2_PLACEMENT_3D('',#4595,#4596,#4597);
#4595 = CARTESIAN_POINT('',(-79.,-64.8,2.));
#4596 = DIRECTION('',(0.,1.,0.));
#4597 = DIRECTION('',(0.,0.,1.));
#4598 = DEFINITIONAL_REPRESENTATION('',(#4599),#4603);
#4599 = LINE('',#4600,#4601);
#4600 = CARTESIAN_POINT('',(0.,0.));
#4601 = VECTOR('',#4602,1.);
#4602 = DIRECTION('',(0.,1.));
#4603 = ( GEOMETRIC_REPRESENTATION_CONTEXT(2) 
PARAMETRIC_REPRESENTATION_CONTEXT() REPRESENTATION_CONTEXT('2D SPACE',''
  ) );
#4604 = FACE_BOUND('',#4605,.T.);
#4605 = EDGE_LOOP('',(#4606,#4636,#4664,#4692));
#4606 = ORIENTED_EDGE('',*,*,#4607,.T.);
#4607 = EDGE_CURVE('',#4608,#4610,#4612,.T.);
#4608 = VERTEX_POINT('',#4609);
#4609 = CARTESIAN_POINT('',(-6.4,-64.8,2.));
#4610 = VERTEX_POINT('',#4611);
#4611 = CARTESIAN_POINT('',(-6.4,-56.8,2.));
#4612 = SURFACE_CURVE('',#4613,(#4617,#4624),.PCURVE_S1.);
#4613 = LINE('',#4614,#4615);
#4614 = CARTESIAN_POINT('',(-6.4,-64.8,2.));
#4615 = VECTOR('',#4616,1.);
#4616 = DIRECTION('',(0.,1.,0.));
#4617 = PCURVE('',#2027,#4618);
#4618 = DEFINITIONAL_REPRESENTATION('',(#4619),#4623);
#4619 = LINE('',#4620,#4621);
#4620 = CARTESIAN_POINT('',(-6.4,-64.8));
#4621 = VECTOR('',#4622,1.);
#4622 = DIRECTION('',(0.,1.));
#4623 = ( GEOMETRIC_REPRESENTATION_CONTEXT(2) 
PARAMETRIC_REPRESENTATION_CONTEXT() REPRESENTATION_CONTEXT('2D SPACE',''
  ) );
#4624 = PCURVE('',#4625,#4630);
#4625 = PLANE('',#4626);
#4626 = AXIS2_PLACEMENT_3D('',#4627,#4628,#4629);
#4627 = CARTESIAN_POINT('',(-6.4,-64.8,2.));
#4628 = DIRECTION('',(1.,0.,0.));
#4629 = DIRECTION('',(0.,0.,1.));
#4630 = DEFINITIONAL_REPRESENTATION('',(#4631),#4635);
#4631 = LINE('',#4632,#4633);
#4632 = CARTESIAN_POINT('',(0.,0.));
#4633 = VECTOR('',#4634,1.);
#4634 = DIRECTION('',(0.,-1.));
#4635 = ( GEOMETRIC_REPRESENTATION_CONTEXT(2) 
PARAMETRIC_REPRESENTATION_CONTEXT() REPRESENTATION_CONTEXT('2D SPACE',''
  ) );
#4636 = ORIENTED_EDGE('',*,*,#4637,.T.);
#4637 = EDGE_CURVE('',#4610,#4638,#4640,.T.);
#4638 = VERTEX_POINT('',#4639);
#4639 = CARTESIAN_POINT('',(1.6,-56.8,2.));
#4640 = SURFACE_CURVE('',#4641,(#4645,#4652),.PCURVE_S1.);
#4641 = LINE('',#4642,#4643);
#4642 = CARTESIAN_POINT('',(-6.4,-56.8,2.));
#4643 = VECTOR('',#4644,1.);
#4644 = DIRECTION('',(1.,0.,0.));
#4645 = PCURVE('',#2027,#4646);
#4646 = DEFINITIONAL_REPRESENTATION('',(#4647),#4651);
#4647 = LINE('',#4648,#4649);
#4648 = CARTESIAN_POINT('',(-6.4,-56.8));
#4649 = VECTOR('',#4650,1.);
#4650 = DIRECTION('',(1.,0.));
#4651 = ( GEOMETRIC_REPRESENTATION_CONTEXT(2) 
PARAMETRIC_REPRESENTATION_CONTEXT() REPRESENTATION_CONTEXT('2D SPACE',''
  ) );
#4652 = PCURVE('',#4653,#4658);
#4653 = PLANE('',#4654);
#4654 = AXIS2_PLACEMENT_3D('',#4655,#4656,#4657);
#4655 = CARTESIAN_POINT('',(-6.4,-56.8,2.));
#4656 = DIRECTION('',(0.,1.,0.));
#4657 = DIRECTION('',(0.,0.,1.));
#4658 = DEFINITIONAL_REPRESENTATION('',(#4659),#4663);
#4659 = LINE('',#4660,#4661);
#4660 = CARTESIAN_POINT('',(0.,0.));
#4661 = VECTOR('',#4662,1.);
#4662 = DIRECTION('',(0.,1.));
#4663 = ( GEOMETRIC_REPRESENTATION_CONTEXT(2) 
PARAMETRIC_REPRESENTATION_CONTEXT() REPRESENTATION_CONTEXT('2D SPACE',''
  ) );
#4664 = ORIENTED_EDGE('',*,*,#4665,.F.);
#4665 = EDGE_CURVE('',#4666,#4638,#4668,.T.);
#4666 = VERTEX_POINT('',#4667);
#4667 = CARTESIAN_POINT('',(1.6,-64.8,2.));
#4668 = SURFACE_CURVE('',#4669,(#4673,#4680),.PCURVE_S1.);
#4669 = LINE('',#4670,#4671);
#4670 = CARTESIAN_POINT('',(1.6,-64.8,2.));
#4671 = VECTOR('',#4672,1.);
#4672 = DIRECTION('',(0.,1.,0.));
#4673 = PCURVE('',#2027,#4674);
#4674 = DEFINITIONAL_REPRESENTATION('',(#4675),#4679);
#4675 = LINE('',#4676,#4677);
#4676 = CARTESIAN_POINT('',(1.6,-64.8));
#4677 = VECTOR('',#4678,1.);
#4678 = DIRECTION('',(0.,1.));
#4679 = ( GEOMETRIC_REPRESENTATION_CONTEXT(2) 
PARAMETRIC_REPRESENTATION_CONTEXT() REPRESENTATION_CONTEXT('2D SPACE',''
  ) );
#4680 = PCURVE('',#4681,#4686);
#4681 = PLANE('',#4682);
#4682 = AXIS2_PLACEMENT_3D('',#4683,#4684,#4685);
#4683 = CARTESIAN_POINT('',(1.6,-64.8,2.));
#4684 = DIRECTION('',(1.,0.,0.));
#4685 = DIRECTION('',(0.,0.,1.));
#4686 = DEFINITIONAL_REPRESENTATION('',(#4687),#4691);
#4687 = LINE('',#4688,#4689);
#4688 = CARTESIAN_POINT('',(0.,0.));
#4689 = VECTOR('',#4690,1.);
#4690 = DIRECTION('',(0.,-1.));
#4691 = ( GEOMETRIC_REPRESENTATION_CONTEXT(2) 
PARAMETRIC_REPRESENTATION_CONTEXT() REPRESENTATION_CONTEXT('2D SPACE',''
  ) );
#4692 = ORIENTED_EDGE('',*,*,#4693,.F.);
#4693 = EDGE_CURVE('',#4608,#4666,#4694,.T.);
#4694 = SURFACE_CURVE('',#4695,(#4699,#4706),.PCURVE_S1.);
#4695 = LINE('',#4696,#4697);
#4696 = CARTESIAN_POINT('',(-6.4,-64.8,2.));
#4697 = VECTOR('',#4698,1.);
#4698 = DIRECTION('',(1.,0.,0.));
#4699 = PCURVE('',#2027,#4700);
#4700 = DEFINITIONAL_REPRESENTATION('',(#4701),#4705);
#4701 = LINE('',#4702,#4703);
#4702 = CARTESIAN_POINT('',(-6.4,-64.8));
#4703 = VECTOR('',#4704,1.);
#4704 = DIRECTION('',(1.,0.));
#4705 = ( GEOMETRIC_REPRESENTATION_CONTEXT(2) 
PARAMETRIC_REPRESENTATION_CONTEXT() REPRESENTATION_CONTEXT('2D SPACE',''
  ) );
#4706 = PCURVE('',#4707,#4712);
#4707 = PLANE('',#4708);
#4708 = AXIS2_PLACEMENT_3D('',#4709,#4710,#4711);
#4709 = CARTESIAN_POINT('',(-6.4,-64.8,2.));
#4710 = DIRECTION('',(0.,1.,0.));
#4711 = DIRECTION('',(0.,0.,1.));
#4712 = DEFINITIONAL_REPRESENTATION('',(#4713),#4717);
#4713 = LINE('',#4714,#4715);
#4714 = CARTESIAN_POINT('',(0.,0.));
#4715 = VECTOR('',#4716,1.);
#4716 = DIRECTION('',(0.,1.));
#4717 = ( GEOMETRIC_REPRESENTATION_CONTEXT(2) 
PARAMETRIC_REPRESENTATION_CONTEXT() REPRESENTATION_CONTEXT('2D SPACE',''
  ) );
#4718 = FACE_BOUND('',#4719,.T.);
#4719 = EDGE_LOOP('',(#4720,#4746,#4779,#4803,#4831));
#4720 = ORIENTED_EDGE('',*,*,#4721,.F.);
#4721 = EDGE_CURVE('',#4722,#4724,#4726,.T.);
#4722 = VERTEX_POINT('',#4723);
#4723 = CARTESIAN_POINT('',(11.238624420504,-86.31590788449,2.));
#4724 = VERTEX_POINT('',#4725);
#4725 = CARTESIAN_POINT('',(18.5,-84.,2.));
#4726 = SURFACE_CURVE('',#4727,(#4732,#4739),.PCURVE_S1.);
#4727 = CIRCLE('',#4728,4.);
#4728 = AXIS2_PLACEMENT_3D('',#4729,#4730,#4731);
#4729 = CARTESIAN_POINT('',(14.5,-84.,2.));
#4730 = DIRECTION('',(0.,0.,1.));
#4731 = DIRECTION('',(1.,0.,0.));
#4732 = PCURVE('',#2027,#4733);
#4733 = DEFINITIONAL_REPRESENTATION('',(#4734),#4738);
#4734 = CIRCLE('',#4735,4.);
#4735 = AXIS2_PLACEMENT_2D('',#4736,#4737);
#4736 = CARTESIAN_POINT('',(14.5,-84.));
#4737 = DIRECTION('',(1.,0.));
#4738 = ( GEOMETRIC_REPRESENTATION_CONTEXT(2) 
PARAMETRIC_REPRESENTATION_CONTEXT() REPRESENTATION_CONTEXT('2D SPACE',''
  ) );
#4739 = PCURVE('',#4343,#4740);
#4740 = DEFINITIONAL_REPRESENTATION('',(#4741),#4745);
#4741 = LINE('',#4742,#4743);
#4742 = CARTESIAN_POINT('',(-0.,0.));
#4743 = VECTOR('',#4744,1.);
#4744 = DIRECTION('',(-1.,0.));
#4745 = ( GEOMETRIC_REPRESENTATION_CONTEXT(2) 
PARAMETRIC_REPRESENTATION_CONTEXT() REPRESENTATION_CONTEXT('2D SPACE',''
  ) );
#4746 = ORIENTED_EDGE('',*,*,#4747,.T.);
#4747 = EDGE_CURVE('',#4722,#4748,#4750,.T.);
#4748 = VERTEX_POINT('',#4749);
#4749 = CARTESIAN_POINT('',(-11.2386244205,-86.31590788449,2.));
#4750 = SURFACE_CURVE('',#4751,(#4756,#4767),.PCURVE_S1.);
#4751 = CIRCLE('',#4752,11.474759613805);
#4752 = AXIS2_PLACEMENT_3D('',#4753,#4754,#4755);
#4753 = CARTESIAN_POINT('',(0.,-84.,2.));
#4754 = DIRECTION('',(0.,0.,-1.));
#4755 = DIRECTION('',(1.,0.,0.));
#4756 = PCURVE('',#2027,#4757);
#4757 = DEFINITIONAL_REPRESENTATION('',(#4758),#4766);
#4758 = ( BOUNDED_CURVE() B_SPLINE_CURVE(2,(#4759,#4760,#4761,#4762,
#4763,#4764,#4765),.UNSPECIFIED.,.T.,.F.) B_SPLINE_CURVE_WITH_KNOTS((1,2
    ,2,2,2,1),(-2.094395102393,0.,2.094395102393,4.188790204786,
6.28318530718,8.377580409573),.UNSPECIFIED.) CURVE() 
GEOMETRIC_REPRESENTATION_ITEM() RATIONAL_B_SPLINE_CURVE((1.,0.5,1.,0.5,
1.,0.5,1.)) REPRESENTATION_ITEM('') );
#4759 = CARTESIAN_POINT('',(11.474759613805,-84.));
#4760 = CARTESIAN_POINT('',(11.474759613805,-103.8748666557));
#4761 = CARTESIAN_POINT('',(-5.737379806903,-93.93743332787));
#4762 = CARTESIAN_POINT('',(-22.94951922761,-84.));
#4763 = CARTESIAN_POINT('',(-5.737379806903,-74.06256667212));
#4764 = CARTESIAN_POINT('',(11.474759613805,-64.12513334425));
#4765 = CARTESIAN_POINT('',(11.474759613805,-84.));
#4766 = ( GEOMETRIC_REPRESENTATION_CONTEXT(2) 
PARAMETRIC_REPRESENTATION_CONTEXT() REPRESENTATION_CONTEXT('2D SPACE',''
  ) );
#4767 = PCURVE('',#4768,#4773);
#4768 = CONICAL_SURFACE('',#4769,2.16,0.780114871463);
#4769 = AXIS2_PLACEMENT_3D('',#4770,#4771,#4772);
#4770 = CARTESIAN_POINT('',(0.,-84.,11.413708498985));
#4771 = DIRECTION('',(-0.,-0.,-1.));
#4772 = DIRECTION('',(1.,0.,0.));
#4773 = DEFINITIONAL_REPRESENTATION('',(#4774),#4778);
#4774 = LINE('',#4775,#4776);
#4775 = CARTESIAN_POINT('',(-6.28318530718,9.413708498985));
#4776 = VECTOR('',#4777,1.);
#4777 = DIRECTION('',(1.,-0.));
#4778 = ( GEOMETRIC_REPRESENTATION_CONTEXT(2) 
PARAMETRIC_REPRESENTATION_CONTEXT() REPRESENTATION_CONTEXT('2D SPACE',''
  ) );
#4779 = ORIENTED_EDGE('',*,*,#4780,.F.);
#4780 = EDGE_CURVE('',#4781,#4748,#4783,.T.);
#4781 = VERTEX_POINT('',#4782);
#4782 = CARTESIAN_POINT('',(-11.2386244205,-81.6840921155,2.));
#4783 = SURFACE_CURVE('',#4784,(#4789,#4796),.PCURVE_S1.);
#4784 = CIRCLE('',#4785,4.);
#4785 = AXIS2_PLACEMENT_3D('',#4786,#4787,#4788);
#4786 = CARTESIAN_POINT('',(-14.5,-84.,2.));
#4787 = DIRECTION('',(0.,0.,1.));
#4788 = DIRECTION('',(1.,0.,0.));
#4789 = PCURVE('',#2027,#4790);
#4790 = DEFINITIONAL_REPRESENTATION('',(#4791),#4795);
#4791 = CIRCLE('',#4792,4.);
#4792 = AXIS2_PLACEMENT_2D('',#4793,#4794);
#4793 = CARTESIAN_POINT('',(-14.5,-84.));
#4794 = DIRECTION('',(1.,0.));
#4795 = ( GEOMETRIC_REPRESENTATION_CONTEXT(2) 
PARAMETRIC_REPRESENTATION_CONTEXT() REPRESENTATION_CONTEXT('2D SPACE',''
  ) );
#4796 = PCURVE('',#4273,#4797);
#4797 = DEFINITIONAL_REPRESENTATION('',(#4798),#4802);
#4798 = LINE('',#4799,#4800);
#4799 = CARTESIAN_POINT('',(-0.,0.));
#4800 = VECTOR('',#4801,1.);
#4801 = DIRECTION('',(-1.,0.));
#4802 = ( GEOMETRIC_REPRESENTATION_CONTEXT(2) 
PARAMETRIC_REPRESENTATION_CONTEXT() REPRESENTATION_CONTEXT('2D SPACE',''
  ) );
#4803 = ORIENTED_EDGE('',*,*,#4804,.T.);
#4804 = EDGE_CURVE('',#4781,#4805,#4807,.T.);
#4805 = VERTEX_POINT('',#4806);
#4806 = CARTESIAN_POINT('',(11.238624420504,-81.6840921155,2.));
#4807 = SURFACE_CURVE('',#4808,(#4813,#4824),.PCURVE_S1.);
#4808 = CIRCLE('',#4809,11.474759613805);
#4809 = AXIS2_PLACEMENT_3D('',#4810,#4811,#4812);
#4810 = CARTESIAN_POINT('',(0.,-84.,2.));
#4811 = DIRECTION('',(0.,0.,-1.));
#4812 = DIRECTION('',(1.,0.,0.));
#4813 = PCURVE('',#2027,#4814);
#4814 = DEFINITIONAL_REPRESENTATION('',(#4815),#4823);
#4815 = ( BOUNDED_CURVE() B_SPLINE_CURVE(2,(#4816,#4817,#4818,#4819,
#4820,#4821,#4822),.UNSPECIFIED.,.T.,.F.) B_SPLINE_CURVE_WITH_KNOTS((1,2
    ,2,2,2,1),(-2.094395102393,0.,2.094395102393,4.188790204786,
6.28318530718,8.377580409573),.UNSPECIFIED.) CURVE() 
GEOMETRIC_REPRESENTATION_ITEM() RATIONAL_B_SPLINE_CURVE((1.,0.5,1.,0.5,
1.,0.5,1.)) REPRESENTATION_ITEM('') );
#4816 = CARTESIAN_POINT('',(11.474759613805,-84.));
#4817 = CARTESIAN_POINT('',(11.474759613805,-103.8748666557));
#4818 = CARTESIAN_POINT('',(-5.737379806903,-93.93743332787));
#4819 = CARTESIAN_POINT('',(-22.94951922761,-84.));
#4820 = CARTESIAN_POINT('',(-5.737379806903,-74.06256667212));
#4821 = CARTESIAN_POINT('',(11.474759613805,-64.12513334425));
#4822 = CARTESIAN_POINT('',(11.474759613805,-84.));
#4823 = ( GEOMETRIC_REPRESENTATION_CONTEXT(2) 
PARAMETRIC_REPRESENTATION_CONTEXT() REPRESENTATION_CONTEXT('2D SPACE',''
  ) );
#4824 = PCURVE('',#4768,#4825);
#4825 = DEFINITIONAL_REPRESENTATION('',(#4826),#4830);
#4826 = LINE('',#4827,#4828);
#4827 = CARTESIAN_POINT('',(-6.28318530718,9.413708498985));
#4828 = VECTOR('',#4829,1.);
#4829 = DIRECTION('',(1.,-0.));
#4830 = ( GEOMETRIC_REPRESENTATION_CONTEXT(2) 
PARAMETRIC_REPRESENTATION_CONTEXT() REPRESENTATION_CONTEXT('2D SPACE',''
  ) );
#4831 = ORIENTED_EDGE('',*,*,#4832,.F.);
#4832 = EDGE_CURVE('',#4724,#4805,#4833,.T.);
#4833 = SURFACE_CURVE('',#4834,(#4839,#4846),.PCURVE_S1.);
#4834 = CIRCLE('',#4835,4.);
#4835 = AXIS2_PLACEMENT_3D('',#4836,#4837,#4838);
#4836 = CARTESIAN_POINT('',(14.5,-84.,2.));
#4837 = DIRECTION('',(0.,0.,1.));
#4838 = DIRECTION('',(1.,0.,0.));
#4839 = PCURVE('',#2027,#4840);
#4840 = DEFINITIONAL_REPRESENTATION('',(#4841),#4845);
#4841 = CIRCLE('',#4842,4.);
#4842 = AXIS2_PLACEMENT_2D('',#4843,#4844);
#4843 = CARTESIAN_POINT('',(14.5,-84.));
#4844 = DIRECTION('',(1.,0.));
#4845 = ( GEOMETRIC_REPRESENTATION_CONTEXT(2) 
PARAMETRIC_REPRESENTATION_CONTEXT() REPRESENTATION_CONTEXT('2D SPACE',''
  ) );
#4846 = PCURVE('',#4343,#4847);
#4847 = DEFINITIONAL_REPRESENTATION('',(#4848),#4852);
#4848 = LINE('',#4849,#4850);
#4849 = CARTESIAN_POINT('',(-0.,0.));
#4850 = VECTOR('',#4851,1.);
#4851 = DIRECTION('',(-1.,0.));
#4852 = ( GEOMETRIC_REPRESENTATION_CONTEXT(2) 
PARAMETRIC_REPRESENTATION_CONTEXT() REPRESENTATION_CONTEXT('2D SPACE',''
  ) );
#4853 = FACE_BOUND('',#4854,.T.);
#4854 = EDGE_LOOP('',(#4855));
#4855 = ORIENTED_EDGE('',*,*,#4856,.F.);
#4856 = EDGE_CURVE('',#4857,#4857,#4859,.T.);
#4857 = VERTEX_POINT('',#4858);
#4858 = CARTESIAN_POINT('',(9.5,-48.5,2.));
#4859 = SURFACE_CURVE('',#4860,(#4865,#4872),.PCURVE_S1.);
#4860 = CIRCLE('',#4861,3.);
#4861 = AXIS2_PLACEMENT_3D('',#4862,#4863,#4864);
#4862 = CARTESIAN_POINT('',(6.5,-48.5,2.));
#4863 = DIRECTION('',(0.,0.,1.));
#4864 = DIRECTION('',(1.,0.,0.));
#4865 = PCURVE('',#2027,#4866);
#4866 = DEFINITIONAL_REPRESENTATION('',(#4867),#4871);
#4867 = CIRCLE('',#4868,3.);
#4868 = AXIS2_PLACEMENT_2D('',#4869,#4870);
#4869 = CARTESIAN_POINT('',(6.5,-48.5));
#4870 = DIRECTION('',(1.,0.));
#4871 = ( GEOMETRIC_REPRESENTATION_CONTEXT(2) 
PARAMETRIC_REPRESENTATION_CONTEXT() REPRESENTATION_CONTEXT('2D SPACE',''
  ) );
#4872 = PCURVE('',#4873,#4878);
#4873 = CYLINDRICAL_SURFACE('',#4874,3.);
#4874 = AXIS2_PLACEMENT_3D('',#4875,#4876,#4877);
#4875 = CARTESIAN_POINT('',(6.5,-48.5,2.));
#4876 = DIRECTION('',(-0.,-0.,-1.));
#4877 = DIRECTION('',(1.,0.,0.));
#4878 = DEFINITIONAL_REPRESENTATION('',(#4879),#4883);
#4879 = LINE('',#4880,#4881);
#4880 = CARTESIAN_POINT('',(-0.,0.));
#4881 = VECTOR('',#4882,1.);
#4882 = DIRECTION('',(-1.,0.));
#4883 = ( GEOMETRIC_REPRESENTATION_CONTEXT(2) 
PARAMETRIC_REPRESENTATION_CONTEXT() REPRESENTATION_CONTEXT('2D SPACE',''
  ) );
#4884 = FACE_BOUND('',#4885,.T.);
#4885 = EDGE_LOOP('',(#4886));
#4886 = ORIENTED_EDGE('',*,*,#4887,.F.);
#4887 = EDGE_CURVE('',#4888,#4888,#4890,.T.);
#4888 = VERTEX_POINT('',#4889);
#4889 = CARTESIAN_POINT('',(58.5,-48.5,2.));
#4890 = SURFACE_CURVE('',#4891,(#4896,#4903),.PCURVE_S1.);
#4891 = CIRCLE('',#4892,3.);
#4892 = AXIS2_PLACEMENT_3D('',#4893,#4894,#4895);
#4893 = CARTESIAN_POINT('',(55.5,-48.5,2.));
#4894 = DIRECTION('',(0.,0.,1.));
#4895 = DIRECTION('',(1.,0.,0.));
#4896 = PCURVE('',#2027,#4897);
#4897 = DEFINITIONAL_REPRESENTATION('',(#4898),#4902);
#4898 = CIRCLE('',#4899,3.);
#4899 = AXIS2_PLACEMENT_2D('',#4900,#4901);
#4900 = CARTESIAN_POINT('',(55.5,-48.5));
#4901 = DIRECTION('',(1.,0.));
#4902 = ( GEOMETRIC_REPRESENTATION_CONTEXT(2) 
PARAMETRIC_REPRESENTATION_CONTEXT() REPRESENTATION_CONTEXT('2D SPACE',''
  ) );
#4903 = PCURVE('',#4904,#4909);
#4904 = CYLINDRICAL_SURFACE('',#4905,3.);
#4905 = AXIS2_PLACEMENT_3D('',#4906,#4907,#4908);
#4906 = CARTESIAN_POINT('',(55.5,-48.5,2.));
#4907 = DIRECTION('',(-0.,-0.,-1.));
#4908 = DIRECTION('',(1.,0.,0.));
#4909 = DEFINITIONAL_REPRESENTATION('',(#4910),#4914);
#4910 = LINE('',#4911,#4912);
#4911 = CARTESIAN_POINT('',(-0.,0.));
#4912 = VECTOR('',#4913,1.);
#4913 = DIRECTION('',(-1.,0.));
#4914 = ( GEOMETRIC_REPRESENTATION_CONTEXT(2) 
PARAMETRIC_REPRESENTATION_CONTEXT() REPRESENTATION_CONTEXT('2D SPACE',''
  ) );
#4915 = FACE_BOUND('',#4916,.T.);
#4916 = EDGE_LOOP('',(#4917,#4918,#4919,#4920,#4921,#4922,#4923,#4924));
#4917 = ORIENTED_EDGE('',*,*,#2012,.F.);
#4918 = ORIENTED_EDGE('',*,*,#2066,.T.);
#4919 = ORIENTED_EDGE('',*,*,#2161,.F.);
#4920 = ORIENTED_EDGE('',*,*,#2260,.T.);
#4921 = ORIENTED_EDGE('',*,*,#2333,.F.);
#4922 = ORIENTED_EDGE('',*,*,#2285,.T.);
#4923 = ORIENTED_EDGE('',*,*,#2211,.F.);
#4924 = ORIENTED_EDGE('',*,*,#2091,.T.);
#4925 = FACE_BOUND('',#4926,.T.);
#4926 = EDGE_LOOP('',(#4927,#4957,#4985,#5013));
#4927 = ORIENTED_EDGE('',*,*,#4928,.T.);
#4928 = EDGE_CURVE('',#4929,#4931,#4933,.T.);
#4929 = VERTEX_POINT('',#4930);
#4930 = CARTESIAN_POINT('',(-79.,56.8,2.));
#4931 = VERTEX_POINT('',#4932);
#4932 = CARTESIAN_POINT('',(-79.,64.8,2.));
#4933 = SURFACE_CURVE('',#4934,(#4938,#4945),.PCURVE_S1.);
#4934 = LINE('',#4935,#4936);
#4935 = CARTESIAN_POINT('',(-79.,56.8,2.));
#4936 = VECTOR('',#4937,1.);
#4937 = DIRECTION('',(0.,1.,0.));
#4938 = PCURVE('',#2027,#4939);
#4939 = DEFINITIONAL_REPRESENTATION('',(#4940),#4944);
#4940 = LINE('',#4941,#4942);
#4941 = CARTESIAN_POINT('',(-79.,56.8));
#4942 = VECTOR('',#4943,1.);
#4943 = DIRECTION('',(0.,1.));
#4944 = ( GEOMETRIC_REPRESENTATION_CONTEXT(2) 
PARAMETRIC_REPRESENTATION_CONTEXT() REPRESENTATION_CONTEXT('2D SPACE',''
  ) );
#4945 = PCURVE('',#4946,#4951);
#4946 = PLANE('',#4947);
#4947 = AXIS2_PLACEMENT_3D('',#4948,#4949,#4950);
#4948 = CARTESIAN_POINT('',(-79.,56.8,2.));
#4949 = DIRECTION('',(1.,0.,0.));
#4950 = DIRECTION('',(0.,0.,1.));
#4951 = DEFINITIONAL_REPRESENTATION('',(#4952),#4956);
#4952 = LINE('',#4953,#4954);
#4953 = CARTESIAN_POINT('',(0.,0.));
#4954 = VECTOR('',#4955,1.);
#4955 = DIRECTION('',(0.,-1.));
#4956 = ( GEOMETRIC_REPRESENTATION_CONTEXT(2) 
PARAMETRIC_REPRESENTATION_CONTEXT() REPRESENTATION_CONTEXT('2D SPACE',''
  ) );
#4957 = ORIENTED_EDGE('',*,*,#4958,.T.);
#4958 = EDGE_CURVE('',#4931,#4959,#4961,.T.);
#4959 = VERTEX_POINT('',#4960);
#4960 = CARTESIAN_POINT('',(-71.,64.8,2.));
#4961 = SURFACE_CURVE('',#4962,(#4966,#4973),.PCURVE_S1.);
#4962 = LINE('',#4963,#4964);
#4963 = CARTESIAN_POINT('',(-79.,64.8,2.));
#4964 = VECTOR('',#4965,1.);
#4965 = DIRECTION('',(1.,0.,0.));
#4966 = PCURVE('',#2027,#4967);
#4967 = DEFINITIONAL_REPRESENTATION('',(#4968),#4972);
#4968 = LINE('',#4969,#4970);
#4969 = CARTESIAN_POINT('',(-79.,64.8));
#4970 = VECTOR('',#4971,1.);
#4971 = DIRECTION('',(1.,0.));
#4972 = ( GEOMETRIC_REPRESENTATION_CONTEXT(2) 
PARAMETRIC_REPRESENTATION_CONTEXT() REPRESENTATION_CONTEXT('2D SPACE',''
  ) );
#4973 = PCURVE('',#4974,#4979);
#4974 = PLANE('',#4975);
#4975 = AXIS2_PLACEMENT_3D('',#4976,#4977,#4978);
#4976 = CARTESIAN_POINT('',(-79.,64.8,2.));
#4977 = DIRECTION('',(0.,1.,0.));
#4978 = DIRECTION('',(0.,0.,1.));
#4979 = DEFINITIONAL_REPRESENTATION('',(#4980),#4984);
#4980 = LINE('',#4981,#4982);
#4981 = CARTESIAN_POINT('',(0.,0.));
#4982 = VECTOR('',#4983,1.);
#4983 = DIRECTION('',(0.,1.));
#4984 = ( GEOMETRIC_REPRESENTATION_CONTEXT(2) 
PARAMETRIC_REPRESENTATION_CONTEXT() REPRESENTATION_CONTEXT('2D SPACE',''
  ) );
#4985 = ORIENTED_EDGE('',*,*,#4986,.F.);
#4986 = EDGE_CURVE('',#4987,#4959,#4989,.T.);
#4987 = VERTEX_POINT('',#4988);
#4988 = CARTESIAN_POINT('',(-71.,56.8,2.));
#4989 = SURFACE_CURVE('',#4990,(#4994,#5001),.PCURVE_S1.);
#4990 = LINE('',#4991,#4992);
#4991 = CARTESIAN_POINT('',(-71.,56.8,2.));
#4992 = VECTOR('',#4993,1.);
#4993 = DIRECTION('',(0.,1.,0.));
#4994 = PCURVE('',#2027,#4995);
#4995 = DEFINITIONAL_REPRESENTATION('',(#4996),#5000);
#4996 = LINE('',#4997,#4998);
#4997 = CARTESIAN_POINT('',(-71.,56.8));
#4998 = VECTOR('',#4999,1.);
#4999 = DIRECTION('',(0.,1.));
#5000 = ( GEOMETRIC_REPRESENTATION_CONTEXT(2) 
PARAMETRIC_REPRESENTATION_CONTEXT() REPRESENTATION_CONTEXT('2D SPACE',''
  ) );
#5001 = PCURVE('',#5002,#5007);
#5002 = PLANE('',#5003);
#5003 = AXIS2_PLACEMENT_3D('',#5004,#5005,#5006);
#5004 = CARTESIAN_POINT('',(-71.,56.8,2.));
#5005 = DIRECTION('',(1.,0.,0.));
#5006 = DIRECTION('',(0.,0.,1.));
#5007 = DEFINITIONAL_REPRESENTATION('',(#5008),#5012);
#5008 = LINE('',#5009,#5010);
#5009 = CARTESIAN_POINT('',(0.,0.));
#5010 = VECTOR('',#5011,1.);
#5011 = DIRECTION('',(0.,-1.));
#5012 = ( GEOMETRIC_REPRESENTATION_CONTEXT(2) 
PARAMETRIC_REPRESENTATION_CONTEXT() REPRESENTATION_CONTEXT('2D SPACE',''
  ) );
#5013 = ORIENTED_EDGE('',*,*,#5014,.F.);
#5014 = EDGE_CURVE('',#4929,#4987,#5015,.T.);
#5015 = SURFACE_CURVE('',#5016,(#5020,#5027),.PCURVE_S1.);
#5016 = LINE('',#5017,#5018);
#5017 = CARTESIAN_POINT('',(-79.,56.8,2.));
#5018 = VECTOR('',#5019,1.);
#5019 = DIRECTION('',(1.,0.,0.));
#5020 = PCURVE('',#2027,#5021);
#5021 = DEFINITIONAL_REPRESENTATION('',(#5022),#5026);
#5022 = LINE('',#5023,#5024);
#5023 = CARTESIAN_POINT('',(-79.,56.8));
#5024 = VECTOR('',#5025,1.);
#5025 = DIRECTION('',(1.,0.));
#5026 = ( GEOMETRIC_REPRESENTATION_CONTEXT(2) 
PARAMETRIC_REPRESENTATION_CONTEXT() REPRESENTATION_CONTEXT('2D SPACE',''
  ) );
#5027 = PCURVE('',#5028,#5033);
#5028 = PLANE('',#5029);
#5029 = AXIS2_PLACEMENT_3D('',#5030,#5031,#5032);
#5030 = CARTESIAN_POINT('',(-79.,56.8,2.));
#5031 = DIRECTION('',(0.,1.,0.));
#5032 = DIRECTION('',(0.,0.,1.));
#5033 = DEFINITIONAL_REPRESENTATION('',(#5034),#5038);
#5034 = LINE('',#5035,#5036);
#5035 = CARTESIAN_POINT('',(0.,0.));
#5036 = VECTOR('',#5037,1.);
#5037 = DIRECTION('',(0.,1.));
#5038 = ( GEOMETRIC_REPRESENTATION_CONTEXT(2) 
PARAMETRIC_REPRESENTATION_CONTEXT() REPRESENTATION_CONTEXT('2D SPACE',''
  ) );
#5039 = FACE_BOUND('',#5040,.T.);
#5040 = EDGE_LOOP('',(#5041,#5071,#5099,#5127));
#5041 = ORIENTED_EDGE('',*,*,#5042,.T.);
#5042 = EDGE_CURVE('',#5043,#5045,#5047,.T.);
#5043 = VERTEX_POINT('',#5044);
#5044 = CARTESIAN_POINT('',(-6.4,56.8,2.));
#5045 = VERTEX_POINT('',#5046);
#5046 = CARTESIAN_POINT('',(-6.4,64.8,2.));
#5047 = SURFACE_CURVE('',#5048,(#5052,#5059),.PCURVE_S1.);
#5048 = LINE('',#5049,#5050);
#5049 = CARTESIAN_POINT('',(-6.4,56.8,2.));
#5050 = VECTOR('',#5051,1.);
#5051 = DIRECTION('',(0.,1.,0.));
#5052 = PCURVE('',#2027,#5053);
#5053 = DEFINITIONAL_REPRESENTATION('',(#5054),#5058);
#5054 = LINE('',#5055,#5056);
#5055 = CARTESIAN_POINT('',(-6.4,56.8));
#5056 = VECTOR('',#5057,1.);
#5057 = DIRECTION('',(0.,1.));
#5058 = ( GEOMETRIC_REPRESENTATION_CONTEXT(2) 
PARAMETRIC_REPRESENTATION_CONTEXT() REPRESENTATION_CONTEXT('2D SPACE',''
  ) );
#5059 = PCURVE('',#5060,#5065);
#5060 = PLANE('',#5061);
#5061 = AXIS2_PLACEMENT_3D('',#5062,#5063,#5064);
#5062 = CARTESIAN_POINT('',(-6.4,56.8,2.));
#5063 = DIRECTION('',(1.,0.,0.));
#5064 = DIRECTION('',(0.,0.,1.));
#5065 = DEFINITIONAL_REPRESENTATION('',(#5066),#5070);
#5066 = LINE('',#5067,#5068);
#5067 = CARTESIAN_POINT('',(0.,0.));
#5068 = VECTOR('',#5069,1.);
#5069 = DIRECTION('',(0.,-1.));
#5070 = ( GEOMETRIC_REPRESENTATION_CONTEXT(2) 
PARAMETRIC_REPRESENTATION_CONTEXT() REPRESENTATION_CONTEXT('2D SPACE',''
  ) );
#5071 = ORIENTED_EDGE('',*,*,#5072,.T.);
#5072 = EDGE_CURVE('',#5045,#5073,#5075,.T.);
#5073 = VERTEX_POINT('',#5074);
#5074 = CARTESIAN_POINT('',(1.6,64.8,2.));
#5075 = SURFACE_CURVE('',#5076,(#5080,#5087),.PCURVE_S1.);
#5076 = LINE('',#5077,#5078);
#5077 = CARTESIAN_POINT('',(-6.4,64.8,2.));
#5078 = VECTOR('',#5079,1.);
#5079 = DIRECTION('',(1.,0.,0.));
#5080 = PCURVE('',#2027,#5081);
#5081 = DEFINITIONAL_REPRESENTATION('',(#5082),#5086);
#5082 = LINE('',#5083,#5084);
#5083 = CARTESIAN_POINT('',(-6.4,64.8));
#5084 = VECTOR('',#5085,1.);
#5085 = DIRECTION('',(1.,0.));
#5086 = ( GEOMETRIC_REPRESENTATION_CONTEXT(2) 
PARAMETRIC_REPRESENTATION_CONTEXT() REPRESENTATION_CONTEXT('2D SPACE',''
  ) );
#5087 = PCURVE('',#5088,#5093);
#5088 = PLANE('',#5089);
#5089 = AXIS2_PLACEMENT_3D('',#5090,#5091,#5092);
#5090 = CARTESIAN_POINT('',(-6.4,64.8,2.));
#5091 = DIRECTION('',(0.,1.,0.));
#5092 = DIRECTION('',(0.,0.,1.));
#5093 = DEFINITIONAL_REPRESENTATION('',(#5094),#5098);
#5094 = LINE('',#5095,#5096);
#5095 = CARTESIAN_POINT('',(0.,0.));
#5096 = VECTOR('',#5097,1.);
#5097 = DIRECTION('',(0.,1.));
#5098 = ( GEOMETRIC_REPRESENTATION_CONTEXT(2) 
PARAMETRIC_REPRESENTATION_CONTEXT() REPRESENTATION_CONTEXT('2D SPACE',''
  ) );
#5099 = ORIENTED_EDGE('',*,*,#5100,.F.);
#5100 = EDGE_CURVE('',#5101,#5073,#5103,.T.);
#5101 = VERTEX_POINT('',#5102);
#5102 = CARTESIAN_POINT('',(1.6,56.8,2.));
#5103 = SURFACE_CURVE('',#5104,(#5108,#5115),.PCURVE_S1.);
#5104 = LINE('',#5105,#5106);
#5105 = CARTESIAN_POINT('',(1.6,56.8,2.));
#5106 = VECTOR('',#5107,1.);
#5107 = DIRECTION('',(0.,1.,0.));
#5108 = PCURVE('',#2027,#5109);
#5109 = DEFINITIONAL_REPRESENTATION('',(#5110),#5114);
#5110 = LINE('',#5111,#5112);
#5111 = CARTESIAN_POINT('',(1.6,56.8));
#5112 = VECTOR('',#5113,1.);
#5113 = DIRECTION('',(0.,1.));
#5114 = ( GEOMETRIC_REPRESENTATION_CONTEXT(2) 
PARAMETRIC_REPRESENTATION_CONTEXT() REPRESENTATION_CONTEXT('2D SPACE',''
  ) );
#5115 = PCURVE('',#5116,#5121);
#5116 = PLANE('',#5117);
#5117 = AXIS2_PLACEMENT_3D('',#5118,#5119,#5120);
#5118 = CARTESIAN_POINT('',(1.6,56.8,2.));
#5119 = DIRECTION('',(1.,0.,0.));
#5120 = DIRECTION('',(0.,0.,1.));
#5121 = DEFINITIONAL_REPRESENTATION('',(#5122),#5126);
#5122 = LINE('',#5123,#5124);
#5123 = CARTESIAN_POINT('',(0.,0.));
#5124 = VECTOR('',#5125,1.);
#5125 = DIRECTION('',(0.,-1.));
#5126 = ( GEOMETRIC_REPRESENTATION_CONTEXT(2) 
PARAMETRIC_REPRESENTATION_CONTEXT() REPRESENTATION_CONTEXT('2D SPACE',''
  ) );
#5127 = ORIENTED_EDGE('',*,*,#5128,.F.);
#5128 = EDGE_CURVE('',#5043,#5101,#5129,.T.);
#5129 = SURFACE_CURVE('',#5130,(#5134,#5141),.PCURVE_S1.);
#5130 = LINE('',#5131,#5132);
#5131 = CARTESIAN_POINT('',(-6.4,56.8,2.));
#5132 = VECTOR('',#5133,1.);
#5133 = DIRECTION('',(1.,0.,0.));
#5134 = PCURVE('',#2027,#5135);
#5135 = DEFINITIONAL_REPRESENTATION('',(#5136),#5140);
#5136 = LINE('',#5137,#5138);
#5137 = CARTESIAN_POINT('',(-6.4,56.8));
#5138 = VECTOR('',#5139,1.);
#5139 = DIRECTION('',(1.,0.));
#5140 = ( GEOMETRIC_REPRESENTATION_CONTEXT(2) 
PARAMETRIC_REPRESENTATION_CONTEXT() REPRESENTATION_CONTEXT('2D SPACE',''
  ) );
#5141 = PCURVE('',#5142,#5147);
#5142 = PLANE('',#5143);
#5143 = AXIS2_PLACEMENT_3D('',#5144,#5145,#5146);
#5144 = CARTESIAN_POINT('',(-6.4,56.8,2.));
#5145 = DIRECTION('',(0.,1.,0.));
#5146 = DIRECTION('',(0.,0.,1.));
#5147 = DEFINITIONAL_REPRESENTATION('',(#5148),#5152);
#5148 = LINE('',#5149,#5150);
#5149 = CARTESIAN_POINT('',(0.,0.));
#5150 = VECTOR('',#5151,1.);
#5151 = DIRECTION('',(0.,1.));
#5152 = ( GEOMETRIC_REPRESENTATION_CONTEXT(2) 
PARAMETRIC_REPRESENTATION_CONTEXT() REPRESENTATION_CONTEXT('2D SPACE',''
  ) );
#5153 = FACE_BOUND('',#5154,.T.);
#5154 = EDGE_LOOP('',(#5155));
#5155 = ORIENTED_EDGE('',*,*,#5156,.F.);
#5156 = EDGE_CURVE('',#5157,#5157,#5159,.T.);
#5157 = VERTEX_POINT('',#5158);
#5158 = CARTESIAN_POINT('',(-39.,89.,2.));
#5159 = SURFACE_CURVE('',#5160,(#5165,#5172),.PCURVE_S1.);
#5160 = CIRCLE('',#5161,4.);
#5161 = AXIS2_PLACEMENT_3D('',#5162,#5163,#5164);
#5162 = CARTESIAN_POINT('',(-43.,89.,2.));
#5163 = DIRECTION('',(0.,0.,1.));
#5164 = DIRECTION('',(1.,0.,0.));
#5165 = PCURVE('',#2027,#5166);
#5166 = DEFINITIONAL_REPRESENTATION('',(#5167),#5171);
#5167 = CIRCLE('',#5168,4.);
#5168 = AXIS2_PLACEMENT_2D('',#5169,#5170);
#5169 = CARTESIAN_POINT('',(-43.,89.));
#5170 = DIRECTION('',(1.,0.));
#5171 = ( GEOMETRIC_REPRESENTATION_CONTEXT(2) 
PARAMETRIC_REPRESENTATION_CONTEXT() REPRESENTATION_CONTEXT('2D SPACE',''
  ) );
#5172 = PCURVE('',#5173,#5178);
#5173 = CYLINDRICAL_SURFACE('',#5174,4.);
#5174 = AXIS2_PLACEMENT_3D('',#5175,#5176,#5177);
#5175 = CARTESIAN_POINT('',(-43.,89.,2.));
#5176 = DIRECTION('',(-0.,-0.,-1.));
#5177 = DIRECTION('',(1.,0.,0.));
#5178 = DEFINITIONAL_REPRESENTATION('',(#5179),#5183);
#5179 = LINE('',#5180,#5181);
#5180 = CARTESIAN_POINT('',(-0.,0.));
#5181 = VECTOR('',#5182,1.);
#5182 = DIRECTION('',(-1.,0.));
#5183 = ( GEOMETRIC_REPRESENTATION_CONTEXT(2) 
PARAMETRIC_REPRESENTATION_CONTEXT() REPRESENTATION_CONTEXT('2D SPACE',''
  ) );
#5184 = FACE_BOUND('',#5185,.T.);
#5185 = EDGE_LOOP('',(#5186));
#5186 = ORIENTED_EDGE('',*,*,#5187,.F.);
#5187 = EDGE_CURVE('',#5188,#5188,#5190,.T.);
#5188 = VERTEX_POINT('',#5189);
#5189 = CARTESIAN_POINT('',(9.5,9.5,2.));
#5190 = SURFACE_CURVE('',#5191,(#5196,#5203),.PCURVE_S1.);
#5191 = CIRCLE('',#5192,3.);
#5192 = AXIS2_PLACEMENT_3D('',#5193,#5194,#5195);
#5193 = CARTESIAN_POINT('',(6.5,9.5,2.));
#5194 = DIRECTION('',(0.,0.,1.));
#5195 = DIRECTION('',(1.,0.,0.));
#5196 = PCURVE('',#2027,#5197);
#5197 = DEFINITIONAL_REPRESENTATION('',(#5198),#5202);
#5198 = CIRCLE('',#5199,3.);
#5199 = AXIS2_PLACEMENT_2D('',#5200,#5201);
#5200 = CARTESIAN_POINT('',(6.5,9.5));
#5201 = DIRECTION('',(1.,0.));
#5202 = ( GEOMETRIC_REPRESENTATION_CONTEXT(2) 
PARAMETRIC_REPRESENTATION_CONTEXT() REPRESENTATION_CONTEXT('2D SPACE',''
  ) );
#5203 = PCURVE('',#5204,#5209);
#5204 = CYLINDRICAL_SURFACE('',#5205,3.);
#5205 = AXIS2_PLACEMENT_3D('',#5206,#5207,#5208);
#5206 = CARTESIAN_POINT('',(6.5,9.5,2.));
#5207 = DIRECTION('',(-0.,-0.,-1.));
#5208 = DIRECTION('',(1.,0.,0.));
#5209 = DEFINITIONAL_REPRESENTATION('',(#5210),#5214);
#5210 = LINE('',#5211,#5212);
#5211 = CARTESIAN_POINT('',(-0.,0.));
#5212 = VECTOR('',#5213,1.);
#5213 = DIRECTION('',(-1.,0.));
#5214 = ( GEOMETRIC_REPRESENTATION_CONTEXT(2) 
PARAMETRIC_REPRESENTATION_CONTEXT() REPRESENTATION_CONTEXT('2D SPACE',''
  ) );
#5215 = FACE_BOUND('',#5216,.T.);
#5216 = EDGE_LOOP('',(#5217));
#5217 = ORIENTED_EDGE('',*,*,#5218,.F.);
#5218 = EDGE_CURVE('',#5219,#5219,#5221,.T.);
#5219 = VERTEX_POINT('',#5220);
#5220 = CARTESIAN_POINT('',(58.5,9.5,2.));
#5221 = SURFACE_CURVE('',#5222,(#5227,#5234),.PCURVE_S1.);
#5222 = CIRCLE('',#5223,3.);
#5223 = AXIS2_PLACEMENT_3D('',#5224,#5225,#5226);
#5224 = CARTESIAN_POINT('',(55.5,9.5,2.));
#5225 = DIRECTION('',(0.,0.,1.));
#5226 = DIRECTION('',(1.,0.,0.));
#5227 = PCURVE('',#2027,#5228);
#5228 = DEFINITIONAL_REPRESENTATION('',(#5229),#5233);
#5229 = CIRCLE('',#5230,3.);
#5230 = AXIS2_PLACEMENT_2D('',#5231,#5232);
#5231 = CARTESIAN_POINT('',(55.5,9.5));
#5232 = DIRECTION('',(1.,0.));
#5233 = ( GEOMETRIC_REPRESENTATION_CONTEXT(2) 
PARAMETRIC_REPRESENTATION_CONTEXT() REPRESENTATION_CONTEXT('2D SPACE',''
  ) );
#5234 = PCURVE('',#5235,#5240);
#5235 = CYLINDRICAL_SURFACE('',#5236,3.);
#5236 = AXIS2_PLACEMENT_3D('',#5237,#5238,#5239);
#5237 = CARTESIAN_POINT('',(55.5,9.5,2.));
#5238 = DIRECTION('',(-0.,-0.,-1.));
#5239 = DIRECTION('',(1.,0.,0.));
#5240 = DEFINITIONAL_REPRESENTATION('',(#5241),#5245);
#5241 = LINE('',#5242,#5243);
#5242 = CARTESIAN_POINT('',(-0.,0.));
#5243 = VECTOR('',#5244,1.);
#5244 = DIRECTION('',(-1.,0.));
#5245 = ( GEOMETRIC_REPRESENTATION_CONTEXT(2) 
PARAMETRIC_REPRESENTATION_CONTEXT() REPRESENTATION_CONTEXT('2D SPACE',''
  ) );
#5246 = FACE_BOUND('',#5247,.T.);
#5247 = EDGE_LOOP('',(#5248,#5249,#5250,#5251,#5252,#5253,#5254,#5255));
#5248 = ORIENTED_EDGE('',*,*,#2464,.F.);
#5249 = ORIENTED_EDGE('',*,*,#2513,.T.);
#5250 = ORIENTED_EDGE('',*,*,#2608,.F.);
#5251 = ORIENTED_EDGE('',*,*,#2707,.T.);
#5252 = ORIENTED_EDGE('',*,*,#2780,.F.);
#5253 = ORIENTED_EDGE('',*,*,#2732,.T.);
#5254 = ORIENTED_EDGE('',*,*,#2658,.F.);
#5255 = ORIENTED_EDGE('',*,*,#2538,.T.);
#5256 = FACE_BOUND('',#5257,.T.);
#5257 = EDGE_LOOP('',(#5258));
#5258 = ORIENTED_EDGE('',*,*,#5259,.F.);
#5259 = EDGE_CURVE('',#5260,#5260,#5262,.T.);
#5260 = VERTEX_POINT('',#5261);
#5261 = CARTESIAN_POINT('',(47.,89.,2.));
#5262 = SURFACE_CURVE('',#5263,(#5268,#5275),.PCURVE_S1.);
#5263 = CIRCLE('',#5264,4.);
#5264 = AXIS2_PLACEMENT_3D('',#5265,#5266,#5267);
#5265 = CARTESIAN_POINT('',(43.,89.,2.));
#5266 = DIRECTION('',(0.,0.,1.));
#5267 = DIRECTION('',(1.,0.,0.));
#5268 = PCURVE('',#2027,#5269);
#5269 = DEFINITIONAL_REPRESENTATION('',(#5270),#5274);
#5270 = CIRCLE('',#5271,4.);
#5271 = AXIS2_PLACEMENT_2D('',#5272,#5273);
#5272 = CARTESIAN_POINT('',(43.,89.));
#5273 = DIRECTION('',(1.,0.));
#5274 = ( GEOMETRIC_REPRESENTATION_CONTEXT(2) 
PARAMETRIC_REPRESENTATION_CONTEXT() REPRESENTATION_CONTEXT('2D SPACE',''
  ) );
#5275 = PCURVE('',#5276,#5281);
#5276 = CYLINDRICAL_SURFACE('',#5277,4.);
#5277 = AXIS2_PLACEMENT_3D('',#5278,#5279,#5280);
#5278 = CARTESIAN_POINT('',(43.,89.,2.));
#5279 = DIRECTION('',(-0.,-0.,-1.));
#5280 = DIRECTION('',(1.,0.,0.));
#5281 = DEFINITIONAL_REPRESENTATION('',(#5282),#5286);
#5282 = LINE('',#5283,#5284);
#5283 = CARTESIAN_POINT('',(-0.,0.));
#5284 = VECTOR('',#5285,1.);
#5285 = DIRECTION('',(-1.,0.));
#5286 = ( GEOMETRIC_REPRESENTATION_CONTEXT(2) 
PARAMETRIC_REPRESENTATION_CONTEXT() REPRESENTATION_CONTEXT('2D SPACE',''
  ) );
#5287 = ADVANCED_FACE('',(#5288,#5314),#2397,.T.);
#5288 = FACE_BOUND('',#5289,.T.);
#5289 = EDGE_LOOP('',(#5290));
#5290 = ORIENTED_EDGE('',*,*,#5291,.T.);
#5291 = EDGE_CURVE('',#5292,#5292,#5294,.T.);
#5292 = VERTEX_POINT('',#5293);
#5293 = CARTESIAN_POINT('',(-39.,89.,8.));
#5294 = SURFACE_CURVE('',#5295,(#5300,#5307),.PCURVE_S1.);
#5295 = CIRCLE('',#5296,4.);
#5296 = AXIS2_PLACEMENT_3D('',#5297,#5298,#5299);
#5297 = CARTESIAN_POINT('',(-43.,89.,8.));
#5298 = DIRECTION('',(0.,0.,1.));
#5299 = DIRECTION('',(1.,0.,0.));
#5300 = PCURVE('',#2397,#5301);
#5301 = DEFINITIONAL_REPRESENTATION('',(#5302),#5306);
#5302 = CIRCLE('',#5303,4.);
#5303 = AXIS2_PLACEMENT_2D('',#5304,#5305);
#5304 = CARTESIAN_POINT('',(0.,0.));
#5305 = DIRECTION('',(1.,0.));
#5306 = ( GEOMETRIC_REPRESENTATION_CONTEXT(2) 
PARAMETRIC_REPRESENTATION_CONTEXT() REPRESENTATION_CONTEXT('2D SPACE',''
  ) );
#5307 = PCURVE('',#5173,#5308);
#5308 = DEFINITIONAL_REPRESENTATION('',(#5309),#5313);
#5309 = LINE('',#5310,#5311);
#5310 = CARTESIAN_POINT('',(-0.,-6.));
#5311 = VECTOR('',#5312,1.);
#5312 = DIRECTION('',(-1.,0.));
#5313 = ( GEOMETRIC_REPRESENTATION_CONTEXT(2) 
PARAMETRIC_REPRESENTATION_CONTEXT() REPRESENTATION_CONTEXT('2D SPACE',''
  ) );
#5314 = FACE_BOUND('',#5315,.T.);
#5315 = EDGE_LOOP('',(#5316));
#5316 = ORIENTED_EDGE('',*,*,#2382,.T.);
#5317 = ADVANCED_FACE('',(#5318),#2868,.T.);
#5318 = FACE_BOUND('',#5319,.T.);
#5319 = EDGE_LOOP('',(#5320,#5321,#5344,#5372,#5393,#5394,#5395,#5396));
#5320 = ORIENTED_EDGE('',*,*,#2976,.T.);
#5321 = ORIENTED_EDGE('',*,*,#5322,.T.);
#5322 = EDGE_CURVE('',#2943,#5323,#5325,.T.);
#5323 = VERTEX_POINT('',#5324);
#5324 = CARTESIAN_POINT('',(36.,96.,2.));
#5325 = SURFACE_CURVE('',#5326,(#5330,#5337),.PCURVE_S1.);
#5326 = LINE('',#5327,#5328);
#5327 = CARTESIAN_POINT('',(36.,67.,2.));
#5328 = VECTOR('',#5329,1.);
#5329 = DIRECTION('',(0.,1.,0.));
#5330 = PCURVE('',#2868,#5331);
#5331 = DEFINITIONAL_REPRESENTATION('',(#5332),#5336);
#5332 = LINE('',#5333,#5334);
#5333 = CARTESIAN_POINT('',(36.,67.));
#5334 = VECTOR('',#5335,1.);
#5335 = DIRECTION('',(0.,1.));
#5336 = ( GEOMETRIC_REPRESENTATION_CONTEXT(2) 
PARAMETRIC_REPRESENTATION_CONTEXT() REPRESENTATION_CONTEXT('2D SPACE',''
  ) );
#5337 = PCURVE('',#2962,#5338);
#5338 = DEFINITIONAL_REPRESENTATION('',(#5339),#5343);
#5339 = LINE('',#5340,#5341);
#5340 = CARTESIAN_POINT('',(0.,0.));
#5341 = VECTOR('',#5342,1.);
#5342 = DIRECTION('',(1.,0.));
#5343 = ( GEOMETRIC_REPRESENTATION_CONTEXT(2) 
PARAMETRIC_REPRESENTATION_CONTEXT() REPRESENTATION_CONTEXT('2D SPACE',''
  ) );
#5344 = ORIENTED_EDGE('',*,*,#5345,.T.);
#5345 = EDGE_CURVE('',#5323,#5346,#5348,.T.);
#5346 = VERTEX_POINT('',#5347);
#5347 = CARTESIAN_POINT('',(-36.,96.,2.));
#5348 = SURFACE_CURVE('',#5349,(#5353,#5360),.PCURVE_S1.);
#5349 = LINE('',#5350,#5351);
#5350 = CARTESIAN_POINT('',(36.,96.,2.));
#5351 = VECTOR('',#5352,1.);
#5352 = DIRECTION('',(-1.,0.,0.));
#5353 = PCURVE('',#2868,#5354);
#5354 = DEFINITIONAL_REPRESENTATION('',(#5355),#5359);
#5355 = LINE('',#5356,#5357);
#5356 = CARTESIAN_POINT('',(36.,96.));
#5357 = VECTOR('',#5358,1.);
#5358 = DIRECTION('',(-1.,0.));
#5359 = ( GEOMETRIC_REPRESENTATION_CONTEXT(2) 
PARAMETRIC_REPRESENTATION_CONTEXT() REPRESENTATION_CONTEXT('2D SPACE',''
  ) );
#5360 = PCURVE('',#5361,#5366);
#5361 = B_SPLINE_SURFACE_WITH_KNOTS('',1,1,(
    (#5362,#5363)
    ,(#5364,#5365
    )),.UNSPECIFIED.,.F.,.F.,.F.,(2,2),(2,2),(0.,72.),(0.,1.),
  .PIECEWISE_BEZIER_KNOTS.);
#5362 = CARTESIAN_POINT('',(36.,96.,2.));
#5363 = CARTESIAN_POINT('',(14.,98.5,24.));
#5364 = CARTESIAN_POINT('',(-36.,96.,2.));
#5365 = CARTESIAN_POINT('',(-14.,98.5,24.));
#5366 = DEFINITIONAL_REPRESENTATION('',(#5367),#5371);
#5367 = LINE('',#5368,#5369);
#5368 = CARTESIAN_POINT('',(0.,0.));
#5369 = VECTOR('',#5370,1.);
#5370 = DIRECTION('',(1.,0.));
#5371 = ( GEOMETRIC_REPRESENTATION_CONTEXT(2) 
PARAMETRIC_REPRESENTATION_CONTEXT() REPRESENTATION_CONTEXT('2D SPACE',''
  ) );
#5372 = ORIENTED_EDGE('',*,*,#5373,.T.);
#5373 = EDGE_CURVE('',#5346,#2853,#5374,.T.);
#5374 = SURFACE_CURVE('',#5375,(#5379,#5386),.PCURVE_S1.);
#5375 = LINE('',#5376,#5377);
#5376 = CARTESIAN_POINT('',(-36.,96.,2.));
#5377 = VECTOR('',#5378,1.);
#5378 = DIRECTION('',(0.,-1.,0.));
#5379 = PCURVE('',#2868,#5380);
#5380 = DEFINITIONAL_REPRESENTATION('',(#5381),#5385);
#5381 = LINE('',#5382,#5383);
#5382 = CARTESIAN_POINT('',(-36.,96.));
#5383 = VECTOR('',#5384,1.);
#5384 = DIRECTION('',(0.,-1.));
#5385 = ( GEOMETRIC_REPRESENTATION_CONTEXT(2) 
PARAMETRIC_REPRESENTATION_CONTEXT() REPRESENTATION_CONTEXT('2D SPACE',''
  ) );
#5386 = PCURVE('',#2900,#5387);
#5387 = DEFINITIONAL_REPRESENTATION('',(#5388),#5392);
#5388 = LINE('',#5389,#5390);
#5389 = CARTESIAN_POINT('',(0.,0.));
#5390 = VECTOR('',#5391,1.);
#5391 = DIRECTION('',(1.,0.));
#5392 = ( GEOMETRIC_REPRESENTATION_CONTEXT(2) 
PARAMETRIC_REPRESENTATION_CONTEXT() REPRESENTATION_CONTEXT('2D SPACE',''
  ) );
#5393 = ORIENTED_EDGE('',*,*,#2852,.T.);
#5394 = ORIENTED_EDGE('',*,*,#3047,.T.);
#5395 = ORIENTED_EDGE('',*,*,#3097,.F.);
#5396 = ORIENTED_EDGE('',*,*,#3000,.F.);
#5397 = ADVANCED_FACE('',(#5398),#2900,.F.);
#5398 = FACE_BOUND('',#5399,.F.);
#5399 = EDGE_LOOP('',(#5400,#5422,#5423,#5424,#5444,#5478,#5506,#5533));
#5400 = ORIENTED_EDGE('',*,*,#5401,.F.);
#5401 = EDGE_CURVE('',#5346,#5402,#5404,.T.);
#5402 = VERTEX_POINT('',#5403);
#5403 = CARTESIAN_POINT('',(-14.,98.5,24.));
#5404 = SURFACE_CURVE('',#5405,(#5408,#5415),.PCURVE_S1.);
#5405 = B_SPLINE_CURVE_WITH_KNOTS('',1,(#5406,#5407),.UNSPECIFIED.,.F.,
  .F.,(2,2),(0.,1.),.PIECEWISE_BEZIER_KNOTS.);
#5406 = CARTESIAN_POINT('',(-36.,96.,2.));
#5407 = CARTESIAN_POINT('',(-14.,98.5,24.));
#5408 = PCURVE('',#2900,#5409);
#5409 = DEFINITIONAL_REPRESENTATION('',(#5410),#5414);
#5410 = LINE('',#5411,#5412);
#5411 = CARTESIAN_POINT('',(0.,0.));
#5412 = VECTOR('',#5413,1.);
#5413 = DIRECTION('',(0.,1.));
#5414 = ( GEOMETRIC_REPRESENTATION_CONTEXT(2) 
PARAMETRIC_REPRESENTATION_CONTEXT() REPRESENTATION_CONTEXT('2D SPACE',''
  ) );
#5415 = PCURVE('',#5361,#5416);
#5416 = DEFINITIONAL_REPRESENTATION('',(#5417),#5421);
#5417 = LINE('',#5418,#5419);
#5418 = CARTESIAN_POINT('',(72.,0.));
#5419 = VECTOR('',#5420,1.);
#5420 = DIRECTION('',(0.,1.));
#5421 = ( GEOMETRIC_REPRESENTATION_CONTEXT(2) 
PARAMETRIC_REPRESENTATION_CONTEXT() REPRESENTATION_CONTEXT('2D SPACE',''
  ) );
#5422 = ORIENTED_EDGE('',*,*,#5373,.T.);
#5423 = ORIENTED_EDGE('',*,*,#2880,.T.);
#5424 = ORIENTED_EDGE('',*,*,#5425,.F.);
#5425 = EDGE_CURVE('',#5426,#2881,#5428,.T.);
#5426 = VERTEX_POINT('',#5427);
#5427 = CARTESIAN_POINT('',(-32.,81.4,6.));
#5428 = SURFACE_CURVE('',#5429,(#5432,#5438),.PCURVE_S1.);
#5429 = B_SPLINE_CURVE_WITH_KNOTS('',1,(#5430,#5431),.UNSPECIFIED.,.F.,
  .F.,(2,2),(0.,1.),.PIECEWISE_BEZIER_KNOTS.);
#5430 = CARTESIAN_POINT('',(-32.,81.4,6.));
#5431 = CARTESIAN_POINT('',(-32.,83.,6.));
#5432 = PCURVE('',#2900,#5433);
#5433 = DEFINITIONAL_REPRESENTATION('',(#5434),#5437);
#5434 = B_SPLINE_CURVE_WITH_KNOTS('',1,(#5435,#5436),.UNSPECIFIED.,.F.,
  .F.,(2,2),(0.,1.),.PIECEWISE_BEZIER_KNOTS.);
#5435 = CARTESIAN_POINT('',(15.14952681388,0.181818181818));
#5436 = CARTESIAN_POINT('',(13.539432176656,0.181818181818));
#5437 = ( GEOMETRIC_REPRESENTATION_CONTEXT(2) 
PARAMETRIC_REPRESENTATION_CONTEXT() REPRESENTATION_CONTEXT('2D SPACE',''
  ) );
#5438 = PCURVE('',#2930,#5439);
#5439 = DEFINITIONAL_REPRESENTATION('',(#5440),#5443);
#5440 = B_SPLINE_CURVE_WITH_KNOTS('',1,(#5441,#5442),.UNSPECIFIED.,.F.,
  .F.,(2,2),(0.,1.),.PIECEWISE_BEZIER_KNOTS.);
#5441 = CARTESIAN_POINT('',(4.,0.));
#5442 = CARTESIAN_POINT('',(4.,1.6));
#5443 = ( GEOMETRIC_REPRESENTATION_CONTEXT(2) 
PARAMETRIC_REPRESENTATION_CONTEXT() REPRESENTATION_CONTEXT('2D SPACE',''
  ) );
#5444 = ORIENTED_EDGE('',*,*,#5445,.F.);
#5445 = EDGE_CURVE('',#5446,#5426,#5448,.T.);
#5446 = VERTEX_POINT('',#5447);
#5447 = CARTESIAN_POINT('',(-36.,81.4,2.));
#5448 = SURFACE_CURVE('',#5449,(#5455,#5464),.PCURVE_S1.);
#5449 = B_SPLINE_CURVE_WITH_KNOTS('',4,(#5450,#5451,#5452,#5453,#5454),
  .UNSPECIFIED.,.F.,.F.,(5,5),(0.,1.),.PIECEWISE_BEZIER_KNOTS.);
#5450 = CARTESIAN_POINT('',(-36.,81.4,2.));
#5451 = CARTESIAN_POINT('',(-34.99994156495,81.4,3.00005843505));
#5452 = CARTESIAN_POINT('',(-33.99992168438,81.4,4.000078315614));
#5453 = CARTESIAN_POINT('',(-32.99994095897,81.4,5.000059041029));
#5454 = CARTESIAN_POINT('',(-32.,81.4,6.));
#5455 = PCURVE('',#2900,#5456);
#5456 = DEFINITIONAL_REPRESENTATION('',(#5457),#5463);
#5457 = B_SPLINE_CURVE_WITH_KNOTS('',4,(#5458,#5459,#5460,#5461,#5462),
  .UNSPECIFIED.,.F.,.F.,(5,5),(0.,1.),.PIECEWISE_BEZIER_KNOTS.);
#5458 = CARTESIAN_POINT('',(14.6,0.));
#5459 = CARTESIAN_POINT('',(14.736528353751,4.545720159318E-02));
#5460 = CARTESIAN_POINT('',(14.873622109742,9.091265070971E-02));
#5461 = CARTESIAN_POINT('',(15.011286526496,0.136366320047));
#5462 = CARTESIAN_POINT('',(15.149526829195,0.181818181818));
#5463 = ( GEOMETRIC_REPRESENTATION_CONTEXT(2) 
PARAMETRIC_REPRESENTATION_CONTEXT() REPRESENTATION_CONTEXT('2D SPACE',''
  ) );
#5464 = PCURVE('',#5465,#5470);
#5465 = PLANE('',#5466);
#5466 = AXIS2_PLACEMENT_3D('',#5467,#5468,#5469);
#5467 = CARTESIAN_POINT('',(-36.,81.4,2.));
#5468 = DIRECTION('',(0.,1.,0.));
#5469 = DIRECTION('',(0.,0.,1.));
#5470 = DEFINITIONAL_REPRESENTATION('',(#5471),#5477);
#5471 = B_SPLINE_CURVE_WITH_KNOTS('',4,(#5472,#5473,#5474,#5475,#5476),
  .UNSPECIFIED.,.F.,.F.,(5,5),(0.,1.),.PIECEWISE_BEZIER_KNOTS.);
#5472 = CARTESIAN_POINT('',(0.,0.));
#5473 = CARTESIAN_POINT('',(1.00005843505,1.00005843505));
#5474 = CARTESIAN_POINT('',(2.000078315614,2.000078315614));
#5475 = CARTESIAN_POINT('',(3.000059041029,3.000059041029));
#5476 = CARTESIAN_POINT('',(4.,4.));
#5477 = ( GEOMETRIC_REPRESENTATION_CONTEXT(2) 
PARAMETRIC_REPRESENTATION_CONTEXT() REPRESENTATION_CONTEXT('2D SPACE',''
  ) );
#5478 = ORIENTED_EDGE('',*,*,#5479,.T.);
#5479 = EDGE_CURVE('',#5446,#5480,#5482,.T.);
#5480 = VERTEX_POINT('',#5481);
#5481 = CARTESIAN_POINT('',(-36.,67.,2.));
#5482 = SURFACE_CURVE('',#5483,(#5487,#5494),.PCURVE_S1.);
#5483 = LINE('',#5484,#5485);
#5484 = CARTESIAN_POINT('',(-36.,96.,2.));
#5485 = VECTOR('',#5486,1.);
#5486 = DIRECTION('',(0.,-1.,0.));
#5487 = PCURVE('',#2900,#5488);
#5488 = DEFINITIONAL_REPRESENTATION('',(#5489),#5493);
#5489 = LINE('',#5490,#5491);
#5490 = CARTESIAN_POINT('',(0.,0.));
#5491 = VECTOR('',#5492,1.);
#5492 = DIRECTION('',(1.,0.));
#5493 = ( GEOMETRIC_REPRESENTATION_CONTEXT(2) 
PARAMETRIC_REPRESENTATION_CONTEXT() REPRESENTATION_CONTEXT('2D SPACE',''
  ) );
#5494 = PCURVE('',#5495,#5500);
#5495 = PLANE('',#5496);
#5496 = AXIS2_PLACEMENT_3D('',#5497,#5498,#5499);
#5497 = CARTESIAN_POINT('',(-9.769246714328E-15,-4.388317696945E-15,2.)
  );
#5498 = DIRECTION('',(0.,0.,1.));
#5499 = DIRECTION('',(1.,0.,-0.));
#5500 = DEFINITIONAL_REPRESENTATION('',(#5501),#5505);
#5501 = LINE('',#5502,#5503);
#5502 = CARTESIAN_POINT('',(-36.,96.));
#5503 = VECTOR('',#5504,1.);
#5504 = DIRECTION('',(0.,-1.));
#5505 = ( GEOMETRIC_REPRESENTATION_CONTEXT(2) 
PARAMETRIC_REPRESENTATION_CONTEXT() REPRESENTATION_CONTEXT('2D SPACE',''
  ) );
#5506 = ORIENTED_EDGE('',*,*,#5507,.T.);
#5507 = EDGE_CURVE('',#5480,#5508,#5510,.T.);
#5508 = VERTEX_POINT('',#5509);
#5509 = CARTESIAN_POINT('',(-14.,70.5,24.));
#5510 = SURFACE_CURVE('',#5511,(#5514,#5521),.PCURVE_S1.);
#5511 = B_SPLINE_CURVE_WITH_KNOTS('',1,(#5512,#5513),.UNSPECIFIED.,.F.,
  .F.,(2,2),(0.,1.),.PIECEWISE_BEZIER_KNOTS.);
#5512 = CARTESIAN_POINT('',(-36.,67.,2.));
#5513 = CARTESIAN_POINT('',(-14.,70.5,24.));
#5514 = PCURVE('',#2900,#5515);
#5515 = DEFINITIONAL_REPRESENTATION('',(#5516),#5520);
#5516 = LINE('',#5517,#5518);
#5517 = CARTESIAN_POINT('',(29.,0.));
#5518 = VECTOR('',#5519,1.);
#5519 = DIRECTION('',(0.,1.));
#5520 = ( GEOMETRIC_REPRESENTATION_CONTEXT(2) 
PARAMETRIC_REPRESENTATION_CONTEXT() REPRESENTATION_CONTEXT('2D SPACE',''
  ) );
#5521 = PCURVE('',#5522,#5527);
#5522 = B_SPLINE_SURFACE_WITH_KNOTS('',1,1,(
    (#5523,#5524)
    ,(#5525,#5526
    )),.UNSPECIFIED.,.F.,.F.,.F.,(2,2),(2,2),(0.,72.),(0.,1.),
  .PIECEWISE_BEZIER_KNOTS.);
#5523 = CARTESIAN_POINT('',(-36.,67.,2.));
#5524 = CARTESIAN_POINT('',(-14.,70.5,24.));
#5525 = CARTESIAN_POINT('',(36.,67.,2.));
#5526 = CARTESIAN_POINT('',(14.,70.5,24.));
#5527 = DEFINITIONAL_REPRESENTATION('',(#5528),#5532);
#5528 = LINE('',#5529,#5530);
#5529 = CARTESIAN_POINT('',(0.,0.));
#5530 = VECTOR('',#5531,1.);
#5531 = DIRECTION('',(0.,1.));
#5532 = ( GEOMETRIC_REPRESENTATION_CONTEXT(2) 
PARAMETRIC_REPRESENTATION_CONTEXT() REPRESENTATION_CONTEXT('2D SPACE',''
  ) );
#5533 = ORIENTED_EDGE('',*,*,#5534,.F.);
#5534 = EDGE_CURVE('',#5402,#5508,#5535,.T.);
#5535 = SURFACE_CURVE('',#5536,(#5540,#5546),.PCURVE_S1.);
#5536 = LINE('',#5537,#5538);
#5537 = CARTESIAN_POINT('',(-14.,98.5,24.));
#5538 = VECTOR('',#5539,1.);
#5539 = DIRECTION('',(0.,-1.,0.));
#5540 = PCURVE('',#2900,#5541);
#5541 = DEFINITIONAL_REPRESENTATION('',(#5542),#5545);
#5542 = B_SPLINE_CURVE_WITH_KNOTS('',1,(#5543,#5544),.UNSPECIFIED.,.F.,
  .F.,(2,2),(0.,28.),.PIECEWISE_BEZIER_KNOTS.);
#5543 = CARTESIAN_POINT('',(0.,1.));
#5544 = CARTESIAN_POINT('',(29.,1.));
#5545 = ( GEOMETRIC_REPRESENTATION_CONTEXT(2) 
PARAMETRIC_REPRESENTATION_CONTEXT() REPRESENTATION_CONTEXT('2D SPACE',''
  ) );
#5546 = PCURVE('',#5547,#5552);
#5547 = PLANE('',#5548);
#5548 = AXIS2_PLACEMENT_3D('',#5549,#5550,#5551);
#5549 = CARTESIAN_POINT('',(-16.75,67.75,24.));
#5550 = DIRECTION('',(0.,0.,-1.));
#5551 = DIRECTION('',(0.707106781187,0.707106781187,0.));
#5552 = DEFINITIONAL_REPRESENTATION('',(#5553),#5557);
#5553 = LINE('',#5554,#5555);
#5554 = CARTESIAN_POINT('',(23.688077169749,-19.79898987322));
#5555 = VECTOR('',#5556,1.);
#5556 = DIRECTION('',(-0.707106781187,0.707106781187));
#5557 = ( GEOMETRIC_REPRESENTATION_CONTEXT(2) 
PARAMETRIC_REPRESENTATION_CONTEXT() REPRESENTATION_CONTEXT('2D SPACE',''
  ) );
#5558 = ADVANCED_FACE('',(#5559),#2930,.T.);
#5559 = FACE_BOUND('',#5560,.T.);
#5560 = EDGE_LOOP('',(#5561,#5562,#5563,#5586));
#5561 = ORIENTED_EDGE('',*,*,#2914,.F.);
#5562 = ORIENTED_EDGE('',*,*,#5425,.F.);
#5563 = ORIENTED_EDGE('',*,*,#5564,.T.);
#5564 = EDGE_CURVE('',#5426,#5565,#5567,.T.);
#5565 = VERTEX_POINT('',#5566);
#5566 = CARTESIAN_POINT('',(32.,81.4,6.));
#5567 = SURFACE_CURVE('',#5568,(#5572,#5579),.PCURVE_S1.);
#5568 = LINE('',#5569,#5570);
#5569 = CARTESIAN_POINT('',(-36.,81.4,6.));
#5570 = VECTOR('',#5571,1.);
#5571 = DIRECTION('',(1.,0.,0.));
#5572 = PCURVE('',#2930,#5573);
#5573 = DEFINITIONAL_REPRESENTATION('',(#5574),#5578);
#5574 = LINE('',#5575,#5576);
#5575 = CARTESIAN_POINT('',(0.,0.));
#5576 = VECTOR('',#5577,1.);
#5577 = DIRECTION('',(1.,0.));
#5578 = ( GEOMETRIC_REPRESENTATION_CONTEXT(2) 
PARAMETRIC_REPRESENTATION_CONTEXT() REPRESENTATION_CONTEXT('2D SPACE',''
  ) );
#5579 = PCURVE('',#5465,#5580);
#5580 = DEFINITIONAL_REPRESENTATION('',(#5581),#5585);
#5581 = LINE('',#5582,#5583);
#5582 = CARTESIAN_POINT('',(4.,0.));
#5583 = VECTOR('',#5584,1.);
#5584 = DIRECTION('',(0.,1.));
#5585 = ( GEOMETRIC_REPRESENTATION_CONTEXT(2) 
PARAMETRIC_REPRESENTATION_CONTEXT() REPRESENTATION_CONTEXT('2D SPACE',''
  ) );
#5586 = ORIENTED_EDGE('',*,*,#5587,.F.);
#5587 = EDGE_CURVE('',#2915,#5565,#5588,.T.);
#5588 = SURFACE_CURVE('',#5589,(#5592,#5598),.PCURVE_S1.);
#5589 = B_SPLINE_CURVE_WITH_KNOTS('',1,(#5590,#5591),.UNSPECIFIED.,.F.,
  .F.,(2,2),(0.,1.),.PIECEWISE_BEZIER_KNOTS.);
#5590 = CARTESIAN_POINT('',(32.,83.,6.));
#5591 = CARTESIAN_POINT('',(32.,81.4,6.));
#5592 = PCURVE('',#2930,#5593);
#5593 = DEFINITIONAL_REPRESENTATION('',(#5594),#5597);
#5594 = B_SPLINE_CURVE_WITH_KNOTS('',1,(#5595,#5596),.UNSPECIFIED.,.F.,
  .F.,(2,2),(0.,1.),.PIECEWISE_BEZIER_KNOTS.);
#5595 = CARTESIAN_POINT('',(68.,1.6));
#5596 = CARTESIAN_POINT('',(68.,0.));
#5597 = ( GEOMETRIC_REPRESENTATION_CONTEXT(2) 
PARAMETRIC_REPRESENTATION_CONTEXT() REPRESENTATION_CONTEXT('2D SPACE',''
  ) );
#5598 = PCURVE('',#2962,#5599);
#5599 = DEFINITIONAL_REPRESENTATION('',(#5600),#5603);
#5600 = B_SPLINE_CURVE_WITH_KNOTS('',1,(#5601,#5602),.UNSPECIFIED.,.F.,
  .F.,(2,2),(0.,1.),.PIECEWISE_BEZIER_KNOTS.);
#5601 = CARTESIAN_POINT('',(15.460567823344,0.181818181818));
#5602 = CARTESIAN_POINT('',(13.85047318612,0.181818181818));
#5603 = ( GEOMETRIC_REPRESENTATION_CONTEXT(2) 
PARAMETRIC_REPRESENTATION_CONTEXT() REPRESENTATION_CONTEXT('2D SPACE',''
  ) );
#5604 = ADVANCED_FACE('',(#5605),#2962,.F.);
#5605 = FACE_BOUND('',#5606,.F.);
#5606 = EDGE_LOOP('',(#5607,#5631,#5654,#5681,#5682,#5683,#5684,#5706));
#5607 = ORIENTED_EDGE('',*,*,#5608,.F.);
#5608 = EDGE_CURVE('',#5609,#5611,#5613,.T.);
#5609 = VERTEX_POINT('',#5610);
#5610 = CARTESIAN_POINT('',(36.,67.,2.));
#5611 = VERTEX_POINT('',#5612);
#5612 = CARTESIAN_POINT('',(14.,70.5,24.));
#5613 = SURFACE_CURVE('',#5614,(#5617,#5624),.PCURVE_S1.);
#5614 = B_SPLINE_CURVE_WITH_KNOTS('',1,(#5615,#5616),.UNSPECIFIED.,.F.,
  .F.,(2,2),(0.,1.),.PIECEWISE_BEZIER_KNOTS.);
#5615 = CARTESIAN_POINT('',(36.,67.,2.));
#5616 = CARTESIAN_POINT('',(14.,70.5,24.));
#5617 = PCURVE('',#2962,#5618);
#5618 = DEFINITIONAL_REPRESENTATION('',(#5619),#5623);
#5619 = LINE('',#5620,#5621);
#5620 = CARTESIAN_POINT('',(0.,0.));
#5621 = VECTOR('',#5622,1.);
#5622 = DIRECTION('',(0.,1.));
#5623 = ( GEOMETRIC_REPRESENTATION_CONTEXT(2) 
PARAMETRIC_REPRESENTATION_CONTEXT() REPRESENTATION_CONTEXT('2D SPACE',''
  ) );
#5624 = PCURVE('',#5522,#5625);
#5625 = DEFINITIONAL_REPRESENTATION('',(#5626),#5630);
#5626 = LINE('',#5627,#5628);
#5627 = CARTESIAN_POINT('',(72.,0.));
#5628 = VECTOR('',#5629,1.);
#5629 = DIRECTION('',(0.,1.));
#5630 = ( GEOMETRIC_REPRESENTATION_CONTEXT(2) 
PARAMETRIC_REPRESENTATION_CONTEXT() REPRESENTATION_CONTEXT('2D SPACE',''
  ) );
#5631 = ORIENTED_EDGE('',*,*,#5632,.T.);
#5632 = EDGE_CURVE('',#5609,#5633,#5635,.T.);
#5633 = VERTEX_POINT('',#5634);
#5634 = CARTESIAN_POINT('',(36.,81.4,2.));
#5635 = SURFACE_CURVE('',#5636,(#5640,#5647),.PCURVE_S1.);
#5636 = LINE('',#5637,#5638);
#5637 = CARTESIAN_POINT('',(36.,67.,2.));
#5638 = VECTOR('',#5639,1.);
#5639 = DIRECTION('',(0.,1.,0.));
#5640 = PCURVE('',#2962,#5641);
#5641 = DEFINITIONAL_REPRESENTATION('',(#5642),#5646);
#5642 = LINE('',#5643,#5644);
#5643 = CARTESIAN_POINT('',(0.,0.));
#5644 = VECTOR('',#5645,1.);
#5645 = DIRECTION('',(1.,0.));
#5646 = ( GEOMETRIC_REPRESENTATION_CONTEXT(2) 
PARAMETRIC_REPRESENTATION_CONTEXT() REPRESENTATION_CONTEXT('2D SPACE',''
  ) );
#5647 = PCURVE('',#5495,#5648);
#5648 = DEFINITIONAL_REPRESENTATION('',(#5649),#5653);
#5649 = LINE('',#5650,#5651);
#5650 = CARTESIAN_POINT('',(36.,67.));
#5651 = VECTOR('',#5652,1.);
#5652 = DIRECTION('',(0.,1.));
#5653 = ( GEOMETRIC_REPRESENTATION_CONTEXT(2) 
PARAMETRIC_REPRESENTATION_CONTEXT() REPRESENTATION_CONTEXT('2D SPACE',''
  ) );
#5654 = ORIENTED_EDGE('',*,*,#5655,.T.);
#5655 = EDGE_CURVE('',#5633,#5565,#5656,.T.);
#5656 = SURFACE_CURVE('',#5657,(#5663,#5672),.PCURVE_S1.);
#5657 = B_SPLINE_CURVE_WITH_KNOTS('',4,(#5658,#5659,#5660,#5661,#5662),
  .UNSPECIFIED.,.F.,.F.,(5,5),(0.,1.),.PIECEWISE_BEZIER_KNOTS.);
#5658 = CARTESIAN_POINT('',(36.,81.4,2.));
#5659 = CARTESIAN_POINT('',(34.99994156495,81.4,3.00005843505));
#5660 = CARTESIAN_POINT('',(33.999921684386,81.4,4.000078315614));
#5661 = CARTESIAN_POINT('',(32.999940958971,81.4,5.000059041029));
#5662 = CARTESIAN_POINT('',(32.,81.4,6.));
#5663 = PCURVE('',#2962,#5664);
#5664 = DEFINITIONAL_REPRESENTATION('',(#5665),#5671);
#5665 = B_SPLINE_CURVE_WITH_KNOTS('',4,(#5666,#5667,#5668,#5669,#5670),
  .UNSPECIFIED.,.F.,.F.,(5,5),(0.,1.),.PIECEWISE_BEZIER_KNOTS.);
#5666 = CARTESIAN_POINT('',(14.4,0.));
#5667 = CARTESIAN_POINT('',(14.263471646249,4.545720159317E-02));
#5668 = CARTESIAN_POINT('',(14.126377890258,9.091265070971E-02));
#5669 = CARTESIAN_POINT('',(13.988713473504,0.136366320047));
#5670 = CARTESIAN_POINT('',(13.850473170805,0.181818181818));
#5671 = ( GEOMETRIC_REPRESENTATION_CONTEXT(2) 
PARAMETRIC_REPRESENTATION_CONTEXT() REPRESENTATION_CONTEXT('2D SPACE',''
  ) );
#5672 = PCURVE('',#5465,#5673);
#5673 = DEFINITIONAL_REPRESENTATION('',(#5674),#5680);
#5674 = B_SPLINE_CURVE_WITH_KNOTS('',4,(#5675,#5676,#5677,#5678,#5679),
  .UNSPECIFIED.,.F.,.F.,(5,5),(0.,1.),.PIECEWISE_BEZIER_KNOTS.);
#5675 = CARTESIAN_POINT('',(0.,72.));
#5676 = CARTESIAN_POINT('',(1.00005843505,70.99994156495));
#5677 = CARTESIAN_POINT('',(2.000078315614,69.999921684386));
#5678 = CARTESIAN_POINT('',(3.000059041029,68.999940958971));
#5679 = CARTESIAN_POINT('',(4.,68.));
#5680 = ( GEOMETRIC_REPRESENTATION_CONTEXT(2) 
PARAMETRIC_REPRESENTATION_CONTEXT() REPRESENTATION_CONTEXT('2D SPACE',''
  ) );
#5681 = ORIENTED_EDGE('',*,*,#5587,.F.);
#5682 = ORIENTED_EDGE('',*,*,#2942,.F.);
#5683 = ORIENTED_EDGE('',*,*,#5322,.T.);
#5684 = ORIENTED_EDGE('',*,*,#5685,.T.);
#5685 = EDGE_CURVE('',#5323,#5686,#5688,.T.);
#5686 = VERTEX_POINT('',#5687);
#5687 = CARTESIAN_POINT('',(14.,98.5,24.));
#5688 = SURFACE_CURVE('',#5689,(#5692,#5699),.PCURVE_S1.);
#5689 = B_SPLINE_CURVE_WITH_KNOTS('',1,(#5690,#5691),.UNSPECIFIED.,.F.,
  .F.,(2,2),(0.,1.),.PIECEWISE_BEZIER_KNOTS.);
#5690 = CARTESIAN_POINT('',(36.,96.,2.));
#5691 = CARTESIAN_POINT('',(14.,98.5,24.));
#5692 = PCURVE('',#2962,#5693);
#5693 = DEFINITIONAL_REPRESENTATION('',(#5694),#5698);
#5694 = LINE('',#5695,#5696);
#5695 = CARTESIAN_POINT('',(29.,0.));
#5696 = VECTOR('',#5697,1.);
#5697 = DIRECTION('',(0.,1.));
#5698 = ( GEOMETRIC_REPRESENTATION_CONTEXT(2) 
PARAMETRIC_REPRESENTATION_CONTEXT() REPRESENTATION_CONTEXT('2D SPACE',''
  ) );
#5699 = PCURVE('',#5361,#5700);
#5700 = DEFINITIONAL_REPRESENTATION('',(#5701),#5705);
#5701 = LINE('',#5702,#5703);
#5702 = CARTESIAN_POINT('',(0.,0.));
#5703 = VECTOR('',#5704,1.);
#5704 = DIRECTION('',(0.,1.));
#5705 = ( GEOMETRIC_REPRESENTATION_CONTEXT(2) 
PARAMETRIC_REPRESENTATION_CONTEXT() REPRESENTATION_CONTEXT('2D SPACE',''
  ) );
#5706 = ORIENTED_EDGE('',*,*,#5707,.F.);
#5707 = EDGE_CURVE('',#5611,#5686,#5708,.T.);
#5708 = SURFACE_CURVE('',#5709,(#5713,#5719),.PCURVE_S1.);
#5709 = LINE('',#5710,#5711);
#5710 = CARTESIAN_POINT('',(14.,70.5,24.));
#5711 = VECTOR('',#5712,1.);
#5712 = DIRECTION('',(0.,1.,0.));
#5713 = PCURVE('',#2962,#5714);
#5714 = DEFINITIONAL_REPRESENTATION('',(#5715),#5718);
#5715 = B_SPLINE_CURVE_WITH_KNOTS('',1,(#5716,#5717),.UNSPECIFIED.,.F.,
  .F.,(2,2),(0.,28.),.PIECEWISE_BEZIER_KNOTS.);
#5716 = CARTESIAN_POINT('',(0.,1.));
#5717 = CARTESIAN_POINT('',(29.,1.));
#5718 = ( GEOMETRIC_REPRESENTATION_CONTEXT(2) 
PARAMETRIC_REPRESENTATION_CONTEXT() REPRESENTATION_CONTEXT('2D SPACE',''
  ) );
#5719 = PCURVE('',#5547,#5720);
#5720 = DEFINITIONAL_REPRESENTATION('',(#5721),#5725);
#5721 = LINE('',#5722,#5723);
#5722 = CARTESIAN_POINT('',(23.688077169749,19.798989873223));
#5723 = VECTOR('',#5724,1.);
#5724 = DIRECTION('',(0.707106781187,-0.707106781187));
#5725 = ( GEOMETRIC_REPRESENTATION_CONTEXT(2) 
PARAMETRIC_REPRESENTATION_CONTEXT() REPRESENTATION_CONTEXT('2D SPACE',''
  ) );
#5726 = ADVANCED_FACE('',(#5727,#5753),#3158,.T.);
#5727 = FACE_BOUND('',#5728,.T.);
#5728 = EDGE_LOOP('',(#5729));
#5729 = ORIENTED_EDGE('',*,*,#5730,.T.);
#5730 = EDGE_CURVE('',#5731,#5731,#5733,.T.);
#5731 = VERTEX_POINT('',#5732);
#5732 = CARTESIAN_POINT('',(47.,89.,8.));
#5733 = SURFACE_CURVE('',#5734,(#5739,#5746),.PCURVE_S1.);
#5734 = CIRCLE('',#5735,4.);
#5735 = AXIS2_PLACEMENT_3D('',#5736,#5737,#5738);
#5736 = CARTESIAN_POINT('',(43.,89.,8.));
#5737 = DIRECTION('',(0.,0.,1.));
#5738 = DIRECTION('',(1.,0.,0.));
#5739 = PCURVE('',#3158,#5740);
#5740 = DEFINITIONAL_REPRESENTATION('',(#5741),#5745);
#5741 = CIRCLE('',#5742,4.);
#5742 = AXIS2_PLACEMENT_2D('',#5743,#5744);
#5743 = CARTESIAN_POINT('',(0.,0.));
#5744 = DIRECTION('',(1.,0.));
#5745 = ( GEOMETRIC_REPRESENTATION_CONTEXT(2) 
PARAMETRIC_REPRESENTATION_CONTEXT() REPRESENTATION_CONTEXT('2D SPACE',''
  ) );
#5746 = PCURVE('',#5276,#5747);
#5747 = DEFINITIONAL_REPRESENTATION('',(#5748),#5752);
#5748 = LINE('',#5749,#5750);
#5749 = CARTESIAN_POINT('',(-0.,-6.));
#5750 = VECTOR('',#5751,1.);
#5751 = DIRECTION('',(-1.,0.));
#5752 = ( GEOMETRIC_REPRESENTATION_CONTEXT(2) 
PARAMETRIC_REPRESENTATION_CONTEXT() REPRESENTATION_CONTEXT('2D SPACE',''
  ) );
#5753 = FACE_BOUND('',#5754,.T.);
#5754 = EDGE_LOOP('',(#5755));
#5755 = ORIENTED_EDGE('',*,*,#3143,.T.);
#5756 = ADVANCED_FACE('',(#5757),#3217,.T.);
#5757 = FACE_BOUND('',#5758,.T.);
#5758 = EDGE_LOOP('',(#5759,#5760,#5761,#5762,#5786,#5808));
#5759 = ORIENTED_EDGE('',*,*,#3200,.T.);
#5760 = ORIENTED_EDGE('',*,*,#3458,.T.);
#5761 = ORIENTED_EDGE('',*,*,#3406,.T.);
#5762 = ORIENTED_EDGE('',*,*,#5763,.F.);
#5763 = EDGE_CURVE('',#5764,#3386,#5766,.T.);
#5764 = VERTEX_POINT('',#5765);
#5765 = CARTESIAN_POINT('',(104.1,5.37780689317E-15,18.));
#5766 = SURFACE_CURVE('',#5767,(#5772,#5779),.PCURVE_S1.);
#5767 = CIRCLE('',#5768,104.1);
#5768 = AXIS2_PLACEMENT_3D('',#5769,#5770,#5771);
#5769 = CARTESIAN_POINT('',(4.990604796862E-13,5.37780689317E-15,18.));
#5770 = DIRECTION('',(0.,0.,1.));
#5771 = DIRECTION('',(1.,0.,0.));
#5772 = PCURVE('',#3217,#5773);
#5773 = DEFINITIONAL_REPRESENTATION('',(#5774),#5778);
#5774 = CIRCLE('',#5775,104.1);
#5775 = AXIS2_PLACEMENT_2D('',#5776,#5777);
#5776 = CARTESIAN_POINT('',(5.089960901099E-13,9.692645782166E-15));
#5777 = DIRECTION('',(1.,0.));
#5778 = ( GEOMETRIC_REPRESENTATION_CONTEXT(2) 
PARAMETRIC_REPRESENTATION_CONTEXT() REPRESENTATION_CONTEXT('2D SPACE',''
  ) );
#5779 = PCURVE('',#3295,#5780);
#5780 = DEFINITIONAL_REPRESENTATION('',(#5781),#5785);
#5781 = LINE('',#5782,#5783);
#5782 = CARTESIAN_POINT('',(-0.,-16.));
#5783 = VECTOR('',#5784,1.);
#5784 = DIRECTION('',(-1.,0.));
#5785 = ( GEOMETRIC_REPRESENTATION_CONTEXT(2) 
PARAMETRIC_REPRESENTATION_CONTEXT() REPRESENTATION_CONTEXT('2D SPACE',''
  ) );
#5786 = ORIENTED_EDGE('',*,*,#5787,.F.);
#5787 = EDGE_CURVE('',#3281,#5764,#5788,.T.);
#5788 = SURFACE_CURVE('',#5789,(#5794,#5801),.PCURVE_S1.);
#5789 = CIRCLE('',#5790,104.1);
#5790 = AXIS2_PLACEMENT_3D('',#5791,#5792,#5793);
#5791 = CARTESIAN_POINT('',(4.990604796862E-13,5.37780689317E-15,18.));
#5792 = DIRECTION('',(0.,0.,1.));
#5793 = DIRECTION('',(1.,0.,0.));
#5794 = PCURVE('',#3217,#5795);
#5795 = DEFINITIONAL_REPRESENTATION('',(#5796),#5800);
#5796 = CIRCLE('',#5797,104.1);
#5797 = AXIS2_PLACEMENT_2D('',#5798,#5799);
#5798 = CARTESIAN_POINT('',(5.089960901099E-13,9.692645782166E-15));
#5799 = DIRECTION('',(1.,0.));
#5800 = ( GEOMETRIC_REPRESENTATION_CONTEXT(2) 
PARAMETRIC_REPRESENTATION_CONTEXT() REPRESENTATION_CONTEXT('2D SPACE',''
  ) );
#5801 = PCURVE('',#3295,#5802);
#5802 = DEFINITIONAL_REPRESENTATION('',(#5803),#5807);
#5803 = LINE('',#5804,#5805);
#5804 = CARTESIAN_POINT('',(-0.,-16.));
#5805 = VECTOR('',#5806,1.);
#5806 = DIRECTION('',(-1.,0.));
#5807 = ( GEOMETRIC_REPRESENTATION_CONTEXT(2) 
PARAMETRIC_REPRESENTATION_CONTEXT() REPRESENTATION_CONTEXT('2D SPACE',''
  ) );
#5808 = ORIENTED_EDGE('',*,*,#3306,.F.);
#5809 = ADVANCED_FACE('',(#5810,#5989,#5992,#5995,#5998),#3295,.F.);
#5810 = FACE_BOUND('',#5811,.T.);
#5811 = EDGE_LOOP('',(#5812,#5833,#5834,#5863,#5897,#5926,#5955,#5982,
    #5983,#5984,#5985,#5986,#5987,#5988));
#5812 = ORIENTED_EDGE('',*,*,#5813,.F.);
#5813 = EDGE_CURVE('',#4362,#5764,#5814,.T.);
#5814 = SEAM_CURVE('',#5815,(#5819,#5826),.PCURVE_S1.);
#5815 = LINE('',#5816,#5817);
#5816 = CARTESIAN_POINT('',(104.1,5.37780689317E-15,2.));
#5817 = VECTOR('',#5818,1.);
#5818 = DIRECTION('',(0.,0.,1.));
#5819 = PCURVE('',#3295,#5820);
#5820 = DEFINITIONAL_REPRESENTATION('',(#5821),#5825);
#5821 = LINE('',#5822,#5823);
#5822 = CARTESIAN_POINT('',(-6.28318530718,0.));
#5823 = VECTOR('',#5824,1.);
#5824 = DIRECTION('',(-0.,-1.));
#5825 = ( GEOMETRIC_REPRESENTATION_CONTEXT(2) 
PARAMETRIC_REPRESENTATION_CONTEXT() REPRESENTATION_CONTEXT('2D SPACE',''
  ) );
#5826 = PCURVE('',#3295,#5827);
#5827 = DEFINITIONAL_REPRESENTATION('',(#5828),#5832);
#5828 = LINE('',#5829,#5830);
#5829 = CARTESIAN_POINT('',(-0.,0.));
#5830 = VECTOR('',#5831,1.);
#5831 = DIRECTION('',(-0.,-1.));
#5832 = ( GEOMETRIC_REPRESENTATION_CONTEXT(2) 
PARAMETRIC_REPRESENTATION_CONTEXT() REPRESENTATION_CONTEXT('2D SPACE',''
  ) );
#5833 = ORIENTED_EDGE('',*,*,#4469,.F.);
#5834 = ORIENTED_EDGE('',*,*,#5835,.T.);
#5835 = EDGE_CURVE('',#4443,#5836,#5838,.T.);
#5836 = VERTEX_POINT('',#5837);
#5837 = CARTESIAN_POINT('',(-34.91558656132,98.069933287825,
    4.832474611551));
#5838 = SURFACE_CURVE('',#5839,(#5845,#5854),.PCURVE_S1.);
#5839 = B_SPLINE_CURVE_WITH_KNOTS('',4,(#5840,#5841,#5842,#5843,#5844),
  .UNSPECIFIED.,.F.,.F.,(5,5),(0.,1.),.PIECEWISE_BEZIER_KNOTS.);
#5840 = CARTESIAN_POINT('',(-37.6,97.072395664267,2.));
#5841 = CARTESIAN_POINT('',(-36.93077894606,97.331611597447,
    2.706132526938));
#5842 = CARTESIAN_POINT('',(-36.26024893499,97.584260093529,
    3.413646207678));
#5843 = CARTESIAN_POINT('',(-35.58849223374,97.830360408908,
    4.122454237774));
#5844 = CARTESIAN_POINT('',(-34.91558656132,98.069933287825,
    4.832474611551));
#5845 = PCURVE('',#3295,#5846);
#5846 = DEFINITIONAL_REPRESENTATION('',(#5847),#5853);
#5847 = B_SPLINE_CURVE_WITH_KNOTS('',4,(#5848,#5849,#5850,#5851,#5852),
  .UNSPECIFIED.,.F.,.F.,(5,5),(0.,1.),.PIECEWISE_BEZIER_KNOTS.);
#5848 = CARTESIAN_POINT('',(-1.940341301849,0.));
#5849 = CARTESIAN_POINT('',(-1.933447261073,-0.706132526938));
#5850 = CARTESIAN_POINT('',(-1.926564281836,-1.413646207678));
#5851 = CARTESIAN_POINT('',(-1.919692160616,-2.122454237774));
#5852 = CARTESIAN_POINT('',(-1.912830672595,-2.832474611551));
#5853 = ( GEOMETRIC_REPRESENTATION_CONTEXT(2) 
PARAMETRIC_REPRESENTATION_CONTEXT() REPRESENTATION_CONTEXT('2D SPACE',''
  ) );
#5854 = PCURVE('',#4458,#5855);
#5855 = DEFINITIONAL_REPRESENTATION('',(#5856),#5862);
#5856 = B_SPLINE_CURVE_WITH_KNOTS('',4,(#5857,#5858,#5859,#5860,#5861),
  .UNSPECIFIED.,.F.,.F.,(5,5),(0.,1.),.PIECEWISE_BEZIER_KNOTS.);
#5857 = CARTESIAN_POINT('',(0.548905131896,0.));
#5858 = CARTESIAN_POINT('',(0.400396284183,3.209693304265E-02));
#5859 = CARTESIAN_POINT('',(0.25947021038,6.425664580354E-02));
#5860 = CARTESIAN_POINT('',(0.126035264491,9.64751926261E-02));
#5861 = CARTESIAN_POINT('',(0.,0.12874884598));
#5862 = ( GEOMETRIC_REPRESENTATION_CONTEXT(2) 
PARAMETRIC_REPRESENTATION_CONTEXT() REPRESENTATION_CONTEXT('2D SPACE',''
  ) );
#5863 = ORIENTED_EDGE('',*,*,#5864,.F.);
#5864 = EDGE_CURVE('',#5865,#5836,#5867,.T.);
#5865 = VERTEX_POINT('',#5866);
#5866 = CARTESIAN_POINT('',(-36.2084244341,97.599999999999,2.));
#5867 = SURFACE_CURVE('',#5868,(#5874,#5883),.PCURVE_S1.);
#5868 = B_SPLINE_CURVE_WITH_KNOTS('',4,(#5869,#5870,#5871,#5872,#5873),
  .UNSPECIFIED.,.F.,.F.,(5,5),(0.,1.),.PIECEWISE_BEZIER_KNOTS.);
#5869 = CARTESIAN_POINT('',(-36.2084244341,97.6,2.));
#5870 = CARTESIAN_POINT('',(-35.88959972387,97.718280127336,
    2.712921315449));
#5871 = CARTESIAN_POINT('',(-35.56785585254,97.836063497594,
    3.422848478647));
#5872 = CARTESIAN_POINT('',(-35.24317824657,97.953301661194,
    4.129489464733));
#5873 = CARTESIAN_POINT('',(-34.91558656132,98.069933287825,
    4.832474611551));
#5874 = PCURVE('',#3295,#5875);
#5875 = DEFINITIONAL_REPRESENTATION('',(#5876),#5882);
#5876 = B_SPLINE_CURVE_WITH_KNOTS('',4,(#5877,#5878,#5879,#5880,#5881),
  .UNSPECIFIED.,.F.,.F.,(5,5),(0.,1.),.PIECEWISE_BEZIER_KNOTS.);
#5877 = CARTESIAN_POINT('',(-1.926044956858,0.));
#5878 = CARTESIAN_POINT('',(-1.922778310237,-0.712921315449));
#5879 = CARTESIAN_POINT('',(-1.919487032436,-1.422848478647));
#5880 = CARTESIAN_POINT('',(-1.916171061176,-2.129489464733));
#5881 = CARTESIAN_POINT('',(-1.912830672595,-2.832474611551));
#5882 = ( GEOMETRIC_REPRESENTATION_CONTEXT(2) 
PARAMETRIC_REPRESENTATION_CONTEXT() REPRESENTATION_CONTEXT('2D SPACE',''
  ) );
#5883 = PCURVE('',#5884,#5889);
#5884 = B_SPLINE_SURFACE_WITH_KNOTS('',1,1,(
    (#5885,#5886)
    ,(#5887,#5888
    )),.UNSPECIFIED.,.F.,.F.,.F.,(2,2),(2,2),(0.,75.2),(0.,1.),
  .PIECEWISE_BEZIER_KNOTS.);
#5885 = CARTESIAN_POINT('',(37.6,97.6,2.));
#5886 = CARTESIAN_POINT('',(16.75,101.25,24.));
#5887 = CARTESIAN_POINT('',(-37.6,97.6,2.));
#5888 = CARTESIAN_POINT('',(-16.75,101.25,24.));
#5889 = DEFINITIONAL_REPRESENTATION('',(#5890),#5896);
#5890 = B_SPLINE_CURVE_WITH_KNOTS('',4,(#5891,#5892,#5893,#5894,#5895),
  .UNSPECIFIED.,.F.,.F.,(5,5),(0.,1.),.PIECEWISE_BEZIER_KNOTS.);
#5891 = CARTESIAN_POINT('',(73.808424434101,0.));
#5892 = CARTESIAN_POINT('',(74.140248715047,3.240551433859E-02));
#5893 = CARTESIAN_POINT('',(74.482321859481,6.46749308476E-02));
#5894 = CARTESIAN_POINT('',(74.835317345147,9.679497566966E-02));
#5895 = CARTESIAN_POINT('',(75.2,0.12874884598));
#5896 = ( GEOMETRIC_REPRESENTATION_CONTEXT(2) 
PARAMETRIC_REPRESENTATION_CONTEXT() REPRESENTATION_CONTEXT('2D SPACE',''
  ) );
#5897 = ORIENTED_EDGE('',*,*,#5898,.F.);
#5898 = EDGE_CURVE('',#5899,#5865,#5901,.T.);
#5899 = VERTEX_POINT('',#5900);
#5900 = CARTESIAN_POINT('',(36.208424434104,97.6,2.));
#5901 = SURFACE_CURVE('',#5902,(#5907,#5914),.PCURVE_S1.);
#5902 = CIRCLE('',#5903,104.1);
#5903 = AXIS2_PLACEMENT_3D('',#5904,#5905,#5906);
#5904 = CARTESIAN_POINT('',(4.990604796862E-13,5.37780689317E-15,2.));
#5905 = DIRECTION('',(0.,0.,1.));
#5906 = DIRECTION('',(1.,0.,0.));
#5907 = PCURVE('',#3295,#5908);
#5908 = DEFINITIONAL_REPRESENTATION('',(#5909),#5913);
#5909 = LINE('',#5910,#5911);
#5910 = CARTESIAN_POINT('',(-0.,0.));
#5911 = VECTOR('',#5912,1.);
#5912 = DIRECTION('',(-1.,0.));
#5913 = ( GEOMETRIC_REPRESENTATION_CONTEXT(2) 
PARAMETRIC_REPRESENTATION_CONTEXT() REPRESENTATION_CONTEXT('2D SPACE',''
  ) );
#5914 = PCURVE('',#5915,#5920);
#5915 = PLANE('',#5916);
#5916 = AXIS2_PLACEMENT_3D('',#5917,#5918,#5919);
#5917 = CARTESIAN_POINT('',(-9.769246714328E-15,-4.388317696945E-15,2.)
  );
#5918 = DIRECTION('',(0.,0.,1.));
#5919 = DIRECTION('',(1.,0.,-0.));
#5920 = DEFINITIONAL_REPRESENTATION('',(#5921),#5925);
#5921 = CIRCLE('',#5922,104.1);
#5922 = AXIS2_PLACEMENT_2D('',#5923,#5924);
#5923 = CARTESIAN_POINT('',(5.088297264005E-13,9.766124590115E-15));
#5924 = DIRECTION('',(1.,0.));
#5925 = ( GEOMETRIC_REPRESENTATION_CONTEXT(2) 
PARAMETRIC_REPRESENTATION_CONTEXT() REPRESENTATION_CONTEXT('2D SPACE',''
  ) );
#5926 = ORIENTED_EDGE('',*,*,#5927,.T.);
#5927 = EDGE_CURVE('',#5899,#5928,#5930,.T.);
#5928 = VERTEX_POINT('',#5929);
#5929 = CARTESIAN_POINT('',(34.915586561328,98.069933287825,
    4.832474611549));
#5930 = SURFACE_CURVE('',#5931,(#5937,#5946),.PCURVE_S1.);
#5931 = B_SPLINE_CURVE_WITH_KNOTS('',4,(#5932,#5933,#5934,#5935,#5936),
  .UNSPECIFIED.,.F.,.F.,(5,5),(0.,1.),.PIECEWISE_BEZIER_KNOTS.);
#5932 = CARTESIAN_POINT('',(36.208424434102,97.6,2.));
#5933 = CARTESIAN_POINT('',(35.889599723875,97.718280127336,
    2.712921315448));
#5934 = CARTESIAN_POINT('',(35.567855852545,97.836063497594,
    3.422848478646));
#5935 = CARTESIAN_POINT('',(35.243178246573,97.953301661194,
    4.129489464731));
#5936 = CARTESIAN_POINT('',(34.915586561328,98.069933287825,
    4.832474611549));
#5937 = PCURVE('',#3295,#5938);
#5938 = DEFINITIONAL_REPRESENTATION('',(#5939),#5945);
#5939 = B_SPLINE_CURVE_WITH_KNOTS('',4,(#5940,#5941,#5942,#5943,#5944),
  .UNSPECIFIED.,.F.,.F.,(5,5),(0.,1.),.PIECEWISE_BEZIER_KNOTS.);
#5940 = CARTESIAN_POINT('',(-1.215547696732,0.));
#5941 = CARTESIAN_POINT('',(-1.218814343353,-0.712921315448));
#5942 = CARTESIAN_POINT('',(-1.222105621153,-1.422848478646));
#5943 = CARTESIAN_POINT('',(-1.225421592414,-2.129489464731));
#5944 = CARTESIAN_POINT('',(-1.228761980994,-2.832474611549));
#5945 = ( GEOMETRIC_REPRESENTATION_CONTEXT(2) 
PARAMETRIC_REPRESENTATION_CONTEXT() REPRESENTATION_CONTEXT('2D SPACE',''
  ) );
#5946 = PCURVE('',#5884,#5947);
#5947 = DEFINITIONAL_REPRESENTATION('',(#5948),#5954);
#5948 = B_SPLINE_CURVE_WITH_KNOTS('',4,(#5949,#5950,#5951,#5952,#5953),
  .UNSPECIFIED.,.F.,.F.,(5,5),(0.,1.),.PIECEWISE_BEZIER_KNOTS.);
#5949 = CARTESIAN_POINT('',(1.391575565898,0.));
#5950 = CARTESIAN_POINT('',(1.059751284952,3.240551433857E-02));
#5951 = CARTESIAN_POINT('',(0.717678140518,6.467493084755E-02));
#5952 = CARTESIAN_POINT('',(0.364682654852,9.67949756696E-02));
#5953 = CARTESIAN_POINT('',(0.,0.128748845979));
#5954 = ( GEOMETRIC_REPRESENTATION_CONTEXT(2) 
PARAMETRIC_REPRESENTATION_CONTEXT() REPRESENTATION_CONTEXT('2D SPACE',''
  ) );
#5955 = ORIENTED_EDGE('',*,*,#5956,.F.);
#5956 = EDGE_CURVE('',#4364,#5928,#5957,.T.);
#5957 = SURFACE_CURVE('',#5958,(#5964,#5973),.PCURVE_S1.);
#5958 = B_SPLINE_CURVE_WITH_KNOTS('',4,(#5959,#5960,#5961,#5962,#5963),
  .UNSPECIFIED.,.F.,.F.,(5,5),(0.,1.),.PIECEWISE_BEZIER_KNOTS.);
#5959 = CARTESIAN_POINT('',(37.6,97.072395664267,2.));
#5960 = CARTESIAN_POINT('',(36.930778946061,97.331611597447,
    2.706132526938));
#5961 = CARTESIAN_POINT('',(36.260248934997,97.584260093529,
    3.413646207677));
#5962 = CARTESIAN_POINT('',(35.588492233747,97.830360408908,
    4.122454237773));
#5963 = CARTESIAN_POINT('',(34.915586561328,98.069933287825,
    4.832474611549));
#5964 = PCURVE('',#3295,#5965);
#5965 = DEFINITIONAL_REPRESENTATION('',(#5966),#5972);
#5966 = B_SPLINE_CURVE_WITH_KNOTS('',4,(#5967,#5968,#5969,#5970,#5971),
  .UNSPECIFIED.,.F.,.F.,(5,5),(0.,1.),.PIECEWISE_BEZIER_KNOTS.);
#5967 = CARTESIAN_POINT('',(-1.201251351741,0.));
#5968 = CARTESIAN_POINT('',(-1.208145392517,-0.706132526938));
#5969 = CARTESIAN_POINT('',(-1.215028371754,-1.413646207677));
#5970 = CARTESIAN_POINT('',(-1.221900492974,-2.122454237773));
#5971 = CARTESIAN_POINT('',(-1.228761980994,-2.832474611549));
#5972 = ( GEOMETRIC_REPRESENTATION_CONTEXT(2) 
PARAMETRIC_REPRESENTATION_CONTEXT() REPRESENTATION_CONTEXT('2D SPACE',''
  ) );
#5973 = PCURVE('',#4403,#5974);
#5974 = DEFINITIONAL_REPRESENTATION('',(#5975),#5981);
#5975 = B_SPLINE_CURVE_WITH_KNOTS('',4,(#5976,#5977,#5978,#5979,#5980),
  .UNSPECIFIED.,.F.,.F.,(5,5),(0.,1.),.PIECEWISE_BEZIER_KNOTS.);
#5976 = CARTESIAN_POINT('',(32.951094868104,0.));
#5977 = CARTESIAN_POINT('',(33.099603715818,3.209693304263E-02));
#5978 = CARTESIAN_POINT('',(33.240529789621,6.42566458035E-02));
#5979 = CARTESIAN_POINT('',(33.373964735509,9.647519262603E-02));
#5980 = CARTESIAN_POINT('',(33.5,0.128748845979));
#5981 = ( GEOMETRIC_REPRESENTATION_CONTEXT(2) 
PARAMETRIC_REPRESENTATION_CONTEXT() REPRESENTATION_CONTEXT('2D SPACE',''
  ) );
#5982 = ORIENTED_EDGE('',*,*,#4361,.F.);
#5983 = ORIENTED_EDGE('',*,*,#5813,.T.);
#5984 = ORIENTED_EDGE('',*,*,#5763,.T.);
#5985 = ORIENTED_EDGE('',*,*,#3385,.T.);
#5986 = ORIENTED_EDGE('',*,*,#3331,.F.);
#5987 = ORIENTED_EDGE('',*,*,#3280,.F.);
#5988 = ORIENTED_EDGE('',*,*,#5787,.T.);
#5989 = FACE_BOUND('',#5990,.T.);
#5990 = EDGE_LOOP('',(#5991));
#5991 = ORIENTED_EDGE('',*,*,#3484,.T.);
#5992 = FACE_BOUND('',#5993,.T.);
#5993 = EDGE_LOOP('',(#5994));
#5994 = ORIENTED_EDGE('',*,*,#3677,.T.);
#5995 = FACE_BOUND('',#5996,.T.);
#5996 = EDGE_LOOP('',(#5997));
#5997 = ORIENTED_EDGE('',*,*,#3870,.T.);
#5998 = FACE_BOUND('',#5999,.T.);
#5999 = EDGE_LOOP('',(#6000));
#6000 = ORIENTED_EDGE('',*,*,#4063,.T.);
#6001 = ADVANCED_FACE('',(#6002),#4273,.T.);
#6002 = FACE_BOUND('',#6003,.F.);
#6003 = EDGE_LOOP('',(#6004,#6084,#6105,#6106,#6107,#6185));
#6004 = ORIENTED_EDGE('',*,*,#6005,.F.);
#6005 = EDGE_CURVE('',#6006,#4781,#6008,.T.);
#6006 = VERTEX_POINT('',#6007);
#6007 = CARTESIAN_POINT('',(-10.5,-84.,2.98511429617));
#6008 = SURFACE_CURVE('',#6009,(#6032,#6058),.PCURVE_S1.);
#6009 = B_SPLINE_CURVE_WITH_KNOTS('',6,(#6010,#6011,#6012,#6013,#6014,
    #6015,#6016,#6017,#6018,#6019,#6020,#6021,#6022,#6023,#6024,#6025,
    #6026,#6027,#6028,#6029,#6030,#6031),.UNSPECIFIED.,.F.,.F.,(7,5,5,5,
    7),(0.,0.1927515195,0.320878787899,0.625986215941,1.),
  .UNSPECIFIED.);
#6010 = CARTESIAN_POINT('',(-10.5,-84.,2.98511429617));
#6011 = CARTESIAN_POINT('',(-10.5,-83.89622722761,2.98511429617));
#6012 = CARTESIAN_POINT('',(-10.50323067496,-83.79246575821,
    2.980605540697));
#6013 = CARTESIAN_POINT('',(-10.50969047329,-83.68986006158,
    2.971589896862));
#6014 = CARTESIAN_POINT('',(-10.51916075827,-83.58922850217,
    2.958387876139));
#6015 = CARTESIAN_POINT('',(-10.53133037268,-83.49116808278,
    2.941459618702));
#6016 = CARTESIAN_POINT('',(-10.55550077039,-83.33290749513,
    2.907928470596));
#6017 = CARTESIAN_POINT('',(-10.56619612149,-83.27099854548,
    2.893111142456));
#6018 = CARTESIAN_POINT('',(-10.57784288965,-83.2104480756,
    2.877002201205));
#6019 = CARTESIAN_POINT('',(-10.59035053416,-83.15128569474,
    2.859735234563));
#6020 = CARTESIAN_POINT('',(-10.60363645813,-83.09350616388,
    2.841432280899));
#6021 = CARTESIAN_POINT('',(-10.650958775,-82.90270898944,2.776386857862
    ));
#6022 = CARTESIAN_POINT('',(-10.68827495555,-82.7761389549,
    2.725328726893));
#6023 = CARTESIAN_POINT('',(-10.72868859297,-82.65669451636,
    2.670347494724));
#6024 = CARTESIAN_POINT('',(-10.77155904552,-82.54376003955,2.6123970766
    ));
#6025 = CARTESIAN_POINT('',(-10.81644802667,-82.43666235622,
    2.552123637162));
#6026 = CARTESIAN_POINT('',(-10.92038413172,-82.20967777222,
    2.413536172531));
#6027 = CARTESIAN_POINT('',(-10.98026778779,-82.09251882975,
    2.334317249958));
#6028 = CARTESIAN_POINT('',(-11.04230238203,-81.98205016859,
    2.252949112831));
#6029 = CARTESIAN_POINT('',(-11.1061697342,-81.87755625965,2.16991046214
    ));
#6030 = CARTESIAN_POINT('',(-11.17164798356,-81.77841159316,
    2.085533357087));
#6031 = CARTESIAN_POINT('',(-11.23862489033,-81.68409145387,1.9999994));
#6032 = PCURVE('',#4273,#6033);
#6033 = DEFINITIONAL_REPRESENTATION('',(#6034),#6057);
#6034 = B_SPLINE_CURVE_WITH_KNOTS('',6,(#6035,#6036,#6037,#6038,#6039,
    #6040,#6041,#6042,#6043,#6044,#6045,#6046,#6047,#6048,#6049,#6050,
    #6051,#6052,#6053,#6054,#6055,#6056),.UNSPECIFIED.,.F.,.F.,(7,5,5,5,
    7),(0.,0.1927515195,0.320878787899,0.625986215941,1.),
  .UNSPECIFIED.);
#6035 = CARTESIAN_POINT('',(0.,-0.98511429617));
#6036 = CARTESIAN_POINT('',(-2.594319309706E-02,-0.98511429617));
#6037 = CARTESIAN_POINT('',(-5.188354964342E-02,-0.980605540697));
#6038 = CARTESIAN_POINT('',(-7.756645160966E-02,-0.971589896862));
#6039 = CARTESIAN_POINT('',(-0.102818477705,-0.958387876139));
#6040 = CARTESIAN_POINT('',(-0.127511898029,-0.941459618702));
#6041 = CARTESIAN_POINT('',(-0.167535814103,-0.907928470596));
#6042 = CARTESIAN_POINT('',(-0.183239320514,-0.893111142456));
#6043 = CARTESIAN_POINT('',(-0.19865038517,-0.877002201205));
#6044 = CARTESIAN_POINT('',(-0.213764266807,-0.859735234563));
#6045 = CARTESIAN_POINT('',(-0.228583944286,-0.841432280899));
#6046 = CARTESIAN_POINT('',(-0.277728478219,-0.776386857862));
#6047 = CARTESIAN_POINT('',(-0.310686252426,-0.725328726893));
#6048 = CARTESIAN_POINT('',(-0.342175907989,-0.670347494724));
#6049 = CARTESIAN_POINT('',(-0.372347917607,-0.6123970766));
#6050 = CARTESIAN_POINT('',(-0.401363771594,-0.552123637162));
#6051 = CARTESIAN_POINT('',(-0.46377606771,-0.413536172531));
#6052 = CARTESIAN_POINT('',(-0.496639579471,-0.334317249958));
#6053 = CARTESIAN_POINT('',(-0.528279034739,-0.252949112831));
#6054 = CARTESIAN_POINT('',(-0.558866343817,-0.16991046214));
#6055 = CARTESIAN_POINT('',(-0.588553253944,-8.553335708742E-02));
#6056 = CARTESIAN_POINT('',(-0.617473613031,6.000000000173E-07));
#6057 = ( GEOMETRIC_REPRESENTATION_CONTEXT(2) 
PARAMETRIC_REPRESENTATION_CONTEXT() REPRESENTATION_CONTEXT('2D SPACE',''
  ) );
#6058 = PCURVE('',#4768,#6059);
#6059 = DEFINITIONAL_REPRESENTATION('',(#6060),#6083);
#6060 = B_SPLINE_CURVE_WITH_KNOTS('',6,(#6061,#6062,#6063,#6064,#6065,
    #6066,#6067,#6068,#6069,#6070,#6071,#6072,#6073,#6074,#6075,#6076,
    #6077,#6078,#6079,#6080,#6081,#6082),.UNSPECIFIED.,.F.,.F.,(7,5,5,5,
    7),(0.,0.1927515195,0.320878787899,0.625986215941,1.),
  .UNSPECIFIED.);
#6061 = CARTESIAN_POINT('',(-3.14159265359,8.428594202815));
#6062 = CARTESIAN_POINT('',(-3.13170953241,8.428594202815));
#6063 = CARTESIAN_POINT('',(-3.121827482804,8.433102958287));
#6064 = CARTESIAN_POINT('',(-3.112072691315,8.442118602123));
#6065 = CARTESIAN_POINT('',(-3.102540146782,8.455320622845));
#6066 = CARTESIAN_POINT('',(-3.093297583037,8.472248880283));
#6067 = CARTESIAN_POINT('',(-3.07847054175,8.505780028389));
#6068 = CARTESIAN_POINT('',(-3.072694977666,8.520597356528));
#6069 = CARTESIAN_POINT('',(-3.067073161689,8.53670629778));
#6070 = CARTESIAN_POINT('',(-3.061608852969,8.553973264422));
#6071 = CARTESIAN_POINT('',(-3.056301877996,8.572276218085));
#6072 = CARTESIAN_POINT('',(-3.038879535596,8.637321641123));
#6073 = CARTESIAN_POINT('',(-3.027497381373,8.688379772092));
#6074 = CARTESIAN_POINT('',(-3.016938865892,8.743361004261));
#6075 = CARTESIAN_POINT('',(-3.007133671491,8.801311422385));
#6076 = CARTESIAN_POINT('',(-2.998005420829,8.861584861823));
#6077 = CARTESIAN_POINT('',(-2.979023322372,9.000172326453));
#6078 = CARTESIAN_POINT('',(-2.969484045745,9.079391249027));
#6079 = CARTESIAN_POINT('',(-2.960730476023,9.160759386154));
#6080 = CARTESIAN_POINT('',(-2.952675420112,9.243798036845));
#6081 = CARTESIAN_POINT('',(-2.945243005482,9.328175141897));
#6082 = CARTESIAN_POINT('',(-2.938370404001,9.413709098985));
#6083 = ( GEOMETRIC_REPRESENTATION_CONTEXT(2) 
PARAMETRIC_REPRESENTATION_CONTEXT() REPRESENTATION_CONTEXT('2D SPACE',''
  ) );
#6084 = ORIENTED_EDGE('',*,*,#6085,.T.);
#6085 = EDGE_CURVE('',#6006,#4257,#6086,.T.);
#6086 = SEAM_CURVE('',#6087,(#6091,#6098),.PCURVE_S1.);
#6087 = LINE('',#6088,#6089);
#6088 = CARTESIAN_POINT('',(-10.5,-84.,2.));
#6089 = VECTOR('',#6090,1.);
#6090 = DIRECTION('',(0.,0.,1.));
#6091 = PCURVE('',#4273,#6092);
#6092 = DEFINITIONAL_REPRESENTATION('',(#6093),#6097);
#6093 = LINE('',#6094,#6095);
#6094 = CARTESIAN_POINT('',(-6.28318530718,0.));
#6095 = VECTOR('',#6096,1.);
#6096 = DIRECTION('',(-0.,-1.));
#6097 = ( GEOMETRIC_REPRESENTATION_CONTEXT(2) 
PARAMETRIC_REPRESENTATION_CONTEXT() REPRESENTATION_CONTEXT('2D SPACE',''
  ) );
#6098 = PCURVE('',#4273,#6099);
#6099 = DEFINITIONAL_REPRESENTATION('',(#6100),#6104);
#6100 = LINE('',#6101,#6102);
#6101 = CARTESIAN_POINT('',(-0.,0.));
#6102 = VECTOR('',#6103,1.);
#6103 = DIRECTION('',(-0.,-1.));
#6104 = ( GEOMETRIC_REPRESENTATION_CONTEXT(2) 
PARAMETRIC_REPRESENTATION_CONTEXT() REPRESENTATION_CONTEXT('2D SPACE',''
  ) );
#6105 = ORIENTED_EDGE('',*,*,#4256,.T.);
#6106 = ORIENTED_EDGE('',*,*,#6085,.F.);
#6107 = ORIENTED_EDGE('',*,*,#6108,.F.);
#6108 = EDGE_CURVE('',#4748,#6006,#6109,.T.);
#6109 = SURFACE_CURVE('',#6110,(#6133,#6159),.PCURVE_S1.);
#6110 = B_SPLINE_CURVE_WITH_KNOTS('',6,(#6111,#6112,#6113,#6114,#6115,
    #6116,#6117,#6118,#6119,#6120,#6121,#6122,#6123,#6124,#6125,#6126,
    #6127,#6128,#6129,#6130,#6131,#6132),.UNSPECIFIED.,.F.,.F.,(7,5,5,5,
    7),(0.,0.32328947471,0.598265997965,0.77832904661,1.),
  .UNSPECIFIED.);
#6111 = CARTESIAN_POINT('',(-11.2386244205,-86.31590788449,2.));
#6112 = CARTESIAN_POINT('',(-11.18073651363,-86.2343872821,
    2.073926704554));
#6113 = CARTESIAN_POINT('',(-11.12396137433,-86.14925362528,
    2.146997849137));
#6114 = CARTESIAN_POINT('',(-11.06838056084,-86.06017668514,
    2.219084777634));
#6115 = CARTESIAN_POINT('',(-11.01412916894,-85.96676970508,
    2.289984179719));
#6116 = CARTESIAN_POINT('',(-10.96139333071,-85.86858180869,
    2.359415429054));
#6117 = CARTESIAN_POINT('',(-10.86710137104,-85.6768109155,2.48443560689
    ));
#6118 = CARTESIAN_POINT('',(-10.8250735757,-85.58477522516,
    2.540514316996));
#6119 = CARTESIAN_POINT('',(-10.78449828598,-85.48840632156,
    2.59498985889));
#6120 = CARTESIAN_POINT('',(-10.74562495382,-85.38725379593,
    2.647491781195));
#6121 = CARTESIAN_POINT('',(-10.7088031233,-85.28085749935,
    2.697498709536));
#6122 = CARTESIAN_POINT('',(-10.65207038129,-85.09514480164,
    2.774919098793));
#6123 = CARTESIAN_POINT('',(-10.63071866133,-85.01918783503,
    2.804160528238));
#6124 = CARTESIAN_POINT('',(-10.61060166679,-84.94060526002,
    2.831803032063));
#6125 = CARTESIAN_POINT('',(-10.59190501099,-84.85929925757,
    2.857572421477));
#6126 = CARTESIAN_POINT('',(-10.57485660154,-84.775241537,2.88113149541)
  );
#6127 = CARTESIAN_POINT('',(-10.54104811566,-84.58176081832,
    2.927949175394));
#6128 = CARTESIAN_POINT('',(-10.52524663902,-84.47086070935,
    2.949905706296));
#6129 = CARTESIAN_POINT('',(-10.5128157313,-84.35623501612,
    2.967227960173));
#6130 = CARTESIAN_POINT('',(-10.50426931942,-84.23864667387,
    2.979156043158));
#6131 = CARTESIAN_POINT('',(-10.5,-84.11929340324,2.98511429617));
#6132 = CARTESIAN_POINT('',(-10.5,-84.,2.98511429617));
#6133 = PCURVE('',#4273,#6134);
#6134 = DEFINITIONAL_REPRESENTATION('',(#6135),#6158);
#6135 = B_SPLINE_CURVE_WITH_KNOTS('',6,(#6136,#6137,#6138,#6139,#6140,
    #6141,#6142,#6143,#6144,#6145,#6146,#6147,#6148,#6149,#6150,#6151,
    #6152,#6153,#6154,#6155,#6156,#6157),.UNSPECIFIED.,.F.,.F.,(7,5,5,5,
    7),(0.,0.32328947471,0.598265997965,0.77832904661,1.),
  .UNSPECIFIED.);
#6136 = CARTESIAN_POINT('',(-5.665711897018,8.171241461241E-14));
#6137 = CARTESIAN_POINT('',(-5.69070766963,-7.392670455388E-02));
#6138 = CARTESIAN_POINT('',(-5.71627886529,-0.146997849137));
#6139 = CARTESIAN_POINT('',(-5.742508974624,-0.219084777634));
#6140 = CARTESIAN_POINT('',(-5.769492271892,-0.289984179719));
#6141 = CARTESIAN_POINT('',(-5.797337763863,-0.359415429054));
#6142 = CARTESIAN_POINT('',(-5.850762388999,-0.48443560689));
#6143 = CARTESIAN_POINT('',(-5.876046451063,-0.540514316996));
#6144 = CARTESIAN_POINT('',(-5.902168986046,-0.59498985889));
#6145 = CARTESIAN_POINT('',(-5.929238456684,-0.647491781195));
#6146 = CARTESIAN_POINT('',(-5.95736647747,-0.697498709536));
#6147 = CARTESIAN_POINT('',(-6.005912724821,-0.774919098793));
#6148 = CARTESIAN_POINT('',(-6.025632982447,-0.804160528238));
#6149 = CARTESIAN_POINT('',(-6.045903599842,-0.831803032063));
#6150 = CARTESIAN_POINT('',(-6.066750480241,-0.857572421477));
#6151 = CARTESIAN_POINT('',(-6.088184886981,-0.88113149541));
#6152 = CARTESIAN_POINT('',(-6.137287968745,-0.927949175394));
#6153 = CARTESIAN_POINT('',(-6.165279126393,-0.949905706296));
#6154 = CARTESIAN_POINT('',(-6.19407870954,-0.967227960173));
#6155 = CARTESIAN_POINT('',(-6.223523663854,-0.979156043158));
#6156 = CARTESIAN_POINT('',(-6.253361956369,-0.98511429617));
#6157 = CARTESIAN_POINT('',(-6.28318530718,-0.98511429617));
#6158 = ( GEOMETRIC_REPRESENTATION_CONTEXT(2) 
PARAMETRIC_REPRESENTATION_CONTEXT() REPRESENTATION_CONTEXT('2D SPACE',''
  ) );
#6159 = PCURVE('',#4768,#6160);
#6160 = DEFINITIONAL_REPRESENTATION('',(#6161),#6184);
#6161 = B_SPLINE_CURVE_WITH_KNOTS('',6,(#6162,#6163,#6164,#6165,#6166,
    #6167,#6168,#6169,#6170,#6171,#6172,#6173,#6174,#6175,#6176,#6177,
    #6178,#6179,#6180,#6181,#6182,#6183),.UNSPECIFIED.,.F.,.F.,(7,5,5,5,
    7),(0.,0.32328947471,0.598265997965,0.77832904661,1.),
  .UNSPECIFIED.);
#6162 = CARTESIAN_POINT('',(-3.344814854969,9.413708498985));
#6163 = CARTESIAN_POINT('',(-3.338874885878,9.339781794431));
#6164 = CARTESIAN_POINT('',(-3.332516074663,9.266710649847));
#6165 = CARTESIAN_POINT('',(-3.325698385123,9.194623721351));
#6166 = CARTESIAN_POINT('',(-3.318374691519,9.123724319266));
#6167 = CARTESIAN_POINT('',(-3.31049038365,9.05429306993));
#6168 = CARTESIAN_POINT('',(-3.294724191277,8.929272892094));
#6169 = CARTESIAN_POINT('',(-3.287021527738,8.873194181989));
#6170 = CARTESIAN_POINT('',(-3.278814155162,8.818718640095));
#6171 = CARTESIAN_POINT('',(-3.270050663459,8.76621671779));
#6172 = CARTESIAN_POINT('',(-3.260678467561,8.716209789449));
#6173 = CARTESIAN_POINT('',(-3.244061728273,8.638789400192));
#6174 = CARTESIAN_POINT('',(-3.237202118768,8.609547970747));
#6175 = CARTESIAN_POINT('',(-3.230042077057,8.581905466922));
#6176 = CARTESIAN_POINT('',(-3.222571282235,8.556136077508));
#6177 = CARTESIAN_POINT('',(-3.214787638289,8.532577003575));
#6178 = CARTESIAN_POINT('',(-3.196750524342,8.485759323591));
#6179 = CARTESIAN_POINT('',(-3.186332225339,8.463802792689));
#6180 = CARTESIAN_POINT('',(-3.175493682922,8.446480538811));
#6181 = CARTESIAN_POINT('',(-3.16432092149,8.434552455827));
#6182 = CARTESIAN_POINT('',(-3.152953930089,8.428594202815));
#6183 = CARTESIAN_POINT('',(-3.14159265359,8.428594202815));
#6184 = ( GEOMETRIC_REPRESENTATION_CONTEXT(2) 
PARAMETRIC_REPRESENTATION_CONTEXT() REPRESENTATION_CONTEXT('2D SPACE',''
  ) );
#6185 = ORIENTED_EDGE('',*,*,#4780,.F.);
#6186 = ADVANCED_FACE('',(#6187),#4311,.F.);
#6187 = FACE_BOUND('',#6188,.F.);
#6188 = EDGE_LOOP('',(#6189,#6190,#6213,#6240));
#6189 = ORIENTED_EDGE('',*,*,#4294,.T.);
#6190 = ORIENTED_EDGE('',*,*,#6191,.T.);
#6191 = EDGE_CURVE('',#4295,#6192,#6194,.T.);
#6192 = VERTEX_POINT('',#6193);
#6193 = CARTESIAN_POINT('',(1.5,-84.,9.813708498985));
#6194 = SEAM_CURVE('',#6195,(#6199,#6206),.PCURVE_S1.);
#6195 = LINE('',#6196,#6197);
#6196 = CARTESIAN_POINT('',(9.313708498985,-84.,1.9));
#6197 = VECTOR('',#6198,1.);
#6198 = DIRECTION('',(-0.702596565512,0.,0.711588410621));
#6199 = PCURVE('',#4311,#6200);
#6200 = DEFINITIONAL_REPRESENTATION('',(#6201),#6205);
#6201 = LINE('',#6202,#6203);
#6202 = CARTESIAN_POINT('',(-0.,-0.));
#6203 = VECTOR('',#6204,1.);
#6204 = DIRECTION('',(-0.,-1.));
#6205 = ( GEOMETRIC_REPRESENTATION_CONTEXT(2) 
PARAMETRIC_REPRESENTATION_CONTEXT() REPRESENTATION_CONTEXT('2D SPACE',''
  ) );
#6206 = PCURVE('',#4311,#6207);
#6207 = DEFINITIONAL_REPRESENTATION('',(#6208),#6212);
#6208 = LINE('',#6209,#6210);
#6209 = CARTESIAN_POINT('',(-6.28318530718,-0.));
#6210 = VECTOR('',#6211,1.);
#6211 = DIRECTION('',(-0.,-1.));
#6212 = ( GEOMETRIC_REPRESENTATION_CONTEXT(2) 
PARAMETRIC_REPRESENTATION_CONTEXT() REPRESENTATION_CONTEXT('2D SPACE',''
  ) );
#6213 = ORIENTED_EDGE('',*,*,#6214,.F.);
#6214 = EDGE_CURVE('',#6192,#6192,#6215,.T.);
#6215 = SURFACE_CURVE('',#6216,(#6221,#6228),.PCURVE_S1.);
#6216 = CIRCLE('',#6217,1.5);
#6217 = AXIS2_PLACEMENT_3D('',#6218,#6219,#6220);
#6218 = CARTESIAN_POINT('',(0.,-84.,9.813708498985));
#6219 = DIRECTION('',(0.,0.,1.));
#6220 = DIRECTION('',(1.,0.,-0.));
#6221 = PCURVE('',#4311,#6222);
#6222 = DEFINITIONAL_REPRESENTATION('',(#6223),#6227);
#6223 = LINE('',#6224,#6225);
#6224 = CARTESIAN_POINT('',(-0.,-7.913708498985));
#6225 = VECTOR('',#6226,1.);
#6226 = DIRECTION('',(-1.,-0.));
#6227 = ( GEOMETRIC_REPRESENTATION_CONTEXT(2) 
PARAMETRIC_REPRESENTATION_CONTEXT() REPRESENTATION_CONTEXT('2D SPACE',''
  ) );
#6228 = PCURVE('',#6229,#6234);
#6229 = PLANE('',#6230);
#6230 = AXIS2_PLACEMENT_3D('',#6231,#6232,#6233);
#6231 = CARTESIAN_POINT('',(0.,-84.,9.813708498985));
#6232 = DIRECTION('',(0.,0.,1.));
#6233 = DIRECTION('',(1.,0.,-0.));
#6234 = DEFINITIONAL_REPRESENTATION('',(#6235),#6239);
#6235 = CIRCLE('',#6236,1.5);
#6236 = AXIS2_PLACEMENT_2D('',#6237,#6238);
#6237 = CARTESIAN_POINT('',(0.,0.));
#6238 = DIRECTION('',(1.,0.));
#6239 = ( GEOMETRIC_REPRESENTATION_CONTEXT(2) 
PARAMETRIC_REPRESENTATION_CONTEXT() REPRESENTATION_CONTEXT('2D SPACE',''
  ) );
#6240 = ORIENTED_EDGE('',*,*,#6191,.F.);
#6241 = ADVANCED_FACE('',(#6242),#4343,.T.);
#6242 = FACE_BOUND('',#6243,.F.);
#6243 = EDGE_LOOP('',(#6244,#6245,#6266,#6267,#6268,#6269,#6373));
#6244 = ORIENTED_EDGE('',*,*,#4832,.F.);
#6245 = ORIENTED_EDGE('',*,*,#6246,.T.);
#6246 = EDGE_CURVE('',#4724,#4327,#6247,.T.);
#6247 = SEAM_CURVE('',#6248,(#6252,#6259),.PCURVE_S1.);
#6248 = LINE('',#6249,#6250);
#6249 = CARTESIAN_POINT('',(18.5,-84.,2.));
#6250 = VECTOR('',#6251,1.);
#6251 = DIRECTION('',(0.,0.,1.));
#6252 = PCURVE('',#4343,#6253);
#6253 = DEFINITIONAL_REPRESENTATION('',(#6254),#6258);
#6254 = LINE('',#6255,#6256);
#6255 = CARTESIAN_POINT('',(-6.28318530718,0.));
#6256 = VECTOR('',#6257,1.);
#6257 = DIRECTION('',(-0.,-1.));
#6258 = ( GEOMETRIC_REPRESENTATION_CONTEXT(2) 
PARAMETRIC_REPRESENTATION_CONTEXT() REPRESENTATION_CONTEXT('2D SPACE',''
  ) );
#6259 = PCURVE('',#4343,#6260);
#6260 = DEFINITIONAL_REPRESENTATION('',(#6261),#6265);
#6261 = LINE('',#6262,#6263);
#6262 = CARTESIAN_POINT('',(-0.,0.));
#6263 = VECTOR('',#6264,1.);
#6264 = DIRECTION('',(-0.,-1.));
#6265 = ( GEOMETRIC_REPRESENTATION_CONTEXT(2) 
PARAMETRIC_REPRESENTATION_CONTEXT() REPRESENTATION_CONTEXT('2D SPACE',''
  ) );
#6266 = ORIENTED_EDGE('',*,*,#4326,.T.);
#6267 = ORIENTED_EDGE('',*,*,#6246,.F.);
#6268 = ORIENTED_EDGE('',*,*,#4721,.F.);
#6269 = ORIENTED_EDGE('',*,*,#6270,.F.);
#6270 = EDGE_CURVE('',#6271,#4722,#6273,.T.);
#6271 = VERTEX_POINT('',#6272);
#6272 = CARTESIAN_POINT('',(10.5,-84.,2.98511429617));
#6273 = SURFACE_CURVE('',#6274,(#6305,#6339),.PCURVE_S1.);
#6274 = B_SPLINE_CURVE_WITH_KNOTS('',8,(#6275,#6276,#6277,#6278,#6279,
    #6280,#6281,#6282,#6283,#6284,#6285,#6286,#6287,#6288,#6289,#6290,
    #6291,#6292,#6293,#6294,#6295,#6296,#6297,#6298,#6299,#6300,#6301,
    #6302,#6303,#6304),.UNSPECIFIED.,.F.,.F.,(9,7,7,7,9),(0.,
    0.190586134903,0.320768088224,0.854098076214,1.),.UNSPECIFIED.);
#6275 = CARTESIAN_POINT('',(10.5,-84.,2.98511429617));
#6276 = CARTESIAN_POINT('',(10.5,-84.07694813272,2.98511429617));
#6277 = CARTESIAN_POINT('',(10.501691723719,-84.15391502367,
    2.982753309991));
#6278 = CARTESIAN_POINT('',(10.505076596698,-84.23049408418,
    2.978029252699));
#6279 = CARTESIAN_POINT('',(10.510110017442,-84.30634697695,
    2.971007478039));
#6280 = CARTESIAN_POINT('',(10.516714492724,-84.38119461583,
    2.961801935498));
#6281 = CARTESIAN_POINT('',(10.52479060442,-84.45480962394,
    2.950559109612));
#6282 = CARTESIAN_POINT('',(10.534225807851,-84.52701025007,
    2.937444741501));
#6283 = CARTESIAN_POINT('',(10.552192911044,-84.64591092412,
    2.912516237091));
#6284 = CARTESIAN_POINT('',(10.560066030916,-84.69345795815,
    2.901603606313));
#6285 = CARTESIAN_POINT('',(10.568485637201,-84.74026823606,
    2.889946746622));
#6286 = CARTESIAN_POINT('',(10.577417373775,-84.78632337001,
    2.877596340737));
#6287 = CARTESIAN_POINT('',(10.586827997243,-84.831614101,2.864601453092
    ));
#6288 = CARTESIAN_POINT('',(10.596686061731,-84.8761392059,
    2.851008535151));
#6289 = CARTESIAN_POINT('',(10.606962603666,-84.91990440454,
    2.836860430719));
#6290 = CARTESIAN_POINT('',(10.661341545001,-85.1391529334,2.76211554337
    ));
#6291 = CARTESIAN_POINT('',(10.711486761073,-85.3022046229,
    2.693572864515));
#6292 = CARTESIAN_POINT('',(10.766455550442,-85.45404327987,
    2.618971730887));
#6293 = CARTESIAN_POINT('',(10.825175224447,-85.59579747497,
    2.53992665432));
#6294 = CARTESIAN_POINT('',(10.886815503747,-85.72858987775,
    2.457662335712));
#6295 = CARTESIAN_POINT('',(10.950852054851,-85.85341277325,
    2.372949788453));
#6296 = CARTESIAN_POINT('',(11.017013665707,-85.97129604293,
    2.286203832579));
#6297 = CARTESIAN_POINT('',(11.104008542262,-86.11388963703,
    2.173181129613));
#6298 = CARTESIAN_POINT('',(11.122840400925,-86.14405090779,
    2.148774106984));
#6299 = CARTESIAN_POINT('',(11.141812302713,-86.17375766955,
    2.124245326157));
#6300 = CARTESIAN_POINT('',(11.16091966778,-86.20302309984,
    2.099601744025));
#6301 = CARTESIAN_POINT('',(11.180158279893,-86.23185961874,
    2.074849770616));
#6302 = CARTESIAN_POINT('',(11.199524286428,-86.26027888888,
    2.049995269091));
#6303 = CARTESIAN_POINT('',(11.219014198374,-86.28829181543,
    2.025043555743));
#6304 = CARTESIAN_POINT('',(11.238624890331,-86.31590854612,1.9999994));
#6305 = PCURVE('',#4343,#6306);
#6306 = DEFINITIONAL_REPRESENTATION('',(#6307),#6338);
#6307 = B_SPLINE_CURVE_WITH_KNOTS('',8,(#6308,#6309,#6310,#6311,#6312,
    #6313,#6314,#6315,#6316,#6317,#6318,#6319,#6320,#6321,#6322,#6323,
    #6324,#6325,#6326,#6327,#6328,#6329,#6330,#6331,#6332,#6333,#6334,
    #6335,#6336,#6337),.UNSPECIFIED.,.F.,.F.,(9,7,7,7,9),(0.,
    0.190586134903,0.320768088224,0.854098076214,1.),.UNSPECIFIED.);
#6308 = CARTESIAN_POINT('',(-3.14159265359,-0.98511429617));
#6309 = CARTESIAN_POINT('',(-3.160829686771,-0.98511429617));
#6310 = CARTESIAN_POINT('',(-3.180071405306,-0.982753309991));
#6311 = CARTESIAN_POINT('',(-3.199227028839,-0.978029252699));
#6312 = CARTESIAN_POINT('',(-3.218222812634,-0.971007478039));
#6313 = CARTESIAN_POINT('',(-3.236998800729,-0.961801935498));
#6314 = CARTESIAN_POINT('',(-3.255506332777,-0.950559109612));
#6315 = CARTESIAN_POINT('',(-3.273706304576,-0.937444741501));
#6316 = CARTESIAN_POINT('',(-3.303768934083,-0.912516237091));
#6317 = CARTESIAN_POINT('',(-3.315816344843,-0.901603606313));
#6318 = CARTESIAN_POINT('',(-3.327704824599,-0.889946746622));
#6319 = CARTESIAN_POINT('',(-3.339431007537,-0.877596340737));
#6320 = CARTESIAN_POINT('',(-3.350993530185,-0.864601453092));
#6321 = CARTESIAN_POINT('',(-3.362392809614,-0.851008535151));
#6322 = CARTESIAN_POINT('',(-3.373630821645,-0.836860430719));
#6323 = CARTESIAN_POINT('',(-3.430103705994,-0.76211554337));
#6324 = CARTESIAN_POINT('',(-3.472685773504,-0.693572864515));
#6325 = CARTESIAN_POINT('',(-3.512979604695,-0.618971730887));
#6326 = CARTESIAN_POINT('',(-3.551264079065,-0.53992665432));
#6327 = CARTESIAN_POINT('',(-3.587805502022,-0.457662335712));
#6328 = CARTESIAN_POINT('',(-3.622836130824,-0.372949788453));
#6329 = CARTESIAN_POINT('',(-3.656609008205,-0.286203832579));
#6330 = CARTESIAN_POINT('',(-3.698368020427,-0.173181129613));
#6331 = CARTESIAN_POINT('',(-3.707256947994,-0.148774106984));
#6332 = CARTESIAN_POINT('',(-3.716068199627,-0.124245326157));
#6333 = CARTESIAN_POINT('',(-3.724805008738,-9.960174402486E-02));
#6334 = CARTESIAN_POINT('',(-3.733470430981,-7.484977061604E-02));
#6335 = CARTESIAN_POINT('',(-3.742067344249,-4.999526909068E-02));
#6336 = CARTESIAN_POINT('',(-3.750598448672,-2.504355574283E-02));
#6337 = CARTESIAN_POINT('',(-3.759066266621,6.000000000173E-07));
#6338 = ( GEOMETRIC_REPRESENTATION_CONTEXT(2) 
PARAMETRIC_REPRESENTATION_CONTEXT() REPRESENTATION_CONTEXT('2D SPACE',''
  ) );
#6339 = PCURVE('',#4768,#6340);
#6340 = DEFINITIONAL_REPRESENTATION('',(#6341),#6372);
#6341 = B_SPLINE_CURVE_WITH_KNOTS('',8,(#6342,#6343,#6344,#6345,#6346,
    #6347,#6348,#6349,#6350,#6351,#6352,#6353,#6354,#6355,#6356,#6357,
    #6358,#6359,#6360,#6361,#6362,#6363,#6364,#6365,#6366,#6367,#6368,
    #6369,#6370,#6371),.UNSPECIFIED.,.F.,.F.,(9,7,7,7,9),(0.,
    0.190586134903,0.320768088224,0.854098076214,1.),.UNSPECIFIED.);
#6342 = CARTESIAN_POINT('',(-6.28318530718,8.428594202815));
#6343 = CARTESIAN_POINT('',(-6.275856913587,8.428594202815));
#6344 = CARTESIAN_POINT('',(-6.268526731627,8.430955188994));
#6345 = CARTESIAN_POINT('',(-6.261239414421,8.435679246285));
#6346 = CARTESIAN_POINT('',(-6.254033107736,8.442701020946));
#6347 = CARTESIAN_POINT('',(-6.246939667756,8.451906563487));
#6348 = CARTESIAN_POINT('',(-6.239984997178,8.463149389373));
#6349 = CARTESIAN_POINT('',(-6.233189499631,8.476263757484));
#6350 = CARTESIAN_POINT('',(-6.222046210007,8.501192261894));
#6351 = CARTESIAN_POINT('',(-6.217603618453,8.512104892672));
#6352 = CARTESIAN_POINT('',(-6.213244304912,8.523761752362));
#6353 = CARTESIAN_POINT('',(-6.208970517475,8.536112158248));
#6354 = CARTESIAN_POINT('',(-6.204783461361,8.549107045893));
#6355 = CARTESIAN_POINT('',(-6.200683435102,8.562699963834));
#6356 = CARTESIAN_POINT('',(-6.196669966728,8.576848068266));
#6357 = CARTESIAN_POINT('',(-6.17664963387,8.651592955615));
#6358 = CARTESIAN_POINT('',(-6.162048150395,8.72013563447));
#6359 = CARTESIAN_POINT('',(-6.148751012583,8.794736768097));
#6360 = CARTESIAN_POINT('',(-6.136630140212,8.873781844666));
#6361 = CARTESIAN_POINT('',(-6.12555301518,8.956046163272));
#6362 = CARTESIAN_POINT('',(-6.115401248979,9.040758710532));
#6363 = CARTESIAN_POINT('',(-6.106059516244,9.127504666406));
#6364 = CARTESIAN_POINT('',(-6.095059553138,9.240527369372));
#6365 = CARTESIAN_POINT('',(-6.092751407056,9.264934392001));
#6366 = CARTESIAN_POINT('',(-6.090496279959,9.289463172828));
#6367 = CARTESIAN_POINT('',(-6.088292579477,9.31410675496));
#6368 = CARTESIAN_POINT('',(-6.08613879499,9.338858728369));
#6369 = CARTESIAN_POINT('',(-6.084033497633,9.363713229894));
#6370 = CARTESIAN_POINT('',(-6.081975340288,9.388664943242));
#6371 = CARTESIAN_POINT('',(-6.079963057591,9.413709098985));
#6372 = ( GEOMETRIC_REPRESENTATION_CONTEXT(2) 
PARAMETRIC_REPRESENTATION_CONTEXT() REPRESENTATION_CONTEXT('2D SPACE',''
  ) );
#6373 = ORIENTED_EDGE('',*,*,#6374,.F.);
#6374 = EDGE_CURVE('',#4805,#6271,#6375,.T.);
#6375 = SURFACE_CURVE('',#6376,(#6400,#6427),.PCURVE_S1.);
#6376 = B_SPLINE_CURVE_WITH_KNOTS('',8,(#6377,#6378,#6379,#6380,#6381,
    #6382,#6383,#6384,#6385,#6386,#6387,#6388,#6389,#6390,#6391,#6392,
    #6393,#6394,#6395,#6396,#6397,#6398,#6399),.UNSPECIFIED.,.F.,.F.,(9,
    7,7,9),(0.,0.601592783001,0.780214609776,1.),.UNSPECIFIED.);
#6377 = CARTESIAN_POINT('',(11.238624420504,-81.6840921155,2.));
#6378 = CARTESIAN_POINT('',(11.15775297621,-81.7979792676,2.103278209424
    ));
#6379 = CARTESIAN_POINT('',(11.079165704101,-81.91827913878,
    2.204690523767));
#6380 = CARTESIAN_POINT('',(11.002802765527,-82.04600801918,
    2.304247166687));
#6381 = CARTESIAN_POINT('',(10.928898013181,-82.18226256174,
    2.401584175176));
#6382 = CARTESIAN_POINT('',(10.857923478235,-82.32813043517,
    2.496006618258));
#6383 = CARTESIAN_POINT('',(10.790681787937,-82.48501137473,
    2.586331769899));
#6384 = CARTESIAN_POINT('',(10.728197565523,-82.65434553944,
    2.671009857875));
#6385 = CARTESIAN_POINT('',(10.655524058862,-82.89397502614,
    2.770213247326));
#6386 = CARTESIAN_POINT('',(10.639470883537,-82.95014325038,
    2.792181065151));
#6387 = CARTESIAN_POINT('',(10.624050797798,-83.00767332788,
    2.813332781746));
#6388 = CARTESIAN_POINT('',(10.609322436991,-83.066606931,2.833581460985
    ));
#6389 = CARTESIAN_POINT('',(10.595353933473,-83.12697201248,
    2.852826325961));
#6390 = CARTESIAN_POINT('',(10.582221612573,-83.18878036862,
    2.870954526154));
#6391 = CARTESIAN_POINT('',(10.570008083434,-83.25202390901,
    2.887843935844));
#6392 = CARTESIAN_POINT('',(10.545008389524,-83.39621302353,
    2.922467332282));
#6393 = CARTESIAN_POINT('',(10.532729411912,-83.47793361898,
    2.939512081695));
#6394 = CARTESIAN_POINT('',(10.522143301633,-83.56168300518,
    2.954236752759));
#6395 = CARTESIAN_POINT('',(10.513429372249,-83.64724040793,
    2.966377186803));
#6396 = CARTESIAN_POINT('',(10.506753470397,-83.73430372603,
    2.975688914768));
#6397 = CARTESIAN_POINT('',(10.502250251219,-83.82247699468,
    2.98197384877));
#6398 = CARTESIAN_POINT('',(10.5,-83.91125427934,2.98511429617));
#6399 = CARTESIAN_POINT('',(10.5,-84.,2.98511429617));
#6400 = PCURVE('',#4343,#6401);
#6401 = DEFINITIONAL_REPRESENTATION('',(#6402),#6426);
#6402 = B_SPLINE_CURVE_WITH_KNOTS('',8,(#6403,#6404,#6405,#6406,#6407,
    #6408,#6409,#6410,#6411,#6412,#6413,#6414,#6415,#6416,#6417,#6418,
    #6419,#6420,#6421,#6422,#6423,#6424,#6425),.UNSPECIFIED.,.F.,.F.,(9,
    7,7,9),(0.,0.601592783001,0.780214609776,1.),.UNSPECIFIED.);
#6403 = CARTESIAN_POINT('',(-2.524119243428,5.440092820663E-14));
#6404 = CARTESIAN_POINT('',(-2.559039217938,-0.103278209424));
#6405 = CARTESIAN_POINT('',(-2.594935809916,-0.204690523767));
#6406 = CARTESIAN_POINT('',(-2.632089002245,-0.304247166687));
#6407 = CARTESIAN_POINT('',(-2.67077121713,-0.401584175176));
#6408 = CARTESIAN_POINT('',(-2.711237693651,-0.496006618258));
#6409 = CARTESIAN_POINT('',(-2.753819586485,-0.586331769899));
#6410 = CARTESIAN_POINT('',(-2.798864697485,-0.671009857875));
#6411 = CARTESIAN_POINT('',(-2.861466479341,-0.770213247326));
#6412 = CARTESIAN_POINT('',(-2.876068900586,-0.792181065151));
#6413 = CARTESIAN_POINT('',(-2.890955689712,-0.813332781746));
#6414 = CARTESIAN_POINT('',(-2.906137746153,-0.833581460985));
#6415 = CARTESIAN_POINT('',(-2.921622873366,-0.852826325961));
#6416 = CARTESIAN_POINT('',(-2.937415403695,-0.870954526154));
#6417 = CARTESIAN_POINT('',(-2.953515485551,-0.887843935844));
#6418 = CARTESIAN_POINT('',(-2.990100562292,-0.922467332282));
#6419 = CARTESIAN_POINT('',(-3.010754787011,-0.939512081695));
#6420 = CARTESIAN_POINT('',(-3.031849034722,-0.954236752759));
#6421 = CARTESIAN_POINT('',(-3.05333613735,-0.966377186803));
#6422 = CARTESIAN_POINT('',(-3.075151923694,-0.975688914768));
#6423 = CARTESIAN_POINT('',(-3.09721191499,-0.98197384877));
#6424 = CARTESIAN_POINT('',(-3.119406223426,-0.98511429617));
#6425 = CARTESIAN_POINT('',(-3.14159265359,-0.98511429617));
#6426 = ( GEOMETRIC_REPRESENTATION_CONTEXT(2) 
PARAMETRIC_REPRESENTATION_CONTEXT() REPRESENTATION_CONTEXT('2D SPACE',''
  ) );
#6427 = PCURVE('',#4768,#6428);
#6428 = DEFINITIONAL_REPRESENTATION('',(#6429),#6453);
#6429 = B_SPLINE_CURVE_WITH_KNOTS('',8,(#6430,#6431,#6432,#6433,#6434,
    #6435,#6436,#6437,#6438,#6439,#6440,#6441,#6442,#6443,#6444,#6445,
    #6446,#6447,#6448,#6449,#6450,#6451,#6452),.UNSPECIFIED.,.F.,.F.,(9,
    7,7,9),(0.,0.601592783001,0.780214609776,1.),.UNSPECIFIED.);
#6430 = CARTESIAN_POINT('',(-0.203222201379,9.413708498985));
#6431 = CARTESIAN_POINT('',(-0.194923855397,9.31043028956));
#6432 = CARTESIAN_POINT('',(-0.185869056604,9.209017975217));
#6433 = CARTESIAN_POINT('',(-0.175949637483,9.109461332298));
#6434 = CARTESIAN_POINT('',(-0.165039913452,9.012124323808));
#6435 = CARTESIAN_POINT('',(-0.153006610304,8.917701880728));
#6436 = CARTESIAN_POINT('',(-0.139682474448,8.827376729085));
#6437 = CARTESIAN_POINT('',(-0.124897204294,8.74269864111));
#6438 = CARTESIAN_POINT('',(-0.103438151683,8.643495251658));
#6439 = CARTESIAN_POINT('',(-9.837484061351E-02,8.621527433833));
#6440 = CARTESIAN_POINT('',(-9.315543768985E-02,8.600375717239));
#6441 = CARTESIAN_POINT('',(-8.777560093059E-02,8.580127038));
#6442 = CARTESIAN_POINT('',(-8.22324969707E-02,8.560882173023));
#6443 = CARTESIAN_POINT('',(-7.652517275974E-02,8.54275397283));
#6444 = CARTESIAN_POINT('',(-7.065505073278E-02,8.52586456314));
#6445 = CARTESIAN_POINT('',(-5.720877007749E-02,8.491241166703));
#6446 = CARTESIAN_POINT('',(-4.954613062648E-02,8.47419641729));
#6447 = CARTESIAN_POINT('',(-4.165489535682E-02,8.459471746226));
#6448 = CARTESIAN_POINT('',(-3.355977865053E-02,8.447331312182));
#6449 = CARTESIAN_POINT('',(-2.529531232295E-02,8.438019584216));
#6450 = CARTESIAN_POINT('',(-1.690695954715E-02,8.431734650215));
#6451 = CARTESIAN_POINT('',(-8.451973395735E-03,8.428594202815));
#6452 = CARTESIAN_POINT('',(0.,8.428594202815));
#6453 = ( GEOMETRIC_REPRESENTATION_CONTEXT(2) 
PARAMETRIC_REPRESENTATION_CONTEXT() REPRESENTATION_CONTEXT('2D SPACE',''
  ) );
#6454 = ADVANCED_FACE('',(#6455),#4403,.T.);
#6455 = FACE_BOUND('',#6456,.T.);
#6456 = EDGE_LOOP('',(#6457,#6479,#6480,#6481,#6503));
#6457 = ORIENTED_EDGE('',*,*,#6458,.F.);
#6458 = EDGE_CURVE('',#4388,#6459,#6461,.T.);
#6459 = VERTEX_POINT('',#6460);
#6460 = CARTESIAN_POINT('',(16.75,67.75,24.));
#6461 = SURFACE_CURVE('',#6462,(#6465,#6472),.PCURVE_S1.);
#6462 = B_SPLINE_CURVE_WITH_KNOTS('',1,(#6463,#6464),.UNSPECIFIED.,.F.,
  .F.,(2,2),(0.,1.),.PIECEWISE_BEZIER_KNOTS.);
#6463 = CARTESIAN_POINT('',(37.6,65.4,2.));
#6464 = CARTESIAN_POINT('',(16.75,67.75,24.));
#6465 = PCURVE('',#4403,#6466);
#6466 = DEFINITIONAL_REPRESENTATION('',(#6467),#6471);
#6467 = LINE('',#6468,#6469);
#6468 = CARTESIAN_POINT('',(0.,0.));
#6469 = VECTOR('',#6470,1.);
#6470 = DIRECTION('',(0.,1.));
#6471 = ( GEOMETRIC_REPRESENTATION_CONTEXT(2) 
PARAMETRIC_REPRESENTATION_CONTEXT() REPRESENTATION_CONTEXT('2D SPACE',''
  ) );
#6472 = PCURVE('',#4430,#6473);
#6473 = DEFINITIONAL_REPRESENTATION('',(#6474),#6478);
#6474 = LINE('',#6475,#6476);
#6475 = CARTESIAN_POINT('',(75.2,0.));
#6476 = VECTOR('',#6477,1.);
#6477 = DIRECTION('',(0.,1.));
#6478 = ( GEOMETRIC_REPRESENTATION_CONTEXT(2) 
PARAMETRIC_REPRESENTATION_CONTEXT() REPRESENTATION_CONTEXT('2D SPACE',''
  ) );
#6479 = ORIENTED_EDGE('',*,*,#4387,.T.);
#6480 = ORIENTED_EDGE('',*,*,#5956,.T.);
#6481 = ORIENTED_EDGE('',*,*,#6482,.T.);
#6482 = EDGE_CURVE('',#5928,#6483,#6485,.T.);
#6483 = VERTEX_POINT('',#6484);
#6484 = CARTESIAN_POINT('',(16.75,101.25,24.));
#6485 = SURFACE_CURVE('',#6486,(#6489,#6496),.PCURVE_S1.);
#6486 = B_SPLINE_CURVE_WITH_KNOTS('',1,(#6487,#6488),.UNSPECIFIED.,.F.,
  .F.,(2,2),(0.,1.),.PIECEWISE_BEZIER_KNOTS.);
#6487 = CARTESIAN_POINT('',(37.6,97.6,2.));
#6488 = CARTESIAN_POINT('',(16.75,101.25,24.));
#6489 = PCURVE('',#4403,#6490);
#6490 = DEFINITIONAL_REPRESENTATION('',(#6491),#6495);
#6491 = LINE('',#6492,#6493);
#6492 = CARTESIAN_POINT('',(33.5,0.));
#6493 = VECTOR('',#6494,1.);
#6494 = DIRECTION('',(0.,1.));
#6495 = ( GEOMETRIC_REPRESENTATION_CONTEXT(2) 
PARAMETRIC_REPRESENTATION_CONTEXT() REPRESENTATION_CONTEXT('2D SPACE',''
  ) );
#6496 = PCURVE('',#5884,#6497);
#6497 = DEFINITIONAL_REPRESENTATION('',(#6498),#6502);
#6498 = LINE('',#6499,#6500);
#6499 = CARTESIAN_POINT('',(0.,0.));
#6500 = VECTOR('',#6501,1.);
#6501 = DIRECTION('',(0.,1.));
#6502 = ( GEOMETRIC_REPRESENTATION_CONTEXT(2) 
PARAMETRIC_REPRESENTATION_CONTEXT() REPRESENTATION_CONTEXT('2D SPACE',''
  ) );
#6503 = ORIENTED_EDGE('',*,*,#6504,.F.);
#6504 = EDGE_CURVE('',#6459,#6483,#6505,.T.);
#6505 = SURFACE_CURVE('',#6506,(#6510,#6516),.PCURVE_S1.);
#6506 = LINE('',#6507,#6508);
#6507 = CARTESIAN_POINT('',(16.75,67.75,24.));
#6508 = VECTOR('',#6509,1.);
#6509 = DIRECTION('',(0.,1.,0.));
#6510 = PCURVE('',#4403,#6511);
#6511 = DEFINITIONAL_REPRESENTATION('',(#6512),#6515);
#6512 = B_SPLINE_CURVE_WITH_KNOTS('',1,(#6513,#6514),.UNSPECIFIED.,.F.,
  .F.,(2,2),(0.,33.5),.PIECEWISE_BEZIER_KNOTS.);
#6513 = CARTESIAN_POINT('',(0.,1.));
#6514 = CARTESIAN_POINT('',(33.5,1.));
#6515 = ( GEOMETRIC_REPRESENTATION_CONTEXT(2) 
PARAMETRIC_REPRESENTATION_CONTEXT() REPRESENTATION_CONTEXT('2D SPACE',''
  ) );
#6516 = PCURVE('',#6517,#6522);
#6517 = PLANE('',#6518);
#6518 = AXIS2_PLACEMENT_3D('',#6519,#6520,#6521);
#6519 = CARTESIAN_POINT('',(16.75,67.75,24.));
#6520 = DIRECTION('',(1.,0.,0.));
#6521 = DIRECTION('',(0.,0.,1.));
#6522 = DEFINITIONAL_REPRESENTATION('',(#6523),#6527);
#6523 = LINE('',#6524,#6525);
#6524 = CARTESIAN_POINT('',(0.,0.));
#6525 = VECTOR('',#6526,1.);
#6526 = DIRECTION('',(0.,-1.));
#6527 = ( GEOMETRIC_REPRESENTATION_CONTEXT(2) 
PARAMETRIC_REPRESENTATION_CONTEXT() REPRESENTATION_CONTEXT('2D SPACE',''
  ) );
#6528 = ADVANCED_FACE('',(#6529),#4458,.T.);
#6529 = FACE_BOUND('',#6530,.T.);
#6530 = EDGE_LOOP('',(#6531,#6532,#6533,#6555,#6582));
#6531 = ORIENTED_EDGE('',*,*,#5835,.F.);
#6532 = ORIENTED_EDGE('',*,*,#4442,.T.);
#6533 = ORIENTED_EDGE('',*,*,#6534,.T.);
#6534 = EDGE_CURVE('',#4415,#6535,#6537,.T.);
#6535 = VERTEX_POINT('',#6536);
#6536 = CARTESIAN_POINT('',(-16.75,67.75,24.));
#6537 = SURFACE_CURVE('',#6538,(#6541,#6548),.PCURVE_S1.);
#6538 = B_SPLINE_CURVE_WITH_KNOTS('',1,(#6539,#6540),.UNSPECIFIED.,.F.,
  .F.,(2,2),(0.,1.),.PIECEWISE_BEZIER_KNOTS.);
#6539 = CARTESIAN_POINT('',(-37.6,65.4,2.));
#6540 = CARTESIAN_POINT('',(-16.75,67.75,24.));
#6541 = PCURVE('',#4458,#6542);
#6542 = DEFINITIONAL_REPRESENTATION('',(#6543),#6547);
#6543 = LINE('',#6544,#6545);
#6544 = CARTESIAN_POINT('',(33.5,0.));
#6545 = VECTOR('',#6546,1.);
#6546 = DIRECTION('',(0.,1.));
#6547 = ( GEOMETRIC_REPRESENTATION_CONTEXT(2) 
PARAMETRIC_REPRESENTATION_CONTEXT() REPRESENTATION_CONTEXT('2D SPACE',''
  ) );
#6548 = PCURVE('',#4430,#6549);
#6549 = DEFINITIONAL_REPRESENTATION('',(#6550),#6554);
#6550 = LINE('',#6551,#6552);
#6551 = CARTESIAN_POINT('',(0.,0.));
#6552 = VECTOR('',#6553,1.);
#6553 = DIRECTION('',(0.,1.));
#6554 = ( GEOMETRIC_REPRESENTATION_CONTEXT(2) 
PARAMETRIC_REPRESENTATION_CONTEXT() REPRESENTATION_CONTEXT('2D SPACE',''
  ) );
#6555 = ORIENTED_EDGE('',*,*,#6556,.T.);
#6556 = EDGE_CURVE('',#6535,#6557,#6559,.T.);
#6557 = VERTEX_POINT('',#6558);
#6558 = CARTESIAN_POINT('',(-16.75,101.25,24.));
#6559 = SURFACE_CURVE('',#6560,(#6564,#6570),.PCURVE_S1.);
#6560 = LINE('',#6561,#6562);
#6561 = CARTESIAN_POINT('',(-16.75,67.75,24.));
#6562 = VECTOR('',#6563,1.);
#6563 = DIRECTION('',(0.,1.,0.));
#6564 = PCURVE('',#4458,#6565);
#6565 = DEFINITIONAL_REPRESENTATION('',(#6566),#6569);
#6566 = B_SPLINE_CURVE_WITH_KNOTS('',1,(#6567,#6568),.UNSPECIFIED.,.F.,
  .F.,(2,2),(0.,33.5),.PIECEWISE_BEZIER_KNOTS.);
#6567 = CARTESIAN_POINT('',(33.5,1.));
#6568 = CARTESIAN_POINT('',(0.,1.));
#6569 = ( GEOMETRIC_REPRESENTATION_CONTEXT(2) 
PARAMETRIC_REPRESENTATION_CONTEXT() REPRESENTATION_CONTEXT('2D SPACE',''
  ) );
#6570 = PCURVE('',#6571,#6576);
#6571 = PLANE('',#6572);
#6572 = AXIS2_PLACEMENT_3D('',#6573,#6574,#6575);
#6573 = CARTESIAN_POINT('',(-16.75,67.75,24.));
#6574 = DIRECTION('',(1.,0.,0.));
#6575 = DIRECTION('',(0.,0.,1.));
#6576 = DEFINITIONAL_REPRESENTATION('',(#6577),#6581);
#6577 = LINE('',#6578,#6579);
#6578 = CARTESIAN_POINT('',(0.,0.));
#6579 = VECTOR('',#6580,1.);
#6580 = DIRECTION('',(0.,-1.));
#6581 = ( GEOMETRIC_REPRESENTATION_CONTEXT(2) 
PARAMETRIC_REPRESENTATION_CONTEXT() REPRESENTATION_CONTEXT('2D SPACE',''
  ) );
#6582 = ORIENTED_EDGE('',*,*,#6583,.F.);
#6583 = EDGE_CURVE('',#5836,#6557,#6584,.T.);
#6584 = SURFACE_CURVE('',#6585,(#6588,#6595),.PCURVE_S1.);
#6585 = B_SPLINE_CURVE_WITH_KNOTS('',1,(#6586,#6587),.UNSPECIFIED.,.F.,
  .F.,(2,2),(0.,1.),.PIECEWISE_BEZIER_KNOTS.);
#6586 = CARTESIAN_POINT('',(-37.6,97.6,2.));
#6587 = CARTESIAN_POINT('',(-16.75,101.25,24.));
#6588 = PCURVE('',#4458,#6589);
#6589 = DEFINITIONAL_REPRESENTATION('',(#6590),#6594);
#6590 = LINE('',#6591,#6592);
#6591 = CARTESIAN_POINT('',(0.,0.));
#6592 = VECTOR('',#6593,1.);
#6593 = DIRECTION('',(0.,1.));
#6594 = ( GEOMETRIC_REPRESENTATION_CONTEXT(2) 
PARAMETRIC_REPRESENTATION_CONTEXT() REPRESENTATION_CONTEXT('2D SPACE',''
  ) );
#6595 = PCURVE('',#5884,#6596);
#6596 = DEFINITIONAL_REPRESENTATION('',(#6597),#6601);
#6597 = LINE('',#6598,#6599);
#6598 = CARTESIAN_POINT('',(75.2,0.));
#6599 = VECTOR('',#6600,1.);
#6600 = DIRECTION('',(0.,1.));
#6601 = ( GEOMETRIC_REPRESENTATION_CONTEXT(2) 
PARAMETRIC_REPRESENTATION_CONTEXT() REPRESENTATION_CONTEXT('2D SPACE',''
  ) );
#6602 = ADVANCED_FACE('',(#6603),#4430,.T.);
#6603 = FACE_BOUND('',#6604,.T.);
#6604 = EDGE_LOOP('',(#6605,#6606,#6607,#6634,#6656,#6681));
#6605 = ORIENTED_EDGE('',*,*,#4414,.T.);
#6606 = ORIENTED_EDGE('',*,*,#6458,.T.);
#6607 = ORIENTED_EDGE('',*,*,#6608,.F.);
#6608 = EDGE_CURVE('',#6609,#6459,#6611,.T.);
#6609 = VERTEX_POINT('',#6610);
#6610 = CARTESIAN_POINT('',(13.15,67.75,24.));
#6611 = SURFACE_CURVE('',#6612,(#6616,#6622),.PCURVE_S1.);
#6612 = LINE('',#6613,#6614);
#6613 = CARTESIAN_POINT('',(-16.75,67.75,24.));
#6614 = VECTOR('',#6615,1.);
#6615 = DIRECTION('',(1.,0.,0.));
#6616 = PCURVE('',#4430,#6617);
#6617 = DEFINITIONAL_REPRESENTATION('',(#6618),#6621);
#6618 = B_SPLINE_CURVE_WITH_KNOTS('',1,(#6619,#6620),.UNSPECIFIED.,.F.,
  .F.,(2,2),(29.9,33.5),.PIECEWISE_BEZIER_KNOTS.);
#6619 = CARTESIAN_POINT('',(67.118805970149,1.));
#6620 = CARTESIAN_POINT('',(75.2,1.));
#6621 = ( GEOMETRIC_REPRESENTATION_CONTEXT(2) 
PARAMETRIC_REPRESENTATION_CONTEXT() REPRESENTATION_CONTEXT('2D SPACE',''
  ) );
#6622 = PCURVE('',#6623,#6628);
#6623 = PLANE('',#6624);
#6624 = AXIS2_PLACEMENT_3D('',#6625,#6626,#6627);
#6625 = CARTESIAN_POINT('',(-16.75,67.75,24.));
#6626 = DIRECTION('',(0.,1.,0.));
#6627 = DIRECTION('',(0.,0.,1.));
#6628 = DEFINITIONAL_REPRESENTATION('',(#6629),#6633);
#6629 = LINE('',#6630,#6631);
#6630 = CARTESIAN_POINT('',(0.,0.));
#6631 = VECTOR('',#6632,1.);
#6632 = DIRECTION('',(0.,1.));
#6633 = ( GEOMETRIC_REPRESENTATION_CONTEXT(2) 
PARAMETRIC_REPRESENTATION_CONTEXT() REPRESENTATION_CONTEXT('2D SPACE',''
  ) );
#6634 = ORIENTED_EDGE('',*,*,#6635,.F.);
#6635 = EDGE_CURVE('',#6636,#6609,#6638,.T.);
#6636 = VERTEX_POINT('',#6637);
#6637 = CARTESIAN_POINT('',(8.65,67.75,24.));
#6638 = SURFACE_CURVE('',#6639,(#6643,#6649),.PCURVE_S1.);
#6639 = LINE('',#6640,#6641);
#6640 = CARTESIAN_POINT('',(-16.75,67.75,24.));
#6641 = VECTOR('',#6642,1.);
#6642 = DIRECTION('',(1.,0.,0.));
#6643 = PCURVE('',#4430,#6644);
#6644 = DEFINITIONAL_REPRESENTATION('',(#6645),#6648);
#6645 = B_SPLINE_CURVE_WITH_KNOTS('',1,(#6646,#6647),.UNSPECIFIED.,.F.,
  .F.,(2,2),(0.,33.5),.PIECEWISE_BEZIER_KNOTS.);
#6646 = CARTESIAN_POINT('',(0.,1.));
#6647 = CARTESIAN_POINT('',(75.2,1.));
#6648 = ( GEOMETRIC_REPRESENTATION_CONTEXT(2) 
PARAMETRIC_REPRESENTATION_CONTEXT() REPRESENTATION_CONTEXT('2D SPACE',''
  ) );
#6649 = PCURVE('',#5547,#6650);
#6650 = DEFINITIONAL_REPRESENTATION('',(#6651),#6655);
#6651 = LINE('',#6652,#6653);
#6652 = CARTESIAN_POINT('',(0.,0.));
#6653 = VECTOR('',#6654,1.);
#6654 = DIRECTION('',(0.707106781187,0.707106781187));
#6655 = ( GEOMETRIC_REPRESENTATION_CONTEXT(2) 
PARAMETRIC_REPRESENTATION_CONTEXT() REPRESENTATION_CONTEXT('2D SPACE',''
  ) );
#6656 = ORIENTED_EDGE('',*,*,#6657,.F.);
#6657 = EDGE_CURVE('',#6535,#6636,#6658,.T.);
#6658 = SURFACE_CURVE('',#6659,(#6663,#6669),.PCURVE_S1.);
#6659 = LINE('',#6660,#6661);
#6660 = CARTESIAN_POINT('',(-16.75,67.75,24.));
#6661 = VECTOR('',#6662,1.);
#6662 = DIRECTION('',(1.,0.,0.));
#6663 = PCURVE('',#4430,#6664);
#6664 = DEFINITIONAL_REPRESENTATION('',(#6665),#6668);
#6665 = B_SPLINE_CURVE_WITH_KNOTS('',1,(#6666,#6667),.UNSPECIFIED.,.F.,
  .F.,(2,2),(0.,25.4),.PIECEWISE_BEZIER_KNOTS.);
#6666 = CARTESIAN_POINT('',(0.,1.));
#6667 = CARTESIAN_POINT('',(57.017313432836,1.));
#6668 = ( GEOMETRIC_REPRESENTATION_CONTEXT(2) 
PARAMETRIC_REPRESENTATION_CONTEXT() REPRESENTATION_CONTEXT('2D SPACE',''
  ) );
#6669 = PCURVE('',#6670,#6675);
#6670 = PLANE('',#6671);
#6671 = AXIS2_PLACEMENT_3D('',#6672,#6673,#6674);
#6672 = CARTESIAN_POINT('',(-16.75,67.75,24.));
#6673 = DIRECTION('',(0.,1.,0.));
#6674 = DIRECTION('',(0.,0.,1.));
#6675 = DEFINITIONAL_REPRESENTATION('',(#6676),#6680);
#6676 = LINE('',#6677,#6678);
#6677 = CARTESIAN_POINT('',(0.,0.));
#6678 = VECTOR('',#6679,1.);
#6679 = DIRECTION('',(0.,1.));
#6680 = ( GEOMETRIC_REPRESENTATION_CONTEXT(2) 
PARAMETRIC_REPRESENTATION_CONTEXT() REPRESENTATION_CONTEXT('2D SPACE',''
  ) );
#6681 = ORIENTED_EDGE('',*,*,#6534,.F.);
#6682 = ADVANCED_FACE('',(#6683),#4511,.F.);
#6683 = FACE_BOUND('',#6684,.F.);
#6684 = EDGE_LOOP('',(#6685,#6708,#6709,#6732));
#6685 = ORIENTED_EDGE('',*,*,#6686,.F.);
#6686 = EDGE_CURVE('',#4494,#6687,#6689,.T.);
#6687 = VERTEX_POINT('',#6688);
#6688 = CARTESIAN_POINT('',(-79.,-64.8,16.1));
#6689 = SURFACE_CURVE('',#6690,(#6694,#6701),.PCURVE_S1.);
#6690 = LINE('',#6691,#6692);
#6691 = CARTESIAN_POINT('',(-79.,-64.8,2.));
#6692 = VECTOR('',#6693,1.);
#6693 = DIRECTION('',(0.,0.,1.));
#6694 = PCURVE('',#4511,#6695);
#6695 = DEFINITIONAL_REPRESENTATION('',(#6696),#6700);
#6696 = LINE('',#6697,#6698);
#6697 = CARTESIAN_POINT('',(0.,0.));
#6698 = VECTOR('',#6699,1.);
#6699 = DIRECTION('',(1.,0.));
#6700 = ( GEOMETRIC_REPRESENTATION_CONTEXT(2) 
PARAMETRIC_REPRESENTATION_CONTEXT() REPRESENTATION_CONTEXT('2D SPACE',''
  ) );
#6701 = PCURVE('',#4593,#6702);
#6702 = DEFINITIONAL_REPRESENTATION('',(#6703),#6707);
#6703 = LINE('',#6704,#6705);
#6704 = CARTESIAN_POINT('',(0.,0.));
#6705 = VECTOR('',#6706,1.);
#6706 = DIRECTION('',(1.,0.));
#6707 = ( GEOMETRIC_REPRESENTATION_CONTEXT(2) 
PARAMETRIC_REPRESENTATION_CONTEXT() REPRESENTATION_CONTEXT('2D SPACE',''
  ) );
#6708 = ORIENTED_EDGE('',*,*,#4493,.T.);
#6709 = ORIENTED_EDGE('',*,*,#6710,.T.);
#6710 = EDGE_CURVE('',#4496,#6711,#6713,.T.);
#6711 = VERTEX_POINT('',#6712);
#6712 = CARTESIAN_POINT('',(-79.,-56.8,16.1));
#6713 = SURFACE_CURVE('',#6714,(#6718,#6725),.PCURVE_S1.);
#6714 = LINE('',#6715,#6716);
#6715 = CARTESIAN_POINT('',(-79.,-56.8,2.));
#6716 = VECTOR('',#6717,1.);
#6717 = DIRECTION('',(0.,0.,1.));
#6718 = PCURVE('',#4511,#6719);
#6719 = DEFINITIONAL_REPRESENTATION('',(#6720),#6724);
#6720 = LINE('',#6721,#6722);
#6721 = CARTESIAN_POINT('',(0.,-8.));
#6722 = VECTOR('',#6723,1.);
#6723 = DIRECTION('',(1.,0.));
#6724 = ( GEOMETRIC_REPRESENTATION_CONTEXT(2) 
PARAMETRIC_REPRESENTATION_CONTEXT() REPRESENTATION_CONTEXT('2D SPACE',''
  ) );
#6725 = PCURVE('',#4539,#6726);
#6726 = DEFINITIONAL_REPRESENTATION('',(#6727),#6731);
#6727 = LINE('',#6728,#6729);
#6728 = CARTESIAN_POINT('',(0.,0.));
#6729 = VECTOR('',#6730,1.);
#6730 = DIRECTION('',(1.,0.));
#6731 = ( GEOMETRIC_REPRESENTATION_CONTEXT(2) 
PARAMETRIC_REPRESENTATION_CONTEXT() REPRESENTATION_CONTEXT('2D SPACE',''
  ) );
#6732 = ORIENTED_EDGE('',*,*,#6733,.F.);
#6733 = EDGE_CURVE('',#6687,#6711,#6734,.T.);
#6734 = SURFACE_CURVE('',#6735,(#6739,#6746),.PCURVE_S1.);
#6735 = LINE('',#6736,#6737);
#6736 = CARTESIAN_POINT('',(-79.,-64.8,16.1));
#6737 = VECTOR('',#6738,1.);
#6738 = DIRECTION('',(0.,1.,0.));
#6739 = PCURVE('',#4511,#6740);
#6740 = DEFINITIONAL_REPRESENTATION('',(#6741),#6745);
#6741 = LINE('',#6742,#6743);
#6742 = CARTESIAN_POINT('',(14.1,0.));
#6743 = VECTOR('',#6744,1.);
#6744 = DIRECTION('',(0.,-1.));
#6745 = ( GEOMETRIC_REPRESENTATION_CONTEXT(2) 
PARAMETRIC_REPRESENTATION_CONTEXT() REPRESENTATION_CONTEXT('2D SPACE',''
  ) );
#6746 = PCURVE('',#6747,#6752);
#6747 = PLANE('',#6748);
#6748 = AXIS2_PLACEMENT_3D('',#6749,#6750,#6751);
#6749 = CARTESIAN_POINT('',(-79.,-64.8,16.1));
#6750 = DIRECTION('',(0.,0.,1.));
#6751 = DIRECTION('',(1.,0.,0.));
#6752 = DEFINITIONAL_REPRESENTATION('',(#6753),#6757);
#6753 = LINE('',#6754,#6755);
#6754 = CARTESIAN_POINT('',(0.,0.));
#6755 = VECTOR('',#6756,1.);
#6756 = DIRECTION('',(0.,1.));
#6757 = ( GEOMETRIC_REPRESENTATION_CONTEXT(2) 
PARAMETRIC_REPRESENTATION_CONTEXT() REPRESENTATION_CONTEXT('2D SPACE',''
  ) );
#6758 = ADVANCED_FACE('',(#6759),#4539,.T.);
#6759 = FACE_BOUND('',#6760,.T.);
#6760 = EDGE_LOOP('',(#6761,#6784,#6785,#6786,#6809,#6835));
#6761 = ORIENTED_EDGE('',*,*,#6762,.F.);
#6762 = EDGE_CURVE('',#4524,#6763,#6765,.T.);
#6763 = VERTEX_POINT('',#6764);
#6764 = CARTESIAN_POINT('',(-71.,-56.8,13.));
#6765 = SURFACE_CURVE('',#6766,(#6770,#6777),.PCURVE_S1.);
#6766 = LINE('',#6767,#6768);
#6767 = CARTESIAN_POINT('',(-71.,-56.8,2.));
#6768 = VECTOR('',#6769,1.);
#6769 = DIRECTION('',(0.,0.,1.));
#6770 = PCURVE('',#4539,#6771);
#6771 = DEFINITIONAL_REPRESENTATION('',(#6772),#6776);
#6772 = LINE('',#6773,#6774);
#6773 = CARTESIAN_POINT('',(0.,8.));
#6774 = VECTOR('',#6775,1.);
#6775 = DIRECTION('',(1.,0.));
#6776 = ( GEOMETRIC_REPRESENTATION_CONTEXT(2) 
PARAMETRIC_REPRESENTATION_CONTEXT() REPRESENTATION_CONTEXT('2D SPACE',''
  ) );
#6777 = PCURVE('',#4567,#6778);
#6778 = DEFINITIONAL_REPRESENTATION('',(#6779),#6783);
#6779 = LINE('',#6780,#6781);
#6780 = CARTESIAN_POINT('',(0.,-8.));
#6781 = VECTOR('',#6782,1.);
#6782 = DIRECTION('',(1.,0.));
#6783 = ( GEOMETRIC_REPRESENTATION_CONTEXT(2) 
PARAMETRIC_REPRESENTATION_CONTEXT() REPRESENTATION_CONTEXT('2D SPACE',''
  ) );
#6784 = ORIENTED_EDGE('',*,*,#4523,.F.);
#6785 = ORIENTED_EDGE('',*,*,#6710,.T.);
#6786 = ORIENTED_EDGE('',*,*,#6787,.T.);
#6787 = EDGE_CURVE('',#6711,#6788,#6790,.T.);
#6788 = VERTEX_POINT('',#6789);
#6789 = CARTESIAN_POINT('',(-77.,-56.8,16.1));
#6790 = SURFACE_CURVE('',#6791,(#6795,#6802),.PCURVE_S1.);
#6791 = LINE('',#6792,#6793);
#6792 = CARTESIAN_POINT('',(-79.,-56.8,16.1));
#6793 = VECTOR('',#6794,1.);
#6794 = DIRECTION('',(1.,0.,0.));
#6795 = PCURVE('',#4539,#6796);
#6796 = DEFINITIONAL_REPRESENTATION('',(#6797),#6801);
#6797 = LINE('',#6798,#6799);
#6798 = CARTESIAN_POINT('',(14.1,0.));
#6799 = VECTOR('',#6800,1.);
#6800 = DIRECTION('',(0.,1.));
#6801 = ( GEOMETRIC_REPRESENTATION_CONTEXT(2) 
PARAMETRIC_REPRESENTATION_CONTEXT() REPRESENTATION_CONTEXT('2D SPACE',''
  ) );
#6802 = PCURVE('',#6747,#6803);
#6803 = DEFINITIONAL_REPRESENTATION('',(#6804),#6808);
#6804 = LINE('',#6805,#6806);
#6805 = CARTESIAN_POINT('',(0.,8.));
#6806 = VECTOR('',#6807,1.);
#6807 = DIRECTION('',(1.,0.));
#6808 = ( GEOMETRIC_REPRESENTATION_CONTEXT(2) 
PARAMETRIC_REPRESENTATION_CONTEXT() REPRESENTATION_CONTEXT('2D SPACE',''
  ) );
#6809 = ORIENTED_EDGE('',*,*,#6810,.T.);
#6810 = EDGE_CURVE('',#6788,#6811,#6813,.T.);
#6811 = VERTEX_POINT('',#6812);
#6812 = CARTESIAN_POINT('',(-77.,-56.8,13.));
#6813 = SURFACE_CURVE('',#6814,(#6818,#6824),.PCURVE_S1.);
#6814 = LINE('',#6815,#6816);
#6815 = CARTESIAN_POINT('',(-77.,-56.8,7.5));
#6816 = VECTOR('',#6817,1.);
#6817 = DIRECTION('',(0.,0.,-1.));
#6818 = PCURVE('',#4539,#6819);
#6819 = DEFINITIONAL_REPRESENTATION('',(#6820),#6823);
#6820 = B_SPLINE_CURVE_WITH_KNOTS('',1,(#6821,#6822),.UNSPECIFIED.,.F.,
  .F.,(2,2),(-8.6,-5.5),.PIECEWISE_BEZIER_KNOTS.);
#6821 = CARTESIAN_POINT('',(14.1,2.));
#6822 = CARTESIAN_POINT('',(11.,2.));
#6823 = ( GEOMETRIC_REPRESENTATION_CONTEXT(2) 
PARAMETRIC_REPRESENTATION_CONTEXT() REPRESENTATION_CONTEXT('2D SPACE',''
  ) );
#6824 = PCURVE('',#6825,#6830);
#6825 = PLANE('',#6826);
#6826 = AXIS2_PLACEMENT_3D('',#6827,#6828,#6829);
#6827 = CARTESIAN_POINT('',(-77.,-62.8,13.));
#6828 = DIRECTION('',(1.,0.,0.));
#6829 = DIRECTION('',(0.,0.,1.));
#6830 = DEFINITIONAL_REPRESENTATION('',(#6831),#6834);
#6831 = B_SPLINE_CURVE_WITH_KNOTS('',1,(#6832,#6833),.UNSPECIFIED.,.F.,
  .F.,(2,2),(-8.6,-5.5),.PIECEWISE_BEZIER_KNOTS.);
#6832 = CARTESIAN_POINT('',(3.1,-6.));
#6833 = CARTESIAN_POINT('',(0.,-6.));
#6834 = ( GEOMETRIC_REPRESENTATION_CONTEXT(2) 
PARAMETRIC_REPRESENTATION_CONTEXT() REPRESENTATION_CONTEXT('2D SPACE',''
  ) );
#6835 = ORIENTED_EDGE('',*,*,#6836,.T.);
#6836 = EDGE_CURVE('',#6811,#6763,#6837,.T.);
#6837 = SURFACE_CURVE('',#6838,(#6842,#6848),.PCURVE_S1.);
#6838 = LINE('',#6839,#6840);
#6839 = CARTESIAN_POINT('',(-78.,-56.8,13.));
#6840 = VECTOR('',#6841,1.);
#6841 = DIRECTION('',(1.,0.,0.));
#6842 = PCURVE('',#4539,#6843);
#6843 = DEFINITIONAL_REPRESENTATION('',(#6844),#6847);
#6844 = B_SPLINE_CURVE_WITH_KNOTS('',1,(#6845,#6846),.UNSPECIFIED.,.F.,
  .F.,(2,2),(1.,7.),.PIECEWISE_BEZIER_KNOTS.);
#6845 = CARTESIAN_POINT('',(11.,2.));
#6846 = CARTESIAN_POINT('',(11.,8.));
#6847 = ( GEOMETRIC_REPRESENTATION_CONTEXT(2) 
PARAMETRIC_REPRESENTATION_CONTEXT() REPRESENTATION_CONTEXT('2D SPACE',''
  ) );
#6848 = PCURVE('',#6849,#6854);
#6849 = PLANE('',#6850);
#6850 = AXIS2_PLACEMENT_3D('',#6851,#6852,#6853);
#6851 = CARTESIAN_POINT('',(-77.,-62.8,13.));
#6852 = DIRECTION('',(0.,0.,1.));
#6853 = DIRECTION('',(1.,0.,0.));
#6854 = DEFINITIONAL_REPRESENTATION('',(#6855),#6858);
#6855 = B_SPLINE_CURVE_WITH_KNOTS('',1,(#6856,#6857),.UNSPECIFIED.,.F.,
  .F.,(2,2),(1.,7.),.PIECEWISE_BEZIER_KNOTS.);
#6856 = CARTESIAN_POINT('',(0.,6.));
#6857 = CARTESIAN_POINT('',(6.,6.));
#6858 = ( GEOMETRIC_REPRESENTATION_CONTEXT(2) 
PARAMETRIC_REPRESENTATION_CONTEXT() REPRESENTATION_CONTEXT('2D SPACE',''
  ) );
#6859 = ADVANCED_FACE('',(#6860),#4593,.F.);
#6860 = FACE_BOUND('',#6861,.F.);
#6861 = EDGE_LOOP('',(#6862,#6863,#6864,#6887));
#6862 = ORIENTED_EDGE('',*,*,#4579,.F.);
#6863 = ORIENTED_EDGE('',*,*,#6686,.T.);
#6864 = ORIENTED_EDGE('',*,*,#6865,.T.);
#6865 = EDGE_CURVE('',#6687,#6866,#6868,.T.);
#6866 = VERTEX_POINT('',#6867);
#6867 = CARTESIAN_POINT('',(-71.,-64.8,16.1));
#6868 = SURFACE_CURVE('',#6869,(#6873,#6880),.PCURVE_S1.);
#6869 = LINE('',#6870,#6871);
#6870 = CARTESIAN_POINT('',(-79.,-64.8,16.1));
#6871 = VECTOR('',#6872,1.);
#6872 = DIRECTION('',(1.,0.,0.));
#6873 = PCURVE('',#4593,#6874);
#6874 = DEFINITIONAL_REPRESENTATION('',(#6875),#6879);
#6875 = LINE('',#6876,#6877);
#6876 = CARTESIAN_POINT('',(14.1,0.));
#6877 = VECTOR('',#6878,1.);
#6878 = DIRECTION('',(0.,1.));
#6879 = ( GEOMETRIC_REPRESENTATION_CONTEXT(2) 
PARAMETRIC_REPRESENTATION_CONTEXT() REPRESENTATION_CONTEXT('2D SPACE',''
  ) );
#6880 = PCURVE('',#6747,#6881);
#6881 = DEFINITIONAL_REPRESENTATION('',(#6882),#6886);
#6882 = LINE('',#6883,#6884);
#6883 = CARTESIAN_POINT('',(0.,0.));
#6884 = VECTOR('',#6885,1.);
#6885 = DIRECTION('',(1.,0.));
#6886 = ( GEOMETRIC_REPRESENTATION_CONTEXT(2) 
PARAMETRIC_REPRESENTATION_CONTEXT() REPRESENTATION_CONTEXT('2D SPACE',''
  ) );
#6887 = ORIENTED_EDGE('',*,*,#6888,.F.);
#6888 = EDGE_CURVE('',#4552,#6866,#6889,.T.);
#6889 = SURFACE_CURVE('',#6890,(#6894,#6901),.PCURVE_S1.);
#6890 = LINE('',#6891,#6892);
#6891 = CARTESIAN_POINT('',(-71.,-64.8,2.));
#6892 = VECTOR('',#6893,1.);
#6893 = DIRECTION('',(0.,0.,1.));
#6894 = PCURVE('',#4593,#6895);
#6895 = DEFINITIONAL_REPRESENTATION('',(#6896),#6900);
#6896 = LINE('',#6897,#6898);
#6897 = CARTESIAN_POINT('',(0.,8.));
#6898 = VECTOR('',#6899,1.);
#6899 = DIRECTION('',(1.,0.));
#6900 = ( GEOMETRIC_REPRESENTATION_CONTEXT(2) 
PARAMETRIC_REPRESENTATION_CONTEXT() REPRESENTATION_CONTEXT('2D SPACE',''
  ) );
#6901 = PCURVE('',#4567,#6902);
#6902 = DEFINITIONAL_REPRESENTATION('',(#6903),#6907);
#6903 = LINE('',#6904,#6905);
#6904 = CARTESIAN_POINT('',(0.,0.));
#6905 = VECTOR('',#6906,1.);
#6906 = DIRECTION('',(1.,0.));
#6907 = ( GEOMETRIC_REPRESENTATION_CONTEXT(2) 
PARAMETRIC_REPRESENTATION_CONTEXT() REPRESENTATION_CONTEXT('2D SPACE',''
  ) );
#6908 = ADVANCED_FACE('',(#6909),#4567,.T.);
#6909 = FACE_BOUND('',#6910,.T.);
#6910 = EDGE_LOOP('',(#6911,#6934,#6935,#6936,#6937,#6958));
#6911 = ORIENTED_EDGE('',*,*,#6912,.F.);
#6912 = EDGE_CURVE('',#6866,#6913,#6915,.T.);
#6913 = VERTEX_POINT('',#6914);
#6914 = CARTESIAN_POINT('',(-71.,-62.8,16.1));
#6915 = SURFACE_CURVE('',#6916,(#6920,#6927),.PCURVE_S1.);
#6916 = LINE('',#6917,#6918);
#6917 = CARTESIAN_POINT('',(-71.,-64.8,16.1));
#6918 = VECTOR('',#6919,1.);
#6919 = DIRECTION('',(0.,1.,0.));
#6920 = PCURVE('',#4567,#6921);
#6921 = DEFINITIONAL_REPRESENTATION('',(#6922),#6926);
#6922 = LINE('',#6923,#6924);
#6923 = CARTESIAN_POINT('',(14.1,0.));
#6924 = VECTOR('',#6925,1.);
#6925 = DIRECTION('',(0.,-1.));
#6926 = ( GEOMETRIC_REPRESENTATION_CONTEXT(2) 
PARAMETRIC_REPRESENTATION_CONTEXT() REPRESENTATION_CONTEXT('2D SPACE',''
  ) );
#6927 = PCURVE('',#6747,#6928);
#6928 = DEFINITIONAL_REPRESENTATION('',(#6929),#6933);
#6929 = LINE('',#6930,#6931);
#6930 = CARTESIAN_POINT('',(8.,0.));
#6931 = VECTOR('',#6932,1.);
#6932 = DIRECTION('',(0.,1.));
#6933 = ( GEOMETRIC_REPRESENTATION_CONTEXT(2) 
PARAMETRIC_REPRESENTATION_CONTEXT() REPRESENTATION_CONTEXT('2D SPACE',''
  ) );
#6934 = ORIENTED_EDGE('',*,*,#6888,.F.);
#6935 = ORIENTED_EDGE('',*,*,#4551,.T.);
#6936 = ORIENTED_EDGE('',*,*,#6762,.T.);
#6937 = ORIENTED_EDGE('',*,*,#6938,.T.);
#6938 = EDGE_CURVE('',#6763,#6939,#6941,.T.);
#6939 = VERTEX_POINT('',#6940);
#6940 = CARTESIAN_POINT('',(-71.,-62.8,13.));
#6941 = SURFACE_CURVE('',#6942,(#6946,#6952),.PCURVE_S1.);
#6942 = LINE('',#6943,#6944);
#6943 = CARTESIAN_POINT('',(-71.,-63.8,13.));
#6944 = VECTOR('',#6945,1.);
#6945 = DIRECTION('',(0.,-1.,0.));
#6946 = PCURVE('',#4567,#6947);
#6947 = DEFINITIONAL_REPRESENTATION('',(#6948),#6951);
#6948 = B_SPLINE_CURVE_WITH_KNOTS('',1,(#6949,#6950),.UNSPECIFIED.,.F.,
  .F.,(2,2),(-7.,-1.),.PIECEWISE_BEZIER_KNOTS.);
#6949 = CARTESIAN_POINT('',(11.,-8.));
#6950 = CARTESIAN_POINT('',(11.,-2.));
#6951 = ( GEOMETRIC_REPRESENTATION_CONTEXT(2) 
PARAMETRIC_REPRESENTATION_CONTEXT() REPRESENTATION_CONTEXT('2D SPACE',''
  ) );
#6952 = PCURVE('',#6849,#6953);
#6953 = DEFINITIONAL_REPRESENTATION('',(#6954),#6957);
#6954 = B_SPLINE_CURVE_WITH_KNOTS('',1,(#6955,#6956),.UNSPECIFIED.,.F.,
  .F.,(2,2),(-7.,-1.),.PIECEWISE_BEZIER_KNOTS.);
#6955 = CARTESIAN_POINT('',(6.,6.));
#6956 = CARTESIAN_POINT('',(6.,0.));
#6957 = ( GEOMETRIC_REPRESENTATION_CONTEXT(2) 
PARAMETRIC_REPRESENTATION_CONTEXT() REPRESENTATION_CONTEXT('2D SPACE',''
  ) );
#6958 = ORIENTED_EDGE('',*,*,#6959,.T.);
#6959 = EDGE_CURVE('',#6939,#6913,#6960,.T.);
#6960 = SURFACE_CURVE('',#6961,(#6965,#6971),.PCURVE_S1.);
#6961 = LINE('',#6962,#6963);
#6962 = CARTESIAN_POINT('',(-71.,-62.8,7.5));
#6963 = VECTOR('',#6964,1.);
#6964 = DIRECTION('',(0.,0.,1.));
#6965 = PCURVE('',#4567,#6966);
#6966 = DEFINITIONAL_REPRESENTATION('',(#6967),#6970);
#6967 = B_SPLINE_CURVE_WITH_KNOTS('',1,(#6968,#6969),.UNSPECIFIED.,.F.,
  .F.,(2,2),(5.5,8.6),.PIECEWISE_BEZIER_KNOTS.);
#6968 = CARTESIAN_POINT('',(11.,-2.));
#6969 = CARTESIAN_POINT('',(14.1,-2.));
#6970 = ( GEOMETRIC_REPRESENTATION_CONTEXT(2) 
PARAMETRIC_REPRESENTATION_CONTEXT() REPRESENTATION_CONTEXT('2D SPACE',''
  ) );
#6971 = PCURVE('',#6972,#6977);
#6972 = PLANE('',#6973);
#6973 = AXIS2_PLACEMENT_3D('',#6974,#6975,#6976);
#6974 = CARTESIAN_POINT('',(-77.,-62.8,13.));
#6975 = DIRECTION('',(0.,1.,0.));
#6976 = DIRECTION('',(0.,0.,1.));
#6977 = DEFINITIONAL_REPRESENTATION('',(#6978),#6981);
#6978 = B_SPLINE_CURVE_WITH_KNOTS('',1,(#6979,#6980),.UNSPECIFIED.,.F.,
  .F.,(2,2),(5.5,8.6),.PIECEWISE_BEZIER_KNOTS.);
#6979 = CARTESIAN_POINT('',(0.,6.));
#6980 = CARTESIAN_POINT('',(3.1,6.));
#6981 = ( GEOMETRIC_REPRESENTATION_CONTEXT(2) 
PARAMETRIC_REPRESENTATION_CONTEXT() REPRESENTATION_CONTEXT('2D SPACE',''
  ) );
#6982 = ADVANCED_FACE('',(#6983),#4625,.F.);
#6983 = FACE_BOUND('',#6984,.F.);
#6984 = EDGE_LOOP('',(#6985,#7015,#7036,#7037,#7060,#7086));
#6985 = ORIENTED_EDGE('',*,*,#6986,.F.);
#6986 = EDGE_CURVE('',#6987,#6989,#6991,.T.);
#6987 = VERTEX_POINT('',#6988);
#6988 = CARTESIAN_POINT('',(-6.4,-64.8,16.1));
#6989 = VERTEX_POINT('',#6990);
#6990 = CARTESIAN_POINT('',(-6.4,-62.8,16.1));
#6991 = SURFACE_CURVE('',#6992,(#6996,#7003),.PCURVE_S1.);
#6992 = LINE('',#6993,#6994);
#6993 = CARTESIAN_POINT('',(-6.4,-64.8,16.1));
#6994 = VECTOR('',#6995,1.);
#6995 = DIRECTION('',(0.,1.,0.));
#6996 = PCURVE('',#4625,#6997);
#6997 = DEFINITIONAL_REPRESENTATION('',(#6998),#7002);
#6998 = LINE('',#6999,#7000);
#6999 = CARTESIAN_POINT('',(14.1,0.));
#7000 = VECTOR('',#7001,1.);
#7001 = DIRECTION('',(0.,-1.));
#7002 = ( GEOMETRIC_REPRESENTATION_CONTEXT(2) 
PARAMETRIC_REPRESENTATION_CONTEXT() REPRESENTATION_CONTEXT('2D SPACE',''
  ) );
#7003 = PCURVE('',#7004,#7009);
#7004 = PLANE('',#7005);
#7005 = AXIS2_PLACEMENT_3D('',#7006,#7007,#7008);
#7006 = CARTESIAN_POINT('',(-6.4,-64.8,16.1));
#7007 = DIRECTION('',(0.,0.,1.));
#7008 = DIRECTION('',(1.,0.,0.));
#7009 = DEFINITIONAL_REPRESENTATION('',(#7010),#7014);
#7010 = LINE('',#7011,#7012);
#7011 = CARTESIAN_POINT('',(0.,0.));
#7012 = VECTOR('',#7013,1.);
#7013 = DIRECTION('',(0.,1.));
#7014 = ( GEOMETRIC_REPRESENTATION_CONTEXT(2) 
PARAMETRIC_REPRESENTATION_CONTEXT() REPRESENTATION_CONTEXT('2D SPACE',''
  ) );
#7015 = ORIENTED_EDGE('',*,*,#7016,.F.);
#7016 = EDGE_CURVE('',#4608,#6987,#7017,.T.);
#7017 = SURFACE_CURVE('',#7018,(#7022,#7029),.PCURVE_S1.);
#7018 = LINE('',#7019,#7020);
#7019 = CARTESIAN_POINT('',(-6.4,-64.8,2.));
#7020 = VECTOR('',#7021,1.);
#7021 = DIRECTION('',(0.,0.,1.));
#7022 = PCURVE('',#4625,#7023);
#7023 = DEFINITIONAL_REPRESENTATION('',(#7024),#7028);
#7024 = LINE('',#7025,#7026);
#7025 = CARTESIAN_POINT('',(0.,0.));
#7026 = VECTOR('',#7027,1.);
#7027 = DIRECTION('',(1.,0.));
#7028 = ( GEOMETRIC_REPRESENTATION_CONTEXT(2) 
PARAMETRIC_REPRESENTATION_CONTEXT() REPRESENTATION_CONTEXT('2D SPACE',''
  ) );
#7029 = PCURVE('',#4707,#7030);
#7030 = DEFINITIONAL_REPRESENTATION('',(#7031),#7035);
#7031 = LINE('',#7032,#7033);
#7032 = CARTESIAN_POINT('',(0.,0.));
#7033 = VECTOR('',#7034,1.);
#7034 = DIRECTION('',(1.,0.));
#7035 = ( GEOMETRIC_REPRESENTATION_CONTEXT(2) 
PARAMETRIC_REPRESENTATION_CONTEXT() REPRESENTATION_CONTEXT('2D SPACE',''
  ) );
#7036 = ORIENTED_EDGE('',*,*,#4607,.T.);
#7037 = ORIENTED_EDGE('',*,*,#7038,.T.);
#7038 = EDGE_CURVE('',#4610,#7039,#7041,.T.);
#7039 = VERTEX_POINT('',#7040);
#7040 = CARTESIAN_POINT('',(-6.4,-56.8,13.));
#7041 = SURFACE_CURVE('',#7042,(#7046,#7053),.PCURVE_S1.);
#7042 = LINE('',#7043,#7044);
#7043 = CARTESIAN_POINT('',(-6.4,-56.8,2.));
#7044 = VECTOR('',#7045,1.);
#7045 = DIRECTION('',(0.,0.,1.));
#7046 = PCURVE('',#4625,#7047);
#7047 = DEFINITIONAL_REPRESENTATION('',(#7048),#7052);
#7048 = LINE('',#7049,#7050);
#7049 = CARTESIAN_POINT('',(0.,-8.));
#7050 = VECTOR('',#7051,1.);
#7051 = DIRECTION('',(1.,0.));
#7052 = ( GEOMETRIC_REPRESENTATION_CONTEXT(2) 
PARAMETRIC_REPRESENTATION_CONTEXT() REPRESENTATION_CONTEXT('2D SPACE',''
  ) );
#7053 = PCURVE('',#4653,#7054);
#7054 = DEFINITIONAL_REPRESENTATION('',(#7055),#7059);
#7055 = LINE('',#7056,#7057);
#7056 = CARTESIAN_POINT('',(0.,0.));
#7057 = VECTOR('',#7058,1.);
#7058 = DIRECTION('',(1.,0.));
#7059 = ( GEOMETRIC_REPRESENTATION_CONTEXT(2) 
PARAMETRIC_REPRESENTATION_CONTEXT() REPRESENTATION_CONTEXT('2D SPACE',''
  ) );
#7060 = ORIENTED_EDGE('',*,*,#7061,.T.);
#7061 = EDGE_CURVE('',#7039,#7062,#7064,.T.);
#7062 = VERTEX_POINT('',#7063);
#7063 = CARTESIAN_POINT('',(-6.4,-62.8,13.));
#7064 = SURFACE_CURVE('',#7065,(#7069,#7075),.PCURVE_S1.);
#7065 = LINE('',#7066,#7067);
#7066 = CARTESIAN_POINT('',(-6.4,-63.8,13.));
#7067 = VECTOR('',#7068,1.);
#7068 = DIRECTION('',(0.,-1.,0.));
#7069 = PCURVE('',#4625,#7070);
#7070 = DEFINITIONAL_REPRESENTATION('',(#7071),#7074);
#7071 = B_SPLINE_CURVE_WITH_KNOTS('',1,(#7072,#7073),.UNSPECIFIED.,.F.,
  .F.,(2,2),(-7.,-1.),.PIECEWISE_BEZIER_KNOTS.);
#7072 = CARTESIAN_POINT('',(11.,-8.));
#7073 = CARTESIAN_POINT('',(11.,-2.));
#7074 = ( GEOMETRIC_REPRESENTATION_CONTEXT(2) 
PARAMETRIC_REPRESENTATION_CONTEXT() REPRESENTATION_CONTEXT('2D SPACE',''
  ) );
#7075 = PCURVE('',#7076,#7081);
#7076 = PLANE('',#7077);
#7077 = AXIS2_PLACEMENT_3D('',#7078,#7079,#7080);
#7078 = CARTESIAN_POINT('',(-77.,-62.8,13.));
#7079 = DIRECTION('',(0.,0.,1.));
#7080 = DIRECTION('',(1.,0.,0.));
#7081 = DEFINITIONAL_REPRESENTATION('',(#7082),#7085);
#7082 = B_SPLINE_CURVE_WITH_KNOTS('',1,(#7083,#7084),.UNSPECIFIED.,.F.,
  .F.,(2,2),(-7.,-1.),.PIECEWISE_BEZIER_KNOTS.);
#7083 = CARTESIAN_POINT('',(70.6,6.));
#7084 = CARTESIAN_POINT('',(70.6,0.));
#7085 = ( GEOMETRIC_REPRESENTATION_CONTEXT(2) 
PARAMETRIC_REPRESENTATION_CONTEXT() REPRESENTATION_CONTEXT('2D SPACE',''
  ) );
#7086 = ORIENTED_EDGE('',*,*,#7087,.T.);
#7087 = EDGE_CURVE('',#7062,#6989,#7088,.T.);
#7088 = SURFACE_CURVE('',#7089,(#7093,#7099),.PCURVE_S1.);
#7089 = LINE('',#7090,#7091);
#7090 = CARTESIAN_POINT('',(-6.4,-62.8,7.5));
#7091 = VECTOR('',#7092,1.);
#7092 = DIRECTION('',(0.,0.,1.));
#7093 = PCURVE('',#4625,#7094);
#7094 = DEFINITIONAL_REPRESENTATION('',(#7095),#7098);
#7095 = B_SPLINE_CURVE_WITH_KNOTS('',1,(#7096,#7097),.UNSPECIFIED.,.F.,
  .F.,(2,2),(5.5,8.6),.PIECEWISE_BEZIER_KNOTS.);
#7096 = CARTESIAN_POINT('',(11.,-2.));
#7097 = CARTESIAN_POINT('',(14.1,-2.));
#7098 = ( GEOMETRIC_REPRESENTATION_CONTEXT(2) 
PARAMETRIC_REPRESENTATION_CONTEXT() REPRESENTATION_CONTEXT('2D SPACE',''
  ) );
#7099 = PCURVE('',#7100,#7105);
#7100 = PLANE('',#7101);
#7101 = AXIS2_PLACEMENT_3D('',#7102,#7103,#7104);
#7102 = CARTESIAN_POINT('',(-77.,-62.8,13.));
#7103 = DIRECTION('',(0.,1.,0.));
#7104 = DIRECTION('',(0.,0.,1.));
#7105 = DEFINITIONAL_REPRESENTATION('',(#7106),#7109);
#7106 = B_SPLINE_CURVE_WITH_KNOTS('',1,(#7107,#7108),.UNSPECIFIED.,.F.,
  .F.,(2,2),(5.5,8.6),.PIECEWISE_BEZIER_KNOTS.);
#7107 = CARTESIAN_POINT('',(0.,70.6));
#7108 = CARTESIAN_POINT('',(3.1,70.6));
#7109 = ( GEOMETRIC_REPRESENTATION_CONTEXT(2) 
PARAMETRIC_REPRESENTATION_CONTEXT() REPRESENTATION_CONTEXT('2D SPACE',''
  ) );
#7110 = ADVANCED_FACE('',(#7111),#4653,.T.);
#7111 = FACE_BOUND('',#7112,.T.);
#7112 = EDGE_LOOP('',(#7113,#7136,#7137,#7138,#7159,#7185));
#7113 = ORIENTED_EDGE('',*,*,#7114,.F.);
#7114 = EDGE_CURVE('',#4638,#7115,#7117,.T.);
#7115 = VERTEX_POINT('',#7116);
#7116 = CARTESIAN_POINT('',(1.6,-56.8,16.1));
#7117 = SURFACE_CURVE('',#7118,(#7122,#7129),.PCURVE_S1.);
#7118 = LINE('',#7119,#7120);
#7119 = CARTESIAN_POINT('',(1.6,-56.8,2.));
#7120 = VECTOR('',#7121,1.);
#7121 = DIRECTION('',(0.,0.,1.));
#7122 = PCURVE('',#4653,#7123);
#7123 = DEFINITIONAL_REPRESENTATION('',(#7124),#7128);
#7124 = LINE('',#7125,#7126);
#7125 = CARTESIAN_POINT('',(0.,8.));
#7126 = VECTOR('',#7127,1.);
#7127 = DIRECTION('',(1.,0.));
#7128 = ( GEOMETRIC_REPRESENTATION_CONTEXT(2) 
PARAMETRIC_REPRESENTATION_CONTEXT() REPRESENTATION_CONTEXT('2D SPACE',''
  ) );
#7129 = PCURVE('',#4681,#7130);
#7130 = DEFINITIONAL_REPRESENTATION('',(#7131),#7135);
#7131 = LINE('',#7132,#7133);
#7132 = CARTESIAN_POINT('',(0.,-8.));
#7133 = VECTOR('',#7134,1.);
#7134 = DIRECTION('',(1.,0.));
#7135 = ( GEOMETRIC_REPRESENTATION_CONTEXT(2) 
PARAMETRIC_REPRESENTATION_CONTEXT() REPRESENTATION_CONTEXT('2D SPACE',''
  ) );
#7136 = ORIENTED_EDGE('',*,*,#4637,.F.);
#7137 = ORIENTED_EDGE('',*,*,#7038,.T.);
#7138 = ORIENTED_EDGE('',*,*,#7139,.T.);
#7139 = EDGE_CURVE('',#7039,#7140,#7142,.T.);
#7140 = VERTEX_POINT('',#7141);
#7141 = CARTESIAN_POINT('',(-0.4,-56.8,13.));
#7142 = SURFACE_CURVE('',#7143,(#7147,#7153),.PCURVE_S1.);
#7143 = LINE('',#7144,#7145);
#7144 = CARTESIAN_POINT('',(-41.7,-56.8,13.));
#7145 = VECTOR('',#7146,1.);
#7146 = DIRECTION('',(1.,0.,0.));
#7147 = PCURVE('',#4653,#7148);
#7148 = DEFINITIONAL_REPRESENTATION('',(#7149),#7152);
#7149 = B_SPLINE_CURVE_WITH_KNOTS('',1,(#7150,#7151),.UNSPECIFIED.,.F.,
  .F.,(2,2),(35.3,41.3),.PIECEWISE_BEZIER_KNOTS.);
#7150 = CARTESIAN_POINT('',(11.,0.));
#7151 = CARTESIAN_POINT('',(11.,6.));
#7152 = ( GEOMETRIC_REPRESENTATION_CONTEXT(2) 
PARAMETRIC_REPRESENTATION_CONTEXT() REPRESENTATION_CONTEXT('2D SPACE',''
  ) );
#7153 = PCURVE('',#7076,#7154);
#7154 = DEFINITIONAL_REPRESENTATION('',(#7155),#7158);
#7155 = B_SPLINE_CURVE_WITH_KNOTS('',1,(#7156,#7157),.UNSPECIFIED.,.F.,
  .F.,(2,2),(35.3,41.3),.PIECEWISE_BEZIER_KNOTS.);
#7156 = CARTESIAN_POINT('',(70.6,6.));
#7157 = CARTESIAN_POINT('',(76.6,6.));
#7158 = ( GEOMETRIC_REPRESENTATION_CONTEXT(2) 
PARAMETRIC_REPRESENTATION_CONTEXT() REPRESENTATION_CONTEXT('2D SPACE',''
  ) );
#7159 = ORIENTED_EDGE('',*,*,#7160,.F.);
#7160 = EDGE_CURVE('',#7161,#7140,#7163,.T.);
#7161 = VERTEX_POINT('',#7162);
#7162 = CARTESIAN_POINT('',(-0.4,-56.8,16.1));
#7163 = SURFACE_CURVE('',#7164,(#7168,#7174),.PCURVE_S1.);
#7164 = LINE('',#7165,#7166);
#7165 = CARTESIAN_POINT('',(-0.4,-56.8,7.5));
#7166 = VECTOR('',#7167,1.);
#7167 = DIRECTION('',(0.,0.,-1.));
#7168 = PCURVE('',#4653,#7169);
#7169 = DEFINITIONAL_REPRESENTATION('',(#7170),#7173);
#7170 = B_SPLINE_CURVE_WITH_KNOTS('',1,(#7171,#7172),.UNSPECIFIED.,.F.,
  .F.,(2,2),(-8.6,-5.5),.PIECEWISE_BEZIER_KNOTS.);
#7171 = CARTESIAN_POINT('',(14.1,6.));
#7172 = CARTESIAN_POINT('',(11.,6.));
#7173 = ( GEOMETRIC_REPRESENTATION_CONTEXT(2) 
PARAMETRIC_REPRESENTATION_CONTEXT() REPRESENTATION_CONTEXT('2D SPACE',''
  ) );
#7174 = PCURVE('',#7175,#7180);
#7175 = PLANE('',#7176);
#7176 = AXIS2_PLACEMENT_3D('',#7177,#7178,#7179);
#7177 = CARTESIAN_POINT('',(-0.4,-62.8,13.));
#7178 = DIRECTION('',(1.,0.,0.));
#7179 = DIRECTION('',(0.,0.,1.));
#7180 = DEFINITIONAL_REPRESENTATION('',(#7181),#7184);
#7181 = B_SPLINE_CURVE_WITH_KNOTS('',1,(#7182,#7183),.UNSPECIFIED.,.F.,
  .F.,(2,2),(-8.6,-5.5),.PIECEWISE_BEZIER_KNOTS.);
#7182 = CARTESIAN_POINT('',(3.1,-6.));
#7183 = CARTESIAN_POINT('',(0.,-6.));
#7184 = ( GEOMETRIC_REPRESENTATION_CONTEXT(2) 
PARAMETRIC_REPRESENTATION_CONTEXT() REPRESENTATION_CONTEXT('2D SPACE',''
  ) );
#7185 = ORIENTED_EDGE('',*,*,#7186,.T.);
#7186 = EDGE_CURVE('',#7161,#7115,#7187,.T.);
#7187 = SURFACE_CURVE('',#7188,(#7192,#7199),.PCURVE_S1.);
#7188 = LINE('',#7189,#7190);
#7189 = CARTESIAN_POINT('',(-6.4,-56.8,16.1));
#7190 = VECTOR('',#7191,1.);
#7191 = DIRECTION('',(1.,0.,0.));
#7192 = PCURVE('',#4653,#7193);
#7193 = DEFINITIONAL_REPRESENTATION('',(#7194),#7198);
#7194 = LINE('',#7195,#7196);
#7195 = CARTESIAN_POINT('',(14.1,0.));
#7196 = VECTOR('',#7197,1.);
#7197 = DIRECTION('',(0.,1.));
#7198 = ( GEOMETRIC_REPRESENTATION_CONTEXT(2) 
PARAMETRIC_REPRESENTATION_CONTEXT() REPRESENTATION_CONTEXT('2D SPACE',''
  ) );
#7199 = PCURVE('',#7004,#7200);
#7200 = DEFINITIONAL_REPRESENTATION('',(#7201),#7205);
#7201 = LINE('',#7202,#7203);
#7202 = CARTESIAN_POINT('',(0.,8.));
#7203 = VECTOR('',#7204,1.);
#7204 = DIRECTION('',(1.,0.));
#7205 = ( GEOMETRIC_REPRESENTATION_CONTEXT(2) 
PARAMETRIC_REPRESENTATION_CONTEXT() REPRESENTATION_CONTEXT('2D SPACE',''
  ) );
#7206 = ADVANCED_FACE('',(#7207),#4707,.F.);
#7207 = FACE_BOUND('',#7208,.F.);
#7208 = EDGE_LOOP('',(#7209,#7210,#7211,#7234));
#7209 = ORIENTED_EDGE('',*,*,#4693,.F.);
#7210 = ORIENTED_EDGE('',*,*,#7016,.T.);
#7211 = ORIENTED_EDGE('',*,*,#7212,.T.);
#7212 = EDGE_CURVE('',#6987,#7213,#7215,.T.);
#7213 = VERTEX_POINT('',#7214);
#7214 = CARTESIAN_POINT('',(1.6,-64.8,16.1));
#7215 = SURFACE_CURVE('',#7216,(#7220,#7227),.PCURVE_S1.);
#7216 = LINE('',#7217,#7218);
#7217 = CARTESIAN_POINT('',(-6.4,-64.8,16.1));
#7218 = VECTOR('',#7219,1.);
#7219 = DIRECTION('',(1.,0.,0.));
#7220 = PCURVE('',#4707,#7221);
#7221 = DEFINITIONAL_REPRESENTATION('',(#7222),#7226);
#7222 = LINE('',#7223,#7224);
#7223 = CARTESIAN_POINT('',(14.1,0.));
#7224 = VECTOR('',#7225,1.);
#7225 = DIRECTION('',(0.,1.));
#7226 = ( GEOMETRIC_REPRESENTATION_CONTEXT(2) 
PARAMETRIC_REPRESENTATION_CONTEXT() REPRESENTATION_CONTEXT('2D SPACE',''
  ) );
#7227 = PCURVE('',#7004,#7228);
#7228 = DEFINITIONAL_REPRESENTATION('',(#7229),#7233);
#7229 = LINE('',#7230,#7231);
#7230 = CARTESIAN_POINT('',(0.,0.));
#7231 = VECTOR('',#7232,1.);
#7232 = DIRECTION('',(1.,0.));
#7233 = ( GEOMETRIC_REPRESENTATION_CONTEXT(2) 
PARAMETRIC_REPRESENTATION_CONTEXT() REPRESENTATION_CONTEXT('2D SPACE',''
  ) );
#7234 = ORIENTED_EDGE('',*,*,#7235,.F.);
#7235 = EDGE_CURVE('',#4666,#7213,#7236,.T.);
#7236 = SURFACE_CURVE('',#7237,(#7241,#7248),.PCURVE_S1.);
#7237 = LINE('',#7238,#7239);
#7238 = CARTESIAN_POINT('',(1.6,-64.8,2.));
#7239 = VECTOR('',#7240,1.);
#7240 = DIRECTION('',(0.,0.,1.));
#7241 = PCURVE('',#4707,#7242);
#7242 = DEFINITIONAL_REPRESENTATION('',(#7243),#7247);
#7243 = LINE('',#7244,#7245);
#7244 = CARTESIAN_POINT('',(0.,8.));
#7245 = VECTOR('',#7246,1.);
#7246 = DIRECTION('',(1.,0.));
#7247 = ( GEOMETRIC_REPRESENTATION_CONTEXT(2) 
PARAMETRIC_REPRESENTATION_CONTEXT() REPRESENTATION_CONTEXT('2D SPACE',''
  ) );
#7248 = PCURVE('',#4681,#7249);
#7249 = DEFINITIONAL_REPRESENTATION('',(#7250),#7254);
#7250 = LINE('',#7251,#7252);
#7251 = CARTESIAN_POINT('',(0.,0.));
#7252 = VECTOR('',#7253,1.);
#7253 = DIRECTION('',(1.,0.));
#7254 = ( GEOMETRIC_REPRESENTATION_CONTEXT(2) 
PARAMETRIC_REPRESENTATION_CONTEXT() REPRESENTATION_CONTEXT('2D SPACE',''
  ) );
#7255 = ADVANCED_FACE('',(#7256),#4681,.T.);
#7256 = FACE_BOUND('',#7257,.T.);
#7257 = EDGE_LOOP('',(#7258,#7259,#7260,#7261));
#7258 = ORIENTED_EDGE('',*,*,#7235,.F.);
#7259 = ORIENTED_EDGE('',*,*,#4665,.T.);
#7260 = ORIENTED_EDGE('',*,*,#7114,.T.);
#7261 = ORIENTED_EDGE('',*,*,#7262,.F.);
#7262 = EDGE_CURVE('',#7213,#7115,#7263,.T.);
#7263 = SURFACE_CURVE('',#7264,(#7268,#7275),.PCURVE_S1.);
#7264 = LINE('',#7265,#7266);
#7265 = CARTESIAN_POINT('',(1.6,-64.8,16.1));
#7266 = VECTOR('',#7267,1.);
#7267 = DIRECTION('',(0.,1.,0.));
#7268 = PCURVE('',#4681,#7269);
#7269 = DEFINITIONAL_REPRESENTATION('',(#7270),#7274);
#7270 = LINE('',#7271,#7272);
#7271 = CARTESIAN_POINT('',(14.1,0.));
#7272 = VECTOR('',#7273,1.);
#7273 = DIRECTION('',(0.,-1.));
#7274 = ( GEOMETRIC_REPRESENTATION_CONTEXT(2) 
PARAMETRIC_REPRESENTATION_CONTEXT() REPRESENTATION_CONTEXT('2D SPACE',''
  ) );
#7275 = PCURVE('',#7004,#7276);
#7276 = DEFINITIONAL_REPRESENTATION('',(#7277),#7281);
#7277 = LINE('',#7278,#7279);
#7278 = CARTESIAN_POINT('',(8.,0.));
#7279 = VECTOR('',#7280,1.);
#7280 = DIRECTION('',(0.,1.));
#7281 = ( GEOMETRIC_REPRESENTATION_CONTEXT(2) 
PARAMETRIC_REPRESENTATION_CONTEXT() REPRESENTATION_CONTEXT('2D SPACE',''
  ) );
#7282 = ADVANCED_FACE('',(#7283),#4768,.T.);
#7283 = FACE_BOUND('',#7284,.F.);
#7284 = EDGE_LOOP('',(#7285,#7308,#7335,#7336,#7337,#7338,#7339,#7340,
    #7341));
#7285 = ORIENTED_EDGE('',*,*,#7286,.F.);
#7286 = EDGE_CURVE('',#7287,#6271,#7289,.T.);
#7287 = VERTEX_POINT('',#7288);
#7288 = CARTESIAN_POINT('',(2.16,-84.,11.413708498985));
#7289 = SEAM_CURVE('',#7290,(#7294,#7301),.PCURVE_S1.);
#7290 = LINE('',#7291,#7292);
#7291 = CARTESIAN_POINT('',(2.16,-84.,11.413708498985));
#7292 = VECTOR('',#7293,1.);
#7293 = DIRECTION('',(0.703361078239,0.,-0.710832746586));
#7294 = PCURVE('',#4768,#7295);
#7295 = DEFINITIONAL_REPRESENTATION('',(#7296),#7300);
#7296 = LINE('',#7297,#7298);
#7297 = CARTESIAN_POINT('',(-0.,0.));
#7298 = VECTOR('',#7299,1.);
#7299 = DIRECTION('',(-0.,1.));
#7300 = ( GEOMETRIC_REPRESENTATION_CONTEXT(2) 
PARAMETRIC_REPRESENTATION_CONTEXT() REPRESENTATION_CONTEXT('2D SPACE',''
  ) );
#7301 = PCURVE('',#4768,#7302);
#7302 = DEFINITIONAL_REPRESENTATION('',(#7303),#7307);
#7303 = LINE('',#7304,#7305);
#7304 = CARTESIAN_POINT('',(-6.28318530718,0.));
#7305 = VECTOR('',#7306,1.);
#7306 = DIRECTION('',(-0.,1.));
#7307 = ( GEOMETRIC_REPRESENTATION_CONTEXT(2) 
PARAMETRIC_REPRESENTATION_CONTEXT() REPRESENTATION_CONTEXT('2D SPACE',''
  ) );
#7308 = ORIENTED_EDGE('',*,*,#7309,.T.);
#7309 = EDGE_CURVE('',#7287,#7287,#7310,.T.);
#7310 = SURFACE_CURVE('',#7311,(#7316,#7323),.PCURVE_S1.);
#7311 = CIRCLE('',#7312,2.16);
#7312 = AXIS2_PLACEMENT_3D('',#7313,#7314,#7315);
#7313 = CARTESIAN_POINT('',(0.,-84.,11.413708498985));
#7314 = DIRECTION('',(0.,0.,1.));
#7315 = DIRECTION('',(1.,0.,-0.));
#7316 = PCURVE('',#4768,#7317);
#7317 = DEFINITIONAL_REPRESENTATION('',(#7318),#7322);
#7318 = LINE('',#7319,#7320);
#7319 = CARTESIAN_POINT('',(-0.,0.));
#7320 = VECTOR('',#7321,1.);
#7321 = DIRECTION('',(-1.,0.));
#7322 = ( GEOMETRIC_REPRESENTATION_CONTEXT(2) 
PARAMETRIC_REPRESENTATION_CONTEXT() REPRESENTATION_CONTEXT('2D SPACE',''
  ) );
#7323 = PCURVE('',#7324,#7329);
#7324 = PLANE('',#7325);
#7325 = AXIS2_PLACEMENT_3D('',#7326,#7327,#7328);
#7326 = CARTESIAN_POINT('',(0.,-84.,11.413708498985));
#7327 = DIRECTION('',(0.,0.,1.));
#7328 = DIRECTION('',(1.,0.,-0.));
#7329 = DEFINITIONAL_REPRESENTATION('',(#7330),#7334);
#7330 = CIRCLE('',#7331,2.16);
#7331 = AXIS2_PLACEMENT_2D('',#7332,#7333);
#7332 = CARTESIAN_POINT('',(0.,0.));
#7333 = DIRECTION('',(1.,-0.));
#7334 = ( GEOMETRIC_REPRESENTATION_CONTEXT(2) 
PARAMETRIC_REPRESENTATION_CONTEXT() REPRESENTATION_CONTEXT('2D SPACE',''
  ) );
#7335 = ORIENTED_EDGE('',*,*,#7286,.T.);
#7336 = ORIENTED_EDGE('',*,*,#6270,.T.);
#7337 = ORIENTED_EDGE('',*,*,#4747,.T.);
#7338 = ORIENTED_EDGE('',*,*,#6108,.T.);
#7339 = ORIENTED_EDGE('',*,*,#6005,.T.);
#7340 = ORIENTED_EDGE('',*,*,#4804,.T.);
#7341 = ORIENTED_EDGE('',*,*,#6374,.T.);
#7342 = ADVANCED_FACE('',(#7343),#4873,.T.);
#7343 = FACE_BOUND('',#7344,.F.);
#7344 = EDGE_LOOP('',(#7345,#7368,#7395,#7396));
#7345 = ORIENTED_EDGE('',*,*,#7346,.T.);
#7346 = EDGE_CURVE('',#4857,#7347,#7349,.T.);
#7347 = VERTEX_POINT('',#7348);
#7348 = CARTESIAN_POINT('',(9.5,-48.5,8.));
#7349 = SEAM_CURVE('',#7350,(#7354,#7361),.PCURVE_S1.);
#7350 = LINE('',#7351,#7352);
#7351 = CARTESIAN_POINT('',(9.5,-48.5,2.));
#7352 = VECTOR('',#7353,1.);
#7353 = DIRECTION('',(0.,0.,1.));
#7354 = PCURVE('',#4873,#7355);
#7355 = DEFINITIONAL_REPRESENTATION('',(#7356),#7360);
#7356 = LINE('',#7357,#7358);
#7357 = CARTESIAN_POINT('',(-0.,0.));
#7358 = VECTOR('',#7359,1.);
#7359 = DIRECTION('',(-0.,-1.));
#7360 = ( GEOMETRIC_REPRESENTATION_CONTEXT(2) 
PARAMETRIC_REPRESENTATION_CONTEXT() REPRESENTATION_CONTEXT('2D SPACE',''
  ) );
#7361 = PCURVE('',#4873,#7362);
#7362 = DEFINITIONAL_REPRESENTATION('',(#7363),#7367);
#7363 = LINE('',#7364,#7365);
#7364 = CARTESIAN_POINT('',(-6.28318530718,0.));
#7365 = VECTOR('',#7366,1.);
#7366 = DIRECTION('',(-0.,-1.));
#7367 = ( GEOMETRIC_REPRESENTATION_CONTEXT(2) 
PARAMETRIC_REPRESENTATION_CONTEXT() REPRESENTATION_CONTEXT('2D SPACE',''
  ) );
#7368 = ORIENTED_EDGE('',*,*,#7369,.T.);
#7369 = EDGE_CURVE('',#7347,#7347,#7370,.T.);
#7370 = SURFACE_CURVE('',#7371,(#7376,#7383),.PCURVE_S1.);
#7371 = CIRCLE('',#7372,3.);
#7372 = AXIS2_PLACEMENT_3D('',#7373,#7374,#7375);
#7373 = CARTESIAN_POINT('',(6.5,-48.5,8.));
#7374 = DIRECTION('',(0.,0.,1.));
#7375 = DIRECTION('',(1.,0.,0.));
#7376 = PCURVE('',#4873,#7377);
#7377 = DEFINITIONAL_REPRESENTATION('',(#7378),#7382);
#7378 = LINE('',#7379,#7380);
#7379 = CARTESIAN_POINT('',(-0.,-6.));
#7380 = VECTOR('',#7381,1.);
#7381 = DIRECTION('',(-1.,0.));
#7382 = ( GEOMETRIC_REPRESENTATION_CONTEXT(2) 
PARAMETRIC_REPRESENTATION_CONTEXT() REPRESENTATION_CONTEXT('2D SPACE',''
  ) );
#7383 = PCURVE('',#7384,#7389);
#7384 = PLANE('',#7385);
#7385 = AXIS2_PLACEMENT_3D('',#7386,#7387,#7388);
#7386 = CARTESIAN_POINT('',(6.5,-48.5,8.));
#7387 = DIRECTION('',(0.,0.,1.));
#7388 = DIRECTION('',(1.,0.,-0.));
#7389 = DEFINITIONAL_REPRESENTATION('',(#7390),#7394);
#7390 = CIRCLE('',#7391,3.);
#7391 = AXIS2_PLACEMENT_2D('',#7392,#7393);
#7392 = CARTESIAN_POINT('',(0.,0.));
#7393 = DIRECTION('',(1.,0.));
#7394 = ( GEOMETRIC_REPRESENTATION_CONTEXT(2) 
PARAMETRIC_REPRESENTATION_CONTEXT() REPRESENTATION_CONTEXT('2D SPACE',''
  ) );
#7395 = ORIENTED_EDGE('',*,*,#7346,.F.);
#7396 = ORIENTED_EDGE('',*,*,#4856,.F.);
#7397 = ADVANCED_FACE('',(#7398),#4904,.T.);
#7398 = FACE_BOUND('',#7399,.F.);
#7399 = EDGE_LOOP('',(#7400,#7423,#7450,#7451));
#7400 = ORIENTED_EDGE('',*,*,#7401,.T.);
#7401 = EDGE_CURVE('',#4888,#7402,#7404,.T.);
#7402 = VERTEX_POINT('',#7403);
#7403 = CARTESIAN_POINT('',(58.5,-48.5,8.));
#7404 = SEAM_CURVE('',#7405,(#7409,#7416),.PCURVE_S1.);
#7405 = LINE('',#7406,#7407);
#7406 = CARTESIAN_POINT('',(58.5,-48.5,2.));
#7407 = VECTOR('',#7408,1.);
#7408 = DIRECTION('',(0.,0.,1.));
#7409 = PCURVE('',#4904,#7410);
#7410 = DEFINITIONAL_REPRESENTATION('',(#7411),#7415);
#7411 = LINE('',#7412,#7413);
#7412 = CARTESIAN_POINT('',(-0.,0.));
#7413 = VECTOR('',#7414,1.);
#7414 = DIRECTION('',(-0.,-1.));
#7415 = ( GEOMETRIC_REPRESENTATION_CONTEXT(2) 
PARAMETRIC_REPRESENTATION_CONTEXT() REPRESENTATION_CONTEXT('2D SPACE',''
  ) );
#7416 = PCURVE('',#4904,#7417);
#7417 = DEFINITIONAL_REPRESENTATION('',(#7418),#7422);
#7418 = LINE('',#7419,#7420);
#7419 = CARTESIAN_POINT('',(-6.28318530718,0.));
#7420 = VECTOR('',#7421,1.);
#7421 = DIRECTION('',(-0.,-1.));
#7422 = ( GEOMETRIC_REPRESENTATION_CONTEXT(2) 
PARAMETRIC_REPRESENTATION_CONTEXT() REPRESENTATION_CONTEXT('2D SPACE',''
  ) );
#7423 = ORIENTED_EDGE('',*,*,#7424,.T.);
#7424 = EDGE_CURVE('',#7402,#7402,#7425,.T.);
#7425 = SURFACE_CURVE('',#7426,(#7431,#7438),.PCURVE_S1.);
#7426 = CIRCLE('',#7427,3.);
#7427 = AXIS2_PLACEMENT_3D('',#7428,#7429,#7430);
#7428 = CARTESIAN_POINT('',(55.5,-48.5,8.));
#7429 = DIRECTION('',(0.,0.,1.));
#7430 = DIRECTION('',(1.,0.,0.));
#7431 = PCURVE('',#4904,#7432);
#7432 = DEFINITIONAL_REPRESENTATION('',(#7433),#7437);
#7433 = LINE('',#7434,#7435);
#7434 = CARTESIAN_POINT('',(-0.,-6.));
#7435 = VECTOR('',#7436,1.);
#7436 = DIRECTION('',(-1.,0.));
#7437 = ( GEOMETRIC_REPRESENTATION_CONTEXT(2) 
PARAMETRIC_REPRESENTATION_CONTEXT() REPRESENTATION_CONTEXT('2D SPACE',''
  ) );
#7438 = PCURVE('',#7439,#7444);
#7439 = PLANE('',#7440);
#7440 = AXIS2_PLACEMENT_3D('',#7441,#7442,#7443);
#7441 = CARTESIAN_POINT('',(55.5,-48.5,8.));
#7442 = DIRECTION('',(0.,0.,1.));
#7443 = DIRECTION('',(1.,0.,-0.));
#7444 = DEFINITIONAL_REPRESENTATION('',(#7445),#7449);
#7445 = CIRCLE('',#7446,3.);
#7446 = AXIS2_PLACEMENT_2D('',#7447,#7448);
#7447 = CARTESIAN_POINT('',(0.,0.));
#7448 = DIRECTION('',(1.,0.));
#7449 = ( GEOMETRIC_REPRESENTATION_CONTEXT(2) 
PARAMETRIC_REPRESENTATION_CONTEXT() REPRESENTATION_CONTEXT('2D SPACE',''
  ) );
#7450 = ORIENTED_EDGE('',*,*,#7401,.F.);
#7451 = ORIENTED_EDGE('',*,*,#4887,.F.);
#7452 = ADVANCED_FACE('',(#7453),#4946,.F.);
#7453 = FACE_BOUND('',#7454,.F.);
#7454 = EDGE_LOOP('',(#7455,#7478,#7479,#7502));
#7455 = ORIENTED_EDGE('',*,*,#7456,.F.);
#7456 = EDGE_CURVE('',#4929,#7457,#7459,.T.);
#7457 = VERTEX_POINT('',#7458);
#7458 = CARTESIAN_POINT('',(-79.,56.8,16.1));
#7459 = SURFACE_CURVE('',#7460,(#7464,#7471),.PCURVE_S1.);
#7460 = LINE('',#7461,#7462);
#7461 = CARTESIAN_POINT('',(-79.,56.8,2.));
#7462 = VECTOR('',#7463,1.);
#7463 = DIRECTION('',(0.,0.,1.));
#7464 = PCURVE('',#4946,#7465);
#7465 = DEFINITIONAL_REPRESENTATION('',(#7466),#7470);
#7466 = LINE('',#7467,#7468);
#7467 = CARTESIAN_POINT('',(0.,0.));
#7468 = VECTOR('',#7469,1.);
#7469 = DIRECTION('',(1.,0.));
#7470 = ( GEOMETRIC_REPRESENTATION_CONTEXT(2) 
PARAMETRIC_REPRESENTATION_CONTEXT() REPRESENTATION_CONTEXT('2D SPACE',''
  ) );
#7471 = PCURVE('',#5028,#7472);
#7472 = DEFINITIONAL_REPRESENTATION('',(#7473),#7477);
#7473 = LINE('',#7474,#7475);
#7474 = CARTESIAN_POINT('',(0.,0.));
#7475 = VECTOR('',#7476,1.);
#7476 = DIRECTION('',(1.,0.));
#7477 = ( GEOMETRIC_REPRESENTATION_CONTEXT(2) 
PARAMETRIC_REPRESENTATION_CONTEXT() REPRESENTATION_CONTEXT('2D SPACE',''
  ) );
#7478 = ORIENTED_EDGE('',*,*,#4928,.T.);
#7479 = ORIENTED_EDGE('',*,*,#7480,.T.);
#7480 = EDGE_CURVE('',#4931,#7481,#7483,.T.);
#7481 = VERTEX_POINT('',#7482);
#7482 = CARTESIAN_POINT('',(-79.,64.8,16.1));
#7483 = SURFACE_CURVE('',#7484,(#7488,#7495),.PCURVE_S1.);
#7484 = LINE('',#7485,#7486);
#7485 = CARTESIAN_POINT('',(-79.,64.8,2.));
#7486 = VECTOR('',#7487,1.);
#7487 = DIRECTION('',(0.,0.,1.));
#7488 = PCURVE('',#4946,#7489);
#7489 = DEFINITIONAL_REPRESENTATION('',(#7490),#7494);
#7490 = LINE('',#7491,#7492);
#7491 = CARTESIAN_POINT('',(0.,-8.));
#7492 = VECTOR('',#7493,1.);
#7493 = DIRECTION('',(1.,0.));
#7494 = ( GEOMETRIC_REPRESENTATION_CONTEXT(2) 
PARAMETRIC_REPRESENTATION_CONTEXT() REPRESENTATION_CONTEXT('2D SPACE',''
  ) );
#7495 = PCURVE('',#4974,#7496);
#7496 = DEFINITIONAL_REPRESENTATION('',(#7497),#7501);
#7497 = LINE('',#7498,#7499);
#7498 = CARTESIAN_POINT('',(0.,0.));
#7499 = VECTOR('',#7500,1.);
#7500 = DIRECTION('',(1.,0.));
#7501 = ( GEOMETRIC_REPRESENTATION_CONTEXT(2) 
PARAMETRIC_REPRESENTATION_CONTEXT() REPRESENTATION_CONTEXT('2D SPACE',''
  ) );
#7502 = ORIENTED_EDGE('',*,*,#7503,.F.);
#7503 = EDGE_CURVE('',#7457,#7481,#7504,.T.);
#7504 = SURFACE_CURVE('',#7505,(#7509,#7516),.PCURVE_S1.);
#7505 = LINE('',#7506,#7507);
#7506 = CARTESIAN_POINT('',(-79.,56.8,16.1));
#7507 = VECTOR('',#7508,1.);
#7508 = DIRECTION('',(0.,1.,0.));
#7509 = PCURVE('',#4946,#7510);
#7510 = DEFINITIONAL_REPRESENTATION('',(#7511),#7515);
#7511 = LINE('',#7512,#7513);
#7512 = CARTESIAN_POINT('',(14.1,0.));
#7513 = VECTOR('',#7514,1.);
#7514 = DIRECTION('',(0.,-1.));
#7515 = ( GEOMETRIC_REPRESENTATION_CONTEXT(2) 
PARAMETRIC_REPRESENTATION_CONTEXT() REPRESENTATION_CONTEXT('2D SPACE',''
  ) );
#7516 = PCURVE('',#7517,#7522);
#7517 = PLANE('',#7518);
#7518 = AXIS2_PLACEMENT_3D('',#7519,#7520,#7521);
#7519 = CARTESIAN_POINT('',(-79.,56.8,16.1));
#7520 = DIRECTION('',(0.,0.,1.));
#7521 = DIRECTION('',(1.,0.,0.));
#7522 = DEFINITIONAL_REPRESENTATION('',(#7523),#7527);
#7523 = LINE('',#7524,#7525);
#7524 = CARTESIAN_POINT('',(0.,0.));
#7525 = VECTOR('',#7526,1.);
#7526 = DIRECTION('',(0.,1.));
#7527 = ( GEOMETRIC_REPRESENTATION_CONTEXT(2) 
PARAMETRIC_REPRESENTATION_CONTEXT() REPRESENTATION_CONTEXT('2D SPACE',''
  ) );
#7528 = ADVANCED_FACE('',(#7529),#4974,.T.);
#7529 = FACE_BOUND('',#7530,.T.);
#7530 = EDGE_LOOP('',(#7531,#7532,#7533,#7556));
#7531 = ORIENTED_EDGE('',*,*,#4958,.F.);
#7532 = ORIENTED_EDGE('',*,*,#7480,.T.);
#7533 = ORIENTED_EDGE('',*,*,#7534,.T.);
#7534 = EDGE_CURVE('',#7481,#7535,#7537,.T.);
#7535 = VERTEX_POINT('',#7536);
#7536 = CARTESIAN_POINT('',(-71.,64.8,16.1));
#7537 = SURFACE_CURVE('',#7538,(#7542,#7549),.PCURVE_S1.);
#7538 = LINE('',#7539,#7540);
#7539 = CARTESIAN_POINT('',(-79.,64.8,16.1));
#7540 = VECTOR('',#7541,1.);
#7541 = DIRECTION('',(1.,0.,0.));
#7542 = PCURVE('',#4974,#7543);
#7543 = DEFINITIONAL_REPRESENTATION('',(#7544),#7548);
#7544 = LINE('',#7545,#7546);
#7545 = CARTESIAN_POINT('',(14.1,0.));
#7546 = VECTOR('',#7547,1.);
#7547 = DIRECTION('',(0.,1.));
#7548 = ( GEOMETRIC_REPRESENTATION_CONTEXT(2) 
PARAMETRIC_REPRESENTATION_CONTEXT() REPRESENTATION_CONTEXT('2D SPACE',''
  ) );
#7549 = PCURVE('',#7517,#7550);
#7550 = DEFINITIONAL_REPRESENTATION('',(#7551),#7555);
#7551 = LINE('',#7552,#7553);
#7552 = CARTESIAN_POINT('',(0.,8.));
#7553 = VECTOR('',#7554,1.);
#7554 = DIRECTION('',(1.,0.));
#7555 = ( GEOMETRIC_REPRESENTATION_CONTEXT(2) 
PARAMETRIC_REPRESENTATION_CONTEXT() REPRESENTATION_CONTEXT('2D SPACE',''
  ) );
#7556 = ORIENTED_EDGE('',*,*,#7557,.F.);
#7557 = EDGE_CURVE('',#4959,#7535,#7558,.T.);
#7558 = SURFACE_CURVE('',#7559,(#7563,#7570),.PCURVE_S1.);
#7559 = LINE('',#7560,#7561);
#7560 = CARTESIAN_POINT('',(-71.,64.8,2.));
#7561 = VECTOR('',#7562,1.);
#7562 = DIRECTION('',(0.,0.,1.));
#7563 = PCURVE('',#4974,#7564);
#7564 = DEFINITIONAL_REPRESENTATION('',(#7565),#7569);
#7565 = LINE('',#7566,#7567);
#7566 = CARTESIAN_POINT('',(0.,8.));
#7567 = VECTOR('',#7568,1.);
#7568 = DIRECTION('',(1.,0.));
#7569 = ( GEOMETRIC_REPRESENTATION_CONTEXT(2) 
PARAMETRIC_REPRESENTATION_CONTEXT() REPRESENTATION_CONTEXT('2D SPACE',''
  ) );
#7570 = PCURVE('',#5002,#7571);
#7571 = DEFINITIONAL_REPRESENTATION('',(#7572),#7576);
#7572 = LINE('',#7573,#7574);
#7573 = CARTESIAN_POINT('',(0.,-8.));
#7574 = VECTOR('',#7575,1.);
#7575 = DIRECTION('',(1.,0.));
#7576 = ( GEOMETRIC_REPRESENTATION_CONTEXT(2) 
PARAMETRIC_REPRESENTATION_CONTEXT() REPRESENTATION_CONTEXT('2D SPACE',''
  ) );
#7577 = ADVANCED_FACE('',(#7578),#5028,.F.);
#7578 = FACE_BOUND('',#7579,.F.);
#7579 = EDGE_LOOP('',(#7580,#7603,#7604,#7605,#7628,#7654));
#7580 = ORIENTED_EDGE('',*,*,#7581,.F.);
#7581 = EDGE_CURVE('',#4987,#7582,#7584,.T.);
#7582 = VERTEX_POINT('',#7583);
#7583 = CARTESIAN_POINT('',(-71.,56.8,13.));
#7584 = SURFACE_CURVE('',#7585,(#7589,#7596),.PCURVE_S1.);
#7585 = LINE('',#7586,#7587);
#7586 = CARTESIAN_POINT('',(-71.,56.8,2.));
#7587 = VECTOR('',#7588,1.);
#7588 = DIRECTION('',(0.,0.,1.));
#7589 = PCURVE('',#5028,#7590);
#7590 = DEFINITIONAL_REPRESENTATION('',(#7591),#7595);
#7591 = LINE('',#7592,#7593);
#7592 = CARTESIAN_POINT('',(0.,8.));
#7593 = VECTOR('',#7594,1.);
#7594 = DIRECTION('',(1.,0.));
#7595 = ( GEOMETRIC_REPRESENTATION_CONTEXT(2) 
PARAMETRIC_REPRESENTATION_CONTEXT() REPRESENTATION_CONTEXT('2D SPACE',''
  ) );
#7596 = PCURVE('',#5002,#7597);
#7597 = DEFINITIONAL_REPRESENTATION('',(#7598),#7602);
#7598 = LINE('',#7599,#7600);
#7599 = CARTESIAN_POINT('',(0.,0.));
#7600 = VECTOR('',#7601,1.);
#7601 = DIRECTION('',(1.,0.));
#7602 = ( GEOMETRIC_REPRESENTATION_CONTEXT(2) 
PARAMETRIC_REPRESENTATION_CONTEXT() REPRESENTATION_CONTEXT('2D SPACE',''
  ) );
#7603 = ORIENTED_EDGE('',*,*,#5014,.F.);
#7604 = ORIENTED_EDGE('',*,*,#7456,.T.);
#7605 = ORIENTED_EDGE('',*,*,#7606,.T.);
#7606 = EDGE_CURVE('',#7457,#7607,#7609,.T.);
#7607 = VERTEX_POINT('',#7608);
#7608 = CARTESIAN_POINT('',(-77.,56.8,16.1));
#7609 = SURFACE_CURVE('',#7610,(#7614,#7621),.PCURVE_S1.);
#7610 = LINE('',#7611,#7612);
#7611 = CARTESIAN_POINT('',(-79.,56.8,16.1));
#7612 = VECTOR('',#7613,1.);
#7613 = DIRECTION('',(1.,0.,0.));
#7614 = PCURVE('',#5028,#7615);
#7615 = DEFINITIONAL_REPRESENTATION('',(#7616),#7620);
#7616 = LINE('',#7617,#7618);
#7617 = CARTESIAN_POINT('',(14.1,0.));
#7618 = VECTOR('',#7619,1.);
#7619 = DIRECTION('',(0.,1.));
#7620 = ( GEOMETRIC_REPRESENTATION_CONTEXT(2) 
PARAMETRIC_REPRESENTATION_CONTEXT() REPRESENTATION_CONTEXT('2D SPACE',''
  ) );
#7621 = PCURVE('',#7517,#7622);
#7622 = DEFINITIONAL_REPRESENTATION('',(#7623),#7627);
#7623 = LINE('',#7624,#7625);
#7624 = CARTESIAN_POINT('',(0.,0.));
#7625 = VECTOR('',#7626,1.);
#7626 = DIRECTION('',(1.,0.));
#7627 = ( GEOMETRIC_REPRESENTATION_CONTEXT(2) 
PARAMETRIC_REPRESENTATION_CONTEXT() REPRESENTATION_CONTEXT('2D SPACE',''
  ) );
#7628 = ORIENTED_EDGE('',*,*,#7629,.T.);
#7629 = EDGE_CURVE('',#7607,#7630,#7632,.T.);
#7630 = VERTEX_POINT('',#7631);
#7631 = CARTESIAN_POINT('',(-77.,56.8,13.));
#7632 = SURFACE_CURVE('',#7633,(#7637,#7643),.PCURVE_S1.);
#7633 = LINE('',#7634,#7635);
#7634 = CARTESIAN_POINT('',(-77.,56.8,7.5));
#7635 = VECTOR('',#7636,1.);
#7636 = DIRECTION('',(0.,0.,-1.));
#7637 = PCURVE('',#5028,#7638);
#7638 = DEFINITIONAL_REPRESENTATION('',(#7639),#7642);
#7639 = B_SPLINE_CURVE_WITH_KNOTS('',1,(#7640,#7641),.UNSPECIFIED.,.F.,
  .F.,(2,2),(-8.6,-5.5),.PIECEWISE_BEZIER_KNOTS.);
#7640 = CARTESIAN_POINT('',(14.1,2.));
#7641 = CARTESIAN_POINT('',(11.,2.));
#7642 = ( GEOMETRIC_REPRESENTATION_CONTEXT(2) 
PARAMETRIC_REPRESENTATION_CONTEXT() REPRESENTATION_CONTEXT('2D SPACE',''
  ) );
#7643 = PCURVE('',#7644,#7649);
#7644 = PLANE('',#7645);
#7645 = AXIS2_PLACEMENT_3D('',#7646,#7647,#7648);
#7646 = CARTESIAN_POINT('',(-77.,-62.8,13.));
#7647 = DIRECTION('',(1.,0.,0.));
#7648 = DIRECTION('',(0.,0.,1.));
#7649 = DEFINITIONAL_REPRESENTATION('',(#7650),#7653);
#7650 = B_SPLINE_CURVE_WITH_KNOTS('',1,(#7651,#7652),.UNSPECIFIED.,.F.,
  .F.,(2,2),(-8.6,-5.5),.PIECEWISE_BEZIER_KNOTS.);
#7651 = CARTESIAN_POINT('',(3.1,-119.6));
#7652 = CARTESIAN_POINT('',(0.,-119.6));
#7653 = ( GEOMETRIC_REPRESENTATION_CONTEXT(2) 
PARAMETRIC_REPRESENTATION_CONTEXT() REPRESENTATION_CONTEXT('2D SPACE',''
  ) );
#7654 = ORIENTED_EDGE('',*,*,#7655,.T.);
#7655 = EDGE_CURVE('',#7630,#7582,#7656,.T.);
#7656 = SURFACE_CURVE('',#7657,(#7661,#7667),.PCURVE_S1.);
#7657 = LINE('',#7658,#7659);
#7658 = CARTESIAN_POINT('',(-78.,56.8,13.));
#7659 = VECTOR('',#7660,1.);
#7660 = DIRECTION('',(1.,0.,0.));
#7661 = PCURVE('',#5028,#7662);
#7662 = DEFINITIONAL_REPRESENTATION('',(#7663),#7666);
#7663 = B_SPLINE_CURVE_WITH_KNOTS('',1,(#7664,#7665),.UNSPECIFIED.,.F.,
  .F.,(2,2),(1.,7.),.PIECEWISE_BEZIER_KNOTS.);
#7664 = CARTESIAN_POINT('',(11.,2.));
#7665 = CARTESIAN_POINT('',(11.,8.));
#7666 = ( GEOMETRIC_REPRESENTATION_CONTEXT(2) 
PARAMETRIC_REPRESENTATION_CONTEXT() REPRESENTATION_CONTEXT('2D SPACE',''
  ) );
#7667 = PCURVE('',#7668,#7673);
#7668 = PLANE('',#7669);
#7669 = AXIS2_PLACEMENT_3D('',#7670,#7671,#7672);
#7670 = CARTESIAN_POINT('',(-77.,-62.8,13.));
#7671 = DIRECTION('',(0.,0.,1.));
#7672 = DIRECTION('',(1.,0.,0.));
#7673 = DEFINITIONAL_REPRESENTATION('',(#7674),#7677);
#7674 = B_SPLINE_CURVE_WITH_KNOTS('',1,(#7675,#7676),.UNSPECIFIED.,.F.,
  .F.,(2,2),(1.,7.),.PIECEWISE_BEZIER_KNOTS.);
#7675 = CARTESIAN_POINT('',(0.,119.6));
#7676 = CARTESIAN_POINT('',(6.,119.6));
#7677 = ( GEOMETRIC_REPRESENTATION_CONTEXT(2) 
PARAMETRIC_REPRESENTATION_CONTEXT() REPRESENTATION_CONTEXT('2D SPACE',''
  ) );
#7678 = ADVANCED_FACE('',(#7679),#5002,.T.);
#7679 = FACE_BOUND('',#7680,.T.);
#7680 = EDGE_LOOP('',(#7681,#7682,#7683,#7684,#7707,#7733));
#7681 = ORIENTED_EDGE('',*,*,#7581,.F.);
#7682 = ORIENTED_EDGE('',*,*,#4986,.T.);
#7683 = ORIENTED_EDGE('',*,*,#7557,.T.);
#7684 = ORIENTED_EDGE('',*,*,#7685,.F.);
#7685 = EDGE_CURVE('',#7686,#7535,#7688,.T.);
#7686 = VERTEX_POINT('',#7687);
#7687 = CARTESIAN_POINT('',(-71.,62.8,16.1));
#7688 = SURFACE_CURVE('',#7689,(#7693,#7700),.PCURVE_S1.);
#7689 = LINE('',#7690,#7691);
#7690 = CARTESIAN_POINT('',(-71.,56.8,16.1));
#7691 = VECTOR('',#7692,1.);
#7692 = DIRECTION('',(0.,1.,0.));
#7693 = PCURVE('',#5002,#7694);
#7694 = DEFINITIONAL_REPRESENTATION('',(#7695),#7699);
#7695 = LINE('',#7696,#7697);
#7696 = CARTESIAN_POINT('',(14.1,0.));
#7697 = VECTOR('',#7698,1.);
#7698 = DIRECTION('',(0.,-1.));
#7699 = ( GEOMETRIC_REPRESENTATION_CONTEXT(2) 
PARAMETRIC_REPRESENTATION_CONTEXT() REPRESENTATION_CONTEXT('2D SPACE',''
  ) );
#7700 = PCURVE('',#7517,#7701);
#7701 = DEFINITIONAL_REPRESENTATION('',(#7702),#7706);
#7702 = LINE('',#7703,#7704);
#7703 = CARTESIAN_POINT('',(8.,0.));
#7704 = VECTOR('',#7705,1.);
#7705 = DIRECTION('',(0.,1.));
#7706 = ( GEOMETRIC_REPRESENTATION_CONTEXT(2) 
PARAMETRIC_REPRESENTATION_CONTEXT() REPRESENTATION_CONTEXT('2D SPACE',''
  ) );
#7707 = ORIENTED_EDGE('',*,*,#7708,.F.);
#7708 = EDGE_CURVE('',#7709,#7686,#7711,.T.);
#7709 = VERTEX_POINT('',#7710);
#7710 = CARTESIAN_POINT('',(-71.,62.8,13.));
#7711 = SURFACE_CURVE('',#7712,(#7716,#7722),.PCURVE_S1.);
#7712 = LINE('',#7713,#7714);
#7713 = CARTESIAN_POINT('',(-71.,62.8,7.5));
#7714 = VECTOR('',#7715,1.);
#7715 = DIRECTION('',(0.,0.,1.));
#7716 = PCURVE('',#5002,#7717);
#7717 = DEFINITIONAL_REPRESENTATION('',(#7718),#7721);
#7718 = B_SPLINE_CURVE_WITH_KNOTS('',1,(#7719,#7720),.UNSPECIFIED.,.F.,
  .F.,(2,2),(5.5,8.6),.PIECEWISE_BEZIER_KNOTS.);
#7719 = CARTESIAN_POINT('',(11.,-6.));
#7720 = CARTESIAN_POINT('',(14.1,-6.));
#7721 = ( GEOMETRIC_REPRESENTATION_CONTEXT(2) 
PARAMETRIC_REPRESENTATION_CONTEXT() REPRESENTATION_CONTEXT('2D SPACE',''
  ) );
#7722 = PCURVE('',#7723,#7728);
#7723 = PLANE('',#7724);
#7724 = AXIS2_PLACEMENT_3D('',#7725,#7726,#7727);
#7725 = CARTESIAN_POINT('',(-77.,62.8,13.));
#7726 = DIRECTION('',(0.,1.,0.));
#7727 = DIRECTION('',(0.,0.,1.));
#7728 = DEFINITIONAL_REPRESENTATION('',(#7729),#7732);
#7729 = B_SPLINE_CURVE_WITH_KNOTS('',1,(#7730,#7731),.UNSPECIFIED.,.F.,
  .F.,(2,2),(5.5,8.6),.PIECEWISE_BEZIER_KNOTS.);
#7730 = CARTESIAN_POINT('',(0.,6.));
#7731 = CARTESIAN_POINT('',(3.1,6.));
#7732 = ( GEOMETRIC_REPRESENTATION_CONTEXT(2) 
PARAMETRIC_REPRESENTATION_CONTEXT() REPRESENTATION_CONTEXT('2D SPACE',''
  ) );
#7733 = ORIENTED_EDGE('',*,*,#7734,.T.);
#7734 = EDGE_CURVE('',#7709,#7582,#7735,.T.);
#7735 = SURFACE_CURVE('',#7736,(#7740,#7746),.PCURVE_S1.);
#7736 = LINE('',#7737,#7738);
#7737 = CARTESIAN_POINT('',(-71.,-3.,13.));
#7738 = VECTOR('',#7739,1.);
#7739 = DIRECTION('',(0.,-1.,0.));
#7740 = PCURVE('',#5002,#7741);
#7741 = DEFINITIONAL_REPRESENTATION('',(#7742),#7745);
#7742 = B_SPLINE_CURVE_WITH_KNOTS('',1,(#7743,#7744),.UNSPECIFIED.,.F.,
  .F.,(2,2),(-65.8,-59.8),.PIECEWISE_BEZIER_KNOTS.);
#7743 = CARTESIAN_POINT('',(11.,-6.));
#7744 = CARTESIAN_POINT('',(11.,0.));
#7745 = ( GEOMETRIC_REPRESENTATION_CONTEXT(2) 
PARAMETRIC_REPRESENTATION_CONTEXT() REPRESENTATION_CONTEXT('2D SPACE',''
  ) );
#7746 = PCURVE('',#7668,#7747);
#7747 = DEFINITIONAL_REPRESENTATION('',(#7748),#7751);
#7748 = B_SPLINE_CURVE_WITH_KNOTS('',1,(#7749,#7750),.UNSPECIFIED.,.F.,
  .F.,(2,2),(-65.8,-59.8),.PIECEWISE_BEZIER_KNOTS.);
#7749 = CARTESIAN_POINT('',(6.,125.6));
#7750 = CARTESIAN_POINT('',(6.,119.6));
#7751 = ( GEOMETRIC_REPRESENTATION_CONTEXT(2) 
PARAMETRIC_REPRESENTATION_CONTEXT() REPRESENTATION_CONTEXT('2D SPACE',''
  ) );
#7752 = ADVANCED_FACE('',(#7753),#5060,.F.);
#7753 = FACE_BOUND('',#7754,.F.);
#7754 = EDGE_LOOP('',(#7755,#7778,#7779,#7802,#7830,#7856));
#7755 = ORIENTED_EDGE('',*,*,#7756,.F.);
#7756 = EDGE_CURVE('',#5043,#7757,#7759,.T.);
#7757 = VERTEX_POINT('',#7758);
#7758 = CARTESIAN_POINT('',(-6.4,56.8,13.));
#7759 = SURFACE_CURVE('',#7760,(#7764,#7771),.PCURVE_S1.);
#7760 = LINE('',#7761,#7762);
#7761 = CARTESIAN_POINT('',(-6.4,56.8,2.));
#7762 = VECTOR('',#7763,1.);
#7763 = DIRECTION('',(0.,0.,1.));
#7764 = PCURVE('',#5060,#7765);
#7765 = DEFINITIONAL_REPRESENTATION('',(#7766),#7770);
#7766 = LINE('',#7767,#7768);
#7767 = CARTESIAN_POINT('',(0.,0.));
#7768 = VECTOR('',#7769,1.);
#7769 = DIRECTION('',(1.,0.));
#7770 = ( GEOMETRIC_REPRESENTATION_CONTEXT(2) 
PARAMETRIC_REPRESENTATION_CONTEXT() REPRESENTATION_CONTEXT('2D SPACE',''
  ) );
#7771 = PCURVE('',#5142,#7772);
#7772 = DEFINITIONAL_REPRESENTATION('',(#7773),#7777);
#7773 = LINE('',#7774,#7775);
#7774 = CARTESIAN_POINT('',(0.,0.));
#7775 = VECTOR('',#7776,1.);
#7776 = DIRECTION('',(1.,0.));
#7777 = ( GEOMETRIC_REPRESENTATION_CONTEXT(2) 
PARAMETRIC_REPRESENTATION_CONTEXT() REPRESENTATION_CONTEXT('2D SPACE',''
  ) );
#7778 = ORIENTED_EDGE('',*,*,#5042,.T.);
#7779 = ORIENTED_EDGE('',*,*,#7780,.T.);
#7780 = EDGE_CURVE('',#5045,#7781,#7783,.T.);
#7781 = VERTEX_POINT('',#7782);
#7782 = CARTESIAN_POINT('',(-6.4,64.8,16.1));
#7783 = SURFACE_CURVE('',#7784,(#7788,#7795),.PCURVE_S1.);
#7784 = LINE('',#7785,#7786);
#7785 = CARTESIAN_POINT('',(-6.4,64.8,2.));
#7786 = VECTOR('',#7787,1.);
#7787 = DIRECTION('',(0.,0.,1.));
#7788 = PCURVE('',#5060,#7789);
#7789 = DEFINITIONAL_REPRESENTATION('',(#7790),#7794);
#7790 = LINE('',#7791,#7792);
#7791 = CARTESIAN_POINT('',(0.,-8.));
#7792 = VECTOR('',#7793,1.);
#7793 = DIRECTION('',(1.,0.));
#7794 = ( GEOMETRIC_REPRESENTATION_CONTEXT(2) 
PARAMETRIC_REPRESENTATION_CONTEXT() REPRESENTATION_CONTEXT('2D SPACE',''
  ) );
#7795 = PCURVE('',#5088,#7796);
#7796 = DEFINITIONAL_REPRESENTATION('',(#7797),#7801);
#7797 = LINE('',#7798,#7799);
#7798 = CARTESIAN_POINT('',(0.,0.));
#7799 = VECTOR('',#7800,1.);
#7800 = DIRECTION('',(1.,0.));
#7801 = ( GEOMETRIC_REPRESENTATION_CONTEXT(2) 
PARAMETRIC_REPRESENTATION_CONTEXT() REPRESENTATION_CONTEXT('2D SPACE',''
  ) );
#7802 = ORIENTED_EDGE('',*,*,#7803,.F.);
#7803 = EDGE_CURVE('',#7804,#7781,#7806,.T.);
#7804 = VERTEX_POINT('',#7805);
#7805 = CARTESIAN_POINT('',(-6.4,62.8,16.1));
#7806 = SURFACE_CURVE('',#7807,(#7811,#7818),.PCURVE_S1.);
#7807 = LINE('',#7808,#7809);
#7808 = CARTESIAN_POINT('',(-6.4,56.8,16.1));
#7809 = VECTOR('',#7810,1.);
#7810 = DIRECTION('',(0.,1.,0.));
#7811 = PCURVE('',#5060,#7812);
#7812 = DEFINITIONAL_REPRESENTATION('',(#7813),#7817);
#7813 = LINE('',#7814,#7815);
#7814 = CARTESIAN_POINT('',(14.1,0.));
#7815 = VECTOR('',#7816,1.);
#7816 = DIRECTION('',(0.,-1.));
#7817 = ( GEOMETRIC_REPRESENTATION_CONTEXT(2) 
PARAMETRIC_REPRESENTATION_CONTEXT() REPRESENTATION_CONTEXT('2D SPACE',''
  ) );
#7818 = PCURVE('',#7819,#7824);
#7819 = PLANE('',#7820);
#7820 = AXIS2_PLACEMENT_3D('',#7821,#7822,#7823);
#7821 = CARTESIAN_POINT('',(-6.4,56.8,16.1));
#7822 = DIRECTION('',(0.,0.,1.));
#7823 = DIRECTION('',(1.,0.,0.));
#7824 = DEFINITIONAL_REPRESENTATION('',(#7825),#7829);
#7825 = LINE('',#7826,#7827);
#7826 = CARTESIAN_POINT('',(0.,0.));
#7827 = VECTOR('',#7828,1.);
#7828 = DIRECTION('',(0.,1.));
#7829 = ( GEOMETRIC_REPRESENTATION_CONTEXT(2) 
PARAMETRIC_REPRESENTATION_CONTEXT() REPRESENTATION_CONTEXT('2D SPACE',''
  ) );
#7830 = ORIENTED_EDGE('',*,*,#7831,.F.);
#7831 = EDGE_CURVE('',#7832,#7804,#7834,.T.);
#7832 = VERTEX_POINT('',#7833);
#7833 = CARTESIAN_POINT('',(-6.4,62.8,13.));
#7834 = SURFACE_CURVE('',#7835,(#7839,#7845),.PCURVE_S1.);
#7835 = LINE('',#7836,#7837);
#7836 = CARTESIAN_POINT('',(-6.4,62.8,7.5));
#7837 = VECTOR('',#7838,1.);
#7838 = DIRECTION('',(0.,0.,1.));
#7839 = PCURVE('',#5060,#7840);
#7840 = DEFINITIONAL_REPRESENTATION('',(#7841),#7844);
#7841 = B_SPLINE_CURVE_WITH_KNOTS('',1,(#7842,#7843),.UNSPECIFIED.,.F.,
  .F.,(2,2),(5.5,8.6),.PIECEWISE_BEZIER_KNOTS.);
#7842 = CARTESIAN_POINT('',(11.,-6.));
#7843 = CARTESIAN_POINT('',(14.1,-6.));
#7844 = ( GEOMETRIC_REPRESENTATION_CONTEXT(2) 
PARAMETRIC_REPRESENTATION_CONTEXT() REPRESENTATION_CONTEXT('2D SPACE',''
  ) );
#7845 = PCURVE('',#7846,#7851);
#7846 = PLANE('',#7847);
#7847 = AXIS2_PLACEMENT_3D('',#7848,#7849,#7850);
#7848 = CARTESIAN_POINT('',(-77.,62.8,13.));
#7849 = DIRECTION('',(0.,1.,0.));
#7850 = DIRECTION('',(0.,0.,1.));
#7851 = DEFINITIONAL_REPRESENTATION('',(#7852),#7855);
#7852 = B_SPLINE_CURVE_WITH_KNOTS('',1,(#7853,#7854),.UNSPECIFIED.,.F.,
  .F.,(2,2),(5.5,8.6),.PIECEWISE_BEZIER_KNOTS.);
#7853 = CARTESIAN_POINT('',(0.,70.6));
#7854 = CARTESIAN_POINT('',(3.1,70.6));
#7855 = ( GEOMETRIC_REPRESENTATION_CONTEXT(2) 
PARAMETRIC_REPRESENTATION_CONTEXT() REPRESENTATION_CONTEXT('2D SPACE',''
  ) );
#7856 = ORIENTED_EDGE('',*,*,#7857,.T.);
#7857 = EDGE_CURVE('',#7832,#7757,#7858,.T.);
#7858 = SURFACE_CURVE('',#7859,(#7863,#7869),.PCURVE_S1.);
#7859 = LINE('',#7860,#7861);
#7860 = CARTESIAN_POINT('',(-6.4,-3.,13.));
#7861 = VECTOR('',#7862,1.);
#7862 = DIRECTION('',(0.,-1.,0.));
#7863 = PCURVE('',#5060,#7864);
#7864 = DEFINITIONAL_REPRESENTATION('',(#7865),#7868);
#7865 = B_SPLINE_CURVE_WITH_KNOTS('',1,(#7866,#7867),.UNSPECIFIED.,.F.,
  .F.,(2,2),(-65.8,-59.8),.PIECEWISE_BEZIER_KNOTS.);
#7866 = CARTESIAN_POINT('',(11.,-6.));
#7867 = CARTESIAN_POINT('',(11.,0.));
#7868 = ( GEOMETRIC_REPRESENTATION_CONTEXT(2) 
PARAMETRIC_REPRESENTATION_CONTEXT() REPRESENTATION_CONTEXT('2D SPACE',''
  ) );
#7869 = PCURVE('',#7870,#7875);
#7870 = PLANE('',#7871);
#7871 = AXIS2_PLACEMENT_3D('',#7872,#7873,#7874);
#7872 = CARTESIAN_POINT('',(-77.,-62.8,13.));
#7873 = DIRECTION('',(0.,0.,1.));
#7874 = DIRECTION('',(1.,0.,0.));
#7875 = DEFINITIONAL_REPRESENTATION('',(#7876),#7879);
#7876 = B_SPLINE_CURVE_WITH_KNOTS('',1,(#7877,#7878),.UNSPECIFIED.,.F.,
  .F.,(2,2),(-65.8,-59.8),.PIECEWISE_BEZIER_KNOTS.);
#7877 = CARTESIAN_POINT('',(70.6,125.6));
#7878 = CARTESIAN_POINT('',(70.6,119.6));
#7879 = ( GEOMETRIC_REPRESENTATION_CONTEXT(2) 
PARAMETRIC_REPRESENTATION_CONTEXT() REPRESENTATION_CONTEXT('2D SPACE',''
  ) );
#7880 = ADVANCED_FACE('',(#7881),#5088,.T.);
#7881 = FACE_BOUND('',#7882,.T.);
#7882 = EDGE_LOOP('',(#7883,#7884,#7885,#7908));
#7883 = ORIENTED_EDGE('',*,*,#5072,.F.);
#7884 = ORIENTED_EDGE('',*,*,#7780,.T.);
#7885 = ORIENTED_EDGE('',*,*,#7886,.T.);
#7886 = EDGE_CURVE('',#7781,#7887,#7889,.T.);
#7887 = VERTEX_POINT('',#7888);
#7888 = CARTESIAN_POINT('',(1.6,64.8,16.1));
#7889 = SURFACE_CURVE('',#7890,(#7894,#7901),.PCURVE_S1.);
#7890 = LINE('',#7891,#7892);
#7891 = CARTESIAN_POINT('',(-6.4,64.8,16.1));
#7892 = VECTOR('',#7893,1.);
#7893 = DIRECTION('',(1.,0.,0.));
#7894 = PCURVE('',#5088,#7895);
#7895 = DEFINITIONAL_REPRESENTATION('',(#7896),#7900);
#7896 = LINE('',#7897,#7898);
#7897 = CARTESIAN_POINT('',(14.1,0.));
#7898 = VECTOR('',#7899,1.);
#7899 = DIRECTION('',(0.,1.));
#7900 = ( GEOMETRIC_REPRESENTATION_CONTEXT(2) 
PARAMETRIC_REPRESENTATION_CONTEXT() REPRESENTATION_CONTEXT('2D SPACE',''
  ) );
#7901 = PCURVE('',#7819,#7902);
#7902 = DEFINITIONAL_REPRESENTATION('',(#7903),#7907);
#7903 = LINE('',#7904,#7905);
#7904 = CARTESIAN_POINT('',(0.,8.));
#7905 = VECTOR('',#7906,1.);
#7906 = DIRECTION('',(1.,0.));
#7907 = ( GEOMETRIC_REPRESENTATION_CONTEXT(2) 
PARAMETRIC_REPRESENTATION_CONTEXT() REPRESENTATION_CONTEXT('2D SPACE',''
  ) );
#7908 = ORIENTED_EDGE('',*,*,#7909,.F.);
#7909 = EDGE_CURVE('',#5073,#7887,#7910,.T.);
#7910 = SURFACE_CURVE('',#7911,(#7915,#7922),.PCURVE_S1.);
#7911 = LINE('',#7912,#7913);
#7912 = CARTESIAN_POINT('',(1.6,64.8,2.));
#7913 = VECTOR('',#7914,1.);
#7914 = DIRECTION('',(0.,0.,1.));
#7915 = PCURVE('',#5088,#7916);
#7916 = DEFINITIONAL_REPRESENTATION('',(#7917),#7921);
#7917 = LINE('',#7918,#7919);
#7918 = CARTESIAN_POINT('',(0.,8.));
#7919 = VECTOR('',#7920,1.);
#7920 = DIRECTION('',(1.,0.));
#7921 = ( GEOMETRIC_REPRESENTATION_CONTEXT(2) 
PARAMETRIC_REPRESENTATION_CONTEXT() REPRESENTATION_CONTEXT('2D SPACE',''
  ) );
#7922 = PCURVE('',#5116,#7923);
#7923 = DEFINITIONAL_REPRESENTATION('',(#7924),#7928);
#7924 = LINE('',#7925,#7926);
#7925 = CARTESIAN_POINT('',(0.,-8.));
#7926 = VECTOR('',#7927,1.);
#7927 = DIRECTION('',(1.,0.));
#7928 = ( GEOMETRIC_REPRESENTATION_CONTEXT(2) 
PARAMETRIC_REPRESENTATION_CONTEXT() REPRESENTATION_CONTEXT('2D SPACE',''
  ) );
#7929 = ADVANCED_FACE('',(#7930),#5142,.F.);
#7930 = FACE_BOUND('',#7931,.F.);
#7931 = EDGE_LOOP('',(#7932,#7955,#7956,#7957,#7978,#8004));
#7932 = ORIENTED_EDGE('',*,*,#7933,.F.);
#7933 = EDGE_CURVE('',#5101,#7934,#7936,.T.);
#7934 = VERTEX_POINT('',#7935);
#7935 = CARTESIAN_POINT('',(1.6,56.8,16.1));
#7936 = SURFACE_CURVE('',#7937,(#7941,#7948),.PCURVE_S1.);
#7937 = LINE('',#7938,#7939);
#7938 = CARTESIAN_POINT('',(1.6,56.8,2.));
#7939 = VECTOR('',#7940,1.);
#7940 = DIRECTION('',(0.,0.,1.));
#7941 = PCURVE('',#5142,#7942);
#7942 = DEFINITIONAL_REPRESENTATION('',(#7943),#7947);
#7943 = LINE('',#7944,#7945);
#7944 = CARTESIAN_POINT('',(0.,8.));
#7945 = VECTOR('',#7946,1.);
#7946 = DIRECTION('',(1.,0.));
#7947 = ( GEOMETRIC_REPRESENTATION_CONTEXT(2) 
PARAMETRIC_REPRESENTATION_CONTEXT() REPRESENTATION_CONTEXT('2D SPACE',''
  ) );
#7948 = PCURVE('',#5116,#7949);
#7949 = DEFINITIONAL_REPRESENTATION('',(#7950),#7954);
#7950 = LINE('',#7951,#7952);
#7951 = CARTESIAN_POINT('',(0.,0.));
#7952 = VECTOR('',#7953,1.);
#7953 = DIRECTION('',(1.,0.));
#7954 = ( GEOMETRIC_REPRESENTATION_CONTEXT(2) 
PARAMETRIC_REPRESENTATION_CONTEXT() REPRESENTATION_CONTEXT('2D SPACE',''
  ) );
#7955 = ORIENTED_EDGE('',*,*,#5128,.F.);
#7956 = ORIENTED_EDGE('',*,*,#7756,.T.);
#7957 = ORIENTED_EDGE('',*,*,#7958,.T.);
#7958 = EDGE_CURVE('',#7757,#7959,#7961,.T.);
#7959 = VERTEX_POINT('',#7960);
#7960 = CARTESIAN_POINT('',(-0.4,56.8,13.));
#7961 = SURFACE_CURVE('',#7962,(#7966,#7972),.PCURVE_S1.);
#7962 = LINE('',#7963,#7964);
#7963 = CARTESIAN_POINT('',(-41.7,56.8,13.));
#7964 = VECTOR('',#7965,1.);
#7965 = DIRECTION('',(1.,0.,0.));
#7966 = PCURVE('',#5142,#7967);
#7967 = DEFINITIONAL_REPRESENTATION('',(#7968),#7971);
#7968 = B_SPLINE_CURVE_WITH_KNOTS('',1,(#7969,#7970),.UNSPECIFIED.,.F.,
  .F.,(2,2),(35.3,41.3),.PIECEWISE_BEZIER_KNOTS.);
#7969 = CARTESIAN_POINT('',(11.,0.));
#7970 = CARTESIAN_POINT('',(11.,6.));
#7971 = ( GEOMETRIC_REPRESENTATION_CONTEXT(2) 
PARAMETRIC_REPRESENTATION_CONTEXT() REPRESENTATION_CONTEXT('2D SPACE',''
  ) );
#7972 = PCURVE('',#7870,#7973);
#7973 = DEFINITIONAL_REPRESENTATION('',(#7974),#7977);
#7974 = B_SPLINE_CURVE_WITH_KNOTS('',1,(#7975,#7976),.UNSPECIFIED.,.F.,
  .F.,(2,2),(35.3,41.3),.PIECEWISE_BEZIER_KNOTS.);
#7975 = CARTESIAN_POINT('',(70.6,119.6));
#7976 = CARTESIAN_POINT('',(76.6,119.6));
#7977 = ( GEOMETRIC_REPRESENTATION_CONTEXT(2) 
PARAMETRIC_REPRESENTATION_CONTEXT() REPRESENTATION_CONTEXT('2D SPACE',''
  ) );
#7978 = ORIENTED_EDGE('',*,*,#7979,.F.);
#7979 = EDGE_CURVE('',#7980,#7959,#7982,.T.);
#7980 = VERTEX_POINT('',#7981);
#7981 = CARTESIAN_POINT('',(-0.4,56.8,16.1));
#7982 = SURFACE_CURVE('',#7983,(#7987,#7993),.PCURVE_S1.);
#7983 = LINE('',#7984,#7985);
#7984 = CARTESIAN_POINT('',(-0.4,56.8,7.5));
#7985 = VECTOR('',#7986,1.);
#7986 = DIRECTION('',(0.,0.,-1.));
#7987 = PCURVE('',#5142,#7988);
#7988 = DEFINITIONAL_REPRESENTATION('',(#7989),#7992);
#7989 = B_SPLINE_CURVE_WITH_KNOTS('',1,(#7990,#7991),.UNSPECIFIED.,.F.,
  .F.,(2,2),(-8.6,-5.5),.PIECEWISE_BEZIER_KNOTS.);
#7990 = CARTESIAN_POINT('',(14.1,6.));
#7991 = CARTESIAN_POINT('',(11.,6.));
#7992 = ( GEOMETRIC_REPRESENTATION_CONTEXT(2) 
PARAMETRIC_REPRESENTATION_CONTEXT() REPRESENTATION_CONTEXT('2D SPACE',''
  ) );
#7993 = PCURVE('',#7994,#7999);
#7994 = PLANE('',#7995);
#7995 = AXIS2_PLACEMENT_3D('',#7996,#7997,#7998);
#7996 = CARTESIAN_POINT('',(-0.4,-62.8,13.));
#7997 = DIRECTION('',(1.,0.,0.));
#7998 = DIRECTION('',(0.,0.,1.));
#7999 = DEFINITIONAL_REPRESENTATION('',(#8000),#8003);
#8000 = B_SPLINE_CURVE_WITH_KNOTS('',1,(#8001,#8002),.UNSPECIFIED.,.F.,
  .F.,(2,2),(-8.6,-5.5),.PIECEWISE_BEZIER_KNOTS.);
#8001 = CARTESIAN_POINT('',(3.1,-119.6));
#8002 = CARTESIAN_POINT('',(0.,-119.6));
#8003 = ( GEOMETRIC_REPRESENTATION_CONTEXT(2) 
PARAMETRIC_REPRESENTATION_CONTEXT() REPRESENTATION_CONTEXT('2D SPACE',''
  ) );
#8004 = ORIENTED_EDGE('',*,*,#8005,.T.);
#8005 = EDGE_CURVE('',#7980,#7934,#8006,.T.);
#8006 = SURFACE_CURVE('',#8007,(#8011,#8018),.PCURVE_S1.);
#8007 = LINE('',#8008,#8009);
#8008 = CARTESIAN_POINT('',(-6.4,56.8,16.1));
#8009 = VECTOR('',#8010,1.);
#8010 = DIRECTION('',(1.,0.,0.));
#8011 = PCURVE('',#5142,#8012);
#8012 = DEFINITIONAL_REPRESENTATION('',(#8013),#8017);
#8013 = LINE('',#8014,#8015);
#8014 = CARTESIAN_POINT('',(14.1,0.));
#8015 = VECTOR('',#8016,1.);
#8016 = DIRECTION('',(0.,1.));
#8017 = ( GEOMETRIC_REPRESENTATION_CONTEXT(2) 
PARAMETRIC_REPRESENTATION_CONTEXT() REPRESENTATION_CONTEXT('2D SPACE',''
  ) );
#8018 = PCURVE('',#7819,#8019);
#8019 = DEFINITIONAL_REPRESENTATION('',(#8020),#8024);
#8020 = LINE('',#8021,#8022);
#8021 = CARTESIAN_POINT('',(0.,0.));
#8022 = VECTOR('',#8023,1.);
#8023 = DIRECTION('',(1.,0.));
#8024 = ( GEOMETRIC_REPRESENTATION_CONTEXT(2) 
PARAMETRIC_REPRESENTATION_CONTEXT() REPRESENTATION_CONTEXT('2D SPACE',''
  ) );
#8025 = ADVANCED_FACE('',(#8026),#5116,.T.);
#8026 = FACE_BOUND('',#8027,.T.);
#8027 = EDGE_LOOP('',(#8028,#8029,#8030,#8031));
#8028 = ORIENTED_EDGE('',*,*,#7933,.F.);
#8029 = ORIENTED_EDGE('',*,*,#5100,.T.);
#8030 = ORIENTED_EDGE('',*,*,#7909,.T.);
#8031 = ORIENTED_EDGE('',*,*,#8032,.F.);
#8032 = EDGE_CURVE('',#7934,#7887,#8033,.T.);
#8033 = SURFACE_CURVE('',#8034,(#8038,#8045),.PCURVE_S1.);
#8034 = LINE('',#8035,#8036);
#8035 = CARTESIAN_POINT('',(1.6,56.8,16.1));
#8036 = VECTOR('',#8037,1.);
#8037 = DIRECTION('',(0.,1.,0.));
#8038 = PCURVE('',#5116,#8039);
#8039 = DEFINITIONAL_REPRESENTATION('',(#8040),#8044);
#8040 = LINE('',#8041,#8042);
#8041 = CARTESIAN_POINT('',(14.1,0.));
#8042 = VECTOR('',#8043,1.);
#8043 = DIRECTION('',(0.,-1.));
#8044 = ( GEOMETRIC_REPRESENTATION_CONTEXT(2) 
PARAMETRIC_REPRESENTATION_CONTEXT() REPRESENTATION_CONTEXT('2D SPACE',''
  ) );
#8045 = PCURVE('',#7819,#8046);
#8046 = DEFINITIONAL_REPRESENTATION('',(#8047),#8051);
#8047 = LINE('',#8048,#8049);
#8048 = CARTESIAN_POINT('',(8.,0.));
#8049 = VECTOR('',#8050,1.);
#8050 = DIRECTION('',(0.,1.));
#8051 = ( GEOMETRIC_REPRESENTATION_CONTEXT(2) 
PARAMETRIC_REPRESENTATION_CONTEXT() REPRESENTATION_CONTEXT('2D SPACE',''
  ) );
#8052 = ADVANCED_FACE('',(#8053),#5173,.T.);
#8053 = FACE_BOUND('',#8054,.F.);
#8054 = EDGE_LOOP('',(#8055,#8076,#8077,#8078));
#8055 = ORIENTED_EDGE('',*,*,#8056,.T.);
#8056 = EDGE_CURVE('',#5157,#5292,#8057,.T.);
#8057 = SEAM_CURVE('',#8058,(#8062,#8069),.PCURVE_S1.);
#8058 = LINE('',#8059,#8060);
#8059 = CARTESIAN_POINT('',(-39.,89.,2.));
#8060 = VECTOR('',#8061,1.);
#8061 = DIRECTION('',(0.,0.,1.));
#8062 = PCURVE('',#5173,#8063);
#8063 = DEFINITIONAL_REPRESENTATION('',(#8064),#8068);
#8064 = LINE('',#8065,#8066);
#8065 = CARTESIAN_POINT('',(-0.,0.));
#8066 = VECTOR('',#8067,1.);
#8067 = DIRECTION('',(-0.,-1.));
#8068 = ( GEOMETRIC_REPRESENTATION_CONTEXT(2) 
PARAMETRIC_REPRESENTATION_CONTEXT() REPRESENTATION_CONTEXT('2D SPACE',''
  ) );
#8069 = PCURVE('',#5173,#8070);
#8070 = DEFINITIONAL_REPRESENTATION('',(#8071),#8075);
#8071 = LINE('',#8072,#8073);
#8072 = CARTESIAN_POINT('',(-6.28318530718,0.));
#8073 = VECTOR('',#8074,1.);
#8074 = DIRECTION('',(-0.,-1.));
#8075 = ( GEOMETRIC_REPRESENTATION_CONTEXT(2) 
PARAMETRIC_REPRESENTATION_CONTEXT() REPRESENTATION_CONTEXT('2D SPACE',''
  ) );
#8076 = ORIENTED_EDGE('',*,*,#5291,.T.);
#8077 = ORIENTED_EDGE('',*,*,#8056,.F.);
#8078 = ORIENTED_EDGE('',*,*,#5156,.F.);
#8079 = ADVANCED_FACE('',(#8080),#5204,.T.);
#8080 = FACE_BOUND('',#8081,.F.);
#8081 = EDGE_LOOP('',(#8082,#8105,#8132,#8133));
#8082 = ORIENTED_EDGE('',*,*,#8083,.T.);
#8083 = EDGE_CURVE('',#5188,#8084,#8086,.T.);
#8084 = VERTEX_POINT('',#8085);
#8085 = CARTESIAN_POINT('',(9.5,9.5,8.));
#8086 = SEAM_CURVE('',#8087,(#8091,#8098),.PCURVE_S1.);
#8087 = LINE('',#8088,#8089);
#8088 = CARTESIAN_POINT('',(9.5,9.5,2.));
#8089 = VECTOR('',#8090,1.);
#8090 = DIRECTION('',(0.,0.,1.));
#8091 = PCURVE('',#5204,#8092);
#8092 = DEFINITIONAL_REPRESENTATION('',(#8093),#8097);
#8093 = LINE('',#8094,#8095);
#8094 = CARTESIAN_POINT('',(-0.,0.));
#8095 = VECTOR('',#8096,1.);
#8096 = DIRECTION('',(-0.,-1.));
#8097 = ( GEOMETRIC_REPRESENTATION_CONTEXT(2) 
PARAMETRIC_REPRESENTATION_CONTEXT() REPRESENTATION_CONTEXT('2D SPACE',''
  ) );
#8098 = PCURVE('',#5204,#8099);
#8099 = DEFINITIONAL_REPRESENTATION('',(#8100),#8104);
#8100 = LINE('',#8101,#8102);
#8101 = CARTESIAN_POINT('',(-6.28318530718,0.));
#8102 = VECTOR('',#8103,1.);
#8103 = DIRECTION('',(-0.,-1.));
#8104 = ( GEOMETRIC_REPRESENTATION_CONTEXT(2) 
PARAMETRIC_REPRESENTATION_CONTEXT() REPRESENTATION_CONTEXT('2D SPACE',''
  ) );
#8105 = ORIENTED_EDGE('',*,*,#8106,.T.);
#8106 = EDGE_CURVE('',#8084,#8084,#8107,.T.);
#8107 = SURFACE_CURVE('',#8108,(#8113,#8120),.PCURVE_S1.);
#8108 = CIRCLE('',#8109,3.);
#8109 = AXIS2_PLACEMENT_3D('',#8110,#8111,#8112);
#8110 = CARTESIAN_POINT('',(6.5,9.5,8.));
#8111 = DIRECTION('',(0.,0.,1.));
#8112 = DIRECTION('',(1.,0.,0.));
#8113 = PCURVE('',#5204,#8114);
#8114 = DEFINITIONAL_REPRESENTATION('',(#8115),#8119);
#8115 = LINE('',#8116,#8117);
#8116 = CARTESIAN_POINT('',(-0.,-6.));
#8117 = VECTOR('',#8118,1.);
#8118 = DIRECTION('',(-1.,0.));
#8119 = ( GEOMETRIC_REPRESENTATION_CONTEXT(2) 
PARAMETRIC_REPRESENTATION_CONTEXT() REPRESENTATION_CONTEXT('2D SPACE',''
  ) );
#8120 = PCURVE('',#8121,#8126);
#8121 = PLANE('',#8122);
#8122 = AXIS2_PLACEMENT_3D('',#8123,#8124,#8125);
#8123 = CARTESIAN_POINT('',(6.5,9.5,8.));
#8124 = DIRECTION('',(0.,0.,1.));
#8125 = DIRECTION('',(1.,0.,-0.));
#8126 = DEFINITIONAL_REPRESENTATION('',(#8127),#8131);
#8127 = CIRCLE('',#8128,3.);
#8128 = AXIS2_PLACEMENT_2D('',#8129,#8130);
#8129 = CARTESIAN_POINT('',(0.,0.));
#8130 = DIRECTION('',(1.,0.));
#8131 = ( GEOMETRIC_REPRESENTATION_CONTEXT(2) 
PARAMETRIC_REPRESENTATION_CONTEXT() REPRESENTATION_CONTEXT('2D SPACE',''
  ) );
#8132 = ORIENTED_EDGE('',*,*,#8083,.F.);
#8133 = ORIENTED_EDGE('',*,*,#5187,.F.);
#8134 = ADVANCED_FACE('',(#8135),#5235,.T.);
#8135 = FACE_BOUND('',#8136,.F.);
#8136 = EDGE_LOOP('',(#8137,#8160,#8187,#8188));
#8137 = ORIENTED_EDGE('',*,*,#8138,.T.);
#8138 = EDGE_CURVE('',#5219,#8139,#8141,.T.);
#8139 = VERTEX_POINT('',#8140);
#8140 = CARTESIAN_POINT('',(58.5,9.5,8.));
#8141 = SEAM_CURVE('',#8142,(#8146,#8153),.PCURVE_S1.);
#8142 = LINE('',#8143,#8144);
#8143 = CARTESIAN_POINT('',(58.5,9.5,2.));
#8144 = VECTOR('',#8145,1.);
#8145 = DIRECTION('',(0.,0.,1.));
#8146 = PCURVE('',#5235,#8147);
#8147 = DEFINITIONAL_REPRESENTATION('',(#8148),#8152);
#8148 = LINE('',#8149,#8150);
#8149 = CARTESIAN_POINT('',(-0.,0.));
#8150 = VECTOR('',#8151,1.);
#8151 = DIRECTION('',(-0.,-1.));
#8152 = ( GEOMETRIC_REPRESENTATION_CONTEXT(2) 
PARAMETRIC_REPRESENTATION_CONTEXT() REPRESENTATION_CONTEXT('2D SPACE',''
  ) );
#8153 = PCURVE('',#5235,#8154);
#8154 = DEFINITIONAL_REPRESENTATION('',(#8155),#8159);
#8155 = LINE('',#8156,#8157);
#8156 = CARTESIAN_POINT('',(-6.28318530718,0.));
#8157 = VECTOR('',#8158,1.);
#8158 = DIRECTION('',(-0.,-1.));
#8159 = ( GEOMETRIC_REPRESENTATION_CONTEXT(2) 
PARAMETRIC_REPRESENTATION_CONTEXT() REPRESENTATION_CONTEXT('2D SPACE',''
  ) );
#8160 = ORIENTED_EDGE('',*,*,#8161,.T.);
#8161 = EDGE_CURVE('',#8139,#8139,#8162,.T.);
#8162 = SURFACE_CURVE('',#8163,(#8168,#8175),.PCURVE_S1.);
#8163 = CIRCLE('',#8164,3.);
#8164 = AXIS2_PLACEMENT_3D('',#8165,#8166,#8167);
#8165 = CARTESIAN_POINT('',(55.5,9.5,8.));
#8166 = DIRECTION('',(0.,0.,1.));
#8167 = DIRECTION('',(1.,0.,0.));
#8168 = PCURVE('',#5235,#8169);
#8169 = DEFINITIONAL_REPRESENTATION('',(#8170),#8174);
#8170 = LINE('',#8171,#8172);
#8171 = CARTESIAN_POINT('',(-0.,-6.));
#8172 = VECTOR('',#8173,1.);
#8173 = DIRECTION('',(-1.,0.));
#8174 = ( GEOMETRIC_REPRESENTATION_CONTEXT(2) 
PARAMETRIC_REPRESENTATION_CONTEXT() REPRESENTATION_CONTEXT('2D SPACE',''
  ) );
#8175 = PCURVE('',#8176,#8181);
#8176 = PLANE('',#8177);
#8177 = AXIS2_PLACEMENT_3D('',#8178,#8179,#8180);
#8178 = CARTESIAN_POINT('',(55.5,9.5,8.));
#8179 = DIRECTION('',(0.,0.,1.));
#8180 = DIRECTION('',(1.,0.,-0.));
#8181 = DEFINITIONAL_REPRESENTATION('',(#8182),#8186);
#8182 = CIRCLE('',#8183,3.);
#8183 = AXIS2_PLACEMENT_2D('',#8184,#8185);
#8184 = CARTESIAN_POINT('',(0.,0.));
#8185 = DIRECTION('',(1.,0.));
#8186 = ( GEOMETRIC_REPRESENTATION_CONTEXT(2) 
PARAMETRIC_REPRESENTATION_CONTEXT() REPRESENTATION_CONTEXT('2D SPACE',''
  ) );
#8187 = ORIENTED_EDGE('',*,*,#8138,.F.);
#8188 = ORIENTED_EDGE('',*,*,#5218,.F.);
#8189 = ADVANCED_FACE('',(#8190),#5276,.T.);
#8190 = FACE_BOUND('',#8191,.F.);
#8191 = EDGE_LOOP('',(#8192,#8213,#8214,#8215));
#8192 = ORIENTED_EDGE('',*,*,#8193,.T.);
#8193 = EDGE_CURVE('',#5260,#5731,#8194,.T.);
#8194 = SEAM_CURVE('',#8195,(#8199,#8206),.PCURVE_S1.);
#8195 = LINE('',#8196,#8197);
#8196 = CARTESIAN_POINT('',(47.,89.,2.));
#8197 = VECTOR('',#8198,1.);
#8198 = DIRECTION('',(0.,0.,1.));
#8199 = PCURVE('',#5276,#8200);
#8200 = DEFINITIONAL_REPRESENTATION('',(#8201),#8205);
#8201 = LINE('',#8202,#8203);
#8202 = CARTESIAN_POINT('',(-0.,0.));
#8203 = VECTOR('',#8204,1.);
#8204 = DIRECTION('',(-0.,-1.));
#8205 = ( GEOMETRIC_REPRESENTATION_CONTEXT(2) 
PARAMETRIC_REPRESENTATION_CONTEXT() REPRESENTATION_CONTEXT('2D SPACE',''
  ) );
#8206 = PCURVE('',#5276,#8207);
#8207 = DEFINITIONAL_REPRESENTATION('',(#8208),#8212);
#8208 = LINE('',#8209,#8210);
#8209 = CARTESIAN_POINT('',(-6.28318530718,0.));
#8210 = VECTOR('',#8211,1.);
#8211 = DIRECTION('',(-0.,-1.));
#8212 = ( GEOMETRIC_REPRESENTATION_CONTEXT(2) 
PARAMETRIC_REPRESENTATION_CONTEXT() REPRESENTATION_CONTEXT('2D SPACE',''
  ) );
#8213 = ORIENTED_EDGE('',*,*,#5730,.T.);
#8214 = ORIENTED_EDGE('',*,*,#8193,.F.);
#8215 = ORIENTED_EDGE('',*,*,#5259,.F.);
#8216 = ADVANCED_FACE('',(#8217),#5361,.F.);
#8217 = FACE_BOUND('',#8218,.F.);
#8218 = EDGE_LOOP('',(#8219,#8220,#8221,#8241));
#8219 = ORIENTED_EDGE('',*,*,#5345,.T.);
#8220 = ORIENTED_EDGE('',*,*,#5401,.T.);
#8221 = ORIENTED_EDGE('',*,*,#8222,.F.);
#8222 = EDGE_CURVE('',#5686,#5402,#8223,.T.);
#8223 = SURFACE_CURVE('',#8224,(#8228,#8234),.PCURVE_S1.);
#8224 = LINE('',#8225,#8226);
#8225 = CARTESIAN_POINT('',(14.,98.5,24.));
#8226 = VECTOR('',#8227,1.);
#8227 = DIRECTION('',(-1.,0.,0.));
#8228 = PCURVE('',#5361,#8229);
#8229 = DEFINITIONAL_REPRESENTATION('',(#8230),#8233);
#8230 = B_SPLINE_CURVE_WITH_KNOTS('',1,(#8231,#8232),.UNSPECIFIED.,.F.,
  .F.,(2,2),(0.,28.),.PIECEWISE_BEZIER_KNOTS.);
#8231 = CARTESIAN_POINT('',(0.,1.));
#8232 = CARTESIAN_POINT('',(72.,1.));
#8233 = ( GEOMETRIC_REPRESENTATION_CONTEXT(2) 
PARAMETRIC_REPRESENTATION_CONTEXT() REPRESENTATION_CONTEXT('2D SPACE',''
  ) );
#8234 = PCURVE('',#5547,#8235);
#8235 = DEFINITIONAL_REPRESENTATION('',(#8236),#8240);
#8236 = LINE('',#8237,#8238);
#8237 = CARTESIAN_POINT('',(43.487067042973,0.));
#8238 = VECTOR('',#8239,1.);
#8239 = DIRECTION('',(-0.707106781187,-0.707106781187));
#8240 = ( GEOMETRIC_REPRESENTATION_CONTEXT(2) 
PARAMETRIC_REPRESENTATION_CONTEXT() REPRESENTATION_CONTEXT('2D SPACE',''
  ) );
#8241 = ORIENTED_EDGE('',*,*,#5685,.F.);
#8242 = ADVANCED_FACE('',(#8243,#8440),#5547,.F.);
#8243 = FACE_BOUND('',#8244,.F.);
#8244 = EDGE_LOOP('',(#8245,#8246,#8274,#8302,#8330,#8358,#8386,#8414));
#8245 = ORIENTED_EDGE('',*,*,#6635,.F.);
#8246 = ORIENTED_EDGE('',*,*,#8247,.T.);
#8247 = EDGE_CURVE('',#6636,#8248,#8250,.T.);
#8248 = VERTEX_POINT('',#8249);
#8249 = CARTESIAN_POINT('',(8.65,69.35,24.));
#8250 = SURFACE_CURVE('',#8251,(#8255,#8262),.PCURVE_S1.);
#8251 = LINE('',#8252,#8253);
#8252 = CARTESIAN_POINT('',(8.65,66.35,24.));
#8253 = VECTOR('',#8254,1.);
#8254 = DIRECTION('',(0.,1.,0.));
#8255 = PCURVE('',#5547,#8256);
#8256 = DEFINITIONAL_REPRESENTATION('',(#8257),#8261);
#8257 = LINE('',#8258,#8259);
#8258 = CARTESIAN_POINT('',(16.970562748477,18.950461735799));
#8259 = VECTOR('',#8260,1.);
#8260 = DIRECTION('',(0.707106781187,-0.707106781187));
#8261 = ( GEOMETRIC_REPRESENTATION_CONTEXT(2) 
PARAMETRIC_REPRESENTATION_CONTEXT() REPRESENTATION_CONTEXT('2D SPACE',''
  ) );
#8262 = PCURVE('',#8263,#8268);
#8263 = PLANE('',#8264);
#8264 = AXIS2_PLACEMENT_3D('',#8265,#8266,#8267);
#8265 = CARTESIAN_POINT('',(8.65,66.35,24.));
#8266 = DIRECTION('',(1.,0.,0.));
#8267 = DIRECTION('',(0.,0.,1.));
#8268 = DEFINITIONAL_REPRESENTATION('',(#8269),#8273);
#8269 = LINE('',#8270,#8271);
#8270 = CARTESIAN_POINT('',(0.,0.));
#8271 = VECTOR('',#8272,1.);
#8272 = DIRECTION('',(0.,-1.));
#8273 = ( GEOMETRIC_REPRESENTATION_CONTEXT(2) 
PARAMETRIC_REPRESENTATION_CONTEXT() REPRESENTATION_CONTEXT('2D SPACE',''
  ) );
#8274 = ORIENTED_EDGE('',*,*,#8275,.F.);
#8275 = EDGE_CURVE('',#8276,#8248,#8278,.T.);
#8276 = VERTEX_POINT('',#8277);
#8277 = CARTESIAN_POINT('',(-15.15,69.35,24.));
#8278 = SURFACE_CURVE('',#8279,(#8283,#8290),.PCURVE_S1.);
#8279 = LINE('',#8280,#8281);
#8280 = CARTESIAN_POINT('',(-15.15,69.35,24.));
#8281 = VECTOR('',#8282,1.);
#8282 = DIRECTION('',(1.,0.,0.));
#8283 = PCURVE('',#5547,#8284);
#8284 = DEFINITIONAL_REPRESENTATION('',(#8285),#8289);
#8285 = LINE('',#8286,#8287);
#8286 = CARTESIAN_POINT('',(2.262741699797,3.774758283726E-15));
#8287 = VECTOR('',#8288,1.);
#8288 = DIRECTION('',(0.707106781187,0.707106781187));
#8289 = ( GEOMETRIC_REPRESENTATION_CONTEXT(2) 
PARAMETRIC_REPRESENTATION_CONTEXT() REPRESENTATION_CONTEXT('2D SPACE',''
  ) );
#8290 = PCURVE('',#8291,#8296);
#8291 = PLANE('',#8292);
#8292 = AXIS2_PLACEMENT_3D('',#8293,#8294,#8295);
#8293 = CARTESIAN_POINT('',(-15.15,69.35,24.));
#8294 = DIRECTION('',(0.,1.,0.));
#8295 = DIRECTION('',(0.,0.,1.));
#8296 = DEFINITIONAL_REPRESENTATION('',(#8297),#8301);
#8297 = LINE('',#8298,#8299);
#8298 = CARTESIAN_POINT('',(0.,0.));
#8299 = VECTOR('',#8300,1.);
#8300 = DIRECTION('',(0.,1.));
#8301 = ( GEOMETRIC_REPRESENTATION_CONTEXT(2) 
PARAMETRIC_REPRESENTATION_CONTEXT() REPRESENTATION_CONTEXT('2D SPACE',''
  ) );
#8302 = ORIENTED_EDGE('',*,*,#8303,.T.);
#8303 = EDGE_CURVE('',#8276,#8304,#8306,.T.);
#8304 = VERTEX_POINT('',#8305);
#8305 = CARTESIAN_POINT('',(-15.15,99.65,24.));
#8306 = SURFACE_CURVE('',#8307,(#8311,#8318),.PCURVE_S1.);
#8307 = LINE('',#8308,#8309);
#8308 = CARTESIAN_POINT('',(-15.15,69.35,24.));
#8309 = VECTOR('',#8310,1.);
#8310 = DIRECTION('',(0.,1.,0.));
#8311 = PCURVE('',#5547,#8312);
#8312 = DEFINITIONAL_REPRESENTATION('',(#8313),#8317);
#8313 = LINE('',#8314,#8315);
#8314 = CARTESIAN_POINT('',(2.262741699797,3.774758283726E-15));
#8315 = VECTOR('',#8316,1.);
#8316 = DIRECTION('',(0.707106781187,-0.707106781187));
#8317 = ( GEOMETRIC_REPRESENTATION_CONTEXT(2) 
PARAMETRIC_REPRESENTATION_CONTEXT() REPRESENTATION_CONTEXT('2D SPACE',''
  ) );
#8318 = PCURVE('',#8319,#8324);
#8319 = PLANE('',#8320);
#8320 = AXIS2_PLACEMENT_3D('',#8321,#8322,#8323);
#8321 = CARTESIAN_POINT('',(-15.15,69.35,24.));
#8322 = DIRECTION('',(1.,0.,0.));
#8323 = DIRECTION('',(0.,0.,1.));
#8324 = DEFINITIONAL_REPRESENTATION('',(#8325),#8329);
#8325 = LINE('',#8326,#8327);
#8326 = CARTESIAN_POINT('',(0.,0.));
#8327 = VECTOR('',#8328,1.);
#8328 = DIRECTION('',(0.,-1.));
#8329 = ( GEOMETRIC_REPRESENTATION_CONTEXT(2) 
PARAMETRIC_REPRESENTATION_CONTEXT() REPRESENTATION_CONTEXT('2D SPACE',''
  ) );
#8330 = ORIENTED_EDGE('',*,*,#8331,.T.);
#8331 = EDGE_CURVE('',#8304,#8332,#8334,.T.);
#8332 = VERTEX_POINT('',#8333);
#8333 = CARTESIAN_POINT('',(15.15,99.65,24.));
#8334 = SURFACE_CURVE('',#8335,(#8339,#8346),.PCURVE_S1.);
#8335 = LINE('',#8336,#8337);
#8336 = CARTESIAN_POINT('',(-15.15,99.65,24.));
#8337 = VECTOR('',#8338,1.);
#8338 = DIRECTION('',(1.,0.,0.));
#8339 = PCURVE('',#5547,#8340);
#8340 = DEFINITIONAL_REPRESENTATION('',(#8341),#8345);
#8341 = LINE('',#8342,#8343);
#8342 = CARTESIAN_POINT('',(23.688077169749,-21.42533546995));
#8343 = VECTOR('',#8344,1.);
#8344 = DIRECTION('',(0.707106781187,0.707106781187));
#8345 = ( GEOMETRIC_REPRESENTATION_CONTEXT(2) 
PARAMETRIC_REPRESENTATION_CONTEXT() REPRESENTATION_CONTEXT('2D SPACE',''
  ) );
#8346 = PCURVE('',#8347,#8352);
#8347 = PLANE('',#8348);
#8348 = AXIS2_PLACEMENT_3D('',#8349,#8350,#8351);
#8349 = CARTESIAN_POINT('',(-15.15,99.65,24.));
#8350 = DIRECTION('',(0.,1.,0.));
#8351 = DIRECTION('',(0.,0.,1.));
#8352 = DEFINITIONAL_REPRESENTATION('',(#8353),#8357);
#8353 = LINE('',#8354,#8355);
#8354 = CARTESIAN_POINT('',(0.,0.));
#8355 = VECTOR('',#8356,1.);
#8356 = DIRECTION('',(0.,1.));
#8357 = ( GEOMETRIC_REPRESENTATION_CONTEXT(2) 
PARAMETRIC_REPRESENTATION_CONTEXT() REPRESENTATION_CONTEXT('2D SPACE',''
  ) );
#8358 = ORIENTED_EDGE('',*,*,#8359,.F.);
#8359 = EDGE_CURVE('',#8360,#8332,#8362,.T.);
#8360 = VERTEX_POINT('',#8361);
#8361 = CARTESIAN_POINT('',(15.15,69.35,24.));
#8362 = SURFACE_CURVE('',#8363,(#8367,#8374),.PCURVE_S1.);
#8363 = LINE('',#8364,#8365);
#8364 = CARTESIAN_POINT('',(15.15,69.35,24.));
#8365 = VECTOR('',#8366,1.);
#8366 = DIRECTION('',(0.,1.,0.));
#8367 = PCURVE('',#5547,#8368);
#8368 = DEFINITIONAL_REPRESENTATION('',(#8369),#8373);
#8369 = LINE('',#8370,#8371);
#8370 = CARTESIAN_POINT('',(23.688077169749,21.425335469952));
#8371 = VECTOR('',#8372,1.);
#8372 = DIRECTION('',(0.707106781187,-0.707106781187));
#8373 = ( GEOMETRIC_REPRESENTATION_CONTEXT(2) 
PARAMETRIC_REPRESENTATION_CONTEXT() REPRESENTATION_CONTEXT('2D SPACE',''
  ) );
#8374 = PCURVE('',#8375,#8380);
#8375 = PLANE('',#8376);
#8376 = AXIS2_PLACEMENT_3D('',#8377,#8378,#8379);
#8377 = CARTESIAN_POINT('',(15.15,69.35,24.));
#8378 = DIRECTION('',(1.,0.,0.));
#8379 = DIRECTION('',(0.,0.,1.));
#8380 = DEFINITIONAL_REPRESENTATION('',(#8381),#8385);
#8381 = LINE('',#8382,#8383);
#8382 = CARTESIAN_POINT('',(0.,0.));
#8383 = VECTOR('',#8384,1.);
#8384 = DIRECTION('',(0.,-1.));
#8385 = ( GEOMETRIC_REPRESENTATION_CONTEXT(2) 
PARAMETRIC_REPRESENTATION_CONTEXT() REPRESENTATION_CONTEXT('2D SPACE',''
  ) );
#8386 = ORIENTED_EDGE('',*,*,#8387,.F.);
#8387 = EDGE_CURVE('',#8388,#8360,#8390,.T.);
#8388 = VERTEX_POINT('',#8389);
#8389 = CARTESIAN_POINT('',(13.15,69.35,24.));
#8390 = SURFACE_CURVE('',#8391,(#8395,#8402),.PCURVE_S1.);
#8391 = LINE('',#8392,#8393);
#8392 = CARTESIAN_POINT('',(-15.15,69.35,24.));
#8393 = VECTOR('',#8394,1.);
#8394 = DIRECTION('',(1.,0.,0.));
#8395 = PCURVE('',#5547,#8396);
#8396 = DEFINITIONAL_REPRESENTATION('',(#8397),#8401);
#8397 = LINE('',#8398,#8399);
#8398 = CARTESIAN_POINT('',(2.262741699797,3.774758283726E-15));
#8399 = VECTOR('',#8400,1.);
#8400 = DIRECTION('',(0.707106781187,0.707106781187));
#8401 = ( GEOMETRIC_REPRESENTATION_CONTEXT(2) 
PARAMETRIC_REPRESENTATION_CONTEXT() REPRESENTATION_CONTEXT('2D SPACE',''
  ) );
#8402 = PCURVE('',#8403,#8408);
#8403 = PLANE('',#8404);
#8404 = AXIS2_PLACEMENT_3D('',#8405,#8406,#8407);
#8405 = CARTESIAN_POINT('',(-15.15,69.35,24.));
#8406 = DIRECTION('',(0.,1.,0.));
#8407 = DIRECTION('',(0.,0.,1.));
#8408 = DEFINITIONAL_REPRESENTATION('',(#8409),#8413);
#8409 = LINE('',#8410,#8411);
#8410 = CARTESIAN_POINT('',(0.,0.));
#8411 = VECTOR('',#8412,1.);
#8412 = DIRECTION('',(0.,1.));
#8413 = ( GEOMETRIC_REPRESENTATION_CONTEXT(2) 
PARAMETRIC_REPRESENTATION_CONTEXT() REPRESENTATION_CONTEXT('2D SPACE',''
  ) );
#8414 = ORIENTED_EDGE('',*,*,#8415,.F.);
#8415 = EDGE_CURVE('',#6609,#8388,#8416,.T.);
#8416 = SURFACE_CURVE('',#8417,(#8421,#8428),.PCURVE_S1.);
#8417 = LINE('',#8418,#8419);
#8418 = CARTESIAN_POINT('',(13.15,66.35,24.));
#8419 = VECTOR('',#8420,1.);
#8420 = DIRECTION('',(0.,1.,0.));
#8421 = PCURVE('',#5547,#8422);
#8422 = DEFINITIONAL_REPRESENTATION('',(#8423),#8427);
#8423 = LINE('',#8424,#8425);
#8424 = CARTESIAN_POINT('',(20.152543263817,22.132442251139));
#8425 = VECTOR('',#8426,1.);
#8426 = DIRECTION('',(0.707106781187,-0.707106781187));
#8427 = ( GEOMETRIC_REPRESENTATION_CONTEXT(2) 
PARAMETRIC_REPRESENTATION_CONTEXT() REPRESENTATION_CONTEXT('2D SPACE',''
  ) );
#8428 = PCURVE('',#8429,#8434);
#8429 = PLANE('',#8430);
#8430 = AXIS2_PLACEMENT_3D('',#8431,#8432,#8433);
#8431 = CARTESIAN_POINT('',(13.15,66.35,24.));
#8432 = DIRECTION('',(1.,0.,0.));
#8433 = DIRECTION('',(0.,0.,1.));
#8434 = DEFINITIONAL_REPRESENTATION('',(#8435),#8439);
#8435 = LINE('',#8436,#8437);
#8436 = CARTESIAN_POINT('',(0.,0.));
#8437 = VECTOR('',#8438,1.);
#8438 = DIRECTION('',(0.,-1.));
#8439 = ( GEOMETRIC_REPRESENTATION_CONTEXT(2) 
PARAMETRIC_REPRESENTATION_CONTEXT() REPRESENTATION_CONTEXT('2D SPACE',''
  ) );
#8440 = FACE_BOUND('',#8441,.F.);
#8441 = EDGE_LOOP('',(#8442,#8443,#8463,#8464));
#8442 = ORIENTED_EDGE('',*,*,#5534,.T.);
#8443 = ORIENTED_EDGE('',*,*,#8444,.T.);
#8444 = EDGE_CURVE('',#5508,#5611,#8445,.T.);
#8445 = SURFACE_CURVE('',#8446,(#8450,#8457),.PCURVE_S1.);
#8446 = LINE('',#8447,#8448);
#8447 = CARTESIAN_POINT('',(-14.,70.5,24.));
#8448 = VECTOR('',#8449,1.);
#8449 = DIRECTION('',(1.,0.,0.));
#8450 = PCURVE('',#5547,#8451);
#8451 = DEFINITIONAL_REPRESENTATION('',(#8452),#8456);
#8452 = LINE('',#8453,#8454);
#8453 = CARTESIAN_POINT('',(3.889087296526,0.));
#8454 = VECTOR('',#8455,1.);
#8455 = DIRECTION('',(0.707106781187,0.707106781187));
#8456 = ( GEOMETRIC_REPRESENTATION_CONTEXT(2) 
PARAMETRIC_REPRESENTATION_CONTEXT() REPRESENTATION_CONTEXT('2D SPACE',''
  ) );
#8457 = PCURVE('',#5522,#8458);
#8458 = DEFINITIONAL_REPRESENTATION('',(#8459),#8462);
#8459 = B_SPLINE_CURVE_WITH_KNOTS('',1,(#8460,#8461),.UNSPECIFIED.,.F.,
  .F.,(2,2),(0.,28.),.PIECEWISE_BEZIER_KNOTS.);
#8460 = CARTESIAN_POINT('',(0.,1.));
#8461 = CARTESIAN_POINT('',(72.,1.));
#8462 = ( GEOMETRIC_REPRESENTATION_CONTEXT(2) 
PARAMETRIC_REPRESENTATION_CONTEXT() REPRESENTATION_CONTEXT('2D SPACE',''
  ) );
#8463 = ORIENTED_EDGE('',*,*,#5707,.T.);
#8464 = ORIENTED_EDGE('',*,*,#8222,.T.);
#8465 = ADVANCED_FACE('',(#8466),#5522,.F.);
#8466 = FACE_BOUND('',#8467,.F.);
#8467 = EDGE_LOOP('',(#8468,#8489,#8490,#8491));
#8468 = ORIENTED_EDGE('',*,*,#8469,.T.);
#8469 = EDGE_CURVE('',#5480,#5609,#8470,.T.);
#8470 = SURFACE_CURVE('',#8471,(#8475,#8482),.PCURVE_S1.);
#8471 = LINE('',#8472,#8473);
#8472 = CARTESIAN_POINT('',(-36.,67.,2.));
#8473 = VECTOR('',#8474,1.);
#8474 = DIRECTION('',(1.,0.,0.));
#8475 = PCURVE('',#5522,#8476);
#8476 = DEFINITIONAL_REPRESENTATION('',(#8477),#8481);
#8477 = LINE('',#8478,#8479);
#8478 = CARTESIAN_POINT('',(0.,0.));
#8479 = VECTOR('',#8480,1.);
#8480 = DIRECTION('',(1.,0.));
#8481 = ( GEOMETRIC_REPRESENTATION_CONTEXT(2) 
PARAMETRIC_REPRESENTATION_CONTEXT() REPRESENTATION_CONTEXT('2D SPACE',''
  ) );
#8482 = PCURVE('',#5495,#8483);
#8483 = DEFINITIONAL_REPRESENTATION('',(#8484),#8488);
#8484 = LINE('',#8485,#8486);
#8485 = CARTESIAN_POINT('',(-36.,67.));
#8486 = VECTOR('',#8487,1.);
#8487 = DIRECTION('',(1.,0.));
#8488 = ( GEOMETRIC_REPRESENTATION_CONTEXT(2) 
PARAMETRIC_REPRESENTATION_CONTEXT() REPRESENTATION_CONTEXT('2D SPACE',''
  ) );
#8489 = ORIENTED_EDGE('',*,*,#5608,.T.);
#8490 = ORIENTED_EDGE('',*,*,#8444,.F.);
#8491 = ORIENTED_EDGE('',*,*,#5507,.F.);
#8492 = ADVANCED_FACE('',(#8493),#5495,.T.);
#8493 = FACE_BOUND('',#8494,.T.);
#8494 = EDGE_LOOP('',(#8495,#8496,#8517,#8518));
#8495 = ORIENTED_EDGE('',*,*,#5632,.T.);
#8496 = ORIENTED_EDGE('',*,*,#8497,.F.);
#8497 = EDGE_CURVE('',#5446,#5633,#8498,.T.);
#8498 = SURFACE_CURVE('',#8499,(#8503,#8510),.PCURVE_S1.);
#8499 = LINE('',#8500,#8501);
#8500 = CARTESIAN_POINT('',(-36.,81.4,2.));
#8501 = VECTOR('',#8502,1.);
#8502 = DIRECTION('',(1.,0.,0.));
#8503 = PCURVE('',#5495,#8504);
#8504 = DEFINITIONAL_REPRESENTATION('',(#8505),#8509);
#8505 = LINE('',#8506,#8507);
#8506 = CARTESIAN_POINT('',(-36.,81.4));
#8507 = VECTOR('',#8508,1.);
#8508 = DIRECTION('',(1.,0.));
#8509 = ( GEOMETRIC_REPRESENTATION_CONTEXT(2) 
PARAMETRIC_REPRESENTATION_CONTEXT() REPRESENTATION_CONTEXT('2D SPACE',''
  ) );
#8510 = PCURVE('',#5465,#8511);
#8511 = DEFINITIONAL_REPRESENTATION('',(#8512),#8516);
#8512 = LINE('',#8513,#8514);
#8513 = CARTESIAN_POINT('',(0.,0.));
#8514 = VECTOR('',#8515,1.);
#8515 = DIRECTION('',(0.,1.));
#8516 = ( GEOMETRIC_REPRESENTATION_CONTEXT(2) 
PARAMETRIC_REPRESENTATION_CONTEXT() REPRESENTATION_CONTEXT('2D SPACE',''
  ) );
#8517 = ORIENTED_EDGE('',*,*,#5479,.T.);
#8518 = ORIENTED_EDGE('',*,*,#8469,.T.);
#8519 = ADVANCED_FACE('',(#8520),#5465,.F.);
#8520 = FACE_BOUND('',#8521,.F.);
#8521 = EDGE_LOOP('',(#8522,#8523,#8524,#8525));
#8522 = ORIENTED_EDGE('',*,*,#5655,.F.);
#8523 = ORIENTED_EDGE('',*,*,#8497,.F.);
#8524 = ORIENTED_EDGE('',*,*,#5445,.T.);
#8525 = ORIENTED_EDGE('',*,*,#5564,.T.);
#8526 = ADVANCED_FACE('',(#8527),#5884,.T.);
#8527 = FACE_BOUND('',#8528,.T.);
#8528 = EDGE_LOOP('',(#8529,#8530,#8551,#8552,#8553,#8578));
#8529 = ORIENTED_EDGE('',*,*,#5927,.F.);
#8530 = ORIENTED_EDGE('',*,*,#8531,.T.);
#8531 = EDGE_CURVE('',#5899,#5865,#8532,.T.);
#8532 = SURFACE_CURVE('',#8533,(#8537,#8544),.PCURVE_S1.);
#8533 = LINE('',#8534,#8535);
#8534 = CARTESIAN_POINT('',(37.6,97.6,2.));
#8535 = VECTOR('',#8536,1.);
#8536 = DIRECTION('',(-1.,0.,0.));
#8537 = PCURVE('',#5884,#8538);
#8538 = DEFINITIONAL_REPRESENTATION('',(#8539),#8543);
#8539 = LINE('',#8540,#8541);
#8540 = CARTESIAN_POINT('',(0.,0.));
#8541 = VECTOR('',#8542,1.);
#8542 = DIRECTION('',(1.,0.));
#8543 = ( GEOMETRIC_REPRESENTATION_CONTEXT(2) 
PARAMETRIC_REPRESENTATION_CONTEXT() REPRESENTATION_CONTEXT('2D SPACE',''
  ) );
#8544 = PCURVE('',#5915,#8545);
#8545 = DEFINITIONAL_REPRESENTATION('',(#8546),#8550);
#8546 = LINE('',#8547,#8548);
#8547 = CARTESIAN_POINT('',(37.6,97.6));
#8548 = VECTOR('',#8549,1.);
#8549 = DIRECTION('',(-1.,0.));
#8550 = ( GEOMETRIC_REPRESENTATION_CONTEXT(2) 
PARAMETRIC_REPRESENTATION_CONTEXT() REPRESENTATION_CONTEXT('2D SPACE',''
  ) );
#8551 = ORIENTED_EDGE('',*,*,#5864,.T.);
#8552 = ORIENTED_EDGE('',*,*,#6583,.T.);
#8553 = ORIENTED_EDGE('',*,*,#8554,.T.);
#8554 = EDGE_CURVE('',#6557,#6483,#8555,.T.);
#8555 = SURFACE_CURVE('',#8556,(#8560,#8566),.PCURVE_S1.);
#8556 = LINE('',#8557,#8558);
#8557 = CARTESIAN_POINT('',(-16.75,101.25,24.));
#8558 = VECTOR('',#8559,1.);
#8559 = DIRECTION('',(1.,0.,0.));
#8560 = PCURVE('',#5884,#8561);
#8561 = DEFINITIONAL_REPRESENTATION('',(#8562),#8565);
#8562 = B_SPLINE_CURVE_WITH_KNOTS('',1,(#8563,#8564),.UNSPECIFIED.,.F.,
  .F.,(2,2),(0.,33.5),.PIECEWISE_BEZIER_KNOTS.);
#8563 = CARTESIAN_POINT('',(75.2,1.));
#8564 = CARTESIAN_POINT('',(0.,1.));
#8565 = ( GEOMETRIC_REPRESENTATION_CONTEXT(2) 
PARAMETRIC_REPRESENTATION_CONTEXT() REPRESENTATION_CONTEXT('2D SPACE',''
  ) );
#8566 = PCURVE('',#8567,#8572);
#8567 = PLANE('',#8568);
#8568 = AXIS2_PLACEMENT_3D('',#8569,#8570,#8571);
#8569 = CARTESIAN_POINT('',(-16.75,101.25,24.));
#8570 = DIRECTION('',(0.,1.,0.));
#8571 = DIRECTION('',(0.,0.,1.));
#8572 = DEFINITIONAL_REPRESENTATION('',(#8573),#8577);
#8573 = LINE('',#8574,#8575);
#8574 = CARTESIAN_POINT('',(0.,0.));
#8575 = VECTOR('',#8576,1.);
#8576 = DIRECTION('',(0.,1.));
#8577 = ( GEOMETRIC_REPRESENTATION_CONTEXT(2) 
PARAMETRIC_REPRESENTATION_CONTEXT() REPRESENTATION_CONTEXT('2D SPACE',''
  ) );
#8578 = ORIENTED_EDGE('',*,*,#6482,.F.);
#8579 = ADVANCED_FACE('',(#8580),#5915,.T.);
#8580 = FACE_BOUND('',#8581,.T.);
#8581 = EDGE_LOOP('',(#8582,#8583));
#8582 = ORIENTED_EDGE('',*,*,#8531,.F.);
#8583 = ORIENTED_EDGE('',*,*,#5898,.T.);
#8584 = ADVANCED_FACE('',(#8585),#6229,.F.);
#8585 = FACE_BOUND('',#8586,.F.);
#8586 = EDGE_LOOP('',(#8587));
#8587 = ORIENTED_EDGE('',*,*,#6214,.T.);
#8588 = ADVANCED_FACE('',(#8589),#6517,.T.);
#8589 = FACE_BOUND('',#8590,.T.);
#8590 = EDGE_LOOP('',(#8591,#8614,#8615,#8638));
#8591 = ORIENTED_EDGE('',*,*,#8592,.F.);
#8592 = EDGE_CURVE('',#6459,#8593,#8595,.T.);
#8593 = VERTEX_POINT('',#8594);
#8594 = CARTESIAN_POINT('',(16.75,67.75,32.));
#8595 = SURFACE_CURVE('',#8596,(#8600,#8607),.PCURVE_S1.);
#8596 = LINE('',#8597,#8598);
#8597 = CARTESIAN_POINT('',(16.75,67.75,24.));
#8598 = VECTOR('',#8599,1.);
#8599 = DIRECTION('',(0.,0.,1.));
#8600 = PCURVE('',#6517,#8601);
#8601 = DEFINITIONAL_REPRESENTATION('',(#8602),#8606);
#8602 = LINE('',#8603,#8604);
#8603 = CARTESIAN_POINT('',(0.,0.));
#8604 = VECTOR('',#8605,1.);
#8605 = DIRECTION('',(1.,0.));
#8606 = ( GEOMETRIC_REPRESENTATION_CONTEXT(2) 
PARAMETRIC_REPRESENTATION_CONTEXT() REPRESENTATION_CONTEXT('2D SPACE',''
  ) );
#8607 = PCURVE('',#6623,#8608);
#8608 = DEFINITIONAL_REPRESENTATION('',(#8609),#8613);
#8609 = LINE('',#8610,#8611);
#8610 = CARTESIAN_POINT('',(0.,33.5));
#8611 = VECTOR('',#8612,1.);
#8612 = DIRECTION('',(1.,0.));
#8613 = ( GEOMETRIC_REPRESENTATION_CONTEXT(2) 
PARAMETRIC_REPRESENTATION_CONTEXT() REPRESENTATION_CONTEXT('2D SPACE',''
  ) );
#8614 = ORIENTED_EDGE('',*,*,#6504,.T.);
#8615 = ORIENTED_EDGE('',*,*,#8616,.T.);
#8616 = EDGE_CURVE('',#6483,#8617,#8619,.T.);
#8617 = VERTEX_POINT('',#8618);
#8618 = CARTESIAN_POINT('',(16.75,101.25,32.));
#8619 = SURFACE_CURVE('',#8620,(#8624,#8631),.PCURVE_S1.);
#8620 = LINE('',#8621,#8622);
#8621 = CARTESIAN_POINT('',(16.75,101.25,24.));
#8622 = VECTOR('',#8623,1.);
#8623 = DIRECTION('',(0.,0.,1.));
#8624 = PCURVE('',#6517,#8625);
#8625 = DEFINITIONAL_REPRESENTATION('',(#8626),#8630);
#8626 = LINE('',#8627,#8628);
#8627 = CARTESIAN_POINT('',(0.,-33.5));
#8628 = VECTOR('',#8629,1.);
#8629 = DIRECTION('',(1.,0.));
#8630 = ( GEOMETRIC_REPRESENTATION_CONTEXT(2) 
PARAMETRIC_REPRESENTATION_CONTEXT() REPRESENTATION_CONTEXT('2D SPACE',''
  ) );
#8631 = PCURVE('',#8567,#8632);
#8632 = DEFINITIONAL_REPRESENTATION('',(#8633),#8637);
#8633 = LINE('',#8634,#8635);
#8634 = CARTESIAN_POINT('',(0.,33.5));
#8635 = VECTOR('',#8636,1.);
#8636 = DIRECTION('',(1.,0.));
#8637 = ( GEOMETRIC_REPRESENTATION_CONTEXT(2) 
PARAMETRIC_REPRESENTATION_CONTEXT() REPRESENTATION_CONTEXT('2D SPACE',''
  ) );
#8638 = ORIENTED_EDGE('',*,*,#8639,.F.);
#8639 = EDGE_CURVE('',#8593,#8617,#8640,.T.);
#8640 = SURFACE_CURVE('',#8641,(#8645,#8652),.PCURVE_S1.);
#8641 = LINE('',#8642,#8643);
#8642 = CARTESIAN_POINT('',(16.75,67.75,32.));
#8643 = VECTOR('',#8644,1.);
#8644 = DIRECTION('',(0.,1.,0.));
#8645 = PCURVE('',#6517,#8646);
#8646 = DEFINITIONAL_REPRESENTATION('',(#8647),#8651);
#8647 = LINE('',#8648,#8649);
#8648 = CARTESIAN_POINT('',(8.,0.));
#8649 = VECTOR('',#8650,1.);
#8650 = DIRECTION('',(0.,-1.));
#8651 = ( GEOMETRIC_REPRESENTATION_CONTEXT(2) 
PARAMETRIC_REPRESENTATION_CONTEXT() REPRESENTATION_CONTEXT('2D SPACE',''
  ) );
#8652 = PCURVE('',#8653,#8658);
#8653 = PLANE('',#8654);
#8654 = AXIS2_PLACEMENT_3D('',#8655,#8656,#8657);
#8655 = CARTESIAN_POINT('',(-16.75,67.75,32.));
#8656 = DIRECTION('',(0.,0.,1.));
#8657 = DIRECTION('',(1.,0.,0.));
#8658 = DEFINITIONAL_REPRESENTATION('',(#8659),#8663);
#8659 = LINE('',#8660,#8661);
#8660 = CARTESIAN_POINT('',(33.5,0.));
#8661 = VECTOR('',#8662,1.);
#8662 = DIRECTION('',(0.,1.));
#8663 = ( GEOMETRIC_REPRESENTATION_CONTEXT(2) 
PARAMETRIC_REPRESENTATION_CONTEXT() REPRESENTATION_CONTEXT('2D SPACE',''
  ) );
#8664 = ADVANCED_FACE('',(#8665),#6571,.F.);
#8665 = FACE_BOUND('',#8666,.F.);
#8666 = EDGE_LOOP('',(#8667,#8690,#8691,#8714));
#8667 = ORIENTED_EDGE('',*,*,#8668,.F.);
#8668 = EDGE_CURVE('',#6535,#8669,#8671,.T.);
#8669 = VERTEX_POINT('',#8670);
#8670 = CARTESIAN_POINT('',(-16.75,67.75,32.));
#8671 = SURFACE_CURVE('',#8672,(#8676,#8683),.PCURVE_S1.);
#8672 = LINE('',#8673,#8674);
#8673 = CARTESIAN_POINT('',(-16.75,67.75,24.));
#8674 = VECTOR('',#8675,1.);
#8675 = DIRECTION('',(0.,0.,1.));
#8676 = PCURVE('',#6571,#8677);
#8677 = DEFINITIONAL_REPRESENTATION('',(#8678),#8682);
#8678 = LINE('',#8679,#8680);
#8679 = CARTESIAN_POINT('',(0.,0.));
#8680 = VECTOR('',#8681,1.);
#8681 = DIRECTION('',(1.,0.));
#8682 = ( GEOMETRIC_REPRESENTATION_CONTEXT(2) 
PARAMETRIC_REPRESENTATION_CONTEXT() REPRESENTATION_CONTEXT('2D SPACE',''
  ) );
#8683 = PCURVE('',#6670,#8684);
#8684 = DEFINITIONAL_REPRESENTATION('',(#8685),#8689);
#8685 = LINE('',#8686,#8687);
#8686 = CARTESIAN_POINT('',(0.,0.));
#8687 = VECTOR('',#8688,1.);
#8688 = DIRECTION('',(1.,0.));
#8689 = ( GEOMETRIC_REPRESENTATION_CONTEXT(2) 
PARAMETRIC_REPRESENTATION_CONTEXT() REPRESENTATION_CONTEXT('2D SPACE',''
  ) );
#8690 = ORIENTED_EDGE('',*,*,#6556,.T.);
#8691 = ORIENTED_EDGE('',*,*,#8692,.T.);
#8692 = EDGE_CURVE('',#6557,#8693,#8695,.T.);
#8693 = VERTEX_POINT('',#8694);
#8694 = CARTESIAN_POINT('',(-16.75,101.25,32.));
#8695 = SURFACE_CURVE('',#8696,(#8700,#8707),.PCURVE_S1.);
#8696 = LINE('',#8697,#8698);
#8697 = CARTESIAN_POINT('',(-16.75,101.25,24.));
#8698 = VECTOR('',#8699,1.);
#8699 = DIRECTION('',(0.,0.,1.));
#8700 = PCURVE('',#6571,#8701);
#8701 = DEFINITIONAL_REPRESENTATION('',(#8702),#8706);
#8702 = LINE('',#8703,#8704);
#8703 = CARTESIAN_POINT('',(0.,-33.5));
#8704 = VECTOR('',#8705,1.);
#8705 = DIRECTION('',(1.,0.));
#8706 = ( GEOMETRIC_REPRESENTATION_CONTEXT(2) 
PARAMETRIC_REPRESENTATION_CONTEXT() REPRESENTATION_CONTEXT('2D SPACE',''
  ) );
#8707 = PCURVE('',#8567,#8708);
#8708 = DEFINITIONAL_REPRESENTATION('',(#8709),#8713);
#8709 = LINE('',#8710,#8711);
#8710 = CARTESIAN_POINT('',(0.,0.));
#8711 = VECTOR('',#8712,1.);
#8712 = DIRECTION('',(1.,0.));
#8713 = ( GEOMETRIC_REPRESENTATION_CONTEXT(2) 
PARAMETRIC_REPRESENTATION_CONTEXT() REPRESENTATION_CONTEXT('2D SPACE',''
  ) );
#8714 = ORIENTED_EDGE('',*,*,#8715,.F.);
#8715 = EDGE_CURVE('',#8669,#8693,#8716,.T.);
#8716 = SURFACE_CURVE('',#8717,(#8721,#8728),.PCURVE_S1.);
#8717 = LINE('',#8718,#8719);
#8718 = CARTESIAN_POINT('',(-16.75,67.75,32.));
#8719 = VECTOR('',#8720,1.);
#8720 = DIRECTION('',(0.,1.,0.));
#8721 = PCURVE('',#6571,#8722);
#8722 = DEFINITIONAL_REPRESENTATION('',(#8723),#8727);
#8723 = LINE('',#8724,#8725);
#8724 = CARTESIAN_POINT('',(8.,0.));
#8725 = VECTOR('',#8726,1.);
#8726 = DIRECTION('',(0.,-1.));
#8727 = ( GEOMETRIC_REPRESENTATION_CONTEXT(2) 
PARAMETRIC_REPRESENTATION_CONTEXT() REPRESENTATION_CONTEXT('2D SPACE',''
  ) );
#8728 = PCURVE('',#8653,#8729);
#8729 = DEFINITIONAL_REPRESENTATION('',(#8730),#8734);
#8730 = LINE('',#8731,#8732);
#8731 = CARTESIAN_POINT('',(0.,0.));
#8732 = VECTOR('',#8733,1.);
#8733 = DIRECTION('',(0.,1.));
#8734 = ( GEOMETRIC_REPRESENTATION_CONTEXT(2) 
PARAMETRIC_REPRESENTATION_CONTEXT() REPRESENTATION_CONTEXT('2D SPACE',''
  ) );
#8735 = ADVANCED_FACE('',(#8736),#6670,.F.);
#8736 = FACE_BOUND('',#8737,.F.);
#8737 = EDGE_LOOP('',(#8738,#8739,#8740,#8763));
#8738 = ORIENTED_EDGE('',*,*,#6657,.F.);
#8739 = ORIENTED_EDGE('',*,*,#8668,.T.);
#8740 = ORIENTED_EDGE('',*,*,#8741,.T.);
#8741 = EDGE_CURVE('',#8669,#8742,#8744,.T.);
#8742 = VERTEX_POINT('',#8743);
#8743 = CARTESIAN_POINT('',(8.65,67.75,32.));
#8744 = SURFACE_CURVE('',#8745,(#8749,#8756),.PCURVE_S1.);
#8745 = LINE('',#8746,#8747);
#8746 = CARTESIAN_POINT('',(-16.75,67.75,32.));
#8747 = VECTOR('',#8748,1.);
#8748 = DIRECTION('',(1.,0.,0.));
#8749 = PCURVE('',#6670,#8750);
#8750 = DEFINITIONAL_REPRESENTATION('',(#8751),#8755);
#8751 = LINE('',#8752,#8753);
#8752 = CARTESIAN_POINT('',(8.,0.));
#8753 = VECTOR('',#8754,1.);
#8754 = DIRECTION('',(0.,1.));
#8755 = ( GEOMETRIC_REPRESENTATION_CONTEXT(2) 
PARAMETRIC_REPRESENTATION_CONTEXT() REPRESENTATION_CONTEXT('2D SPACE',''
  ) );
#8756 = PCURVE('',#8653,#8757);
#8757 = DEFINITIONAL_REPRESENTATION('',(#8758),#8762);
#8758 = LINE('',#8759,#8760);
#8759 = CARTESIAN_POINT('',(0.,0.));
#8760 = VECTOR('',#8761,1.);
#8761 = DIRECTION('',(1.,0.));
#8762 = ( GEOMETRIC_REPRESENTATION_CONTEXT(2) 
PARAMETRIC_REPRESENTATION_CONTEXT() REPRESENTATION_CONTEXT('2D SPACE',''
  ) );
#8763 = ORIENTED_EDGE('',*,*,#8764,.T.);
#8764 = EDGE_CURVE('',#8742,#6636,#8765,.T.);
#8765 = SURFACE_CURVE('',#8766,(#8770,#8776),.PCURVE_S1.);
#8766 = LINE('',#8767,#8768);
#8767 = CARTESIAN_POINT('',(8.65,67.75,24.));
#8768 = VECTOR('',#8769,1.);
#8769 = DIRECTION('',(0.,0.,-1.));
#8770 = PCURVE('',#6670,#8771);
#8771 = DEFINITIONAL_REPRESENTATION('',(#8772),#8775);
#8772 = B_SPLINE_CURVE_WITH_KNOTS('',1,(#8773,#8774),.UNSPECIFIED.,.F.,
  .F.,(2,2),(-8.,0.),.PIECEWISE_BEZIER_KNOTS.);
#8773 = CARTESIAN_POINT('',(8.,25.4));
#8774 = CARTESIAN_POINT('',(0.,25.4));
#8775 = ( GEOMETRIC_REPRESENTATION_CONTEXT(2) 
PARAMETRIC_REPRESENTATION_CONTEXT() REPRESENTATION_CONTEXT('2D SPACE',''
  ) );
#8776 = PCURVE('',#8263,#8777);
#8777 = DEFINITIONAL_REPRESENTATION('',(#8778),#8781);
#8778 = B_SPLINE_CURVE_WITH_KNOTS('',1,(#8779,#8780),.UNSPECIFIED.,.F.,
  .F.,(2,2),(-8.,0.),.PIECEWISE_BEZIER_KNOTS.);
#8779 = CARTESIAN_POINT('',(8.,-1.4));
#8780 = CARTESIAN_POINT('',(0.,-1.4));
#8781 = ( GEOMETRIC_REPRESENTATION_CONTEXT(2) 
PARAMETRIC_REPRESENTATION_CONTEXT() REPRESENTATION_CONTEXT('2D SPACE',''
  ) );
#8782 = ADVANCED_FACE('',(#8783),#6623,.F.);
#8783 = FACE_BOUND('',#8784,.F.);
#8784 = EDGE_LOOP('',(#8785,#8786,#8807,#8828));
#8785 = ORIENTED_EDGE('',*,*,#6608,.F.);
#8786 = ORIENTED_EDGE('',*,*,#8787,.F.);
#8787 = EDGE_CURVE('',#8788,#6609,#8790,.T.);
#8788 = VERTEX_POINT('',#8789);
#8789 = CARTESIAN_POINT('',(13.15,67.75,32.));
#8790 = SURFACE_CURVE('',#8791,(#8795,#8801),.PCURVE_S1.);
#8791 = LINE('',#8792,#8793);
#8792 = CARTESIAN_POINT('',(13.15,67.75,24.));
#8793 = VECTOR('',#8794,1.);
#8794 = DIRECTION('',(0.,0.,-1.));
#8795 = PCURVE('',#6623,#8796);
#8796 = DEFINITIONAL_REPRESENTATION('',(#8797),#8800);
#8797 = B_SPLINE_CURVE_WITH_KNOTS('',1,(#8798,#8799),.UNSPECIFIED.,.F.,
  .F.,(2,2),(-8.,0.),.PIECEWISE_BEZIER_KNOTS.);
#8798 = CARTESIAN_POINT('',(8.,29.9));
#8799 = CARTESIAN_POINT('',(0.,29.9));
#8800 = ( GEOMETRIC_REPRESENTATION_CONTEXT(2) 
PARAMETRIC_REPRESENTATION_CONTEXT() REPRESENTATION_CONTEXT('2D SPACE',''
  ) );
#8801 = PCURVE('',#8429,#8802);
#8802 = DEFINITIONAL_REPRESENTATION('',(#8803),#8806);
#8803 = B_SPLINE_CURVE_WITH_KNOTS('',1,(#8804,#8805),.UNSPECIFIED.,.F.,
  .F.,(2,2),(-8.,0.),.PIECEWISE_BEZIER_KNOTS.);
#8804 = CARTESIAN_POINT('',(8.,-1.4));
#8805 = CARTESIAN_POINT('',(0.,-1.4));
#8806 = ( GEOMETRIC_REPRESENTATION_CONTEXT(2) 
PARAMETRIC_REPRESENTATION_CONTEXT() REPRESENTATION_CONTEXT('2D SPACE',''
  ) );
#8807 = ORIENTED_EDGE('',*,*,#8808,.T.);
#8808 = EDGE_CURVE('',#8788,#8593,#8809,.T.);
#8809 = SURFACE_CURVE('',#8810,(#8814,#8821),.PCURVE_S1.);
#8810 = LINE('',#8811,#8812);
#8811 = CARTESIAN_POINT('',(-16.75,67.75,32.));
#8812 = VECTOR('',#8813,1.);
#8813 = DIRECTION('',(1.,0.,0.));
#8814 = PCURVE('',#6623,#8815);
#8815 = DEFINITIONAL_REPRESENTATION('',(#8816),#8820);
#8816 = LINE('',#8817,#8818);
#8817 = CARTESIAN_POINT('',(8.,0.));
#8818 = VECTOR('',#8819,1.);
#8819 = DIRECTION('',(0.,1.));
#8820 = ( GEOMETRIC_REPRESENTATION_CONTEXT(2) 
PARAMETRIC_REPRESENTATION_CONTEXT() REPRESENTATION_CONTEXT('2D SPACE',''
  ) );
#8821 = PCURVE('',#8653,#8822);
#8822 = DEFINITIONAL_REPRESENTATION('',(#8823),#8827);
#8823 = LINE('',#8824,#8825);
#8824 = CARTESIAN_POINT('',(0.,0.));
#8825 = VECTOR('',#8826,1.);
#8826 = DIRECTION('',(1.,0.));
#8827 = ( GEOMETRIC_REPRESENTATION_CONTEXT(2) 
PARAMETRIC_REPRESENTATION_CONTEXT() REPRESENTATION_CONTEXT('2D SPACE',''
  ) );
#8828 = ORIENTED_EDGE('',*,*,#8592,.F.);
#8829 = ADVANCED_FACE('',(#8830),#6747,.T.);
#8830 = FACE_BOUND('',#8831,.T.);
#8831 = EDGE_LOOP('',(#8832,#8833,#8834,#8835,#8836,#8857));
#8832 = ORIENTED_EDGE('',*,*,#6787,.F.);
#8833 = ORIENTED_EDGE('',*,*,#6733,.F.);
#8834 = ORIENTED_EDGE('',*,*,#6865,.T.);
#8835 = ORIENTED_EDGE('',*,*,#6912,.T.);
#8836 = ORIENTED_EDGE('',*,*,#8837,.T.);
#8837 = EDGE_CURVE('',#6913,#8838,#8840,.T.);
#8838 = VERTEX_POINT('',#8839);
#8839 = CARTESIAN_POINT('',(-77.,-62.8,16.1));
#8840 = SURFACE_CURVE('',#8841,(#8845,#8851),.PCURVE_S1.);
#8841 = LINE('',#8842,#8843);
#8842 = CARTESIAN_POINT('',(-78.,-62.8,16.1));
#8843 = VECTOR('',#8844,1.);
#8844 = DIRECTION('',(-1.,0.,0.));
#8845 = PCURVE('',#6747,#8846);
#8846 = DEFINITIONAL_REPRESENTATION('',(#8847),#8850);
#8847 = B_SPLINE_CURVE_WITH_KNOTS('',1,(#8848,#8849),.UNSPECIFIED.,.F.,
  .F.,(2,2),(-7.,-1.),.PIECEWISE_BEZIER_KNOTS.);
#8848 = CARTESIAN_POINT('',(8.,2.));
#8849 = CARTESIAN_POINT('',(2.,2.));
#8850 = ( GEOMETRIC_REPRESENTATION_CONTEXT(2) 
PARAMETRIC_REPRESENTATION_CONTEXT() REPRESENTATION_CONTEXT('2D SPACE',''
  ) );
#8851 = PCURVE('',#6972,#8852);
#8852 = DEFINITIONAL_REPRESENTATION('',(#8853),#8856);
#8853 = B_SPLINE_CURVE_WITH_KNOTS('',1,(#8854,#8855),.UNSPECIFIED.,.F.,
  .F.,(2,2),(-7.,-1.),.PIECEWISE_BEZIER_KNOTS.);
#8854 = CARTESIAN_POINT('',(3.1,6.));
#8855 = CARTESIAN_POINT('',(3.1,0.));
#8856 = ( GEOMETRIC_REPRESENTATION_CONTEXT(2) 
PARAMETRIC_REPRESENTATION_CONTEXT() REPRESENTATION_CONTEXT('2D SPACE',''
  ) );
#8857 = ORIENTED_EDGE('',*,*,#8858,.T.);
#8858 = EDGE_CURVE('',#8838,#6788,#8859,.T.);
#8859 = SURFACE_CURVE('',#8860,(#8864,#8870),.PCURVE_S1.);
#8860 = LINE('',#8861,#8862);
#8861 = CARTESIAN_POINT('',(-77.,-63.8,16.1));
#8862 = VECTOR('',#8863,1.);
#8863 = DIRECTION('',(0.,1.,0.));
#8864 = PCURVE('',#6747,#8865);
#8865 = DEFINITIONAL_REPRESENTATION('',(#8866),#8869);
#8866 = B_SPLINE_CURVE_WITH_KNOTS('',1,(#8867,#8868),.UNSPECIFIED.,.F.,
  .F.,(2,2),(1.,7.),.PIECEWISE_BEZIER_KNOTS.);
#8867 = CARTESIAN_POINT('',(2.,2.));
#8868 = CARTESIAN_POINT('',(2.,8.));
#8869 = ( GEOMETRIC_REPRESENTATION_CONTEXT(2) 
PARAMETRIC_REPRESENTATION_CONTEXT() REPRESENTATION_CONTEXT('2D SPACE',''
  ) );
#8870 = PCURVE('',#6825,#8871);
#8871 = DEFINITIONAL_REPRESENTATION('',(#8872),#8875);
#8872 = B_SPLINE_CURVE_WITH_KNOTS('',1,(#8873,#8874),.UNSPECIFIED.,.F.,
  .F.,(2,2),(1.,7.),.PIECEWISE_BEZIER_KNOTS.);
#8873 = CARTESIAN_POINT('',(3.1,0.));
#8874 = CARTESIAN_POINT('',(3.1,-6.));
#8875 = ( GEOMETRIC_REPRESENTATION_CONTEXT(2) 
PARAMETRIC_REPRESENTATION_CONTEXT() REPRESENTATION_CONTEXT('2D SPACE',''
  ) );
#8876 = ADVANCED_FACE('',(#8877),#6849,.T.);
#8877 = FACE_BOUND('',#8878,.T.);
#8878 = EDGE_LOOP('',(#8879,#8902,#8923,#8924));
#8879 = ORIENTED_EDGE('',*,*,#8880,.F.);
#8880 = EDGE_CURVE('',#8881,#6811,#8883,.T.);
#8881 = VERTEX_POINT('',#8882);
#8882 = CARTESIAN_POINT('',(-77.,-62.8,13.));
#8883 = SURFACE_CURVE('',#8884,(#8888,#8895),.PCURVE_S1.);
#8884 = LINE('',#8885,#8886);
#8885 = CARTESIAN_POINT('',(-77.,-62.8,13.));
#8886 = VECTOR('',#8887,1.);
#8887 = DIRECTION('',(0.,1.,0.));
#8888 = PCURVE('',#6849,#8889);
#8889 = DEFINITIONAL_REPRESENTATION('',(#8890),#8894);
#8890 = LINE('',#8891,#8892);
#8891 = CARTESIAN_POINT('',(0.,0.));
#8892 = VECTOR('',#8893,1.);
#8893 = DIRECTION('',(0.,1.));
#8894 = ( GEOMETRIC_REPRESENTATION_CONTEXT(2) 
PARAMETRIC_REPRESENTATION_CONTEXT() REPRESENTATION_CONTEXT('2D SPACE',''
  ) );
#8895 = PCURVE('',#6825,#8896);
#8896 = DEFINITIONAL_REPRESENTATION('',(#8897),#8901);
#8897 = LINE('',#8898,#8899);
#8898 = CARTESIAN_POINT('',(0.,0.));
#8899 = VECTOR('',#8900,1.);
#8900 = DIRECTION('',(0.,-1.));
#8901 = ( GEOMETRIC_REPRESENTATION_CONTEXT(2) 
PARAMETRIC_REPRESENTATION_CONTEXT() REPRESENTATION_CONTEXT('2D SPACE',''
  ) );
#8902 = ORIENTED_EDGE('',*,*,#8903,.T.);
#8903 = EDGE_CURVE('',#8881,#6939,#8904,.T.);
#8904 = SURFACE_CURVE('',#8905,(#8909,#8916),.PCURVE_S1.);
#8905 = LINE('',#8906,#8907);
#8906 = CARTESIAN_POINT('',(-77.,-62.8,13.));
#8907 = VECTOR('',#8908,1.);
#8908 = DIRECTION('',(1.,0.,0.));
#8909 = PCURVE('',#6849,#8910);
#8910 = DEFINITIONAL_REPRESENTATION('',(#8911),#8915);
#8911 = LINE('',#8912,#8913);
#8912 = CARTESIAN_POINT('',(0.,0.));
#8913 = VECTOR('',#8914,1.);
#8914 = DIRECTION('',(1.,0.));
#8915 = ( GEOMETRIC_REPRESENTATION_CONTEXT(2) 
PARAMETRIC_REPRESENTATION_CONTEXT() REPRESENTATION_CONTEXT('2D SPACE',''
  ) );
#8916 = PCURVE('',#6972,#8917);
#8917 = DEFINITIONAL_REPRESENTATION('',(#8918),#8922);
#8918 = LINE('',#8919,#8920);
#8919 = CARTESIAN_POINT('',(0.,0.));
#8920 = VECTOR('',#8921,1.);
#8921 = DIRECTION('',(0.,1.));
#8922 = ( GEOMETRIC_REPRESENTATION_CONTEXT(2) 
PARAMETRIC_REPRESENTATION_CONTEXT() REPRESENTATION_CONTEXT('2D SPACE',''
  ) );
#8923 = ORIENTED_EDGE('',*,*,#6938,.F.);
#8924 = ORIENTED_EDGE('',*,*,#6836,.F.);
#8925 = ADVANCED_FACE('',(#8926),#6825,.T.);
#8926 = FACE_BOUND('',#8927,.T.);
#8927 = EDGE_LOOP('',(#8928,#8949,#8950,#8951));
#8928 = ORIENTED_EDGE('',*,*,#8929,.F.);
#8929 = EDGE_CURVE('',#8881,#8838,#8930,.T.);
#8930 = SURFACE_CURVE('',#8931,(#8935,#8942),.PCURVE_S1.);
#8931 = LINE('',#8932,#8933);
#8932 = CARTESIAN_POINT('',(-77.,-62.8,13.));
#8933 = VECTOR('',#8934,1.);
#8934 = DIRECTION('',(0.,0.,1.));
#8935 = PCURVE('',#6825,#8936);
#8936 = DEFINITIONAL_REPRESENTATION('',(#8937),#8941);
#8937 = LINE('',#8938,#8939);
#8938 = CARTESIAN_POINT('',(0.,0.));
#8939 = VECTOR('',#8940,1.);
#8940 = DIRECTION('',(1.,0.));
#8941 = ( GEOMETRIC_REPRESENTATION_CONTEXT(2) 
PARAMETRIC_REPRESENTATION_CONTEXT() REPRESENTATION_CONTEXT('2D SPACE',''
  ) );
#8942 = PCURVE('',#6972,#8943);
#8943 = DEFINITIONAL_REPRESENTATION('',(#8944),#8948);
#8944 = LINE('',#8945,#8946);
#8945 = CARTESIAN_POINT('',(0.,0.));
#8946 = VECTOR('',#8947,1.);
#8947 = DIRECTION('',(1.,0.));
#8948 = ( GEOMETRIC_REPRESENTATION_CONTEXT(2) 
PARAMETRIC_REPRESENTATION_CONTEXT() REPRESENTATION_CONTEXT('2D SPACE',''
  ) );
#8949 = ORIENTED_EDGE('',*,*,#8880,.T.);
#8950 = ORIENTED_EDGE('',*,*,#6810,.F.);
#8951 = ORIENTED_EDGE('',*,*,#8858,.F.);
#8952 = ADVANCED_FACE('',(#8953),#6972,.T.);
#8953 = FACE_BOUND('',#8954,.T.);
#8954 = EDGE_LOOP('',(#8955,#8956,#8957,#8958));
#8955 = ORIENTED_EDGE('',*,*,#8903,.F.);
#8956 = ORIENTED_EDGE('',*,*,#8929,.T.);
#8957 = ORIENTED_EDGE('',*,*,#8837,.F.);
#8958 = ORIENTED_EDGE('',*,*,#6959,.F.);
#8959 = ADVANCED_FACE('',(#8960),#7004,.T.);
#8960 = FACE_BOUND('',#8961,.T.);
#8961 = EDGE_LOOP('',(#8962,#8963,#8964,#8965,#8966,#8987));
#8962 = ORIENTED_EDGE('',*,*,#6986,.F.);
#8963 = ORIENTED_EDGE('',*,*,#7212,.T.);
#8964 = ORIENTED_EDGE('',*,*,#7262,.T.);
#8965 = ORIENTED_EDGE('',*,*,#7186,.F.);
#8966 = ORIENTED_EDGE('',*,*,#8967,.F.);
#8967 = EDGE_CURVE('',#8968,#7161,#8970,.T.);
#8968 = VERTEX_POINT('',#8969);
#8969 = CARTESIAN_POINT('',(-0.4,-62.8,16.1));
#8970 = SURFACE_CURVE('',#8971,(#8975,#8981),.PCURVE_S1.);
#8971 = LINE('',#8972,#8973);
#8972 = CARTESIAN_POINT('',(-0.4,-63.8,16.1));
#8973 = VECTOR('',#8974,1.);
#8974 = DIRECTION('',(0.,1.,0.));
#8975 = PCURVE('',#7004,#8976);
#8976 = DEFINITIONAL_REPRESENTATION('',(#8977),#8980);
#8977 = B_SPLINE_CURVE_WITH_KNOTS('',1,(#8978,#8979),.UNSPECIFIED.,.F.,
  .F.,(2,2),(1.,7.),.PIECEWISE_BEZIER_KNOTS.);
#8978 = CARTESIAN_POINT('',(6.,2.));
#8979 = CARTESIAN_POINT('',(6.,8.));
#8980 = ( GEOMETRIC_REPRESENTATION_CONTEXT(2) 
PARAMETRIC_REPRESENTATION_CONTEXT() REPRESENTATION_CONTEXT('2D SPACE',''
  ) );
#8981 = PCURVE('',#7175,#8982);
#8982 = DEFINITIONAL_REPRESENTATION('',(#8983),#8986);
#8983 = B_SPLINE_CURVE_WITH_KNOTS('',1,(#8984,#8985),.UNSPECIFIED.,.F.,
  .F.,(2,2),(1.,7.),.PIECEWISE_BEZIER_KNOTS.);
#8984 = CARTESIAN_POINT('',(3.1,0.));
#8985 = CARTESIAN_POINT('',(3.1,-6.));
#8986 = ( GEOMETRIC_REPRESENTATION_CONTEXT(2) 
PARAMETRIC_REPRESENTATION_CONTEXT() REPRESENTATION_CONTEXT('2D SPACE',''
  ) );
#8987 = ORIENTED_EDGE('',*,*,#8988,.T.);
#8988 = EDGE_CURVE('',#8968,#6989,#8989,.T.);
#8989 = SURFACE_CURVE('',#8990,(#8994,#9000),.PCURVE_S1.);
#8990 = LINE('',#8991,#8992);
#8991 = CARTESIAN_POINT('',(-41.7,-62.8,16.1));
#8992 = VECTOR('',#8993,1.);
#8993 = DIRECTION('',(-1.,0.,0.));
#8994 = PCURVE('',#7004,#8995);
#8995 = DEFINITIONAL_REPRESENTATION('',(#8996),#8999);
#8996 = B_SPLINE_CURVE_WITH_KNOTS('',1,(#8997,#8998),.UNSPECIFIED.,.F.,
  .F.,(2,2),(-41.3,-35.3),.PIECEWISE_BEZIER_KNOTS.);
#8997 = CARTESIAN_POINT('',(6.,2.));
#8998 = CARTESIAN_POINT('',(0.,2.));
#8999 = ( GEOMETRIC_REPRESENTATION_CONTEXT(2) 
PARAMETRIC_REPRESENTATION_CONTEXT() REPRESENTATION_CONTEXT('2D SPACE',''
  ) );
#9000 = PCURVE('',#7100,#9001);
#9001 = DEFINITIONAL_REPRESENTATION('',(#9002),#9005);
#9002 = B_SPLINE_CURVE_WITH_KNOTS('',1,(#9003,#9004),.UNSPECIFIED.,.F.,
  .F.,(2,2),(-41.3,-35.3),.PIECEWISE_BEZIER_KNOTS.);
#9003 = CARTESIAN_POINT('',(3.1,76.6));
#9004 = CARTESIAN_POINT('',(3.1,70.6));
#9005 = ( GEOMETRIC_REPRESENTATION_CONTEXT(2) 
PARAMETRIC_REPRESENTATION_CONTEXT() REPRESENTATION_CONTEXT('2D SPACE',''
  ) );
#9006 = ADVANCED_FACE('',(#9007),#7100,.T.);
#9007 = FACE_BOUND('',#9008,.T.);
#9008 = EDGE_LOOP('',(#9009,#9032,#9033,#9034));
#9009 = ORIENTED_EDGE('',*,*,#9010,.F.);
#9010 = EDGE_CURVE('',#7062,#9011,#9013,.T.);
#9011 = VERTEX_POINT('',#9012);
#9012 = CARTESIAN_POINT('',(-0.4,-62.8,13.));
#9013 = SURFACE_CURVE('',#9014,(#9018,#9025),.PCURVE_S1.);
#9014 = LINE('',#9015,#9016);
#9015 = CARTESIAN_POINT('',(-77.,-62.8,13.));
#9016 = VECTOR('',#9017,1.);
#9017 = DIRECTION('',(1.,0.,0.));
#9018 = PCURVE('',#7100,#9019);
#9019 = DEFINITIONAL_REPRESENTATION('',(#9020),#9024);
#9020 = LINE('',#9021,#9022);
#9021 = CARTESIAN_POINT('',(0.,0.));
#9022 = VECTOR('',#9023,1.);
#9023 = DIRECTION('',(0.,1.));
#9024 = ( GEOMETRIC_REPRESENTATION_CONTEXT(2) 
PARAMETRIC_REPRESENTATION_CONTEXT() REPRESENTATION_CONTEXT('2D SPACE',''
  ) );
#9025 = PCURVE('',#7076,#9026);
#9026 = DEFINITIONAL_REPRESENTATION('',(#9027),#9031);
#9027 = LINE('',#9028,#9029);
#9028 = CARTESIAN_POINT('',(0.,0.));
#9029 = VECTOR('',#9030,1.);
#9030 = DIRECTION('',(1.,0.));
#9031 = ( GEOMETRIC_REPRESENTATION_CONTEXT(2) 
PARAMETRIC_REPRESENTATION_CONTEXT() REPRESENTATION_CONTEXT('2D SPACE',''
  ) );
#9032 = ORIENTED_EDGE('',*,*,#7087,.T.);
#9033 = ORIENTED_EDGE('',*,*,#8988,.F.);
#9034 = ORIENTED_EDGE('',*,*,#9035,.F.);
#9035 = EDGE_CURVE('',#9011,#8968,#9036,.T.);
#9036 = SURFACE_CURVE('',#9037,(#9041,#9048),.PCURVE_S1.);
#9037 = LINE('',#9038,#9039);
#9038 = CARTESIAN_POINT('',(-0.4,-62.8,13.));
#9039 = VECTOR('',#9040,1.);
#9040 = DIRECTION('',(0.,0.,1.));
#9041 = PCURVE('',#7100,#9042);
#9042 = DEFINITIONAL_REPRESENTATION('',(#9043),#9047);
#9043 = LINE('',#9044,#9045);
#9044 = CARTESIAN_POINT('',(0.,76.6));
#9045 = VECTOR('',#9046,1.);
#9046 = DIRECTION('',(1.,0.));
#9047 = ( GEOMETRIC_REPRESENTATION_CONTEXT(2) 
PARAMETRIC_REPRESENTATION_CONTEXT() REPRESENTATION_CONTEXT('2D SPACE',''
  ) );
#9048 = PCURVE('',#7175,#9049);
#9049 = DEFINITIONAL_REPRESENTATION('',(#9050),#9054);
#9050 = LINE('',#9051,#9052);
#9051 = CARTESIAN_POINT('',(0.,0.));
#9052 = VECTOR('',#9053,1.);
#9053 = DIRECTION('',(1.,0.));
#9054 = ( GEOMETRIC_REPRESENTATION_CONTEXT(2) 
PARAMETRIC_REPRESENTATION_CONTEXT() REPRESENTATION_CONTEXT('2D SPACE',''
  ) );
#9055 = ADVANCED_FACE('',(#9056),#7076,.T.);
#9056 = FACE_BOUND('',#9057,.T.);
#9057 = EDGE_LOOP('',(#9058,#9059,#9060,#9081));
#9058 = ORIENTED_EDGE('',*,*,#7061,.T.);
#9059 = ORIENTED_EDGE('',*,*,#9010,.T.);
#9060 = ORIENTED_EDGE('',*,*,#9061,.T.);
#9061 = EDGE_CURVE('',#9011,#7140,#9062,.T.);
#9062 = SURFACE_CURVE('',#9063,(#9067,#9074),.PCURVE_S1.);
#9063 = LINE('',#9064,#9065);
#9064 = CARTESIAN_POINT('',(-0.4,-62.8,13.));
#9065 = VECTOR('',#9066,1.);
#9066 = DIRECTION('',(0.,1.,0.));
#9067 = PCURVE('',#7076,#9068);
#9068 = DEFINITIONAL_REPRESENTATION('',(#9069),#9073);
#9069 = LINE('',#9070,#9071);
#9070 = CARTESIAN_POINT('',(76.6,0.));
#9071 = VECTOR('',#9072,1.);
#9072 = DIRECTION('',(0.,1.));
#9073 = ( GEOMETRIC_REPRESENTATION_CONTEXT(2) 
PARAMETRIC_REPRESENTATION_CONTEXT() REPRESENTATION_CONTEXT('2D SPACE',''
  ) );
#9074 = PCURVE('',#7175,#9075);
#9075 = DEFINITIONAL_REPRESENTATION('',(#9076),#9080);
#9076 = LINE('',#9077,#9078);
#9077 = CARTESIAN_POINT('',(0.,0.));
#9078 = VECTOR('',#9079,1.);
#9079 = DIRECTION('',(0.,-1.));
#9080 = ( GEOMETRIC_REPRESENTATION_CONTEXT(2) 
PARAMETRIC_REPRESENTATION_CONTEXT() REPRESENTATION_CONTEXT('2D SPACE',''
  ) );
#9081 = ORIENTED_EDGE('',*,*,#7139,.F.);
#9082 = ADVANCED_FACE('',(#9083),#7175,.F.);
#9083 = FACE_BOUND('',#9084,.F.);
#9084 = EDGE_LOOP('',(#9085,#9086,#9087,#9088));
#9085 = ORIENTED_EDGE('',*,*,#9035,.F.);
#9086 = ORIENTED_EDGE('',*,*,#9061,.T.);
#9087 = ORIENTED_EDGE('',*,*,#7160,.F.);
#9088 = ORIENTED_EDGE('',*,*,#8967,.F.);
#9089 = ADVANCED_FACE('',(#9090),#7324,.T.);
#9090 = FACE_BOUND('',#9091,.F.);
#9091 = EDGE_LOOP('',(#9092));
#9092 = ORIENTED_EDGE('',*,*,#7309,.F.);
#9093 = ADVANCED_FACE('',(#9094,#9097),#7384,.T.);
#9094 = FACE_BOUND('',#9095,.T.);
#9095 = EDGE_LOOP('',(#9096));
#9096 = ORIENTED_EDGE('',*,*,#7369,.T.);
#9097 = FACE_BOUND('',#9098,.T.);
#9098 = EDGE_LOOP('',(#9099));
#9099 = ORIENTED_EDGE('',*,*,#9100,.F.);
#9100 = EDGE_CURVE('',#9101,#9101,#9103,.T.);
#9101 = VERTEX_POINT('',#9102);
#9102 = CARTESIAN_POINT('',(7.7,-48.5,8.));
#9103 = SURFACE_CURVE('',#9104,(#9109,#9116),.PCURVE_S1.);
#9104 = CIRCLE('',#9105,1.2);
#9105 = AXIS2_PLACEMENT_3D('',#9106,#9107,#9108);
#9106 = CARTESIAN_POINT('',(6.5,-48.5,8.));
#9107 = DIRECTION('',(0.,0.,1.));
#9108 = DIRECTION('',(1.,0.,0.));
#9109 = PCURVE('',#7384,#9110);
#9110 = DEFINITIONAL_REPRESENTATION('',(#9111),#9115);
#9111 = CIRCLE('',#9112,1.2);
#9112 = AXIS2_PLACEMENT_2D('',#9113,#9114);
#9113 = CARTESIAN_POINT('',(0.,0.));
#9114 = DIRECTION('',(1.,0.));
#9115 = ( GEOMETRIC_REPRESENTATION_CONTEXT(2) 
PARAMETRIC_REPRESENTATION_CONTEXT() REPRESENTATION_CONTEXT('2D SPACE',''
  ) );
#9116 = PCURVE('',#9117,#9122);
#9117 = CYLINDRICAL_SURFACE('',#9118,1.2);
#9118 = AXIS2_PLACEMENT_3D('',#9119,#9120,#9121);
#9119 = CARTESIAN_POINT('',(6.5,-48.5,8.));
#9120 = DIRECTION('',(-0.,-0.,-1.));
#9121 = DIRECTION('',(1.,0.,0.));
#9122 = DEFINITIONAL_REPRESENTATION('',(#9123),#9127);
#9123 = LINE('',#9124,#9125);
#9124 = CARTESIAN_POINT('',(-0.,0.));
#9125 = VECTOR('',#9126,1.);
#9126 = DIRECTION('',(-1.,0.));
#9127 = ( GEOMETRIC_REPRESENTATION_CONTEXT(2) 
PARAMETRIC_REPRESENTATION_CONTEXT() REPRESENTATION_CONTEXT('2D SPACE',''
  ) );
#9128 = ADVANCED_FACE('',(#9129,#9132),#7439,.T.);
#9129 = FACE_BOUND('',#9130,.T.);
#9130 = EDGE_LOOP('',(#9131));
#9131 = ORIENTED_EDGE('',*,*,#7424,.T.);
#9132 = FACE_BOUND('',#9133,.T.);
#9133 = EDGE_LOOP('',(#9134));
#9134 = ORIENTED_EDGE('',*,*,#9135,.F.);
#9135 = EDGE_CURVE('',#9136,#9136,#9138,.T.);
#9136 = VERTEX_POINT('',#9137);
#9137 = CARTESIAN_POINT('',(56.7,-48.5,8.));
#9138 = SURFACE_CURVE('',#9139,(#9144,#9151),.PCURVE_S1.);
#9139 = CIRCLE('',#9140,1.2);
#9140 = AXIS2_PLACEMENT_3D('',#9141,#9142,#9143);
#9141 = CARTESIAN_POINT('',(55.5,-48.5,8.));
#9142 = DIRECTION('',(0.,0.,1.));
#9143 = DIRECTION('',(1.,0.,0.));
#9144 = PCURVE('',#7439,#9145);
#9145 = DEFINITIONAL_REPRESENTATION('',(#9146),#9150);
#9146 = CIRCLE('',#9147,1.2);
#9147 = AXIS2_PLACEMENT_2D('',#9148,#9149);
#9148 = CARTESIAN_POINT('',(0.,0.));
#9149 = DIRECTION('',(1.,0.));
#9150 = ( GEOMETRIC_REPRESENTATION_CONTEXT(2) 
PARAMETRIC_REPRESENTATION_CONTEXT() REPRESENTATION_CONTEXT('2D SPACE',''
  ) );
#9151 = PCURVE('',#9152,#9157);
#9152 = CYLINDRICAL_SURFACE('',#9153,1.2);
#9153 = AXIS2_PLACEMENT_3D('',#9154,#9155,#9156);
#9154 = CARTESIAN_POINT('',(55.5,-48.5,8.));
#9155 = DIRECTION('',(-0.,-0.,-1.));
#9156 = DIRECTION('',(1.,0.,0.));
#9157 = DEFINITIONAL_REPRESENTATION('',(#9158),#9162);
#9158 = LINE('',#9159,#9160);
#9159 = CARTESIAN_POINT('',(-0.,0.));
#9160 = VECTOR('',#9161,1.);
#9161 = DIRECTION('',(-1.,0.));
#9162 = ( GEOMETRIC_REPRESENTATION_CONTEXT(2) 
PARAMETRIC_REPRESENTATION_CONTEXT() REPRESENTATION_CONTEXT('2D SPACE',''
  ) );
#9163 = ADVANCED_FACE('',(#9164),#7517,.T.);
#9164 = FACE_BOUND('',#9165,.T.);
#9165 = EDGE_LOOP('',(#9166,#9167,#9168,#9169,#9190,#9209));
#9166 = ORIENTED_EDGE('',*,*,#7534,.F.);
#9167 = ORIENTED_EDGE('',*,*,#7503,.F.);
#9168 = ORIENTED_EDGE('',*,*,#7606,.T.);
#9169 = ORIENTED_EDGE('',*,*,#9170,.T.);
#9170 = EDGE_CURVE('',#7607,#9171,#9173,.T.);
#9171 = VERTEX_POINT('',#9172);
#9172 = CARTESIAN_POINT('',(-77.,62.8,16.1));
#9173 = SURFACE_CURVE('',#9174,(#9178,#9184),.PCURVE_S1.);
#9174 = LINE('',#9175,#9176);
#9175 = CARTESIAN_POINT('',(-77.,-3.,16.1));
#9176 = VECTOR('',#9177,1.);
#9177 = DIRECTION('',(0.,1.,0.));
#9178 = PCURVE('',#7517,#9179);
#9179 = DEFINITIONAL_REPRESENTATION('',(#9180),#9183);
#9180 = B_SPLINE_CURVE_WITH_KNOTS('',1,(#9181,#9182),.UNSPECIFIED.,.F.,
  .F.,(2,2),(59.8,65.8),.PIECEWISE_BEZIER_KNOTS.);
#9181 = CARTESIAN_POINT('',(2.,0.));
#9182 = CARTESIAN_POINT('',(2.,6.));
#9183 = ( GEOMETRIC_REPRESENTATION_CONTEXT(2) 
PARAMETRIC_REPRESENTATION_CONTEXT() REPRESENTATION_CONTEXT('2D SPACE',''
  ) );
#9184 = PCURVE('',#7644,#9185);
#9185 = DEFINITIONAL_REPRESENTATION('',(#9186),#9189);
#9186 = B_SPLINE_CURVE_WITH_KNOTS('',1,(#9187,#9188),.UNSPECIFIED.,.F.,
  .F.,(2,2),(59.8,65.8),.PIECEWISE_BEZIER_KNOTS.);
#9187 = CARTESIAN_POINT('',(3.1,-119.6));
#9188 = CARTESIAN_POINT('',(3.1,-125.6));
#9189 = ( GEOMETRIC_REPRESENTATION_CONTEXT(2) 
PARAMETRIC_REPRESENTATION_CONTEXT() REPRESENTATION_CONTEXT('2D SPACE',''
  ) );
#9190 = ORIENTED_EDGE('',*,*,#9191,.F.);
#9191 = EDGE_CURVE('',#7686,#9171,#9192,.T.);
#9192 = SURFACE_CURVE('',#9193,(#9197,#9203),.PCURVE_S1.);
#9193 = LINE('',#9194,#9195);
#9194 = CARTESIAN_POINT('',(-78.,62.8,16.1));
#9195 = VECTOR('',#9196,1.);
#9196 = DIRECTION('',(-1.,0.,0.));
#9197 = PCURVE('',#7517,#9198);
#9198 = DEFINITIONAL_REPRESENTATION('',(#9199),#9202);
#9199 = B_SPLINE_CURVE_WITH_KNOTS('',1,(#9200,#9201),.UNSPECIFIED.,.F.,
  .F.,(2,2),(-7.,-1.),.PIECEWISE_BEZIER_KNOTS.);
#9200 = CARTESIAN_POINT('',(8.,6.));
#9201 = CARTESIAN_POINT('',(2.,6.));
#9202 = ( GEOMETRIC_REPRESENTATION_CONTEXT(2) 
PARAMETRIC_REPRESENTATION_CONTEXT() REPRESENTATION_CONTEXT('2D SPACE',''
  ) );
#9203 = PCURVE('',#7723,#9204);
#9204 = DEFINITIONAL_REPRESENTATION('',(#9205),#9208);
#9205 = B_SPLINE_CURVE_WITH_KNOTS('',1,(#9206,#9207),.UNSPECIFIED.,.F.,
  .F.,(2,2),(-7.,-1.),.PIECEWISE_BEZIER_KNOTS.);
#9206 = CARTESIAN_POINT('',(3.1,6.));
#9207 = CARTESIAN_POINT('',(3.1,0.));
#9208 = ( GEOMETRIC_REPRESENTATION_CONTEXT(2) 
PARAMETRIC_REPRESENTATION_CONTEXT() REPRESENTATION_CONTEXT('2D SPACE',''
  ) );
#9209 = ORIENTED_EDGE('',*,*,#7685,.T.);
#9210 = ADVANCED_FACE('',(#9211),#7668,.T.);
#9211 = FACE_BOUND('',#9212,.T.);
#9212 = EDGE_LOOP('',(#9213,#9236,#9237,#9238));
#9213 = ORIENTED_EDGE('',*,*,#9214,.F.);
#9214 = EDGE_CURVE('',#7630,#9215,#9217,.T.);
#9215 = VERTEX_POINT('',#9216);
#9216 = CARTESIAN_POINT('',(-77.,62.8,13.));
#9217 = SURFACE_CURVE('',#9218,(#9222,#9229),.PCURVE_S1.);
#9218 = LINE('',#9219,#9220);
#9219 = CARTESIAN_POINT('',(-77.,-62.8,13.));
#9220 = VECTOR('',#9221,1.);
#9221 = DIRECTION('',(0.,1.,0.));
#9222 = PCURVE('',#7668,#9223);
#9223 = DEFINITIONAL_REPRESENTATION('',(#9224),#9228);
#9224 = LINE('',#9225,#9226);
#9225 = CARTESIAN_POINT('',(0.,0.));
#9226 = VECTOR('',#9227,1.);
#9227 = DIRECTION('',(0.,1.));
#9228 = ( GEOMETRIC_REPRESENTATION_CONTEXT(2) 
PARAMETRIC_REPRESENTATION_CONTEXT() REPRESENTATION_CONTEXT('2D SPACE',''
  ) );
#9229 = PCURVE('',#7644,#9230);
#9230 = DEFINITIONAL_REPRESENTATION('',(#9231),#9235);
#9231 = LINE('',#9232,#9233);
#9232 = CARTESIAN_POINT('',(0.,0.));
#9233 = VECTOR('',#9234,1.);
#9234 = DIRECTION('',(0.,-1.));
#9235 = ( GEOMETRIC_REPRESENTATION_CONTEXT(2) 
PARAMETRIC_REPRESENTATION_CONTEXT() REPRESENTATION_CONTEXT('2D SPACE',''
  ) );
#9236 = ORIENTED_EDGE('',*,*,#7655,.T.);
#9237 = ORIENTED_EDGE('',*,*,#7734,.F.);
#9238 = ORIENTED_EDGE('',*,*,#9239,.F.);
#9239 = EDGE_CURVE('',#9215,#7709,#9240,.T.);
#9240 = SURFACE_CURVE('',#9241,(#9245,#9252),.PCURVE_S1.);
#9241 = LINE('',#9242,#9243);
#9242 = CARTESIAN_POINT('',(-77.,62.8,13.));
#9243 = VECTOR('',#9244,1.);
#9244 = DIRECTION('',(1.,0.,0.));
#9245 = PCURVE('',#7668,#9246);
#9246 = DEFINITIONAL_REPRESENTATION('',(#9247),#9251);
#9247 = LINE('',#9248,#9249);
#9248 = CARTESIAN_POINT('',(0.,125.6));
#9249 = VECTOR('',#9250,1.);
#9250 = DIRECTION('',(1.,0.));
#9251 = ( GEOMETRIC_REPRESENTATION_CONTEXT(2) 
PARAMETRIC_REPRESENTATION_CONTEXT() REPRESENTATION_CONTEXT('2D SPACE',''
  ) );
#9252 = PCURVE('',#7723,#9253);
#9253 = DEFINITIONAL_REPRESENTATION('',(#9254),#9258);
#9254 = LINE('',#9255,#9256);
#9255 = CARTESIAN_POINT('',(0.,0.));
#9256 = VECTOR('',#9257,1.);
#9257 = DIRECTION('',(0.,1.));
#9258 = ( GEOMETRIC_REPRESENTATION_CONTEXT(2) 
PARAMETRIC_REPRESENTATION_CONTEXT() REPRESENTATION_CONTEXT('2D SPACE',''
  ) );
#9259 = ADVANCED_FACE('',(#9260),#7644,.T.);
#9260 = FACE_BOUND('',#9261,.T.);
#9261 = EDGE_LOOP('',(#9262,#9263,#9264,#9285));
#9262 = ORIENTED_EDGE('',*,*,#7629,.T.);
#9263 = ORIENTED_EDGE('',*,*,#9214,.T.);
#9264 = ORIENTED_EDGE('',*,*,#9265,.T.);
#9265 = EDGE_CURVE('',#9215,#9171,#9266,.T.);
#9266 = SURFACE_CURVE('',#9267,(#9271,#9278),.PCURVE_S1.);
#9267 = LINE('',#9268,#9269);
#9268 = CARTESIAN_POINT('',(-77.,62.8,13.));
#9269 = VECTOR('',#9270,1.);
#9270 = DIRECTION('',(0.,0.,1.));
#9271 = PCURVE('',#7644,#9272);
#9272 = DEFINITIONAL_REPRESENTATION('',(#9273),#9277);
#9273 = LINE('',#9274,#9275);
#9274 = CARTESIAN_POINT('',(0.,-125.6));
#9275 = VECTOR('',#9276,1.);
#9276 = DIRECTION('',(1.,0.));
#9277 = ( GEOMETRIC_REPRESENTATION_CONTEXT(2) 
PARAMETRIC_REPRESENTATION_CONTEXT() REPRESENTATION_CONTEXT('2D SPACE',''
  ) );
#9278 = PCURVE('',#7723,#9279);
#9279 = DEFINITIONAL_REPRESENTATION('',(#9280),#9284);
#9280 = LINE('',#9281,#9282);
#9281 = CARTESIAN_POINT('',(0.,0.));
#9282 = VECTOR('',#9283,1.);
#9283 = DIRECTION('',(1.,0.));
#9284 = ( GEOMETRIC_REPRESENTATION_CONTEXT(2) 
PARAMETRIC_REPRESENTATION_CONTEXT() REPRESENTATION_CONTEXT('2D SPACE',''
  ) );
#9285 = ORIENTED_EDGE('',*,*,#9170,.F.);
#9286 = ADVANCED_FACE('',(#9287),#7723,.F.);
#9287 = FACE_BOUND('',#9288,.F.);
#9288 = EDGE_LOOP('',(#9289,#9290,#9291,#9292));
#9289 = ORIENTED_EDGE('',*,*,#9239,.F.);
#9290 = ORIENTED_EDGE('',*,*,#9265,.T.);
#9291 = ORIENTED_EDGE('',*,*,#9191,.F.);
#9292 = ORIENTED_EDGE('',*,*,#7708,.F.);
#9293 = ADVANCED_FACE('',(#9294),#7870,.T.);
#9294 = FACE_BOUND('',#9295,.T.);
#9295 = EDGE_LOOP('',(#9296,#9319,#9320,#9321));
#9296 = ORIENTED_EDGE('',*,*,#9297,.F.);
#9297 = EDGE_CURVE('',#7832,#9298,#9300,.T.);
#9298 = VERTEX_POINT('',#9299);
#9299 = CARTESIAN_POINT('',(-0.4,62.8,13.));
#9300 = SURFACE_CURVE('',#9301,(#9305,#9312),.PCURVE_S1.);
#9301 = LINE('',#9302,#9303);
#9302 = CARTESIAN_POINT('',(-77.,62.8,13.));
#9303 = VECTOR('',#9304,1.);
#9304 = DIRECTION('',(1.,0.,0.));
#9305 = PCURVE('',#7870,#9306);
#9306 = DEFINITIONAL_REPRESENTATION('',(#9307),#9311);
#9307 = LINE('',#9308,#9309);
#9308 = CARTESIAN_POINT('',(0.,125.6));
#9309 = VECTOR('',#9310,1.);
#9310 = DIRECTION('',(1.,0.));
#9311 = ( GEOMETRIC_REPRESENTATION_CONTEXT(2) 
PARAMETRIC_REPRESENTATION_CONTEXT() REPRESENTATION_CONTEXT('2D SPACE',''
  ) );
#9312 = PCURVE('',#7846,#9313);
#9313 = DEFINITIONAL_REPRESENTATION('',(#9314),#9318);
#9314 = LINE('',#9315,#9316);
#9315 = CARTESIAN_POINT('',(0.,0.));
#9316 = VECTOR('',#9317,1.);
#9317 = DIRECTION('',(0.,1.));
#9318 = ( GEOMETRIC_REPRESENTATION_CONTEXT(2) 
PARAMETRIC_REPRESENTATION_CONTEXT() REPRESENTATION_CONTEXT('2D SPACE',''
  ) );
#9319 = ORIENTED_EDGE('',*,*,#7857,.T.);
#9320 = ORIENTED_EDGE('',*,*,#7958,.T.);
#9321 = ORIENTED_EDGE('',*,*,#9322,.T.);
#9322 = EDGE_CURVE('',#7959,#9298,#9323,.T.);
#9323 = SURFACE_CURVE('',#9324,(#9328,#9335),.PCURVE_S1.);
#9324 = LINE('',#9325,#9326);
#9325 = CARTESIAN_POINT('',(-0.4,-62.8,13.));
#9326 = VECTOR('',#9327,1.);
#9327 = DIRECTION('',(0.,1.,0.));
#9328 = PCURVE('',#7870,#9329);
#9329 = DEFINITIONAL_REPRESENTATION('',(#9330),#9334);
#9330 = LINE('',#9331,#9332);
#9331 = CARTESIAN_POINT('',(76.6,0.));
#9332 = VECTOR('',#9333,1.);
#9333 = DIRECTION('',(0.,1.));
#9334 = ( GEOMETRIC_REPRESENTATION_CONTEXT(2) 
PARAMETRIC_REPRESENTATION_CONTEXT() REPRESENTATION_CONTEXT('2D SPACE',''
  ) );
#9335 = PCURVE('',#7994,#9336);
#9336 = DEFINITIONAL_REPRESENTATION('',(#9337),#9341);
#9337 = LINE('',#9338,#9339);
#9338 = CARTESIAN_POINT('',(0.,0.));
#9339 = VECTOR('',#9340,1.);
#9340 = DIRECTION('',(0.,-1.));
#9341 = ( GEOMETRIC_REPRESENTATION_CONTEXT(2) 
PARAMETRIC_REPRESENTATION_CONTEXT() REPRESENTATION_CONTEXT('2D SPACE',''
  ) );
#9342 = ADVANCED_FACE('',(#9343),#7846,.F.);
#9343 = FACE_BOUND('',#9344,.F.);
#9344 = EDGE_LOOP('',(#9345,#9346,#9347,#9368));
#9345 = ORIENTED_EDGE('',*,*,#9297,.F.);
#9346 = ORIENTED_EDGE('',*,*,#7831,.T.);
#9347 = ORIENTED_EDGE('',*,*,#9348,.F.);
#9348 = EDGE_CURVE('',#9349,#7804,#9351,.T.);
#9349 = VERTEX_POINT('',#9350);
#9350 = CARTESIAN_POINT('',(-0.4,62.8,16.1));
#9351 = SURFACE_CURVE('',#9352,(#9356,#9362),.PCURVE_S1.);
#9352 = LINE('',#9353,#9354);
#9353 = CARTESIAN_POINT('',(-41.7,62.8,16.1));
#9354 = VECTOR('',#9355,1.);
#9355 = DIRECTION('',(-1.,0.,0.));
#9356 = PCURVE('',#7846,#9357);
#9357 = DEFINITIONAL_REPRESENTATION('',(#9358),#9361);
#9358 = B_SPLINE_CURVE_WITH_KNOTS('',1,(#9359,#9360),.UNSPECIFIED.,.F.,
  .F.,(2,2),(-41.3,-35.3),.PIECEWISE_BEZIER_KNOTS.);
#9359 = CARTESIAN_POINT('',(3.1,76.6));
#9360 = CARTESIAN_POINT('',(3.1,70.6));
#9361 = ( GEOMETRIC_REPRESENTATION_CONTEXT(2) 
PARAMETRIC_REPRESENTATION_CONTEXT() REPRESENTATION_CONTEXT('2D SPACE',''
  ) );
#9362 = PCURVE('',#7819,#9363);
#9363 = DEFINITIONAL_REPRESENTATION('',(#9364),#9367);
#9364 = B_SPLINE_CURVE_WITH_KNOTS('',1,(#9365,#9366),.UNSPECIFIED.,.F.,
  .F.,(2,2),(-41.3,-35.3),.PIECEWISE_BEZIER_KNOTS.);
#9365 = CARTESIAN_POINT('',(6.,6.));
#9366 = CARTESIAN_POINT('',(0.,6.));
#9367 = ( GEOMETRIC_REPRESENTATION_CONTEXT(2) 
PARAMETRIC_REPRESENTATION_CONTEXT() REPRESENTATION_CONTEXT('2D SPACE',''
  ) );
#9368 = ORIENTED_EDGE('',*,*,#9369,.F.);
#9369 = EDGE_CURVE('',#9298,#9349,#9370,.T.);
#9370 = SURFACE_CURVE('',#9371,(#9375,#9382),.PCURVE_S1.);
#9371 = LINE('',#9372,#9373);
#9372 = CARTESIAN_POINT('',(-0.4,62.8,13.));
#9373 = VECTOR('',#9374,1.);
#9374 = DIRECTION('',(0.,0.,1.));
#9375 = PCURVE('',#7846,#9376);
#9376 = DEFINITIONAL_REPRESENTATION('',(#9377),#9381);
#9377 = LINE('',#9378,#9379);
#9378 = CARTESIAN_POINT('',(0.,76.6));
#9379 = VECTOR('',#9380,1.);
#9380 = DIRECTION('',(1.,0.));
#9381 = ( GEOMETRIC_REPRESENTATION_CONTEXT(2) 
PARAMETRIC_REPRESENTATION_CONTEXT() REPRESENTATION_CONTEXT('2D SPACE',''
  ) );
#9382 = PCURVE('',#7994,#9383);
#9383 = DEFINITIONAL_REPRESENTATION('',(#9384),#9388);
#9384 = LINE('',#9385,#9386);
#9385 = CARTESIAN_POINT('',(0.,-125.6));
#9386 = VECTOR('',#9387,1.);
#9387 = DIRECTION('',(1.,0.));
#9388 = ( GEOMETRIC_REPRESENTATION_CONTEXT(2) 
PARAMETRIC_REPRESENTATION_CONTEXT() REPRESENTATION_CONTEXT('2D SPACE',''
  ) );
#9389 = ADVANCED_FACE('',(#9390),#7819,.T.);
#9390 = FACE_BOUND('',#9391,.T.);
#9391 = EDGE_LOOP('',(#9392,#9393,#9394,#9413,#9414,#9415));
#9392 = ORIENTED_EDGE('',*,*,#7803,.F.);
#9393 = ORIENTED_EDGE('',*,*,#9348,.F.);
#9394 = ORIENTED_EDGE('',*,*,#9395,.F.);
#9395 = EDGE_CURVE('',#7980,#9349,#9396,.T.);
#9396 = SURFACE_CURVE('',#9397,(#9401,#9407),.PCURVE_S1.);
#9397 = LINE('',#9398,#9399);
#9398 = CARTESIAN_POINT('',(-0.4,-3.,16.1));
#9399 = VECTOR('',#9400,1.);
#9400 = DIRECTION('',(0.,1.,0.));
#9401 = PCURVE('',#7819,#9402);
#9402 = DEFINITIONAL_REPRESENTATION('',(#9403),#9406);
#9403 = B_SPLINE_CURVE_WITH_KNOTS('',1,(#9404,#9405),.UNSPECIFIED.,.F.,
  .F.,(2,2),(59.8,65.8),.PIECEWISE_BEZIER_KNOTS.);
#9404 = CARTESIAN_POINT('',(6.,0.));
#9405 = CARTESIAN_POINT('',(6.,6.));
#9406 = ( GEOMETRIC_REPRESENTATION_CONTEXT(2) 
PARAMETRIC_REPRESENTATION_CONTEXT() REPRESENTATION_CONTEXT('2D SPACE',''
  ) );
#9407 = PCURVE('',#7994,#9408);
#9408 = DEFINITIONAL_REPRESENTATION('',(#9409),#9412);
#9409 = B_SPLINE_CURVE_WITH_KNOTS('',1,(#9410,#9411),.UNSPECIFIED.,.F.,
  .F.,(2,2),(59.8,65.8),.PIECEWISE_BEZIER_KNOTS.);
#9410 = CARTESIAN_POINT('',(3.1,-119.6));
#9411 = CARTESIAN_POINT('',(3.1,-125.6));
#9412 = ( GEOMETRIC_REPRESENTATION_CONTEXT(2) 
PARAMETRIC_REPRESENTATION_CONTEXT() REPRESENTATION_CONTEXT('2D SPACE',''
  ) );
#9413 = ORIENTED_EDGE('',*,*,#8005,.T.);
#9414 = ORIENTED_EDGE('',*,*,#8032,.T.);
#9415 = ORIENTED_EDGE('',*,*,#7886,.F.);
#9416 = ADVANCED_FACE('',(#9417),#7994,.F.);
#9417 = FACE_BOUND('',#9418,.F.);
#9418 = EDGE_LOOP('',(#9419,#9420,#9421,#9422));
#9419 = ORIENTED_EDGE('',*,*,#7979,.T.);
#9420 = ORIENTED_EDGE('',*,*,#9322,.T.);
#9421 = ORIENTED_EDGE('',*,*,#9369,.T.);
#9422 = ORIENTED_EDGE('',*,*,#9395,.F.);
#9423 = ADVANCED_FACE('',(#9424,#9427),#8121,.T.);
#9424 = FACE_BOUND('',#9425,.T.);
#9425 = EDGE_LOOP('',(#9426));
#9426 = ORIENTED_EDGE('',*,*,#8106,.T.);
#9427 = FACE_BOUND('',#9428,.T.);
#9428 = EDGE_LOOP('',(#9429));
#9429 = ORIENTED_EDGE('',*,*,#9430,.F.);
#9430 = EDGE_CURVE('',#9431,#9431,#9433,.T.);
#9431 = VERTEX_POINT('',#9432);
#9432 = CARTESIAN_POINT('',(7.7,9.5,8.));
#9433 = SURFACE_CURVE('',#9434,(#9439,#9446),.PCURVE_S1.);
#9434 = CIRCLE('',#9435,1.2);
#9435 = AXIS2_PLACEMENT_3D('',#9436,#9437,#9438);
#9436 = CARTESIAN_POINT('',(6.5,9.5,8.));
#9437 = DIRECTION('',(0.,0.,1.));
#9438 = DIRECTION('',(1.,0.,0.));
#9439 = PCURVE('',#8121,#9440);
#9440 = DEFINITIONAL_REPRESENTATION('',(#9441),#9445);
#9441 = CIRCLE('',#9442,1.2);
#9442 = AXIS2_PLACEMENT_2D('',#9443,#9444);
#9443 = CARTESIAN_POINT('',(0.,0.));
#9444 = DIRECTION('',(1.,0.));
#9445 = ( GEOMETRIC_REPRESENTATION_CONTEXT(2) 
PARAMETRIC_REPRESENTATION_CONTEXT() REPRESENTATION_CONTEXT('2D SPACE',''
  ) );
#9446 = PCURVE('',#9447,#9452);
#9447 = CYLINDRICAL_SURFACE('',#9448,1.2);
#9448 = AXIS2_PLACEMENT_3D('',#9449,#9450,#9451);
#9449 = CARTESIAN_POINT('',(6.5,9.5,8.));
#9450 = DIRECTION('',(-0.,-0.,-1.));
#9451 = DIRECTION('',(1.,0.,0.));
#9452 = DEFINITIONAL_REPRESENTATION('',(#9453),#9457);
#9453 = LINE('',#9454,#9455);
#9454 = CARTESIAN_POINT('',(-0.,0.));
#9455 = VECTOR('',#9456,1.);
#9456 = DIRECTION('',(-1.,0.));
#9457 = ( GEOMETRIC_REPRESENTATION_CONTEXT(2) 
PARAMETRIC_REPRESENTATION_CONTEXT() REPRESENTATION_CONTEXT('2D SPACE',''
  ) );
#9458 = ADVANCED_FACE('',(#9459,#9462),#8176,.T.);
#9459 = FACE_BOUND('',#9460,.T.);
#9460 = EDGE_LOOP('',(#9461));
#9461 = ORIENTED_EDGE('',*,*,#8161,.T.);
#9462 = FACE_BOUND('',#9463,.T.);
#9463 = EDGE_LOOP('',(#9464));
#9464 = ORIENTED_EDGE('',*,*,#9465,.F.);
#9465 = EDGE_CURVE('',#9466,#9466,#9468,.T.);
#9466 = VERTEX_POINT('',#9467);
#9467 = CARTESIAN_POINT('',(56.7,9.5,8.));
#9468 = SURFACE_CURVE('',#9469,(#9474,#9481),.PCURVE_S1.);
#9469 = CIRCLE('',#9470,1.2);
#9470 = AXIS2_PLACEMENT_3D('',#9471,#9472,#9473);
#9471 = CARTESIAN_POINT('',(55.5,9.5,8.));
#9472 = DIRECTION('',(0.,0.,1.));
#9473 = DIRECTION('',(1.,0.,0.));
#9474 = PCURVE('',#8176,#9475);
#9475 = DEFINITIONAL_REPRESENTATION('',(#9476),#9480);
#9476 = CIRCLE('',#9477,1.2);
#9477 = AXIS2_PLACEMENT_2D('',#9478,#9479);
#9478 = CARTESIAN_POINT('',(0.,0.));
#9479 = DIRECTION('',(1.,0.));
#9480 = ( GEOMETRIC_REPRESENTATION_CONTEXT(2) 
PARAMETRIC_REPRESENTATION_CONTEXT() REPRESENTATION_CONTEXT('2D SPACE',''
  ) );
#9481 = PCURVE('',#9482,#9487);
#9482 = CYLINDRICAL_SURFACE('',#9483,1.2);
#9483 = AXIS2_PLACEMENT_3D('',#9484,#9485,#9486);
#9484 = CARTESIAN_POINT('',(55.5,9.5,8.));
#9485 = DIRECTION('',(-0.,-0.,-1.));
#9486 = DIRECTION('',(1.,0.,0.));
#9487 = DEFINITIONAL_REPRESENTATION('',(#9488),#9492);
#9488 = LINE('',#9489,#9490);
#9489 = CARTESIAN_POINT('',(-0.,0.));
#9490 = VECTOR('',#9491,1.);
#9491 = DIRECTION('',(-1.,0.));
#9492 = ( GEOMETRIC_REPRESENTATION_CONTEXT(2) 
PARAMETRIC_REPRESENTATION_CONTEXT() REPRESENTATION_CONTEXT('2D SPACE',''
  ) );
#9493 = ADVANCED_FACE('',(#9494),#8429,.F.);
#9494 = FACE_BOUND('',#9495,.F.);
#9495 = EDGE_LOOP('',(#9496,#9497,#9498,#9519));
#9496 = ORIENTED_EDGE('',*,*,#8787,.T.);
#9497 = ORIENTED_EDGE('',*,*,#8415,.T.);
#9498 = ORIENTED_EDGE('',*,*,#9499,.F.);
#9499 = EDGE_CURVE('',#9500,#8388,#9502,.T.);
#9500 = VERTEX_POINT('',#9501);
#9501 = CARTESIAN_POINT('',(13.15,69.35,32.));
#9502 = SURFACE_CURVE('',#9503,(#9507,#9513),.PCURVE_S1.);
#9503 = LINE('',#9504,#9505);
#9504 = CARTESIAN_POINT('',(13.15,69.35,24.));
#9505 = VECTOR('',#9506,1.);
#9506 = DIRECTION('',(0.,0.,-1.));
#9507 = PCURVE('',#8429,#9508);
#9508 = DEFINITIONAL_REPRESENTATION('',(#9509),#9512);
#9509 = B_SPLINE_CURVE_WITH_KNOTS('',1,(#9510,#9511),.UNSPECIFIED.,.F.,
  .F.,(2,2),(-8.,0.),.PIECEWISE_BEZIER_KNOTS.);
#9510 = CARTESIAN_POINT('',(8.,-3.));
#9511 = CARTESIAN_POINT('',(0.,-3.));
#9512 = ( GEOMETRIC_REPRESENTATION_CONTEXT(2) 
PARAMETRIC_REPRESENTATION_CONTEXT() REPRESENTATION_CONTEXT('2D SPACE',''
  ) );
#9513 = PCURVE('',#8403,#9514);
#9514 = DEFINITIONAL_REPRESENTATION('',(#9515),#9518);
#9515 = B_SPLINE_CURVE_WITH_KNOTS('',1,(#9516,#9517),.UNSPECIFIED.,.F.,
  .F.,(2,2),(-8.,0.),.PIECEWISE_BEZIER_KNOTS.);
#9516 = CARTESIAN_POINT('',(8.,28.3));
#9517 = CARTESIAN_POINT('',(0.,28.3));
#9518 = ( GEOMETRIC_REPRESENTATION_CONTEXT(2) 
PARAMETRIC_REPRESENTATION_CONTEXT() REPRESENTATION_CONTEXT('2D SPACE',''
  ) );
#9519 = ORIENTED_EDGE('',*,*,#9520,.F.);
#9520 = EDGE_CURVE('',#8788,#9500,#9521,.T.);
#9521 = SURFACE_CURVE('',#9522,(#9526,#9532),.PCURVE_S1.);
#9522 = LINE('',#9523,#9524);
#9523 = CARTESIAN_POINT('',(13.15,67.05,32.));
#9524 = VECTOR('',#9525,1.);
#9525 = DIRECTION('',(0.,1.,0.));
#9526 = PCURVE('',#8429,#9527);
#9527 = DEFINITIONAL_REPRESENTATION('',(#9528),#9531);
#9528 = B_SPLINE_CURVE_WITH_KNOTS('',1,(#9529,#9530),.UNSPECIFIED.,.F.,
  .F.,(2,2),(0.7,3.3),.PIECEWISE_BEZIER_KNOTS.);
#9529 = CARTESIAN_POINT('',(8.,-1.4));
#9530 = CARTESIAN_POINT('',(8.,-4.));
#9531 = ( GEOMETRIC_REPRESENTATION_CONTEXT(2) 
PARAMETRIC_REPRESENTATION_CONTEXT() REPRESENTATION_CONTEXT('2D SPACE',''
  ) );
#9532 = PCURVE('',#8653,#9533);
#9533 = DEFINITIONAL_REPRESENTATION('',(#9534),#9537);
#9534 = B_SPLINE_CURVE_WITH_KNOTS('',1,(#9535,#9536),.UNSPECIFIED.,.F.,
  .F.,(2,2),(0.7,3.3),.PIECEWISE_BEZIER_KNOTS.);
#9535 = CARTESIAN_POINT('',(29.9,0.));
#9536 = CARTESIAN_POINT('',(29.9,2.6));
#9537 = ( GEOMETRIC_REPRESENTATION_CONTEXT(2) 
PARAMETRIC_REPRESENTATION_CONTEXT() REPRESENTATION_CONTEXT('2D SPACE',''
  ) );
#9538 = ADVANCED_FACE('',(#9539),#8403,.T.);
#9539 = FACE_BOUND('',#9540,.T.);
#9540 = EDGE_LOOP('',(#9541,#9564,#9565,#9566));
#9541 = ORIENTED_EDGE('',*,*,#9542,.F.);
#9542 = EDGE_CURVE('',#8360,#9543,#9545,.T.);
#9543 = VERTEX_POINT('',#9544);
#9544 = CARTESIAN_POINT('',(15.15,69.35,32.));
#9545 = SURFACE_CURVE('',#9546,(#9550,#9557),.PCURVE_S1.);
#9546 = LINE('',#9547,#9548);
#9547 = CARTESIAN_POINT('',(15.15,69.35,24.));
#9548 = VECTOR('',#9549,1.);
#9549 = DIRECTION('',(0.,0.,1.));
#9550 = PCURVE('',#8403,#9551);
#9551 = DEFINITIONAL_REPRESENTATION('',(#9552),#9556);
#9552 = LINE('',#9553,#9554);
#9553 = CARTESIAN_POINT('',(0.,30.3));
#9554 = VECTOR('',#9555,1.);
#9555 = DIRECTION('',(1.,0.));
#9556 = ( GEOMETRIC_REPRESENTATION_CONTEXT(2) 
PARAMETRIC_REPRESENTATION_CONTEXT() REPRESENTATION_CONTEXT('2D SPACE',''
  ) );
#9557 = PCURVE('',#8375,#9558);
#9558 = DEFINITIONAL_REPRESENTATION('',(#9559),#9563);
#9559 = LINE('',#9560,#9561);
#9560 = CARTESIAN_POINT('',(0.,0.));
#9561 = VECTOR('',#9562,1.);
#9562 = DIRECTION('',(1.,0.));
#9563 = ( GEOMETRIC_REPRESENTATION_CONTEXT(2) 
PARAMETRIC_REPRESENTATION_CONTEXT() REPRESENTATION_CONTEXT('2D SPACE',''
  ) );
#9564 = ORIENTED_EDGE('',*,*,#8387,.F.);
#9565 = ORIENTED_EDGE('',*,*,#9499,.F.);
#9566 = ORIENTED_EDGE('',*,*,#9567,.F.);
#9567 = EDGE_CURVE('',#9543,#9500,#9568,.T.);
#9568 = SURFACE_CURVE('',#9569,(#9573,#9579),.PCURVE_S1.);
#9569 = LINE('',#9570,#9571);
#9570 = CARTESIAN_POINT('',(-15.95,69.35,32.));
#9571 = VECTOR('',#9572,1.);
#9572 = DIRECTION('',(-1.,0.,0.));
#9573 = PCURVE('',#8403,#9574);
#9574 = DEFINITIONAL_REPRESENTATION('',(#9575),#9578);
#9575 = B_SPLINE_CURVE_WITH_KNOTS('',1,(#9576,#9577),.UNSPECIFIED.,.F.,
  .F.,(2,2),(-31.1,-0.8),.PIECEWISE_BEZIER_KNOTS.);
#9576 = CARTESIAN_POINT('',(8.,30.3));
#9577 = CARTESIAN_POINT('',(8.,0.));
#9578 = ( GEOMETRIC_REPRESENTATION_CONTEXT(2) 
PARAMETRIC_REPRESENTATION_CONTEXT() REPRESENTATION_CONTEXT('2D SPACE',''
  ) );
#9579 = PCURVE('',#8653,#9580);
#9580 = DEFINITIONAL_REPRESENTATION('',(#9581),#9584);
#9581 = B_SPLINE_CURVE_WITH_KNOTS('',1,(#9582,#9583),.UNSPECIFIED.,.F.,
  .F.,(2,2),(-31.1,-0.8),.PIECEWISE_BEZIER_KNOTS.);
#9582 = CARTESIAN_POINT('',(31.9,1.6));
#9583 = CARTESIAN_POINT('',(1.6,1.6));
#9584 = ( GEOMETRIC_REPRESENTATION_CONTEXT(2) 
PARAMETRIC_REPRESENTATION_CONTEXT() REPRESENTATION_CONTEXT('2D SPACE',''
  ) );
#9585 = ADVANCED_FACE('',(#9586),#8375,.F.);
#9586 = FACE_BOUND('',#9587,.F.);
#9587 = EDGE_LOOP('',(#9588,#9589,#9590,#9613));
#9588 = ORIENTED_EDGE('',*,*,#9542,.F.);
#9589 = ORIENTED_EDGE('',*,*,#8359,.T.);
#9590 = ORIENTED_EDGE('',*,*,#9591,.T.);
#9591 = EDGE_CURVE('',#8332,#9592,#9594,.T.);
#9592 = VERTEX_POINT('',#9593);
#9593 = CARTESIAN_POINT('',(15.15,99.65,32.));
#9594 = SURFACE_CURVE('',#9595,(#9599,#9606),.PCURVE_S1.);
#9595 = LINE('',#9596,#9597);
#9596 = CARTESIAN_POINT('',(15.15,99.65,24.));
#9597 = VECTOR('',#9598,1.);
#9598 = DIRECTION('',(0.,0.,1.));
#9599 = PCURVE('',#8375,#9600);
#9600 = DEFINITIONAL_REPRESENTATION('',(#9601),#9605);
#9601 = LINE('',#9602,#9603);
#9602 = CARTESIAN_POINT('',(0.,-30.3));
#9603 = VECTOR('',#9604,1.);
#9604 = DIRECTION('',(1.,0.));
#9605 = ( GEOMETRIC_REPRESENTATION_CONTEXT(2) 
PARAMETRIC_REPRESENTATION_CONTEXT() REPRESENTATION_CONTEXT('2D SPACE',''
  ) );
#9606 = PCURVE('',#8347,#9607);
#9607 = DEFINITIONAL_REPRESENTATION('',(#9608),#9612);
#9608 = LINE('',#9609,#9610);
#9609 = CARTESIAN_POINT('',(0.,30.3));
#9610 = VECTOR('',#9611,1.);
#9611 = DIRECTION('',(1.,0.));
#9612 = ( GEOMETRIC_REPRESENTATION_CONTEXT(2) 
PARAMETRIC_REPRESENTATION_CONTEXT() REPRESENTATION_CONTEXT('2D SPACE',''
  ) );
#9613 = ORIENTED_EDGE('',*,*,#9614,.F.);
#9614 = EDGE_CURVE('',#9543,#9592,#9615,.T.);
#9615 = SURFACE_CURVE('',#9616,(#9620,#9626),.PCURVE_S1.);
#9616 = LINE('',#9617,#9618);
#9617 = CARTESIAN_POINT('',(15.15,68.55,32.));
#9618 = VECTOR('',#9619,1.);
#9619 = DIRECTION('',(0.,1.,0.));
#9620 = PCURVE('',#8375,#9621);
#9621 = DEFINITIONAL_REPRESENTATION('',(#9622),#9625);
#9622 = B_SPLINE_CURVE_WITH_KNOTS('',1,(#9623,#9624),.UNSPECIFIED.,.F.,
  .F.,(2,2),(0.8,31.1),.PIECEWISE_BEZIER_KNOTS.);
#9623 = CARTESIAN_POINT('',(8.,0.));
#9624 = CARTESIAN_POINT('',(8.,-30.3));
#9625 = ( GEOMETRIC_REPRESENTATION_CONTEXT(2) 
PARAMETRIC_REPRESENTATION_CONTEXT() REPRESENTATION_CONTEXT('2D SPACE',''
  ) );
#9626 = PCURVE('',#8653,#9627);
#9627 = DEFINITIONAL_REPRESENTATION('',(#9628),#9631);
#9628 = B_SPLINE_CURVE_WITH_KNOTS('',1,(#9629,#9630),.UNSPECIFIED.,.F.,
  .F.,(2,2),(0.8,31.1),.PIECEWISE_BEZIER_KNOTS.);
#9629 = CARTESIAN_POINT('',(31.9,1.6));
#9630 = CARTESIAN_POINT('',(31.9,31.9));
#9631 = ( GEOMETRIC_REPRESENTATION_CONTEXT(2) 
PARAMETRIC_REPRESENTATION_CONTEXT() REPRESENTATION_CONTEXT('2D SPACE',''
  ) );
#9632 = ADVANCED_FACE('',(#9633),#8347,.F.);
#9633 = FACE_BOUND('',#9634,.F.);
#9634 = EDGE_LOOP('',(#9635,#9636,#9637,#9660));
#9635 = ORIENTED_EDGE('',*,*,#9591,.F.);
#9636 = ORIENTED_EDGE('',*,*,#8331,.F.);
#9637 = ORIENTED_EDGE('',*,*,#9638,.T.);
#9638 = EDGE_CURVE('',#8304,#9639,#9641,.T.);
#9639 = VERTEX_POINT('',#9640);
#9640 = CARTESIAN_POINT('',(-15.15,99.65,32.));
#9641 = SURFACE_CURVE('',#9642,(#9646,#9653),.PCURVE_S1.);
#9642 = LINE('',#9643,#9644);
#9643 = CARTESIAN_POINT('',(-15.15,99.65,24.));
#9644 = VECTOR('',#9645,1.);
#9645 = DIRECTION('',(0.,0.,1.));
#9646 = PCURVE('',#8347,#9647);
#9647 = DEFINITIONAL_REPRESENTATION('',(#9648),#9652);
#9648 = LINE('',#9649,#9650);
#9649 = CARTESIAN_POINT('',(0.,0.));
#9650 = VECTOR('',#9651,1.);
#9651 = DIRECTION('',(1.,0.));
#9652 = ( GEOMETRIC_REPRESENTATION_CONTEXT(2) 
PARAMETRIC_REPRESENTATION_CONTEXT() REPRESENTATION_CONTEXT('2D SPACE',''
  ) );
#9653 = PCURVE('',#8319,#9654);
#9654 = DEFINITIONAL_REPRESENTATION('',(#9655),#9659);
#9655 = LINE('',#9656,#9657);
#9656 = CARTESIAN_POINT('',(0.,-30.3));
#9657 = VECTOR('',#9658,1.);
#9658 = DIRECTION('',(1.,0.));
#9659 = ( GEOMETRIC_REPRESENTATION_CONTEXT(2) 
PARAMETRIC_REPRESENTATION_CONTEXT() REPRESENTATION_CONTEXT('2D SPACE',''
  ) );
#9660 = ORIENTED_EDGE('',*,*,#9661,.F.);
#9661 = EDGE_CURVE('',#9592,#9639,#9662,.T.);
#9662 = SURFACE_CURVE('',#9663,(#9667,#9673),.PCURVE_S1.);
#9663 = LINE('',#9664,#9665);
#9664 = CARTESIAN_POINT('',(-15.95,99.65,32.));
#9665 = VECTOR('',#9666,1.);
#9666 = DIRECTION('',(-1.,0.,0.));
#9667 = PCURVE('',#8347,#9668);
#9668 = DEFINITIONAL_REPRESENTATION('',(#9669),#9672);
#9669 = B_SPLINE_CURVE_WITH_KNOTS('',1,(#9670,#9671),.UNSPECIFIED.,.F.,
  .F.,(2,2),(-31.1,-0.8),.PIECEWISE_BEZIER_KNOTS.);
#9670 = CARTESIAN_POINT('',(8.,30.3));
#9671 = CARTESIAN_POINT('',(8.,0.));
#9672 = ( GEOMETRIC_REPRESENTATION_CONTEXT(2) 
PARAMETRIC_REPRESENTATION_CONTEXT() REPRESENTATION_CONTEXT('2D SPACE',''
  ) );
#9673 = PCURVE('',#8653,#9674);
#9674 = DEFINITIONAL_REPRESENTATION('',(#9675),#9678);
#9675 = B_SPLINE_CURVE_WITH_KNOTS('',1,(#9676,#9677),.UNSPECIFIED.,.F.,
  .F.,(2,2),(-31.1,-0.8),.PIECEWISE_BEZIER_KNOTS.);
#9676 = CARTESIAN_POINT('',(31.9,31.9));
#9677 = CARTESIAN_POINT('',(1.6,31.9));
#9678 = ( GEOMETRIC_REPRESENTATION_CONTEXT(2) 
PARAMETRIC_REPRESENTATION_CONTEXT() REPRESENTATION_CONTEXT('2D SPACE',''
  ) );
#9679 = ADVANCED_FACE('',(#9680),#8319,.T.);
#9680 = FACE_BOUND('',#9681,.T.);
#9681 = EDGE_LOOP('',(#9682,#9705,#9706,#9707));
#9682 = ORIENTED_EDGE('',*,*,#9683,.F.);
#9683 = EDGE_CURVE('',#8276,#9684,#9686,.T.);
#9684 = VERTEX_POINT('',#9685);
#9685 = CARTESIAN_POINT('',(-15.15,69.35,32.));
#9686 = SURFACE_CURVE('',#9687,(#9691,#9698),.PCURVE_S1.);
#9687 = LINE('',#9688,#9689);
#9688 = CARTESIAN_POINT('',(-15.15,69.35,24.));
#9689 = VECTOR('',#9690,1.);
#9690 = DIRECTION('',(0.,0.,1.));
#9691 = PCURVE('',#8319,#9692);
#9692 = DEFINITIONAL_REPRESENTATION('',(#9693),#9697);
#9693 = LINE('',#9694,#9695);
#9694 = CARTESIAN_POINT('',(0.,0.));
#9695 = VECTOR('',#9696,1.);
#9696 = DIRECTION('',(1.,0.));
#9697 = ( GEOMETRIC_REPRESENTATION_CONTEXT(2) 
PARAMETRIC_REPRESENTATION_CONTEXT() REPRESENTATION_CONTEXT('2D SPACE',''
  ) );
#9698 = PCURVE('',#8291,#9699);
#9699 = DEFINITIONAL_REPRESENTATION('',(#9700),#9704);
#9700 = LINE('',#9701,#9702);
#9701 = CARTESIAN_POINT('',(0.,0.));
#9702 = VECTOR('',#9703,1.);
#9703 = DIRECTION('',(1.,0.));
#9704 = ( GEOMETRIC_REPRESENTATION_CONTEXT(2) 
PARAMETRIC_REPRESENTATION_CONTEXT() REPRESENTATION_CONTEXT('2D SPACE',''
  ) );
#9705 = ORIENTED_EDGE('',*,*,#8303,.T.);
#9706 = ORIENTED_EDGE('',*,*,#9638,.T.);
#9707 = ORIENTED_EDGE('',*,*,#9708,.F.);
#9708 = EDGE_CURVE('',#9684,#9639,#9709,.T.);
#9709 = SURFACE_CURVE('',#9710,(#9714,#9720),.PCURVE_S1.);
#9710 = LINE('',#9711,#9712);
#9711 = CARTESIAN_POINT('',(-15.15,68.55,32.));
#9712 = VECTOR('',#9713,1.);
#9713 = DIRECTION('',(0.,1.,0.));
#9714 = PCURVE('',#8319,#9715);
#9715 = DEFINITIONAL_REPRESENTATION('',(#9716),#9719);
#9716 = B_SPLINE_CURVE_WITH_KNOTS('',1,(#9717,#9718),.UNSPECIFIED.,.F.,
  .F.,(2,2),(0.8,31.1),.PIECEWISE_BEZIER_KNOTS.);
#9717 = CARTESIAN_POINT('',(8.,0.));
#9718 = CARTESIAN_POINT('',(8.,-30.3));
#9719 = ( GEOMETRIC_REPRESENTATION_CONTEXT(2) 
PARAMETRIC_REPRESENTATION_CONTEXT() REPRESENTATION_CONTEXT('2D SPACE',''
  ) );
#9720 = PCURVE('',#8653,#9721);
#9721 = DEFINITIONAL_REPRESENTATION('',(#9722),#9725);
#9722 = B_SPLINE_CURVE_WITH_KNOTS('',1,(#9723,#9724),.UNSPECIFIED.,.F.,
  .F.,(2,2),(0.8,31.1),.PIECEWISE_BEZIER_KNOTS.);
#9723 = CARTESIAN_POINT('',(1.6,1.6));
#9724 = CARTESIAN_POINT('',(1.6,31.9));
#9725 = ( GEOMETRIC_REPRESENTATION_CONTEXT(2) 
PARAMETRIC_REPRESENTATION_CONTEXT() REPRESENTATION_CONTEXT('2D SPACE',''
  ) );
#9726 = ADVANCED_FACE('',(#9727),#8291,.T.);
#9727 = FACE_BOUND('',#9728,.T.);
#9728 = EDGE_LOOP('',(#9729,#9750,#9751,#9752));
#9729 = ORIENTED_EDGE('',*,*,#9730,.T.);
#9730 = EDGE_CURVE('',#9731,#8248,#9733,.T.);
#9731 = VERTEX_POINT('',#9732);
#9732 = CARTESIAN_POINT('',(8.65,69.35,32.));
#9733 = SURFACE_CURVE('',#9734,(#9738,#9744),.PCURVE_S1.);
#9734 = LINE('',#9735,#9736);
#9735 = CARTESIAN_POINT('',(8.65,69.35,24.));
#9736 = VECTOR('',#9737,1.);
#9737 = DIRECTION('',(0.,0.,-1.));
#9738 = PCURVE('',#8291,#9739);
#9739 = DEFINITIONAL_REPRESENTATION('',(#9740),#9743);
#9740 = B_SPLINE_CURVE_WITH_KNOTS('',1,(#9741,#9742),.UNSPECIFIED.,.F.,
  .F.,(2,2),(-8.,0.),.PIECEWISE_BEZIER_KNOTS.);
#9741 = CARTESIAN_POINT('',(8.,23.8));
#9742 = CARTESIAN_POINT('',(0.,23.8));
#9743 = ( GEOMETRIC_REPRESENTATION_CONTEXT(2) 
PARAMETRIC_REPRESENTATION_CONTEXT() REPRESENTATION_CONTEXT('2D SPACE',''
  ) );
#9744 = PCURVE('',#8263,#9745);
#9745 = DEFINITIONAL_REPRESENTATION('',(#9746),#9749);
#9746 = B_SPLINE_CURVE_WITH_KNOTS('',1,(#9747,#9748),.UNSPECIFIED.,.F.,
  .F.,(2,2),(-8.,0.),.PIECEWISE_BEZIER_KNOTS.);
#9747 = CARTESIAN_POINT('',(8.,-3.));
#9748 = CARTESIAN_POINT('',(0.,-3.));
#9749 = ( GEOMETRIC_REPRESENTATION_CONTEXT(2) 
PARAMETRIC_REPRESENTATION_CONTEXT() REPRESENTATION_CONTEXT('2D SPACE',''
  ) );
#9750 = ORIENTED_EDGE('',*,*,#8275,.F.);
#9751 = ORIENTED_EDGE('',*,*,#9683,.T.);
#9752 = ORIENTED_EDGE('',*,*,#9753,.F.);
#9753 = EDGE_CURVE('',#9731,#9684,#9754,.T.);
#9754 = SURFACE_CURVE('',#9755,(#9759,#9765),.PCURVE_S1.);
#9755 = LINE('',#9756,#9757);
#9756 = CARTESIAN_POINT('',(-15.95,69.35,32.));
#9757 = VECTOR('',#9758,1.);
#9758 = DIRECTION('',(-1.,0.,0.));
#9759 = PCURVE('',#8291,#9760);
#9760 = DEFINITIONAL_REPRESENTATION('',(#9761),#9764);
#9761 = B_SPLINE_CURVE_WITH_KNOTS('',1,(#9762,#9763),.UNSPECIFIED.,.F.,
  .F.,(2,2),(-31.1,-0.8),.PIECEWISE_BEZIER_KNOTS.);
#9762 = CARTESIAN_POINT('',(8.,30.3));
#9763 = CARTESIAN_POINT('',(8.,0.));
#9764 = ( GEOMETRIC_REPRESENTATION_CONTEXT(2) 
PARAMETRIC_REPRESENTATION_CONTEXT() REPRESENTATION_CONTEXT('2D SPACE',''
  ) );
#9765 = PCURVE('',#8653,#9766);
#9766 = DEFINITIONAL_REPRESENTATION('',(#9767),#9770);
#9767 = B_SPLINE_CURVE_WITH_KNOTS('',1,(#9768,#9769),.UNSPECIFIED.,.F.,
  .F.,(2,2),(-31.1,-0.8),.PIECEWISE_BEZIER_KNOTS.);
#9768 = CARTESIAN_POINT('',(31.9,1.6));
#9769 = CARTESIAN_POINT('',(1.6,1.6));
#9770 = ( GEOMETRIC_REPRESENTATION_CONTEXT(2) 
PARAMETRIC_REPRESENTATION_CONTEXT() REPRESENTATION_CONTEXT('2D SPACE',''
  ) );
#9771 = ADVANCED_FACE('',(#9772),#8263,.T.);
#9772 = FACE_BOUND('',#9773,.T.);
#9773 = EDGE_LOOP('',(#9774,#9775,#9776,#9777));
#9774 = ORIENTED_EDGE('',*,*,#8764,.T.);
#9775 = ORIENTED_EDGE('',*,*,#8247,.T.);
#9776 = ORIENTED_EDGE('',*,*,#9730,.F.);
#9777 = ORIENTED_EDGE('',*,*,#9778,.F.);
#9778 = EDGE_CURVE('',#8742,#9731,#9779,.T.);
#9779 = SURFACE_CURVE('',#9780,(#9784,#9790),.PCURVE_S1.);
#9780 = LINE('',#9781,#9782);
#9781 = CARTESIAN_POINT('',(8.65,67.05,32.));
#9782 = VECTOR('',#9783,1.);
#9783 = DIRECTION('',(0.,1.,0.));
#9784 = PCURVE('',#8263,#9785);
#9785 = DEFINITIONAL_REPRESENTATION('',(#9786),#9789);
#9786 = B_SPLINE_CURVE_WITH_KNOTS('',1,(#9787,#9788),.UNSPECIFIED.,.F.,
  .F.,(2,2),(0.7,3.3),.PIECEWISE_BEZIER_KNOTS.);
#9787 = CARTESIAN_POINT('',(8.,-1.4));
#9788 = CARTESIAN_POINT('',(8.,-4.));
#9789 = ( GEOMETRIC_REPRESENTATION_CONTEXT(2) 
PARAMETRIC_REPRESENTATION_CONTEXT() REPRESENTATION_CONTEXT('2D SPACE',''
  ) );
#9790 = PCURVE('',#8653,#9791);
#9791 = DEFINITIONAL_REPRESENTATION('',(#9792),#9795);
#9792 = B_SPLINE_CURVE_WITH_KNOTS('',1,(#9793,#9794),.UNSPECIFIED.,.F.,
  .F.,(2,2),(0.7,3.3),.PIECEWISE_BEZIER_KNOTS.);
#9793 = CARTESIAN_POINT('',(25.4,0.));
#9794 = CARTESIAN_POINT('',(25.4,2.6));
#9795 = ( GEOMETRIC_REPRESENTATION_CONTEXT(2) 
PARAMETRIC_REPRESENTATION_CONTEXT() REPRESENTATION_CONTEXT('2D SPACE',''
  ) );
#9796 = ADVANCED_FACE('',(#9797),#8567,.T.);
#9797 = FACE_BOUND('',#9798,.T.);
#9798 = EDGE_LOOP('',(#9799,#9800,#9801,#9822));
#9799 = ORIENTED_EDGE('',*,*,#8554,.F.);
#9800 = ORIENTED_EDGE('',*,*,#8692,.T.);
#9801 = ORIENTED_EDGE('',*,*,#9802,.T.);
#9802 = EDGE_CURVE('',#8693,#8617,#9803,.T.);
#9803 = SURFACE_CURVE('',#9804,(#9808,#9815),.PCURVE_S1.);
#9804 = LINE('',#9805,#9806);
#9805 = CARTESIAN_POINT('',(-16.75,101.25,32.));
#9806 = VECTOR('',#9807,1.);
#9807 = DIRECTION('',(1.,0.,0.));
#9808 = PCURVE('',#8567,#9809);
#9809 = DEFINITIONAL_REPRESENTATION('',(#9810),#9814);
#9810 = LINE('',#9811,#9812);
#9811 = CARTESIAN_POINT('',(8.,0.));
#9812 = VECTOR('',#9813,1.);
#9813 = DIRECTION('',(0.,1.));
#9814 = ( GEOMETRIC_REPRESENTATION_CONTEXT(2) 
PARAMETRIC_REPRESENTATION_CONTEXT() REPRESENTATION_CONTEXT('2D SPACE',''
  ) );
#9815 = PCURVE('',#8653,#9816);
#9816 = DEFINITIONAL_REPRESENTATION('',(#9817),#9821);
#9817 = LINE('',#9818,#9819);
#9818 = CARTESIAN_POINT('',(0.,33.5));
#9819 = VECTOR('',#9820,1.);
#9820 = DIRECTION('',(1.,0.));
#9821 = ( GEOMETRIC_REPRESENTATION_CONTEXT(2) 
PARAMETRIC_REPRESENTATION_CONTEXT() REPRESENTATION_CONTEXT('2D SPACE',''
  ) );
#9822 = ORIENTED_EDGE('',*,*,#8616,.F.);
#9823 = ADVANCED_FACE('',(#9824),#8653,.T.);
#9824 = FACE_BOUND('',#9825,.T.);
#9825 = EDGE_LOOP('',(#9826,#9827,#9828,#9829,#9830,#9831,#9832,#9833,
    #9834,#9835,#9836,#9837));
#9826 = ORIENTED_EDGE('',*,*,#9802,.F.);
#9827 = ORIENTED_EDGE('',*,*,#8715,.F.);
#9828 = ORIENTED_EDGE('',*,*,#8741,.T.);
#9829 = ORIENTED_EDGE('',*,*,#9778,.T.);
#9830 = ORIENTED_EDGE('',*,*,#9753,.T.);
#9831 = ORIENTED_EDGE('',*,*,#9708,.T.);
#9832 = ORIENTED_EDGE('',*,*,#9661,.F.);
#9833 = ORIENTED_EDGE('',*,*,#9614,.F.);
#9834 = ORIENTED_EDGE('',*,*,#9567,.T.);
#9835 = ORIENTED_EDGE('',*,*,#9520,.F.);
#9836 = ORIENTED_EDGE('',*,*,#8808,.T.);
#9837 = ORIENTED_EDGE('',*,*,#8639,.T.);
#9838 = ADVANCED_FACE('',(#9839),#9117,.T.);
#9839 = FACE_BOUND('',#9840,.F.);
#9840 = EDGE_LOOP('',(#9841,#9864,#9891,#9892));
#9841 = ORIENTED_EDGE('',*,*,#9842,.T.);
#9842 = EDGE_CURVE('',#9101,#9843,#9845,.T.);
#9843 = VERTEX_POINT('',#9844);
#9844 = CARTESIAN_POINT('',(7.7,-48.5,10.6));
#9845 = SEAM_CURVE('',#9846,(#9850,#9857),.PCURVE_S1.);
#9846 = LINE('',#9847,#9848);
#9847 = CARTESIAN_POINT('',(7.7,-48.5,8.));
#9848 = VECTOR('',#9849,1.);
#9849 = DIRECTION('',(0.,0.,1.));
#9850 = PCURVE('',#9117,#9851);
#9851 = DEFINITIONAL_REPRESENTATION('',(#9852),#9856);
#9852 = LINE('',#9853,#9854);
#9853 = CARTESIAN_POINT('',(-0.,0.));
#9854 = VECTOR('',#9855,1.);
#9855 = DIRECTION('',(-0.,-1.));
#9856 = ( GEOMETRIC_REPRESENTATION_CONTEXT(2) 
PARAMETRIC_REPRESENTATION_CONTEXT() REPRESENTATION_CONTEXT('2D SPACE',''
  ) );
#9857 = PCURVE('',#9117,#9858);
#9858 = DEFINITIONAL_REPRESENTATION('',(#9859),#9863);
#9859 = LINE('',#9860,#9861);
#9860 = CARTESIAN_POINT('',(-6.28318530718,0.));
#9861 = VECTOR('',#9862,1.);
#9862 = DIRECTION('',(-0.,-1.));
#9863 = ( GEOMETRIC_REPRESENTATION_CONTEXT(2) 
PARAMETRIC_REPRESENTATION_CONTEXT() REPRESENTATION_CONTEXT('2D SPACE',''
  ) );
#9864 = ORIENTED_EDGE('',*,*,#9865,.T.);
#9865 = EDGE_CURVE('',#9843,#9843,#9866,.T.);
#9866 = SURFACE_CURVE('',#9867,(#9872,#9879),.PCURVE_S1.);
#9867 = CIRCLE('',#9868,1.2);
#9868 = AXIS2_PLACEMENT_3D('',#9869,#9870,#9871);
#9869 = CARTESIAN_POINT('',(6.5,-48.5,10.6));
#9870 = DIRECTION('',(0.,0.,1.));
#9871 = DIRECTION('',(1.,0.,-0.));
#9872 = PCURVE('',#9117,#9873);
#9873 = DEFINITIONAL_REPRESENTATION('',(#9874),#9878);
#9874 = LINE('',#9875,#9876);
#9875 = CARTESIAN_POINT('',(-0.,-2.6));
#9876 = VECTOR('',#9877,1.);
#9877 = DIRECTION('',(-1.,0.));
#9878 = ( GEOMETRIC_REPRESENTATION_CONTEXT(2) 
PARAMETRIC_REPRESENTATION_CONTEXT() REPRESENTATION_CONTEXT('2D SPACE',''
  ) );
#9879 = PCURVE('',#9880,#9885);
#9880 = CONICAL_SURFACE('',#9881,1.2,0.785398163397);
#9881 = AXIS2_PLACEMENT_3D('',#9882,#9883,#9884);
#9882 = CARTESIAN_POINT('',(6.5,-48.5,10.6));
#9883 = DIRECTION('',(-0.,-0.,-1.));
#9884 = DIRECTION('',(1.,0.,0.));
#9885 = DEFINITIONAL_REPRESENTATION('',(#9886),#9890);
#9886 = LINE('',#9887,#9888);
#9887 = CARTESIAN_POINT('',(-0.,-0.));
#9888 = VECTOR('',#9889,1.);
#9889 = DIRECTION('',(-1.,-0.));
#9890 = ( GEOMETRIC_REPRESENTATION_CONTEXT(2) 
PARAMETRIC_REPRESENTATION_CONTEXT() REPRESENTATION_CONTEXT('2D SPACE',''
  ) );
#9891 = ORIENTED_EDGE('',*,*,#9842,.F.);
#9892 = ORIENTED_EDGE('',*,*,#9100,.F.);
#9893 = ADVANCED_FACE('',(#9894),#9152,.T.);
#9894 = FACE_BOUND('',#9895,.F.);
#9895 = EDGE_LOOP('',(#9896,#9919,#9946,#9947));
#9896 = ORIENTED_EDGE('',*,*,#9897,.T.);
#9897 = EDGE_CURVE('',#9136,#9898,#9900,.T.);
#9898 = VERTEX_POINT('',#9899);
#9899 = CARTESIAN_POINT('',(56.7,-48.5,10.6));
#9900 = SEAM_CURVE('',#9901,(#9905,#9912),.PCURVE_S1.);
#9901 = LINE('',#9902,#9903);
#9902 = CARTESIAN_POINT('',(56.7,-48.5,8.));
#9903 = VECTOR('',#9904,1.);
#9904 = DIRECTION('',(0.,0.,1.));
#9905 = PCURVE('',#9152,#9906);
#9906 = DEFINITIONAL_REPRESENTATION('',(#9907),#9911);
#9907 = LINE('',#9908,#9909);
#9908 = CARTESIAN_POINT('',(-0.,0.));
#9909 = VECTOR('',#9910,1.);
#9910 = DIRECTION('',(-0.,-1.));
#9911 = ( GEOMETRIC_REPRESENTATION_CONTEXT(2) 
PARAMETRIC_REPRESENTATION_CONTEXT() REPRESENTATION_CONTEXT('2D SPACE',''
  ) );
#9912 = PCURVE('',#9152,#9913);
#9913 = DEFINITIONAL_REPRESENTATION('',(#9914),#9918);
#9914 = LINE('',#9915,#9916);
#9915 = CARTESIAN_POINT('',(-6.28318530718,0.));
#9916 = VECTOR('',#9917,1.);
#9917 = DIRECTION('',(-0.,-1.));
#9918 = ( GEOMETRIC_REPRESENTATION_CONTEXT(2) 
PARAMETRIC_REPRESENTATION_CONTEXT() REPRESENTATION_CONTEXT('2D SPACE',''
  ) );
#9919 = ORIENTED_EDGE('',*,*,#9920,.T.);
#9920 = EDGE_CURVE('',#9898,#9898,#9921,.T.);
#9921 = SURFACE_CURVE('',#9922,(#9927,#9934),.PCURVE_S1.);
#9922 = CIRCLE('',#9923,1.2);
#9923 = AXIS2_PLACEMENT_3D('',#9924,#9925,#9926);
#9924 = CARTESIAN_POINT('',(55.5,-48.5,10.6));
#9925 = DIRECTION('',(0.,0.,1.));
#9926 = DIRECTION('',(1.,0.,-0.));
#9927 = PCURVE('',#9152,#9928);
#9928 = DEFINITIONAL_REPRESENTATION('',(#9929),#9933);
#9929 = LINE('',#9930,#9931);
#9930 = CARTESIAN_POINT('',(-0.,-2.6));
#9931 = VECTOR('',#9932,1.);
#9932 = DIRECTION('',(-1.,0.));
#9933 = ( GEOMETRIC_REPRESENTATION_CONTEXT(2) 
PARAMETRIC_REPRESENTATION_CONTEXT() REPRESENTATION_CONTEXT('2D SPACE',''
  ) );
#9934 = PCURVE('',#9935,#9940);
#9935 = CONICAL_SURFACE('',#9936,1.2,0.785398163397);
#9936 = AXIS2_PLACEMENT_3D('',#9937,#9938,#9939);
#9937 = CARTESIAN_POINT('',(55.5,-48.5,10.6));
#9938 = DIRECTION('',(-0.,-0.,-1.));
#9939 = DIRECTION('',(1.,0.,0.));
#9940 = DEFINITIONAL_REPRESENTATION('',(#9941),#9945);
#9941 = LINE('',#9942,#9943);
#9942 = CARTESIAN_POINT('',(-0.,-0.));
#9943 = VECTOR('',#9944,1.);
#9944 = DIRECTION('',(-1.,-0.));
#9945 = ( GEOMETRIC_REPRESENTATION_CONTEXT(2) 
PARAMETRIC_REPRESENTATION_CONTEXT() REPRESENTATION_CONTEXT('2D SPACE',''
  ) );
#9946 = ORIENTED_EDGE('',*,*,#9897,.F.);
#9947 = ORIENTED_EDGE('',*,*,#9135,.F.);
#9948 = ADVANCED_FACE('',(#9949),#9447,.T.);
#9949 = FACE_BOUND('',#9950,.F.);
#9950 = EDGE_LOOP('',(#9951,#9974,#10001,#10002));
#9951 = ORIENTED_EDGE('',*,*,#9952,.T.);
#9952 = EDGE_CURVE('',#9431,#9953,#9955,.T.);
#9953 = VERTEX_POINT('',#9954);
#9954 = CARTESIAN_POINT('',(7.7,9.5,10.6));
#9955 = SEAM_CURVE('',#9956,(#9960,#9967),.PCURVE_S1.);
#9956 = LINE('',#9957,#9958);
#9957 = CARTESIAN_POINT('',(7.7,9.5,8.));
#9958 = VECTOR('',#9959,1.);
#9959 = DIRECTION('',(0.,0.,1.));
#9960 = PCURVE('',#9447,#9961);
#9961 = DEFINITIONAL_REPRESENTATION('',(#9962),#9966);
#9962 = LINE('',#9963,#9964);
#9963 = CARTESIAN_POINT('',(-0.,0.));
#9964 = VECTOR('',#9965,1.);
#9965 = DIRECTION('',(-0.,-1.));
#9966 = ( GEOMETRIC_REPRESENTATION_CONTEXT(2) 
PARAMETRIC_REPRESENTATION_CONTEXT() REPRESENTATION_CONTEXT('2D SPACE',''
  ) );
#9967 = PCURVE('',#9447,#9968);
#9968 = DEFINITIONAL_REPRESENTATION('',(#9969),#9973);
#9969 = LINE('',#9970,#9971);
#9970 = CARTESIAN_POINT('',(-6.28318530718,0.));
#9971 = VECTOR('',#9972,1.);
#9972 = DIRECTION('',(-0.,-1.));
#9973 = ( GEOMETRIC_REPRESENTATION_CONTEXT(2) 
PARAMETRIC_REPRESENTATION_CONTEXT() REPRESENTATION_CONTEXT('2D SPACE',''
  ) );
#9974 = ORIENTED_EDGE('',*,*,#9975,.T.);
#9975 = EDGE_CURVE('',#9953,#9953,#9976,.T.);
#9976 = SURFACE_CURVE('',#9977,(#9982,#9989),.PCURVE_S1.);
#9977 = CIRCLE('',#9978,1.2);
#9978 = AXIS2_PLACEMENT_3D('',#9979,#9980,#9981);
#9979 = CARTESIAN_POINT('',(6.5,9.5,10.6));
#9980 = DIRECTION('',(0.,0.,1.));
#9981 = DIRECTION('',(1.,0.,-0.));
#9982 = PCURVE('',#9447,#9983);
#9983 = DEFINITIONAL_REPRESENTATION('',(#9984),#9988);
#9984 = LINE('',#9985,#9986);
#9985 = CARTESIAN_POINT('',(-0.,-2.6));
#9986 = VECTOR('',#9987,1.);
#9987 = DIRECTION('',(-1.,0.));
#9988 = ( GEOMETRIC_REPRESENTATION_CONTEXT(2) 
PARAMETRIC_REPRESENTATION_CONTEXT() REPRESENTATION_CONTEXT('2D SPACE',''
  ) );
#9989 = PCURVE('',#9990,#9995);
#9990 = CONICAL_SURFACE('',#9991,1.2,0.785398163397);
#9991 = AXIS2_PLACEMENT_3D('',#9992,#9993,#9994);
#9992 = CARTESIAN_POINT('',(6.5,9.5,10.6));
#9993 = DIRECTION('',(-0.,-0.,-1.));
#9994 = DIRECTION('',(1.,0.,0.));
#9995 = DEFINITIONAL_REPRESENTATION('',(#9996),#10000);
#9996 = LINE('',#9997,#9998);
#9997 = CARTESIAN_POINT('',(-0.,-0.));
#9998 = VECTOR('',#9999,1.);
#9999 = DIRECTION('',(-1.,-0.));
#10000 = ( GEOMETRIC_REPRESENTATION_CONTEXT(2) 
PARAMETRIC_REPRESENTATION_CONTEXT() REPRESENTATION_CONTEXT('2D SPACE',''
  ) );
#10001 = ORIENTED_EDGE('',*,*,#9952,.F.);
#10002 = ORIENTED_EDGE('',*,*,#9430,.F.);
#10003 = ADVANCED_FACE('',(#10004),#9482,.T.);
#10004 = FACE_BOUND('',#10005,.F.);
#10005 = EDGE_LOOP('',(#10006,#10029,#10056,#10057));
#10006 = ORIENTED_EDGE('',*,*,#10007,.T.);
#10007 = EDGE_CURVE('',#9466,#10008,#10010,.T.);
#10008 = VERTEX_POINT('',#10009);
#10009 = CARTESIAN_POINT('',(56.7,9.5,10.6));
#10010 = SEAM_CURVE('',#10011,(#10015,#10022),.PCURVE_S1.);
#10011 = LINE('',#10012,#10013);
#10012 = CARTESIAN_POINT('',(56.7,9.5,8.));
#10013 = VECTOR('',#10014,1.);
#10014 = DIRECTION('',(0.,0.,1.));
#10015 = PCURVE('',#9482,#10016);
#10016 = DEFINITIONAL_REPRESENTATION('',(#10017),#10021);
#10017 = LINE('',#10018,#10019);
#10018 = CARTESIAN_POINT('',(-0.,0.));
#10019 = VECTOR('',#10020,1.);
#10020 = DIRECTION('',(-0.,-1.));
#10021 = ( GEOMETRIC_REPRESENTATION_CONTEXT(2) 
PARAMETRIC_REPRESENTATION_CONTEXT() REPRESENTATION_CONTEXT('2D SPACE',''
  ) );
#10022 = PCURVE('',#9482,#10023);
#10023 = DEFINITIONAL_REPRESENTATION('',(#10024),#10028);
#10024 = LINE('',#10025,#10026);
#10025 = CARTESIAN_POINT('',(-6.28318530718,0.));
#10026 = VECTOR('',#10027,1.);
#10027 = DIRECTION('',(-0.,-1.));
#10028 = ( GEOMETRIC_REPRESENTATION_CONTEXT(2) 
PARAMETRIC_REPRESENTATION_CONTEXT() REPRESENTATION_CONTEXT('2D SPACE',''
  ) );
#10029 = ORIENTED_EDGE('',*,*,#10030,.T.);
#10030 = EDGE_CURVE('',#10008,#10008,#10031,.T.);
#10031 = SURFACE_CURVE('',#10032,(#10037,#10044),.PCURVE_S1.);
#10032 = CIRCLE('',#10033,1.2);
#10033 = AXIS2_PLACEMENT_3D('',#10034,#10035,#10036);
#10034 = CARTESIAN_POINT('',(55.5,9.5,10.6));
#10035 = DIRECTION('',(0.,0.,1.));
#10036 = DIRECTION('',(1.,0.,-0.));
#10037 = PCURVE('',#9482,#10038);
#10038 = DEFINITIONAL_REPRESENTATION('',(#10039),#10043);
#10039 = LINE('',#10040,#10041);
#10040 = CARTESIAN_POINT('',(-0.,-2.6));
#10041 = VECTOR('',#10042,1.);
#10042 = DIRECTION('',(-1.,0.));
#10043 = ( GEOMETRIC_REPRESENTATION_CONTEXT(2) 
PARAMETRIC_REPRESENTATION_CONTEXT() REPRESENTATION_CONTEXT('2D SPACE',''
  ) );
#10044 = PCURVE('',#10045,#10050);
#10045 = CONICAL_SURFACE('',#10046,1.2,0.785398163397);
#10046 = AXIS2_PLACEMENT_3D('',#10047,#10048,#10049);
#10047 = CARTESIAN_POINT('',(55.5,9.5,10.6));
#10048 = DIRECTION('',(-0.,-0.,-1.));
#10049 = DIRECTION('',(1.,0.,0.));
#10050 = DEFINITIONAL_REPRESENTATION('',(#10051),#10055);
#10051 = LINE('',#10052,#10053);
#10052 = CARTESIAN_POINT('',(-0.,-0.));
#10053 = VECTOR('',#10054,1.);
#10054 = DIRECTION('',(-1.,-0.));
#10055 = ( GEOMETRIC_REPRESENTATION_CONTEXT(2) 
PARAMETRIC_REPRESENTATION_CONTEXT() REPRESENTATION_CONTEXT('2D SPACE',''
  ) );
#10056 = ORIENTED_EDGE('',*,*,#10007,.F.);
#10057 = ORIENTED_EDGE('',*,*,#9465,.F.);
#10058 = ADVANCED_FACE('',(#10059),#9880,.T.);
#10059 = FACE_BOUND('',#10060,.T.);
#10060 = EDGE_LOOP('',(#10061,#10082,#10083,#10084));
#10061 = ORIENTED_EDGE('',*,*,#10062,.F.);
#10062 = EDGE_CURVE('',#9843,#10063,#10065,.T.);
#10063 = VERTEX_POINT('',#10064);
#10064 = CARTESIAN_POINT('',(7.3,-48.5,11.));
#10065 = SEAM_CURVE('',#10066,(#10070,#10076),.PCURVE_S1.);
#10066 = LINE('',#10067,#10068);
#10067 = CARTESIAN_POINT('',(7.7,-48.5,10.6));
#10068 = VECTOR('',#10069,1.);
#10069 = DIRECTION('',(-0.707106781187,0.,0.707106781187));
#10070 = PCURVE('',#9880,#10071);
#10071 = DEFINITIONAL_REPRESENTATION('',(#10072),#10075);
#10072 = B_SPLINE_CURVE_WITH_KNOTS('',1,(#10073,#10074),.UNSPECIFIED.,
  .F.,.F.,(2,2),(0.,0.565685424949),.PIECEWISE_BEZIER_KNOTS.);
#10073 = CARTESIAN_POINT('',(0.,0.));
#10074 = CARTESIAN_POINT('',(0.,-0.4));
#10075 = ( GEOMETRIC_REPRESENTATION_CONTEXT(2) 
PARAMETRIC_REPRESENTATION_CONTEXT() REPRESENTATION_CONTEXT('2D SPACE',''
  ) );
#10076 = PCURVE('',#9880,#10077);
#10077 = DEFINITIONAL_REPRESENTATION('',(#10078),#10081);
#10078 = B_SPLINE_CURVE_WITH_KNOTS('',1,(#10079,#10080),.UNSPECIFIED.,
  .F.,.F.,(2,2),(0.,0.565685424949),.PIECEWISE_BEZIER_KNOTS.);
#10079 = CARTESIAN_POINT('',(-6.28318530718,0.));
#10080 = CARTESIAN_POINT('',(-6.28318530718,-0.4));
#10081 = ( GEOMETRIC_REPRESENTATION_CONTEXT(2) 
PARAMETRIC_REPRESENTATION_CONTEXT() REPRESENTATION_CONTEXT('2D SPACE',''
  ) );
#10082 = ORIENTED_EDGE('',*,*,#9865,.T.);
#10083 = ORIENTED_EDGE('',*,*,#10062,.T.);
#10084 = ORIENTED_EDGE('',*,*,#10085,.F.);
#10085 = EDGE_CURVE('',#10063,#10063,#10086,.T.);
#10086 = SURFACE_CURVE('',#10087,(#10092,#10099),.PCURVE_S1.);
#10087 = CIRCLE('',#10088,0.8);
#10088 = AXIS2_PLACEMENT_3D('',#10089,#10090,#10091);
#10089 = CARTESIAN_POINT('',(6.5,-48.5,11.));
#10090 = DIRECTION('',(0.,0.,1.));
#10091 = DIRECTION('',(1.,0.,-0.));
#10092 = PCURVE('',#9880,#10093);
#10093 = DEFINITIONAL_REPRESENTATION('',(#10094),#10098);
#10094 = LINE('',#10095,#10096);
#10095 = CARTESIAN_POINT('',(-0.,-0.4));
#10096 = VECTOR('',#10097,1.);
#10097 = DIRECTION('',(-1.,-0.));
#10098 = ( GEOMETRIC_REPRESENTATION_CONTEXT(2) 
PARAMETRIC_REPRESENTATION_CONTEXT() REPRESENTATION_CONTEXT('2D SPACE',''
  ) );
#10099 = PCURVE('',#10100,#10105);
#10100 = PLANE('',#10101);
#10101 = AXIS2_PLACEMENT_3D('',#10102,#10103,#10104);
#10102 = CARTESIAN_POINT('',(6.5,-48.5,11.));
#10103 = DIRECTION('',(0.,0.,1.));
#10104 = DIRECTION('',(1.,0.,-0.));
#10105 = DEFINITIONAL_REPRESENTATION('',(#10106),#10110);
#10106 = CIRCLE('',#10107,0.8);
#10107 = AXIS2_PLACEMENT_2D('',#10108,#10109);
#10108 = CARTESIAN_POINT('',(0.,0.));
#10109 = DIRECTION('',(1.,0.));
#10110 = ( GEOMETRIC_REPRESENTATION_CONTEXT(2) 
PARAMETRIC_REPRESENTATION_CONTEXT() REPRESENTATION_CONTEXT('2D SPACE',''
  ) );
#10111 = ADVANCED_FACE('',(#10112),#9935,.T.);
#10112 = FACE_BOUND('',#10113,.T.);
#10113 = EDGE_LOOP('',(#10114,#10135,#10136,#10137));
#10114 = ORIENTED_EDGE('',*,*,#10115,.F.);
#10115 = EDGE_CURVE('',#9898,#10116,#10118,.T.);
#10116 = VERTEX_POINT('',#10117);
#10117 = CARTESIAN_POINT('',(56.3,-48.5,11.));
#10118 = SEAM_CURVE('',#10119,(#10123,#10129),.PCURVE_S1.);
#10119 = LINE('',#10120,#10121);
#10120 = CARTESIAN_POINT('',(56.7,-48.5,10.6));
#10121 = VECTOR('',#10122,1.);
#10122 = DIRECTION('',(-0.707106781187,0.,0.707106781187));
#10123 = PCURVE('',#9935,#10124);
#10124 = DEFINITIONAL_REPRESENTATION('',(#10125),#10128);
#10125 = B_SPLINE_CURVE_WITH_KNOTS('',1,(#10126,#10127),.UNSPECIFIED.,
  .F.,.F.,(2,2),(0.,0.565685424949),.PIECEWISE_BEZIER_KNOTS.);
#10126 = CARTESIAN_POINT('',(0.,0.));
#10127 = CARTESIAN_POINT('',(0.,-0.4));
#10128 = ( GEOMETRIC_REPRESENTATION_CONTEXT(2) 
PARAMETRIC_REPRESENTATION_CONTEXT() REPRESENTATION_CONTEXT('2D SPACE',''
  ) );
#10129 = PCURVE('',#9935,#10130);
#10130 = DEFINITIONAL_REPRESENTATION('',(#10131),#10134);
#10131 = B_SPLINE_CURVE_WITH_KNOTS('',1,(#10132,#10133),.UNSPECIFIED.,
  .F.,.F.,(2,2),(0.,0.565685424949),.PIECEWISE_BEZIER_KNOTS.);
#10132 = CARTESIAN_POINT('',(-6.28318530718,0.));
#10133 = CARTESIAN_POINT('',(-6.28318530718,-0.4));
#10134 = ( GEOMETRIC_REPRESENTATION_CONTEXT(2) 
PARAMETRIC_REPRESENTATION_CONTEXT() REPRESENTATION_CONTEXT('2D SPACE',''
  ) );
#10135 = ORIENTED_EDGE('',*,*,#9920,.T.);
#10136 = ORIENTED_EDGE('',*,*,#10115,.T.);
#10137 = ORIENTED_EDGE('',*,*,#10138,.F.);
#10138 = EDGE_CURVE('',#10116,#10116,#10139,.T.);
#10139 = SURFACE_CURVE('',#10140,(#10145,#10152),.PCURVE_S1.);
#10140 = CIRCLE('',#10141,0.8);
#10141 = AXIS2_PLACEMENT_3D('',#10142,#10143,#10144);
#10142 = CARTESIAN_POINT('',(55.5,-48.5,11.));
#10143 = DIRECTION('',(0.,0.,1.));
#10144 = DIRECTION('',(1.,0.,-0.));
#10145 = PCURVE('',#9935,#10146);
#10146 = DEFINITIONAL_REPRESENTATION('',(#10147),#10151);
#10147 = LINE('',#10148,#10149);
#10148 = CARTESIAN_POINT('',(-0.,-0.4));
#10149 = VECTOR('',#10150,1.);
#10150 = DIRECTION('',(-1.,-0.));
#10151 = ( GEOMETRIC_REPRESENTATION_CONTEXT(2) 
PARAMETRIC_REPRESENTATION_CONTEXT() REPRESENTATION_CONTEXT('2D SPACE',''
  ) );
#10152 = PCURVE('',#10153,#10158);
#10153 = PLANE('',#10154);
#10154 = AXIS2_PLACEMENT_3D('',#10155,#10156,#10157);
#10155 = CARTESIAN_POINT('',(55.5,-48.5,11.));
#10156 = DIRECTION('',(0.,0.,1.));
#10157 = DIRECTION('',(1.,0.,-0.));
#10158 = DEFINITIONAL_REPRESENTATION('',(#10159),#10163);
#10159 = CIRCLE('',#10160,0.8);
#10160 = AXIS2_PLACEMENT_2D('',#10161,#10162);
#10161 = CARTESIAN_POINT('',(0.,0.));
#10162 = DIRECTION('',(1.,0.));
#10163 = ( GEOMETRIC_REPRESENTATION_CONTEXT(2) 
PARAMETRIC_REPRESENTATION_CONTEXT() REPRESENTATION_CONTEXT('2D SPACE',''
  ) );
#10164 = ADVANCED_FACE('',(#10165),#9990,.T.);
#10165 = FACE_BOUND('',#10166,.T.);
#10166 = EDGE_LOOP('',(#10167,#10188,#10189,#10190));
#10167 = ORIENTED_EDGE('',*,*,#10168,.F.);
#10168 = EDGE_CURVE('',#9953,#10169,#10171,.T.);
#10169 = VERTEX_POINT('',#10170);
#10170 = CARTESIAN_POINT('',(7.3,9.5,11.));
#10171 = SEAM_CURVE('',#10172,(#10176,#10182),.PCURVE_S1.);
#10172 = LINE('',#10173,#10174);
#10173 = CARTESIAN_POINT('',(7.7,9.5,10.6));
#10174 = VECTOR('',#10175,1.);
#10175 = DIRECTION('',(-0.707106781187,0.,0.707106781187));
#10176 = PCURVE('',#9990,#10177);
#10177 = DEFINITIONAL_REPRESENTATION('',(#10178),#10181);
#10178 = B_SPLINE_CURVE_WITH_KNOTS('',1,(#10179,#10180),.UNSPECIFIED.,
  .F.,.F.,(2,2),(0.,0.565685424949),.PIECEWISE_BEZIER_KNOTS.);
#10179 = CARTESIAN_POINT('',(0.,0.));
#10180 = CARTESIAN_POINT('',(0.,-0.4));
#10181 = ( GEOMETRIC_REPRESENTATION_CONTEXT(2) 
PARAMETRIC_REPRESENTATION_CONTEXT() REPRESENTATION_CONTEXT('2D SPACE',''
  ) );
#10182 = PCURVE('',#9990,#10183);
#10183 = DEFINITIONAL_REPRESENTATION('',(#10184),#10187);
#10184 = B_SPLINE_CURVE_WITH_KNOTS('',1,(#10185,#10186),.UNSPECIFIED.,
  .F.,.F.,(2,2),(0.,0.565685424949),.PIECEWISE_BEZIER_KNOTS.);
#10185 = CARTESIAN_POINT('',(-6.28318530718,0.));
#10186 = CARTESIAN_POINT('',(-6.28318530718,-0.4));
#10187 = ( GEOMETRIC_REPRESENTATION_CONTEXT(2) 
PARAMETRIC_REPRESENTATION_CONTEXT() REPRESENTATION_CONTEXT('2D SPACE',''
  ) );
#10188 = ORIENTED_EDGE('',*,*,#9975,.T.);
#10189 = ORIENTED_EDGE('',*,*,#10168,.T.);
#10190 = ORIENTED_EDGE('',*,*,#10191,.F.);
#10191 = EDGE_CURVE('',#10169,#10169,#10192,.T.);
#10192 = SURFACE_CURVE('',#10193,(#10198,#10205),.PCURVE_S1.);
#10193 = CIRCLE('',#10194,0.8);
#10194 = AXIS2_PLACEMENT_3D('',#10195,#10196,#10197);
#10195 = CARTESIAN_POINT('',(6.5,9.5,11.));
#10196 = DIRECTION('',(0.,0.,1.));
#10197 = DIRECTION('',(1.,0.,-0.));
#10198 = PCURVE('',#9990,#10199);
#10199 = DEFINITIONAL_REPRESENTATION('',(#10200),#10204);
#10200 = LINE('',#10201,#10202);
#10201 = CARTESIAN_POINT('',(-0.,-0.4));
#10202 = VECTOR('',#10203,1.);
#10203 = DIRECTION('',(-1.,-0.));
#10204 = ( GEOMETRIC_REPRESENTATION_CONTEXT(2) 
PARAMETRIC_REPRESENTATION_CONTEXT() REPRESENTATION_CONTEXT('2D SPACE',''
  ) );
#10205 = PCURVE('',#10206,#10211);
#10206 = PLANE('',#10207);
#10207 = AXIS2_PLACEMENT_3D('',#10208,#10209,#10210);
#10208 = CARTESIAN_POINT('',(6.5,9.5,11.));
#10209 = DIRECTION('',(0.,0.,1.));
#10210 = DIRECTION('',(1.,0.,-0.));
#10211 = DEFINITIONAL_REPRESENTATION('',(#10212),#10216);
#10212 = CIRCLE('',#10213,0.8);
#10213 = AXIS2_PLACEMENT_2D('',#10214,#10215);
#10214 = CARTESIAN_POINT('',(0.,0.));
#10215 = DIRECTION('',(1.,0.));
#10216 = ( GEOMETRIC_REPRESENTATION_CONTEXT(2) 
PARAMETRIC_REPRESENTATION_CONTEXT() REPRESENTATION_CONTEXT('2D SPACE',''
  ) );
#10217 = ADVANCED_FACE('',(#10218),#10045,.T.);
#10218 = FACE_BOUND('',#10219,.T.);
#10219 = EDGE_LOOP('',(#10220,#10241,#10242,#10243));
#10220 = ORIENTED_EDGE('',*,*,#10221,.F.);
#10221 = EDGE_CURVE('',#10008,#10222,#10224,.T.);
#10222 = VERTEX_POINT('',#10223);
#10223 = CARTESIAN_POINT('',(56.3,9.5,11.));
#10224 = SEAM_CURVE('',#10225,(#10229,#10235),.PCURVE_S1.);
#10225 = LINE('',#10226,#10227);
#10226 = CARTESIAN_POINT('',(56.7,9.5,10.6));
#10227 = VECTOR('',#10228,1.);
#10228 = DIRECTION('',(-0.707106781187,0.,0.707106781187));
#10229 = PCURVE('',#10045,#10230);
#10230 = DEFINITIONAL_REPRESENTATION('',(#10231),#10234);
#10231 = B_SPLINE_CURVE_WITH_KNOTS('',1,(#10232,#10233),.UNSPECIFIED.,
  .F.,.F.,(2,2),(0.,0.565685424949),.PIECEWISE_BEZIER_KNOTS.);
#10232 = CARTESIAN_POINT('',(0.,0.));
#10233 = CARTESIAN_POINT('',(0.,-0.4));
#10234 = ( GEOMETRIC_REPRESENTATION_CONTEXT(2) 
PARAMETRIC_REPRESENTATION_CONTEXT() REPRESENTATION_CONTEXT('2D SPACE',''
  ) );
#10235 = PCURVE('',#10045,#10236);
#10236 = DEFINITIONAL_REPRESENTATION('',(#10237),#10240);
#10237 = B_SPLINE_CURVE_WITH_KNOTS('',1,(#10238,#10239),.UNSPECIFIED.,
  .F.,.F.,(2,2),(0.,0.565685424949),.PIECEWISE_BEZIER_KNOTS.);
#10238 = CARTESIAN_POINT('',(-6.28318530718,0.));
#10239 = CARTESIAN_POINT('',(-6.28318530718,-0.4));
#10240 = ( GEOMETRIC_REPRESENTATION_CONTEXT(2) 
PARAMETRIC_REPRESENTATION_CONTEXT() REPRESENTATION_CONTEXT('2D SPACE',''
  ) );
#10241 = ORIENTED_EDGE('',*,*,#10030,.T.);
#10242 = ORIENTED_EDGE('',*,*,#10221,.T.);
#10243 = ORIENTED_EDGE('',*,*,#10244,.F.);
#10244 = EDGE_CURVE('',#10222,#10222,#10245,.T.);
#10245 = SURFACE_CURVE('',#10246,(#10251,#10258),.PCURVE_S1.);
#10246 = CIRCLE('',#10247,0.8);
#10247 = AXIS2_PLACEMENT_3D('',#10248,#10249,#10250);
#10248 = CARTESIAN_POINT('',(55.5,9.5,11.));
#10249 = DIRECTION('',(0.,0.,1.));
#10250 = DIRECTION('',(1.,0.,-0.));
#10251 = PCURVE('',#10045,#10252);
#10252 = DEFINITIONAL_REPRESENTATION('',(#10253),#10257);
#10253 = LINE('',#10254,#10255);
#10254 = CARTESIAN_POINT('',(-0.,-0.4));
#10255 = VECTOR('',#10256,1.);
#10256 = DIRECTION('',(-1.,-0.));
#10257 = ( GEOMETRIC_REPRESENTATION_CONTEXT(2) 
PARAMETRIC_REPRESENTATION_CONTEXT() REPRESENTATION_CONTEXT('2D SPACE',''
  ) );
#10258 = PCURVE('',#10259,#10264);
#10259 = PLANE('',#10260);
#10260 = AXIS2_PLACEMENT_3D('',#10261,#10262,#10263);
#10261 = CARTESIAN_POINT('',(55.5,9.5,11.));
#10262 = DIRECTION('',(0.,0.,1.));
#10263 = DIRECTION('',(1.,0.,-0.));
#10264 = DEFINITIONAL_REPRESENTATION('',(#10265),#10269);
#10265 = CIRCLE('',#10266,0.8);
#10266 = AXIS2_PLACEMENT_2D('',#10267,#10268);
#10267 = CARTESIAN_POINT('',(0.,0.));
#10268 = DIRECTION('',(1.,0.));
#10269 = ( GEOMETRIC_REPRESENTATION_CONTEXT(2) 
PARAMETRIC_REPRESENTATION_CONTEXT() REPRESENTATION_CONTEXT('2D SPACE',''
  ) );
#10270 = ADVANCED_FACE('',(#10271),#10100,.T.);
#10271 = FACE_BOUND('',#10272,.T.);
#10272 = EDGE_LOOP('',(#10273));
#10273 = ORIENTED_EDGE('',*,*,#10085,.T.);
#10274 = ADVANCED_FACE('',(#10275),#10153,.T.);
#10275 = FACE_BOUND('',#10276,.T.);
#10276 = EDGE_LOOP('',(#10277));
#10277 = ORIENTED_EDGE('',*,*,#10138,.T.);
#10278 = ADVANCED_FACE('',(#10279),#10206,.T.);
#10279 = FACE_BOUND('',#10280,.T.);
#10280 = EDGE_LOOP('',(#10281));
#10281 = ORIENTED_EDGE('',*,*,#10191,.T.);
#10282 = ADVANCED_FACE('',(#10283),#10259,.T.);
#10283 = FACE_BOUND('',#10284,.T.);
#10284 = EDGE_LOOP('',(#10285));
#10285 = ORIENTED_EDGE('',*,*,#10244,.T.);
#10286 = ( GEOMETRIC_REPRESENTATION_CONTEXT(3) 
GLOBAL_UNCERTAINTY_ASSIGNED_CONTEXT((#10290)) 
GLOBAL_UNIT_ASSIGNED_CONTEXT((#10287,#10288,#10289)) 
REPRESENTATION_CONTEXT('Context #1',
  '3D Context with UNIT and UNCERTAINTY') );
#10287 = ( LENGTH_UNIT() NAMED_UNIT(*) SI_UNIT(.MILLI.,.METRE.) );
#10288 = ( NAMED_UNIT(*) PLANE_ANGLE_UNIT() SI_UNIT($,.RADIAN.) );
#10289 = ( NAMED_UNIT(*) SI_UNIT($,.STERADIAN.) SOLID_ANGLE_UNIT() );
#10290 = UNCERTAINTY_MEASURE_WITH_UNIT(LENGTH_MEASURE(5.E-07),#10287,
  'distance_accuracy_value','confusion accuracy');
#10291 = PRODUCT_RELATED_PRODUCT_CATEGORY('part',$,(#7));
ENDSEC;
END-ISO-10303-21;
