ISO-10303-21;
HEADER;
FILE_DESCRIPTION(('Open CASCADE Model'),'2;1');
FILE_NAME('Open CASCADE Shape Model','2026-10-01T14:05:13',('Author'),(
    'Open CASCADE'),'Open CASCADE STEP processor 7.9','Open CASCADE 7.9'
  ,'Unknown');
FILE_SCHEMA(('AUTOMOTIVE_DESIGN { 1 0 10303 214 1 1 1 1 }'));
ENDSEC;
DATA;
#1 = APPLICATION_PROTOCOL_DEFINITION('international standard',
  'automotive_design',2000,#2);
#2 = APPLICATION_CONTEXT(
  'core data for automotive mechanical design processes');
#3 = SHAPE_DEFINITION_REPRESENTATION(#4,#10);
#4 = PRODUCT_DEFINITION_SHAPE('','',#5);
#5 = PRODUCT_DEFINITION('design','',#6,#9);
#6 = PRODUCT_DEFINITION_FORMATION('','',#7);
#7 = PRODUCT('Open CASCADE STEP translator 7.9 1',
  'Open CASCADE STEP translator 7.9 1','',(#8));
#8 = PRODUCT_CONTEXT('',#2,'mechanical');
#9 = PRODUCT_DEFINITION_CONTEXT('part definition',#2,'design');
#10 = ADVANCED_BREP_SHAPE_REPRESENTATION('',(#11,#15),#8671);
#11 = AXIS2_PLACEMENT_3D('',#12,#13,#14);
#12 = CARTESIAN_POINT('',(0.,0.,0.));
#13 = DIRECTION('',(0.,0.,1.));
#14 = DIRECTION('',(1.,0.,-0.));
#15 = MANIFOLD_SOLID_BREP('',#16);
#16 = CLOSED_SHELL('',(#17,#105,#158,#193,#781,#1646,#1705,#1760,#1819,
    #1896,#1943,#1990,#2040,#2090,#2137,#2184,#2212,#2284,#2331,#2378,
    #2428,#2478,#2525,#2572,#2600,#2654,#2733,#2806,#2860,#2932,#2960,
    #3153,#3346,#3539,#3732,#3767,#3802,#3837,#4940,#4993,#5036,#5221,
    #5276,#5489,#5565,#5666,#5715,#5789,#5917,#6013,#6062,#6089,#6149,
    #6204,#6259,#6335,#6384,#6485,#6559,#6687,#6736,#6832,#6859,#6914,
    #6969,#7045,#7094,#7141,#7190,#7235,#7282,#7329,#7374,#7421,#7468,
    #7515,#7540,#7544,#7591,#7640,#7667,#7674,#7721,#7770,#7797,#7804,
    #7808,#7843,#7878,#7925,#7974,#8001,#8008,#8057,#8104,#8131,#8138,
    #8173,#8208,#8223,#8278,#8333,#8388,#8443,#8496,#8549,#8602,#8655,
    #8659,#8663,#8667));
#17 = ADVANCED_FACE('',(#18),#32,.T.);
#18 = FACE_BOUND('',#19,.F.);
#19 = EDGE_LOOP('',(#20,#50,#77,#78));
#20 = ORIENTED_EDGE('',*,*,#21,.T.);
#21 = EDGE_CURVE('',#22,#24,#26,.T.);
#22 = VERTEX_POINT('',#23);
#23 = CARTESIAN_POINT('',(107.5,0.,1.));
#24 = VERTEX_POINT('',#25);
#25 = CARTESIAN_POINT('',(107.5,0.,2.));
#26 = SEAM_CURVE('',#27,(#31,#43),.PCURVE_S1.);
#27 = LINE('',#28,#29);
#28 = CARTESIAN_POINT('',(107.5,0.,0.));
#29 = VECTOR('',#30,1.);
#30 = DIRECTION('',(0.,0.,1.));
#31 = PCURVE('',#32,#37);
#32 = CYLINDRICAL_SURFACE('',#33,107.5);
#33 = AXIS2_PLACEMENT_3D('',#34,#35,#36);
#34 = CARTESIAN_POINT('',(0.,0.,0.));
#35 = DIRECTION('',(-0.,-0.,-1.));
#36 = DIRECTION('',(1.,0.,0.));
#37 = DEFINITIONAL_REPRESENTATION('',(#38),#42);
#38 = LINE('',#39,#40);
#39 = CARTESIAN_POINT('',(-0.,0.));
#40 = VECTOR('',#41,1.);
#41 = DIRECTION('',(-0.,-1.));
#42 = ( GEOMETRIC_REPRESENTATION_CONTEXT(2) 
PARAMETRIC_REPRESENTATION_CONTEXT() REPRESENTATION_CONTEXT('2D SPACE',''
  ) );
#43 = PCURVE('',#32,#44);
#44 = DEFINITIONAL_REPRESENTATION('',(#45),#49);
#45 = LINE('',#46,#47);
#46 = CARTESIAN_POINT('',(-6.28318530718,0.));
#47 = VECTOR('',#48,1.);
#48 = DIRECTION('',(-0.,-1.));
#49 = ( GEOMETRIC_REPRESENTATION_CONTEXT(2) 
PARAMETRIC_REPRESENTATION_CONTEXT() REPRESENTATION_CONTEXT('2D SPACE',''
  ) );
#50 = ORIENTED_EDGE('',*,*,#51,.T.);
#51 = EDGE_CURVE('',#24,#24,#52,.T.);
#52 = SURFACE_CURVE('',#53,(#58,#65),.PCURVE_S1.);
#53 = CIRCLE('',#54,107.5);
#54 = AXIS2_PLACEMENT_3D('',#55,#56,#57);
#55 = CARTESIAN_POINT('',(0.,0.,2.));
#56 = DIRECTION('',(0.,0.,1.));
#57 = DIRECTION('',(1.,0.,0.));
#58 = PCURVE('',#32,#59);
#59 = DEFINITIONAL_REPRESENTATION('',(#60),#64);
#60 = LINE('',#61,#62);
#61 = CARTESIAN_POINT('',(-0.,-2.));
#62 = VECTOR('',#63,1.);
#63 = DIRECTION('',(-1.,0.));
#64 = ( GEOMETRIC_REPRESENTATION_CONTEXT(2) 
PARAMETRIC_REPRESENTATION_CONTEXT() REPRESENTATION_CONTEXT('2D SPACE',''
  ) );
#65 = PCURVE('',#66,#71);
#66 = PLANE('',#67);
#67 = AXIS2_PLACEMENT_3D('',#68,#69,#70);
#68 = CARTESIAN_POINT('',(-9.769246714328E-15,-4.388317696945E-15,2.));
#69 = DIRECTION('',(0.,0.,1.));
#70 = DIRECTION('',(1.,0.,-0.));
#71 = DEFINITIONAL_REPRESENTATION('',(#72),#76);
#72 = CIRCLE('',#73,107.5);
#73 = AXIS2_PLACEMENT_2D('',#74,#75);
#74 = CARTESIAN_POINT('',(9.769246714328E-15,4.388317696945E-15));
#75 = DIRECTION('',(1.,0.));
#76 = ( GEOMETRIC_REPRESENTATION_CONTEXT(2) 
PARAMETRIC_REPRESENTATION_CONTEXT() REPRESENTATION_CONTEXT('2D SPACE',''
  ) );
#77 = ORIENTED_EDGE('',*,*,#21,.F.);
#78 = ORIENTED_EDGE('',*,*,#79,.F.);
#79 = EDGE_CURVE('',#22,#22,#80,.T.);
#80 = SURFACE_CURVE('',#81,(#86,#93),.PCURVE_S1.);
#81 = CIRCLE('',#82,107.5);
#82 = AXIS2_PLACEMENT_3D('',#83,#84,#85);
#83 = CARTESIAN_POINT('',(0.,0.,1.));
#84 = DIRECTION('',(0.,0.,1.));
#85 = DIRECTION('',(1.,0.,-0.));
#86 = PCURVE('',#32,#87);
#87 = DEFINITIONAL_REPRESENTATION('',(#88),#92);
#88 = LINE('',#89,#90);
#89 = CARTESIAN_POINT('',(-0.,-1.));
#90 = VECTOR('',#91,1.);
#91 = DIRECTION('',(-1.,0.));
#92 = ( GEOMETRIC_REPRESENTATION_CONTEXT(2) 
PARAMETRIC_REPRESENTATION_CONTEXT() REPRESENTATION_CONTEXT('2D SPACE',''
  ) );
#93 = PCURVE('',#94,#99);
#94 = CONICAL_SURFACE('',#95,107.5,0.785398163397);
#95 = AXIS2_PLACEMENT_3D('',#96,#97,#98);
#96 = CARTESIAN_POINT('',(0.,0.,1.));
#97 = DIRECTION('',(0.,0.,1.));
#98 = DIRECTION('',(1.,0.,-0.));
#99 = DEFINITIONAL_REPRESENTATION('',(#100),#104);
#100 = LINE('',#101,#102);
#101 = CARTESIAN_POINT('',(0.,-0.));
#102 = VECTOR('',#103,1.);
#103 = DIRECTION('',(1.,-0.));
#104 = ( GEOMETRIC_REPRESENTATION_CONTEXT(2) 
PARAMETRIC_REPRESENTATION_CONTEXT() REPRESENTATION_CONTEXT('2D SPACE',''
  ) );
#105 = ADVANCED_FACE('',(#106),#94,.T.);
#106 = FACE_BOUND('',#107,.F.);
#107 = EDGE_LOOP('',(#108,#129,#130,#131));
#108 = ORIENTED_EDGE('',*,*,#109,.F.);
#109 = EDGE_CURVE('',#22,#110,#112,.T.);
#110 = VERTEX_POINT('',#111);
#111 = CARTESIAN_POINT('',(106.5,0.,0.));
#112 = SEAM_CURVE('',#113,(#117,#123),.PCURVE_S1.);
#113 = LINE('',#114,#115);
#114 = CARTESIAN_POINT('',(107.5,0.,1.));
#115 = VECTOR('',#116,1.);
#116 = DIRECTION('',(-0.707106781187,-0.,-0.707106781187));
#117 = PCURVE('',#94,#118);
#118 = DEFINITIONAL_REPRESENTATION('',(#119),#122);
#119 = B_SPLINE_CURVE_WITH_KNOTS('',1,(#120,#121),.UNSPECIFIED.,.F.,.F.,
  (2,2),(0.,1.414213562373),.PIECEWISE_BEZIER_KNOTS.);
#120 = CARTESIAN_POINT('',(0.,0.));
#121 = CARTESIAN_POINT('',(0.,-1.));
#122 = ( GEOMETRIC_REPRESENTATION_CONTEXT(2) 
PARAMETRIC_REPRESENTATION_CONTEXT() REPRESENTATION_CONTEXT('2D SPACE',''
  ) );
#123 = PCURVE('',#94,#124);
#124 = DEFINITIONAL_REPRESENTATION('',(#125),#128);
#125 = B_SPLINE_CURVE_WITH_KNOTS('',1,(#126,#127),.UNSPECIFIED.,.F.,.F.,
  (2,2),(0.,1.414213562373),.PIECEWISE_BEZIER_KNOTS.);
#126 = CARTESIAN_POINT('',(6.28318530718,0.));
#127 = CARTESIAN_POINT('',(6.28318530718,-1.));
#128 = ( GEOMETRIC_REPRESENTATION_CONTEXT(2) 
PARAMETRIC_REPRESENTATION_CONTEXT() REPRESENTATION_CONTEXT('2D SPACE',''
  ) );
#129 = ORIENTED_EDGE('',*,*,#79,.T.);
#130 = ORIENTED_EDGE('',*,*,#109,.T.);
#131 = ORIENTED_EDGE('',*,*,#132,.F.);
#132 = EDGE_CURVE('',#110,#110,#133,.T.);
#133 = SURFACE_CURVE('',#134,(#139,#146),.PCURVE_S1.);
#134 = CIRCLE('',#135,106.5);
#135 = AXIS2_PLACEMENT_3D('',#136,#137,#138);
#136 = CARTESIAN_POINT('',(0.,0.,0.));
#137 = DIRECTION('',(0.,0.,1.));
#138 = DIRECTION('',(1.,0.,-0.));
#139 = PCURVE('',#94,#140);
#140 = DEFINITIONAL_REPRESENTATION('',(#141),#145);
#141 = LINE('',#142,#143);
#142 = CARTESIAN_POINT('',(0.,-1.));
#143 = VECTOR('',#144,1.);
#144 = DIRECTION('',(1.,-0.));
#145 = ( GEOMETRIC_REPRESENTATION_CONTEXT(2) 
PARAMETRIC_REPRESENTATION_CONTEXT() REPRESENTATION_CONTEXT('2D SPACE',''
  ) );
#146 = PCURVE('',#147,#152);
#147 = PLANE('',#148);
#148 = AXIS2_PLACEMENT_3D('',#149,#150,#151);
#149 = CARTESIAN_POINT('',(-9.769246714328E-15,-4.388317696945E-15,0.));
#150 = DIRECTION('',(0.,0.,1.));
#151 = DIRECTION('',(1.,0.,-0.));
#152 = DEFINITIONAL_REPRESENTATION('',(#153),#157);
#153 = CIRCLE('',#154,106.5);
#154 = AXIS2_PLACEMENT_2D('',#155,#156);
#155 = CARTESIAN_POINT('',(9.769246714328E-15,4.388317696945E-15));
#156 = DIRECTION('',(1.,0.));
#157 = ( GEOMETRIC_REPRESENTATION_CONTEXT(2) 
PARAMETRIC_REPRESENTATION_CONTEXT() REPRESENTATION_CONTEXT('2D SPACE',''
  ) );
#158 = ADVANCED_FACE('',(#159,#162),#66,.T.);
#159 = FACE_BOUND('',#160,.T.);
#160 = EDGE_LOOP('',(#161));
#161 = ORIENTED_EDGE('',*,*,#51,.T.);
#162 = FACE_BOUND('',#163,.T.);
#163 = EDGE_LOOP('',(#164));
#164 = ORIENTED_EDGE('',*,*,#165,.F.);
#165 = EDGE_CURVE('',#166,#166,#168,.T.);
#166 = VERTEX_POINT('',#167);
#167 = CARTESIAN_POINT('',(105.7,0.,2.));
#168 = SURFACE_CURVE('',#169,(#174,#181),.PCURVE_S1.);
#169 = CIRCLE('',#170,105.7);
#170 = AXIS2_PLACEMENT_3D('',#171,#172,#173);
#171 = CARTESIAN_POINT('',(0.,0.,2.));
#172 = DIRECTION('',(0.,0.,1.));
#173 = DIRECTION('',(1.,0.,0.));
#174 = PCURVE('',#66,#175);
#175 = DEFINITIONAL_REPRESENTATION('',(#176),#180);
#176 = CIRCLE('',#177,105.7);
#177 = AXIS2_PLACEMENT_2D('',#178,#179);
#178 = CARTESIAN_POINT('',(9.769246714328E-15,4.388317696945E-15));
#179 = DIRECTION('',(1.,0.));
#180 = ( GEOMETRIC_REPRESENTATION_CONTEXT(2) 
PARAMETRIC_REPRESENTATION_CONTEXT() REPRESENTATION_CONTEXT('2D SPACE',''
  ) );
#181 = PCURVE('',#182,#187);
#182 = CYLINDRICAL_SURFACE('',#183,105.7);
#183 = AXIS2_PLACEMENT_3D('',#184,#185,#186);
#184 = CARTESIAN_POINT('',(0.,0.,2.));
#185 = DIRECTION('',(-0.,-0.,-1.));
#186 = DIRECTION('',(1.,0.,0.));
#187 = DEFINITIONAL_REPRESENTATION('',(#188),#192);
#188 = LINE('',#189,#190);
#189 = CARTESIAN_POINT('',(-0.,0.));
#190 = VECTOR('',#191,1.);
#191 = DIRECTION('',(-1.,0.));
#192 = ( GEOMETRIC_REPRESENTATION_CONTEXT(2) 
PARAMETRIC_REPRESENTATION_CONTEXT() REPRESENTATION_CONTEXT('2D SPACE',''
  ) );
#193 = ADVANCED_FACE('',(#194,#197,#232,#267,#302,#524,#746),#147,.F.);
#194 = FACE_BOUND('',#195,.F.);
#195 = EDGE_LOOP('',(#196));
#196 = ORIENTED_EDGE('',*,*,#132,.T.);
#197 = FACE_BOUND('',#198,.F.);
#198 = EDGE_LOOP('',(#199));
#199 = ORIENTED_EDGE('',*,*,#200,.T.);
#200 = EDGE_CURVE('',#201,#201,#203,.T.);
#201 = VERTEX_POINT('',#202);
#202 = CARTESIAN_POINT('',(-12.5,-84.,0.));
#203 = SURFACE_CURVE('',#204,(#209,#220),.PCURVE_S1.);
#204 = CIRCLE('',#205,2.);
#205 = AXIS2_PLACEMENT_3D('',#206,#207,#208);
#206 = CARTESIAN_POINT('',(-14.5,-84.,0.));
#207 = DIRECTION('',(0.,0.,-1.));
#208 = DIRECTION('',(1.,0.,0.));
#209 = PCURVE('',#147,#210);
#210 = DEFINITIONAL_REPRESENTATION('',(#211),#219);
#211 = ( BOUNDED_CURVE() B_SPLINE_CURVE(2,(#212,#213,#214,#215,#216,#217
,#218),.UNSPECIFIED.,.T.,.F.) B_SPLINE_CURVE_WITH_KNOTS((1,2,2,2,2,1),(
    -2.094395102393,0.,2.094395102393,4.188790204786,6.28318530718,
8.377580409573),.UNSPECIFIED.) CURVE() GEOMETRIC_REPRESENTATION_ITEM() 
RATIONAL_B_SPLINE_CURVE((1.,0.5,1.,0.5,1.,0.5,1.)) REPRESENTATION_ITEM(
  '') );
#212 = CARTESIAN_POINT('',(-12.5,-84.));
#213 = CARTESIAN_POINT('',(-12.5,-87.46410161513));
#214 = CARTESIAN_POINT('',(-15.5,-85.73205080756));
#215 = CARTESIAN_POINT('',(-18.5,-84.));
#216 = CARTESIAN_POINT('',(-15.5,-82.26794919243));
#217 = CARTESIAN_POINT('',(-12.5,-80.53589838486));
#218 = CARTESIAN_POINT('',(-12.5,-84.));
#219 = ( GEOMETRIC_REPRESENTATION_CONTEXT(2) 
PARAMETRIC_REPRESENTATION_CONTEXT() REPRESENTATION_CONTEXT('2D SPACE',''
  ) );
#220 = PCURVE('',#221,#226);
#221 = CYLINDRICAL_SURFACE('',#222,2.);
#222 = AXIS2_PLACEMENT_3D('',#223,#224,#225);
#223 = CARTESIAN_POINT('',(-14.5,-84.,-1.));
#224 = DIRECTION('',(-0.,-0.,-1.));
#225 = DIRECTION('',(1.,0.,0.));
#226 = DEFINITIONAL_REPRESENTATION('',(#227),#231);
#227 = LINE('',#228,#229);
#228 = CARTESIAN_POINT('',(-6.28318530718,-1.));
#229 = VECTOR('',#230,1.);
#230 = DIRECTION('',(1.,-0.));
#231 = ( GEOMETRIC_REPRESENTATION_CONTEXT(2) 
PARAMETRIC_REPRESENTATION_CONTEXT() REPRESENTATION_CONTEXT('2D SPACE',''
  ) );
#232 = FACE_BOUND('',#233,.F.);
#233 = EDGE_LOOP('',(#234));
#234 = ORIENTED_EDGE('',*,*,#235,.T.);
#235 = EDGE_CURVE('',#236,#236,#238,.T.);
#236 = VERTEX_POINT('',#237);
#237 = CARTESIAN_POINT('',(9.313708498985,-84.,0.));
#238 = SURFACE_CURVE('',#239,(#244,#255),.PCURVE_S1.);
#239 = CIRCLE('',#240,9.313708498985);
#240 = AXIS2_PLACEMENT_3D('',#241,#242,#243);
#241 = CARTESIAN_POINT('',(0.,-84.,0.));
#242 = DIRECTION('',(0.,0.,-1.));
#243 = DIRECTION('',(1.,0.,0.));
#244 = PCURVE('',#147,#245);
#245 = DEFINITIONAL_REPRESENTATION('',(#246),#254);
#246 = ( BOUNDED_CURVE() B_SPLINE_CURVE(2,(#247,#248,#249,#250,#251,#252
,#253),.UNSPECIFIED.,.T.,.F.) B_SPLINE_CURVE_WITH_KNOTS((1,2,2,2,2,1),(
    -2.094395102393,0.,2.094395102393,4.188790204786,6.28318530718,
8.377580409573),.UNSPECIFIED.) CURVE() GEOMETRIC_REPRESENTATION_ITEM() 
RATIONAL_B_SPLINE_CURVE((1.,0.5,1.,0.5,1.,0.5,1.)) REPRESENTATION_ITEM(
  '') );
#247 = CARTESIAN_POINT('',(9.313708498985,-84.));
#248 = CARTESIAN_POINT('',(9.313708498985,-100.1318163271));
#249 = CARTESIAN_POINT('',(-4.656854249492,-92.06590816356));
#250 = CARTESIAN_POINT('',(-18.62741699797,-84.));
#251 = CARTESIAN_POINT('',(-4.656854249492,-75.93409183643));
#252 = CARTESIAN_POINT('',(9.313708498985,-67.86818367287));
#253 = CARTESIAN_POINT('',(9.313708498985,-84.));
#254 = ( GEOMETRIC_REPRESENTATION_CONTEXT(2) 
PARAMETRIC_REPRESENTATION_CONTEXT() REPRESENTATION_CONTEXT('2D SPACE',''
  ) );
#255 = PCURVE('',#256,#261);
#256 = CYLINDRICAL_SURFACE('',#257,9.313708498985);
#257 = AXIS2_PLACEMENT_3D('',#258,#259,#260);
#258 = CARTESIAN_POINT('',(0.,-84.,-1.));
#259 = DIRECTION('',(-0.,-0.,-1.));
#260 = DIRECTION('',(1.,0.,0.));
#261 = DEFINITIONAL_REPRESENTATION('',(#262),#266);
#262 = LINE('',#263,#264);
#263 = CARTESIAN_POINT('',(-6.28318530718,-1.));
#264 = VECTOR('',#265,1.);
#265 = DIRECTION('',(1.,-0.));
#266 = ( GEOMETRIC_REPRESENTATION_CONTEXT(2) 
PARAMETRIC_REPRESENTATION_CONTEXT() REPRESENTATION_CONTEXT('2D SPACE',''
  ) );
#267 = FACE_BOUND('',#268,.F.);
#268 = EDGE_LOOP('',(#269));
#269 = ORIENTED_EDGE('',*,*,#270,.T.);
#270 = EDGE_CURVE('',#271,#271,#273,.T.);
#271 = VERTEX_POINT('',#272);
#272 = CARTESIAN_POINT('',(16.5,-84.,0.));
#273 = SURFACE_CURVE('',#274,(#279,#290),.PCURVE_S1.);
#274 = CIRCLE('',#275,2.);
#275 = AXIS2_PLACEMENT_3D('',#276,#277,#278);
#276 = CARTESIAN_POINT('',(14.5,-84.,0.));
#277 = DIRECTION('',(0.,0.,-1.));
#278 = DIRECTION('',(1.,0.,0.));
#279 = PCURVE('',#147,#280);
#280 = DEFINITIONAL_REPRESENTATION('',(#281),#289);
#281 = ( BOUNDED_CURVE() B_SPLINE_CURVE(2,(#282,#283,#284,#285,#286,#287
,#288),.UNSPECIFIED.,.T.,.F.) B_SPLINE_CURVE_WITH_KNOTS((1,2,2,2,2,1),(
    -2.094395102393,0.,2.094395102393,4.188790204786,6.28318530718,
8.377580409573),.UNSPECIFIED.) CURVE() GEOMETRIC_REPRESENTATION_ITEM() 
RATIONAL_B_SPLINE_CURVE((1.,0.5,1.,0.5,1.,0.5,1.)) REPRESENTATION_ITEM(
  '') );
#282 = CARTESIAN_POINT('',(16.5,-84.));
#283 = CARTESIAN_POINT('',(16.5,-87.46410161513));
#284 = CARTESIAN_POINT('',(13.5,-85.73205080756));
#285 = CARTESIAN_POINT('',(10.5,-84.));
#286 = CARTESIAN_POINT('',(13.5,-82.26794919243));
#287 = CARTESIAN_POINT('',(16.5,-80.53589838486));
#288 = CARTESIAN_POINT('',(16.5,-84.));
#289 = ( GEOMETRIC_REPRESENTATION_CONTEXT(2) 
PARAMETRIC_REPRESENTATION_CONTEXT() REPRESENTATION_CONTEXT('2D SPACE',''
  ) );
#290 = PCURVE('',#291,#296);
#291 = CYLINDRICAL_SURFACE('',#292,2.);
#292 = AXIS2_PLACEMENT_3D('',#293,#294,#295);
#293 = CARTESIAN_POINT('',(14.5,-84.,-1.));
#294 = DIRECTION('',(-0.,-0.,-1.));
#295 = DIRECTION('',(1.,0.,0.));
#296 = DEFINITIONAL_REPRESENTATION('',(#297),#301);
#297 = LINE('',#298,#299);
#298 = CARTESIAN_POINT('',(-6.28318530718,-1.));
#299 = VECTOR('',#300,1.);
#300 = DIRECTION('',(1.,-0.));
#301 = ( GEOMETRIC_REPRESENTATION_CONTEXT(2) 
PARAMETRIC_REPRESENTATION_CONTEXT() REPRESENTATION_CONTEXT('2D SPACE',''
  ) );
#302 = FACE_BOUND('',#303,.F.);
#303 = EDGE_LOOP('',(#304,#335,#361,#390,#416,#445,#471,#500));
#304 = ORIENTED_EDGE('',*,*,#305,.F.);
#305 = EDGE_CURVE('',#306,#308,#310,.T.);
#306 = VERTEX_POINT('',#307);
#307 = CARTESIAN_POINT('',(-88.5,-6.,0.));
#308 = VERTEX_POINT('',#309);
#309 = CARTESIAN_POINT('',(-86.5,-4.,0.));
#310 = SURFACE_CURVE('',#311,(#316,#323),.PCURVE_S1.);
#311 = CIRCLE('',#312,2.);
#312 = AXIS2_PLACEMENT_3D('',#313,#314,#315);
#313 = CARTESIAN_POINT('',(-88.5,-4.,0.));
#314 = DIRECTION('',(0.,0.,1.));
#315 = DIRECTION('',(0.,-1.,0.));
#316 = PCURVE('',#147,#317);
#317 = DEFINITIONAL_REPRESENTATION('',(#318),#322);
#318 = CIRCLE('',#319,2.);
#319 = AXIS2_PLACEMENT_2D('',#320,#321);
#320 = CARTESIAN_POINT('',(-88.5,-4.));
#321 = DIRECTION('',(0.,-1.));
#322 = ( GEOMETRIC_REPRESENTATION_CONTEXT(2) 
PARAMETRIC_REPRESENTATION_CONTEXT() REPRESENTATION_CONTEXT('2D SPACE',''
  ) );
#323 = PCURVE('',#324,#329);
#324 = CYLINDRICAL_SURFACE('',#325,2.);
#325 = AXIS2_PLACEMENT_3D('',#326,#327,#328);
#326 = CARTESIAN_POINT('',(-88.5,-4.,-1.));
#327 = DIRECTION('',(0.,0.,1.));
#328 = DIRECTION('',(0.,-1.,0.));
#329 = DEFINITIONAL_REPRESENTATION('',(#330),#334);
#330 = LINE('',#331,#332);
#331 = CARTESIAN_POINT('',(0.,1.));
#332 = VECTOR('',#333,1.);
#333 = DIRECTION('',(1.,0.));
#334 = ( GEOMETRIC_REPRESENTATION_CONTEXT(2) 
PARAMETRIC_REPRESENTATION_CONTEXT() REPRESENTATION_CONTEXT('2D SPACE',''
  ) );
#335 = ORIENTED_EDGE('',*,*,#336,.T.);
#336 = EDGE_CURVE('',#306,#337,#339,.T.);
#337 = VERTEX_POINT('',#338);
#338 = CARTESIAN_POINT('',(-95.5,-6.,0.));
#339 = SURFACE_CURVE('',#340,(#344,#350),.PCURVE_S1.);
#340 = LINE('',#341,#342);
#341 = CARTESIAN_POINT('',(-48.75,-6.,0.));
#342 = VECTOR('',#343,1.);
#343 = DIRECTION('',(-1.,0.,0.));
#344 = PCURVE('',#147,#345);
#345 = DEFINITIONAL_REPRESENTATION('',(#346),#349);
#346 = B_SPLINE_CURVE_WITH_KNOTS('',1,(#347,#348),.UNSPECIFIED.,.F.,.F.,
  (2,2),(39.75,46.75),.PIECEWISE_BEZIER_KNOTS.);
#347 = CARTESIAN_POINT('',(-88.5,-6.));
#348 = CARTESIAN_POINT('',(-95.5,-6.));
#349 = ( GEOMETRIC_REPRESENTATION_CONTEXT(2) 
PARAMETRIC_REPRESENTATION_CONTEXT() REPRESENTATION_CONTEXT('2D SPACE',''
  ) );
#350 = PCURVE('',#351,#356);
#351 = PLANE('',#352);
#352 = AXIS2_PLACEMENT_3D('',#353,#354,#355);
#353 = CARTESIAN_POINT('',(-97.5,-6.,-1.));
#354 = DIRECTION('',(0.,1.,0.));
#355 = DIRECTION('',(1.,0.,0.));
#356 = DEFINITIONAL_REPRESENTATION('',(#357),#360);
#357 = B_SPLINE_CURVE_WITH_KNOTS('',1,(#358,#359),.UNSPECIFIED.,.F.,.F.,
  (2,2),(39.75,46.75),.PIECEWISE_BEZIER_KNOTS.);
#358 = CARTESIAN_POINT('',(9.,-1.));
#359 = CARTESIAN_POINT('',(2.,-1.));
#360 = ( GEOMETRIC_REPRESENTATION_CONTEXT(2) 
PARAMETRIC_REPRESENTATION_CONTEXT() REPRESENTATION_CONTEXT('2D SPACE',''
  ) );
#361 = ORIENTED_EDGE('',*,*,#362,.F.);
#362 = EDGE_CURVE('',#363,#337,#365,.T.);
#363 = VERTEX_POINT('',#364);
#364 = CARTESIAN_POINT('',(-97.5,-4.,0.));
#365 = SURFACE_CURVE('',#366,(#371,#378),.PCURVE_S1.);
#366 = CIRCLE('',#367,2.);
#367 = AXIS2_PLACEMENT_3D('',#368,#369,#370);
#368 = CARTESIAN_POINT('',(-95.5,-4.,0.));
#369 = DIRECTION('',(0.,0.,1.));
#370 = DIRECTION('',(0.,-1.,0.));
#371 = PCURVE('',#147,#372);
#372 = DEFINITIONAL_REPRESENTATION('',(#373),#377);
#373 = CIRCLE('',#374,2.);
#374 = AXIS2_PLACEMENT_2D('',#375,#376);
#375 = CARTESIAN_POINT('',(-95.5,-4.));
#376 = DIRECTION('',(0.,-1.));
#377 = ( GEOMETRIC_REPRESENTATION_CONTEXT(2) 
PARAMETRIC_REPRESENTATION_CONTEXT() REPRESENTATION_CONTEXT('2D SPACE',''
  ) );
#378 = PCURVE('',#379,#384);
#379 = CYLINDRICAL_SURFACE('',#380,2.);
#380 = AXIS2_PLACEMENT_3D('',#381,#382,#383);
#381 = CARTESIAN_POINT('',(-95.5,-4.,-1.));
#382 = DIRECTION('',(0.,0.,1.));
#383 = DIRECTION('',(0.,-1.,0.));
#384 = DEFINITIONAL_REPRESENTATION('',(#385),#389);
#385 = LINE('',#386,#387);
#386 = CARTESIAN_POINT('',(-6.28318530718,1.));
#387 = VECTOR('',#388,1.);
#388 = DIRECTION('',(1.,-0.));
#389 = ( GEOMETRIC_REPRESENTATION_CONTEXT(2) 
PARAMETRIC_REPRESENTATION_CONTEXT() REPRESENTATION_CONTEXT('2D SPACE',''
  ) );
#390 = ORIENTED_EDGE('',*,*,#391,.T.);
#391 = EDGE_CURVE('',#363,#392,#394,.T.);
#392 = VERTEX_POINT('',#393);
#393 = CARTESIAN_POINT('',(-97.5,28.,0.));
#394 = SURFACE_CURVE('',#395,(#399,#405),.PCURVE_S1.);
#395 = LINE('',#396,#397);
#396 = CARTESIAN_POINT('',(-97.5,15.,0.));
#397 = VECTOR('',#398,1.);
#398 = DIRECTION('',(-0.,1.,0.));
#399 = PCURVE('',#147,#400);
#400 = DEFINITIONAL_REPRESENTATION('',(#401),#404);
#401 = B_SPLINE_CURVE_WITH_KNOTS('',1,(#402,#403),.UNSPECIFIED.,.F.,.F.,
  (2,2),(-19.,13.),.PIECEWISE_BEZIER_KNOTS.);
#402 = CARTESIAN_POINT('',(-97.5,-4.));
#403 = CARTESIAN_POINT('',(-97.5,28.));
#404 = ( GEOMETRIC_REPRESENTATION_CONTEXT(2) 
PARAMETRIC_REPRESENTATION_CONTEXT() REPRESENTATION_CONTEXT('2D SPACE',''
  ) );
#405 = PCURVE('',#406,#411);
#406 = PLANE('',#407);
#407 = AXIS2_PLACEMENT_3D('',#408,#409,#410);
#408 = CARTESIAN_POINT('',(-97.5,30.,-1.));
#409 = DIRECTION('',(1.,0.,-0.));
#410 = DIRECTION('',(0.,-1.,0.));
#411 = DEFINITIONAL_REPRESENTATION('',(#412),#415);
#412 = B_SPLINE_CURVE_WITH_KNOTS('',1,(#413,#414),.UNSPECIFIED.,.F.,.F.,
  (2,2),(-19.,13.),.PIECEWISE_BEZIER_KNOTS.);
#413 = CARTESIAN_POINT('',(34.,-1.));
#414 = CARTESIAN_POINT('',(2.,-1.));
#415 = ( GEOMETRIC_REPRESENTATION_CONTEXT(2) 
PARAMETRIC_REPRESENTATION_CONTEXT() REPRESENTATION_CONTEXT('2D SPACE',''
  ) );
#416 = ORIENTED_EDGE('',*,*,#417,.F.);
#417 = EDGE_CURVE('',#418,#392,#420,.T.);
#418 = VERTEX_POINT('',#419);
#419 = CARTESIAN_POINT('',(-95.5,30.,0.));
#420 = SURFACE_CURVE('',#421,(#426,#433),.PCURVE_S1.);
#421 = CIRCLE('',#422,2.);
#422 = AXIS2_PLACEMENT_3D('',#423,#424,#425);
#423 = CARTESIAN_POINT('',(-95.5,28.,0.));
#424 = DIRECTION('',(0.,0.,1.));
#425 = DIRECTION('',(-0.,1.,0.));
#426 = PCURVE('',#147,#427);
#427 = DEFINITIONAL_REPRESENTATION('',(#428),#432);
#428 = CIRCLE('',#429,2.);
#429 = AXIS2_PLACEMENT_2D('',#430,#431);
#430 = CARTESIAN_POINT('',(-95.5,28.));
#431 = DIRECTION('',(0.,1.));
#432 = ( GEOMETRIC_REPRESENTATION_CONTEXT(2) 
PARAMETRIC_REPRESENTATION_CONTEXT() REPRESENTATION_CONTEXT('2D SPACE',''
  ) );
#433 = PCURVE('',#434,#439);
#434 = CYLINDRICAL_SURFACE('',#435,2.);
#435 = AXIS2_PLACEMENT_3D('',#436,#437,#438);
#436 = CARTESIAN_POINT('',(-95.5,28.,-1.));
#437 = DIRECTION('',(0.,0.,1.));
#438 = DIRECTION('',(-0.,1.,0.));
#439 = DEFINITIONAL_REPRESENTATION('',(#440),#444);
#440 = LINE('',#441,#442);
#441 = CARTESIAN_POINT('',(0.,1.));
#442 = VECTOR('',#443,1.);
#443 = DIRECTION('',(1.,0.));
#444 = ( GEOMETRIC_REPRESENTATION_CONTEXT(2) 
PARAMETRIC_REPRESENTATION_CONTEXT() REPRESENTATION_CONTEXT('2D SPACE',''
  ) );
#445 = ORIENTED_EDGE('',*,*,#446,.T.);
#446 = EDGE_CURVE('',#418,#447,#449,.T.);
#447 = VERTEX_POINT('',#448);
#448 = CARTESIAN_POINT('',(-88.5,30.,0.));
#449 = SURFACE_CURVE('',#450,(#454,#460),.PCURVE_S1.);
#450 = LINE('',#451,#452);
#451 = CARTESIAN_POINT('',(-43.25,30.,0.));
#452 = VECTOR('',#453,1.);
#453 = DIRECTION('',(1.,0.,-0.));
#454 = PCURVE('',#147,#455);
#455 = DEFINITIONAL_REPRESENTATION('',(#456),#459);
#456 = B_SPLINE_CURVE_WITH_KNOTS('',1,(#457,#458),.UNSPECIFIED.,.F.,.F.,
  (2,2),(-52.25,-45.25),.PIECEWISE_BEZIER_KNOTS.);
#457 = CARTESIAN_POINT('',(-95.5,30.));
#458 = CARTESIAN_POINT('',(-88.5,30.));
#459 = ( GEOMETRIC_REPRESENTATION_CONTEXT(2) 
PARAMETRIC_REPRESENTATION_CONTEXT() REPRESENTATION_CONTEXT('2D SPACE',''
  ) );
#460 = PCURVE('',#461,#466);
#461 = PLANE('',#462);
#462 = AXIS2_PLACEMENT_3D('',#463,#464,#465);
#463 = CARTESIAN_POINT('',(-86.5,30.,-1.));
#464 = DIRECTION('',(0.,-1.,0.));
#465 = DIRECTION('',(-1.,0.,0.));
#466 = DEFINITIONAL_REPRESENTATION('',(#467),#470);
#467 = B_SPLINE_CURVE_WITH_KNOTS('',1,(#468,#469),.UNSPECIFIED.,.F.,.F.,
  (2,2),(-52.25,-45.25),.PIECEWISE_BEZIER_KNOTS.);
#468 = CARTESIAN_POINT('',(9.,-1.));
#469 = CARTESIAN_POINT('',(2.,-1.));
#470 = ( GEOMETRIC_REPRESENTATION_CONTEXT(2) 
PARAMETRIC_REPRESENTATION_CONTEXT() REPRESENTATION_CONTEXT('2D SPACE',''
  ) );
#471 = ORIENTED_EDGE('',*,*,#472,.F.);
#472 = EDGE_CURVE('',#473,#447,#475,.T.);
#473 = VERTEX_POINT('',#474);
#474 = CARTESIAN_POINT('',(-86.5,28.,0.));
#475 = SURFACE_CURVE('',#476,(#481,#488),.PCURVE_S1.);
#476 = CIRCLE('',#477,2.);
#477 = AXIS2_PLACEMENT_3D('',#478,#479,#480);
#478 = CARTESIAN_POINT('',(-88.5,28.,0.));
#479 = DIRECTION('',(0.,0.,1.));
#480 = DIRECTION('',(1.,0.,-0.));
#481 = PCURVE('',#147,#482);
#482 = DEFINITIONAL_REPRESENTATION('',(#483),#487);
#483 = CIRCLE('',#484,2.);
#484 = AXIS2_PLACEMENT_2D('',#485,#486);
#485 = CARTESIAN_POINT('',(-88.5,28.));
#486 = DIRECTION('',(1.,0.));
#487 = ( GEOMETRIC_REPRESENTATION_CONTEXT(2) 
PARAMETRIC_REPRESENTATION_CONTEXT() REPRESENTATION_CONTEXT('2D SPACE',''
  ) );
#488 = PCURVE('',#489,#494);
#489 = CYLINDRICAL_SURFACE('',#490,2.);
#490 = AXIS2_PLACEMENT_3D('',#491,#492,#493);
#491 = CARTESIAN_POINT('',(-88.5,28.,-1.));
#492 = DIRECTION('',(0.,0.,1.));
#493 = DIRECTION('',(1.,0.,-0.));
#494 = DEFINITIONAL_REPRESENTATION('',(#495),#499);
#495 = LINE('',#496,#497);
#496 = CARTESIAN_POINT('',(0.,1.));
#497 = VECTOR('',#498,1.);
#498 = DIRECTION('',(1.,0.));
#499 = ( GEOMETRIC_REPRESENTATION_CONTEXT(2) 
PARAMETRIC_REPRESENTATION_CONTEXT() REPRESENTATION_CONTEXT('2D SPACE',''
  ) );
#500 = ORIENTED_EDGE('',*,*,#501,.T.);
#501 = EDGE_CURVE('',#473,#308,#502,.T.);
#502 = SURFACE_CURVE('',#503,(#507,#513),.PCURVE_S1.);
#503 = LINE('',#504,#505);
#504 = CARTESIAN_POINT('',(-86.5,-3.,0.));
#505 = VECTOR('',#506,1.);
#506 = DIRECTION('',(0.,-1.,0.));
#507 = PCURVE('',#147,#508);
#508 = DEFINITIONAL_REPRESENTATION('',(#509),#512);
#509 = B_SPLINE_CURVE_WITH_KNOTS('',1,(#510,#511),.UNSPECIFIED.,.F.,.F.,
  (2,2),(-31.,1.),.PIECEWISE_BEZIER_KNOTS.);
#510 = CARTESIAN_POINT('',(-86.5,28.));
#511 = CARTESIAN_POINT('',(-86.5,-4.));
#512 = ( GEOMETRIC_REPRESENTATION_CONTEXT(2) 
PARAMETRIC_REPRESENTATION_CONTEXT() REPRESENTATION_CONTEXT('2D SPACE',''
  ) );
#513 = PCURVE('',#514,#519);
#514 = PLANE('',#515);
#515 = AXIS2_PLACEMENT_3D('',#516,#517,#518);
#516 = CARTESIAN_POINT('',(-86.5,-6.,-1.));
#517 = DIRECTION('',(-1.,0.,0.));
#518 = DIRECTION('',(0.,1.,0.));
#519 = DEFINITIONAL_REPRESENTATION('',(#520),#523);
#520 = B_SPLINE_CURVE_WITH_KNOTS('',1,(#521,#522),.UNSPECIFIED.,.F.,.F.,
  (2,2),(-31.,1.),.PIECEWISE_BEZIER_KNOTS.);
#521 = CARTESIAN_POINT('',(34.,-1.));
#522 = CARTESIAN_POINT('',(2.,-1.));
#523 = ( GEOMETRIC_REPRESENTATION_CONTEXT(2) 
PARAMETRIC_REPRESENTATION_CONTEXT() REPRESENTATION_CONTEXT('2D SPACE',''
  ) );
#524 = FACE_BOUND('',#525,.F.);
#525 = EDGE_LOOP('',(#526,#557,#583,#612,#638,#667,#693,#722));
#526 = ORIENTED_EDGE('',*,*,#527,.F.);
#527 = EDGE_CURVE('',#528,#530,#532,.T.);
#528 = VERTEX_POINT('',#529);
#529 = CARTESIAN_POINT('',(95.5,-6.,0.));
#530 = VERTEX_POINT('',#531);
#531 = CARTESIAN_POINT('',(97.5,-4.,0.));
#532 = SURFACE_CURVE('',#533,(#538,#545),.PCURVE_S1.);
#533 = CIRCLE('',#534,2.);
#534 = AXIS2_PLACEMENT_3D('',#535,#536,#537);
#535 = CARTESIAN_POINT('',(95.5,-4.,0.));
#536 = DIRECTION('',(0.,0.,1.));
#537 = DIRECTION('',(0.,-1.,0.));
#538 = PCURVE('',#147,#539);
#539 = DEFINITIONAL_REPRESENTATION('',(#540),#544);
#540 = CIRCLE('',#541,2.);
#541 = AXIS2_PLACEMENT_2D('',#542,#543);
#542 = CARTESIAN_POINT('',(95.5,-4.));
#543 = DIRECTION('',(0.,-1.));
#544 = ( GEOMETRIC_REPRESENTATION_CONTEXT(2) 
PARAMETRIC_REPRESENTATION_CONTEXT() REPRESENTATION_CONTEXT('2D SPACE',''
  ) );
#545 = PCURVE('',#546,#551);
#546 = CYLINDRICAL_SURFACE('',#547,2.);
#547 = AXIS2_PLACEMENT_3D('',#548,#549,#550);
#548 = CARTESIAN_POINT('',(95.5,-4.,-1.));
#549 = DIRECTION('',(0.,0.,1.));
#550 = DIRECTION('',(0.,-1.,0.));
#551 = DEFINITIONAL_REPRESENTATION('',(#552),#556);
#552 = LINE('',#553,#554);
#553 = CARTESIAN_POINT('',(0.,1.));
#554 = VECTOR('',#555,1.);
#555 = DIRECTION('',(1.,0.));
#556 = ( GEOMETRIC_REPRESENTATION_CONTEXT(2) 
PARAMETRIC_REPRESENTATION_CONTEXT() REPRESENTATION_CONTEXT('2D SPACE',''
  ) );
#557 = ORIENTED_EDGE('',*,*,#558,.T.);
#558 = EDGE_CURVE('',#528,#559,#561,.T.);
#559 = VERTEX_POINT('',#560);
#560 = CARTESIAN_POINT('',(88.5,-6.,0.));
#561 = SURFACE_CURVE('',#562,(#566,#572),.PCURVE_S1.);
#562 = LINE('',#563,#564);
#563 = CARTESIAN_POINT('',(43.25,-6.,0.));
#564 = VECTOR('',#565,1.);
#565 = DIRECTION('',(-1.,0.,0.));
#566 = PCURVE('',#147,#567);
#567 = DEFINITIONAL_REPRESENTATION('',(#568),#571);
#568 = B_SPLINE_CURVE_WITH_KNOTS('',1,(#569,#570),.UNSPECIFIED.,.F.,.F.,
  (2,2),(-52.25,-45.25),.PIECEWISE_BEZIER_KNOTS.);
#569 = CARTESIAN_POINT('',(95.5,-6.));
#570 = CARTESIAN_POINT('',(88.5,-6.));
#571 = ( GEOMETRIC_REPRESENTATION_CONTEXT(2) 
PARAMETRIC_REPRESENTATION_CONTEXT() REPRESENTATION_CONTEXT('2D SPACE',''
  ) );
#572 = PCURVE('',#573,#578);
#573 = PLANE('',#574);
#574 = AXIS2_PLACEMENT_3D('',#575,#576,#577);
#575 = CARTESIAN_POINT('',(86.5,-6.,-1.));
#576 = DIRECTION('',(0.,1.,0.));
#577 = DIRECTION('',(1.,0.,0.));
#578 = DEFINITIONAL_REPRESENTATION('',(#579),#582);
#579 = B_SPLINE_CURVE_WITH_KNOTS('',1,(#580,#581),.UNSPECIFIED.,.F.,.F.,
  (2,2),(-52.25,-45.25),.PIECEWISE_BEZIER_KNOTS.);
#580 = CARTESIAN_POINT('',(9.,-1.));
#581 = CARTESIAN_POINT('',(2.,-1.));
#582 = ( GEOMETRIC_REPRESENTATION_CONTEXT(2) 
PARAMETRIC_REPRESENTATION_CONTEXT() REPRESENTATION_CONTEXT('2D SPACE',''
  ) );
#583 = ORIENTED_EDGE('',*,*,#584,.F.);
#584 = EDGE_CURVE('',#585,#559,#587,.T.);
#585 = VERTEX_POINT('',#586);
#586 = CARTESIAN_POINT('',(86.5,-4.,0.));
#587 = SURFACE_CURVE('',#588,(#593,#600),.PCURVE_S1.);
#588 = CIRCLE('',#589,2.);
#589 = AXIS2_PLACEMENT_3D('',#590,#591,#592);
#590 = CARTESIAN_POINT('',(88.5,-4.,0.));
#591 = DIRECTION('',(0.,0.,1.));
#592 = DIRECTION('',(0.,-1.,0.));
#593 = PCURVE('',#147,#594);
#594 = DEFINITIONAL_REPRESENTATION('',(#595),#599);
#595 = CIRCLE('',#596,2.);
#596 = AXIS2_PLACEMENT_2D('',#597,#598);
#597 = CARTESIAN_POINT('',(88.5,-4.));
#598 = DIRECTION('',(0.,-1.));
#599 = ( GEOMETRIC_REPRESENTATION_CONTEXT(2) 
PARAMETRIC_REPRESENTATION_CONTEXT() REPRESENTATION_CONTEXT('2D SPACE',''
  ) );
#600 = PCURVE('',#601,#606);
#601 = CYLINDRICAL_SURFACE('',#602,2.);
#602 = AXIS2_PLACEMENT_3D('',#603,#604,#605);
#603 = CARTESIAN_POINT('',(88.5,-4.,-1.));
#604 = DIRECTION('',(0.,0.,1.));
#605 = DIRECTION('',(0.,-1.,0.));
#606 = DEFINITIONAL_REPRESENTATION('',(#607),#611);
#607 = LINE('',#608,#609);
#608 = CARTESIAN_POINT('',(-6.28318530718,1.));
#609 = VECTOR('',#610,1.);
#610 = DIRECTION('',(1.,-0.));
#611 = ( GEOMETRIC_REPRESENTATION_CONTEXT(2) 
PARAMETRIC_REPRESENTATION_CONTEXT() REPRESENTATION_CONTEXT('2D SPACE',''
  ) );
#612 = ORIENTED_EDGE('',*,*,#613,.T.);
#613 = EDGE_CURVE('',#585,#614,#616,.T.);
#614 = VERTEX_POINT('',#615);
#615 = CARTESIAN_POINT('',(86.5,28.,0.));
#616 = SURFACE_CURVE('',#617,(#621,#627),.PCURVE_S1.);
#617 = LINE('',#618,#619);
#618 = CARTESIAN_POINT('',(86.5,15.,0.));
#619 = VECTOR('',#620,1.);
#620 = DIRECTION('',(-0.,1.,0.));
#621 = PCURVE('',#147,#622);
#622 = DEFINITIONAL_REPRESENTATION('',(#623),#626);
#623 = B_SPLINE_CURVE_WITH_KNOTS('',1,(#624,#625),.UNSPECIFIED.,.F.,.F.,
  (2,2),(-19.,13.),.PIECEWISE_BEZIER_KNOTS.);
#624 = CARTESIAN_POINT('',(86.5,-4.));
#625 = CARTESIAN_POINT('',(86.5,28.));
#626 = ( GEOMETRIC_REPRESENTATION_CONTEXT(2) 
PARAMETRIC_REPRESENTATION_CONTEXT() REPRESENTATION_CONTEXT('2D SPACE',''
  ) );
#627 = PCURVE('',#628,#633);
#628 = PLANE('',#629);
#629 = AXIS2_PLACEMENT_3D('',#630,#631,#632);
#630 = CARTESIAN_POINT('',(86.5,30.,-1.));
#631 = DIRECTION('',(1.,0.,-0.));
#632 = DIRECTION('',(0.,-1.,0.));
#633 = DEFINITIONAL_REPRESENTATION('',(#634),#637);
#634 = B_SPLINE_CURVE_WITH_KNOTS('',1,(#635,#636),.UNSPECIFIED.,.F.,.F.,
  (2,2),(-19.,13.),.PIECEWISE_BEZIER_KNOTS.);
#635 = CARTESIAN_POINT('',(34.,-1.));
#636 = CARTESIAN_POINT('',(2.,-1.));
#637 = ( GEOMETRIC_REPRESENTATION_CONTEXT(2) 
PARAMETRIC_REPRESENTATION_CONTEXT() REPRESENTATION_CONTEXT('2D SPACE',''
  ) );
#638 = ORIENTED_EDGE('',*,*,#639,.F.);
#639 = EDGE_CURVE('',#640,#614,#642,.T.);
#640 = VERTEX_POINT('',#641);
#641 = CARTESIAN_POINT('',(88.5,30.,0.));
#642 = SURFACE_CURVE('',#643,(#648,#655),.PCURVE_S1.);
#643 = CIRCLE('',#644,2.);
#644 = AXIS2_PLACEMENT_3D('',#645,#646,#647);
#645 = CARTESIAN_POINT('',(88.5,28.,0.));
#646 = DIRECTION('',(0.,0.,1.));
#647 = DIRECTION('',(-0.,1.,0.));
#648 = PCURVE('',#147,#649);
#649 = DEFINITIONAL_REPRESENTATION('',(#650),#654);
#650 = CIRCLE('',#651,2.);
#651 = AXIS2_PLACEMENT_2D('',#652,#653);
#652 = CARTESIAN_POINT('',(88.5,28.));
#653 = DIRECTION('',(0.,1.));
#654 = ( GEOMETRIC_REPRESENTATION_CONTEXT(2) 
PARAMETRIC_REPRESENTATION_CONTEXT() REPRESENTATION_CONTEXT('2D SPACE',''
  ) );
#655 = PCURVE('',#656,#661);
#656 = CYLINDRICAL_SURFACE('',#657,2.);
#657 = AXIS2_PLACEMENT_3D('',#658,#659,#660);
#658 = CARTESIAN_POINT('',(88.5,28.,-1.));
#659 = DIRECTION('',(0.,0.,1.));
#660 = DIRECTION('',(-0.,1.,0.));
#661 = DEFINITIONAL_REPRESENTATION('',(#662),#666);
#662 = LINE('',#663,#664);
#663 = CARTESIAN_POINT('',(0.,1.));
#664 = VECTOR('',#665,1.);
#665 = DIRECTION('',(1.,0.));
#666 = ( GEOMETRIC_REPRESENTATION_CONTEXT(2) 
PARAMETRIC_REPRESENTATION_CONTEXT() REPRESENTATION_CONTEXT('2D SPACE',''
  ) );
#667 = ORIENTED_EDGE('',*,*,#668,.T.);
#668 = EDGE_CURVE('',#640,#669,#671,.T.);
#669 = VERTEX_POINT('',#670);
#670 = CARTESIAN_POINT('',(95.5,30.,0.));
#671 = SURFACE_CURVE('',#672,(#676,#682),.PCURVE_S1.);
#672 = LINE('',#673,#674);
#673 = CARTESIAN_POINT('',(48.75,30.,0.));
#674 = VECTOR('',#675,1.);
#675 = DIRECTION('',(1.,0.,-0.));
#676 = PCURVE('',#147,#677);
#677 = DEFINITIONAL_REPRESENTATION('',(#678),#681);
#678 = B_SPLINE_CURVE_WITH_KNOTS('',1,(#679,#680),.UNSPECIFIED.,.F.,.F.,
  (2,2),(39.75,46.75),.PIECEWISE_BEZIER_KNOTS.);
#679 = CARTESIAN_POINT('',(88.5,30.));
#680 = CARTESIAN_POINT('',(95.5,30.));
#681 = ( GEOMETRIC_REPRESENTATION_CONTEXT(2) 
PARAMETRIC_REPRESENTATION_CONTEXT() REPRESENTATION_CONTEXT('2D SPACE',''
  ) );
#682 = PCURVE('',#683,#688);
#683 = PLANE('',#684);
#684 = AXIS2_PLACEMENT_3D('',#685,#686,#687);
#685 = CARTESIAN_POINT('',(97.5,30.,-1.));
#686 = DIRECTION('',(0.,-1.,0.));
#687 = DIRECTION('',(-1.,0.,0.));
#688 = DEFINITIONAL_REPRESENTATION('',(#689),#692);
#689 = B_SPLINE_CURVE_WITH_KNOTS('',1,(#690,#691),.UNSPECIFIED.,.F.,.F.,
  (2,2),(39.75,46.75),.PIECEWISE_BEZIER_KNOTS.);
#690 = CARTESIAN_POINT('',(9.,-1.));
#691 = CARTESIAN_POINT('',(2.,-1.));
#692 = ( GEOMETRIC_REPRESENTATION_CONTEXT(2) 
PARAMETRIC_REPRESENTATION_CONTEXT() REPRESENTATION_CONTEXT('2D SPACE',''
  ) );
#693 = ORIENTED_EDGE('',*,*,#694,.F.);
#694 = EDGE_CURVE('',#695,#669,#697,.T.);
#695 = VERTEX_POINT('',#696);
#696 = CARTESIAN_POINT('',(97.5,28.,0.));
#697 = SURFACE_CURVE('',#698,(#703,#710),.PCURVE_S1.);
#698 = CIRCLE('',#699,2.);
#699 = AXIS2_PLACEMENT_3D('',#700,#701,#702);
#700 = CARTESIAN_POINT('',(95.5,28.,0.));
#701 = DIRECTION('',(0.,0.,1.));
#702 = DIRECTION('',(1.,0.,-0.));
#703 = PCURVE('',#147,#704);
#704 = DEFINITIONAL_REPRESENTATION('',(#705),#709);
#705 = CIRCLE('',#706,2.);
#706 = AXIS2_PLACEMENT_2D('',#707,#708);
#707 = CARTESIAN_POINT('',(95.5,28.));
#708 = DIRECTION('',(1.,0.));
#709 = ( GEOMETRIC_REPRESENTATION_CONTEXT(2) 
PARAMETRIC_REPRESENTATION_CONTEXT() REPRESENTATION_CONTEXT('2D SPACE',''
  ) );
#710 = PCURVE('',#711,#716);
#711 = CYLINDRICAL_SURFACE('',#712,2.);
#712 = AXIS2_PLACEMENT_3D('',#713,#714,#715);
#713 = CARTESIAN_POINT('',(95.5,28.,-1.));
#714 = DIRECTION('',(0.,0.,1.));
#715 = DIRECTION('',(1.,0.,-0.));
#716 = DEFINITIONAL_REPRESENTATION('',(#717),#721);
#717 = LINE('',#718,#719);
#718 = CARTESIAN_POINT('',(0.,1.));
#719 = VECTOR('',#720,1.);
#720 = DIRECTION('',(1.,0.));
#721 = ( GEOMETRIC_REPRESENTATION_CONTEXT(2) 
PARAMETRIC_REPRESENTATION_CONTEXT() REPRESENTATION_CONTEXT('2D SPACE',''
  ) );
#722 = ORIENTED_EDGE('',*,*,#723,.T.);
#723 = EDGE_CURVE('',#695,#530,#724,.T.);
#724 = SURFACE_CURVE('',#725,(#729,#735),.PCURVE_S1.);
#725 = LINE('',#726,#727);
#726 = CARTESIAN_POINT('',(97.5,-3.,0.));
#727 = VECTOR('',#728,1.);
#728 = DIRECTION('',(0.,-1.,0.));
#729 = PCURVE('',#147,#730);
#730 = DEFINITIONAL_REPRESENTATION('',(#731),#734);
#731 = B_SPLINE_CURVE_WITH_KNOTS('',1,(#732,#733),.UNSPECIFIED.,.F.,.F.,
  (2,2),(-31.,1.),.PIECEWISE_BEZIER_KNOTS.);
#732 = CARTESIAN_POINT('',(97.5,28.));
#733 = CARTESIAN_POINT('',(97.5,-4.));
#734 = ( GEOMETRIC_REPRESENTATION_CONTEXT(2) 
PARAMETRIC_REPRESENTATION_CONTEXT() REPRESENTATION_CONTEXT('2D SPACE',''
  ) );
#735 = PCURVE('',#736,#741);
#736 = PLANE('',#737);
#737 = AXIS2_PLACEMENT_3D('',#738,#739,#740);
#738 = CARTESIAN_POINT('',(97.5,-6.,-1.));
#739 = DIRECTION('',(-1.,0.,0.));
#740 = DIRECTION('',(0.,1.,0.));
#741 = DEFINITIONAL_REPRESENTATION('',(#742),#745);
#742 = B_SPLINE_CURVE_WITH_KNOTS('',1,(#743,#744),.UNSPECIFIED.,.F.,.F.,
  (2,2),(-31.,1.),.PIECEWISE_BEZIER_KNOTS.);
#743 = CARTESIAN_POINT('',(34.,-1.));
#744 = CARTESIAN_POINT('',(2.,-1.));
#745 = ( GEOMETRIC_REPRESENTATION_CONTEXT(2) 
PARAMETRIC_REPRESENTATION_CONTEXT() REPRESENTATION_CONTEXT('2D SPACE',''
  ) );
#746 = FACE_BOUND('',#747,.F.);
#747 = EDGE_LOOP('',(#748));
#748 = ORIENTED_EDGE('',*,*,#749,.T.);
#749 = EDGE_CURVE('',#750,#750,#752,.T.);
#750 = VERTEX_POINT('',#751);
#751 = CARTESIAN_POINT('',(14.,84.5,0.));
#752 = SURFACE_CURVE('',#753,(#758,#769),.PCURVE_S1.);
#753 = CIRCLE('',#754,14.);
#754 = AXIS2_PLACEMENT_3D('',#755,#756,#757);
#755 = CARTESIAN_POINT('',(0.,84.5,0.));
#756 = DIRECTION('',(0.,0.,-1.));
#757 = DIRECTION('',(1.,0.,0.));
#758 = PCURVE('',#147,#759);
#759 = DEFINITIONAL_REPRESENTATION('',(#760),#768);
#760 = ( BOUNDED_CURVE() B_SPLINE_CURVE(2,(#761,#762,#763,#764,#765,#766
,#767),.UNSPECIFIED.,.T.,.F.) B_SPLINE_CURVE_WITH_KNOTS((1,2,2,2,2,1),(
    -2.094395102393,0.,2.094395102393,4.188790204786,6.28318530718,
8.377580409573),.UNSPECIFIED.) CURVE() GEOMETRIC_REPRESENTATION_ITEM() 
RATIONAL_B_SPLINE_CURVE((1.,0.5,1.,0.5,1.,0.5,1.)) REPRESENTATION_ITEM(
  '') );
#761 = CARTESIAN_POINT('',(14.,84.5));
#762 = CARTESIAN_POINT('',(14.,60.251288694036));
#763 = CARTESIAN_POINT('',(-7.,72.375644347018));
#764 = CARTESIAN_POINT('',(-28.,84.5));
#765 = CARTESIAN_POINT('',(-7.,96.624355652982));
#766 = CARTESIAN_POINT('',(14.,108.74871130596));
#767 = CARTESIAN_POINT('',(14.,84.5));
#768 = ( GEOMETRIC_REPRESENTATION_CONTEXT(2) 
PARAMETRIC_REPRESENTATION_CONTEXT() REPRESENTATION_CONTEXT('2D SPACE',''
  ) );
#769 = PCURVE('',#770,#775);
#770 = CYLINDRICAL_SURFACE('',#771,14.);
#771 = AXIS2_PLACEMENT_3D('',#772,#773,#774);
#772 = CARTESIAN_POINT('',(0.,84.5,-1.));
#773 = DIRECTION('',(-0.,-0.,-1.));
#774 = DIRECTION('',(1.,0.,0.));
#775 = DEFINITIONAL_REPRESENTATION('',(#776),#780);
#776 = LINE('',#777,#778);
#777 = CARTESIAN_POINT('',(-6.28318530718,-1.));
#778 = VECTOR('',#779,1.);
#779 = DIRECTION('',(1.,-0.));
#780 = ( GEOMETRIC_REPRESENTATION_CONTEXT(2) 
PARAMETRIC_REPRESENTATION_CONTEXT() REPRESENTATION_CONTEXT('2D SPACE',''
  ) );
#781 = ADVANCED_FACE('',(#782,#950,#1124,#1298,#1472),#182,.T.);
#782 = FACE_BOUND('',#783,.F.);
#783 = EDGE_LOOP('',(#784,#815,#836,#837,#838,#867,#893,#926));
#784 = ORIENTED_EDGE('',*,*,#785,.T.);
#785 = EDGE_CURVE('',#786,#788,#790,.T.);
#786 = VERTEX_POINT('',#787);
#787 = CARTESIAN_POINT('',(-1.8,105.68467249322,17.4));
#788 = VERTEX_POINT('',#789);
#789 = CARTESIAN_POINT('',(105.7,0.,17.4));
#790 = SURFACE_CURVE('',#791,(#796,#803),.PCURVE_S1.);
#791 = CIRCLE('',#792,105.7);
#792 = AXIS2_PLACEMENT_3D('',#793,#794,#795);
#793 = CARTESIAN_POINT('',(0.,0.,17.4));
#794 = DIRECTION('',(0.,0.,1.));
#795 = DIRECTION('',(1.,0.,-0.));
#796 = PCURVE('',#182,#797);
#797 = DEFINITIONAL_REPRESENTATION('',(#798),#802);
#798 = LINE('',#799,#800);
#799 = CARTESIAN_POINT('',(-0.,-15.4));
#800 = VECTOR('',#801,1.);
#801 = DIRECTION('',(-1.,0.));
#802 = ( GEOMETRIC_REPRESENTATION_CONTEXT(2) 
PARAMETRIC_REPRESENTATION_CONTEXT() REPRESENTATION_CONTEXT('2D SPACE',''
  ) );
#803 = PCURVE('',#804,#809);
#804 = CONICAL_SURFACE('',#805,105.7,0.785398163397);
#805 = AXIS2_PLACEMENT_3D('',#806,#807,#808);
#806 = CARTESIAN_POINT('',(0.,0.,17.4));
#807 = DIRECTION('',(-0.,-0.,-1.));
#808 = DIRECTION('',(1.,0.,0.));
#809 = DEFINITIONAL_REPRESENTATION('',(#810),#814);
#810 = LINE('',#811,#812);
#811 = CARTESIAN_POINT('',(-0.,-0.));
#812 = VECTOR('',#813,1.);
#813 = DIRECTION('',(-1.,-0.));
#814 = ( GEOMETRIC_REPRESENTATION_CONTEXT(2) 
PARAMETRIC_REPRESENTATION_CONTEXT() REPRESENTATION_CONTEXT('2D SPACE',''
  ) );
#815 = ORIENTED_EDGE('',*,*,#816,.F.);
#816 = EDGE_CURVE('',#166,#788,#817,.T.);
#817 = SEAM_CURVE('',#818,(#822,#829),.PCURVE_S1.);
#818 = LINE('',#819,#820);
#819 = CARTESIAN_POINT('',(105.7,0.,2.));
#820 = VECTOR('',#821,1.);
#821 = DIRECTION('',(0.,0.,1.));
#822 = PCURVE('',#182,#823);
#823 = DEFINITIONAL_REPRESENTATION('',(#824),#828);
#824 = LINE('',#825,#826);
#825 = CARTESIAN_POINT('',(-0.,0.));
#826 = VECTOR('',#827,1.);
#827 = DIRECTION('',(-0.,-1.));
#828 = ( GEOMETRIC_REPRESENTATION_CONTEXT(2) 
PARAMETRIC_REPRESENTATION_CONTEXT() REPRESENTATION_CONTEXT('2D SPACE',''
  ) );
#829 = PCURVE('',#182,#830);
#830 = DEFINITIONAL_REPRESENTATION('',(#831),#835);
#831 = LINE('',#832,#833);
#832 = CARTESIAN_POINT('',(-6.28318530718,0.));
#833 = VECTOR('',#834,1.);
#834 = DIRECTION('',(-0.,-1.));
#835 = ( GEOMETRIC_REPRESENTATION_CONTEXT(2) 
PARAMETRIC_REPRESENTATION_CONTEXT() REPRESENTATION_CONTEXT('2D SPACE',''
  ) );
#836 = ORIENTED_EDGE('',*,*,#165,.F.);
#837 = ORIENTED_EDGE('',*,*,#816,.T.);
#838 = ORIENTED_EDGE('',*,*,#839,.T.);
#839 = EDGE_CURVE('',#788,#840,#842,.T.);
#840 = VERTEX_POINT('',#841);
#841 = CARTESIAN_POINT('',(1.8,105.68467249322,17.4));
#842 = SURFACE_CURVE('',#843,(#848,#855),.PCURVE_S1.);
#843 = CIRCLE('',#844,105.7);
#844 = AXIS2_PLACEMENT_3D('',#845,#846,#847);
#845 = CARTESIAN_POINT('',(0.,0.,17.4));
#846 = DIRECTION('',(0.,0.,1.));
#847 = DIRECTION('',(1.,0.,-0.));
#848 = PCURVE('',#182,#849);
#849 = DEFINITIONAL_REPRESENTATION('',(#850),#854);
#850 = LINE('',#851,#852);
#851 = CARTESIAN_POINT('',(-0.,-15.4));
#852 = VECTOR('',#853,1.);
#853 = DIRECTION('',(-1.,0.));
#854 = ( GEOMETRIC_REPRESENTATION_CONTEXT(2) 
PARAMETRIC_REPRESENTATION_CONTEXT() REPRESENTATION_CONTEXT('2D SPACE',''
  ) );
#855 = PCURVE('',#856,#861);
#856 = CONICAL_SURFACE('',#857,105.7,0.785398163397);
#857 = AXIS2_PLACEMENT_3D('',#858,#859,#860);
#858 = CARTESIAN_POINT('',(0.,0.,17.4));
#859 = DIRECTION('',(-0.,-0.,-1.));
#860 = DIRECTION('',(1.,0.,0.));
#861 = DEFINITIONAL_REPRESENTATION('',(#862),#866);
#862 = LINE('',#863,#864);
#863 = CARTESIAN_POINT('',(-0.,-0.));
#864 = VECTOR('',#865,1.);
#865 = DIRECTION('',(-1.,-0.));
#866 = ( GEOMETRIC_REPRESENTATION_CONTEXT(2) 
PARAMETRIC_REPRESENTATION_CONTEXT() REPRESENTATION_CONTEXT('2D SPACE',''
  ) );
#867 = ORIENTED_EDGE('',*,*,#868,.T.);
#868 = EDGE_CURVE('',#840,#869,#871,.T.);
#869 = VERTEX_POINT('',#870);
#870 = CARTESIAN_POINT('',(1.8,105.68467249322,4.5));
#871 = SURFACE_CURVE('',#872,(#876,#882),.PCURVE_S1.);
#872 = LINE('',#873,#874);
#873 = CARTESIAN_POINT('',(1.8,105.68467249322,2.));
#874 = VECTOR('',#875,1.);
#875 = DIRECTION('',(-0.,-0.,-1.));
#876 = PCURVE('',#182,#877);
#877 = DEFINITIONAL_REPRESENTATION('',(#878),#881);
#878 = B_SPLINE_CURVE_WITH_KNOTS('',1,(#879,#880),.UNSPECIFIED.,.F.,.F.,
  (2,2),(-15.4000006,-1.05),.PIECEWISE_BEZIER_KNOTS.);
#879 = CARTESIAN_POINT('',(-1.553766175321,-15.4000006));
#880 = CARTESIAN_POINT('',(-1.553766175321,-1.05));
#881 = ( GEOMETRIC_REPRESENTATION_CONTEXT(2) 
PARAMETRIC_REPRESENTATION_CONTEXT() REPRESENTATION_CONTEXT('2D SPACE',''
  ) );
#882 = PCURVE('',#883,#888);
#883 = PLANE('',#884);
#884 = AXIS2_PLACEMENT_3D('',#885,#886,#887);
#885 = CARTESIAN_POINT('',(1.8,103.1,4.5));
#886 = DIRECTION('',(-1.,1.110223024625E-16,0.));
#887 = DIRECTION('',(0.,0.,1.));
#888 = DEFINITIONAL_REPRESENTATION('',(#889),#892);
#889 = B_SPLINE_CURVE_WITH_KNOTS('',1,(#890,#891),.UNSPECIFIED.,.F.,.F.,
  (2,2),(-15.4000006,-1.05),.PIECEWISE_BEZIER_KNOTS.);
#890 = CARTESIAN_POINT('',(12.9000006,2.584672493224));
#891 = CARTESIAN_POINT('',(-1.45,2.584672493224));
#892 = ( GEOMETRIC_REPRESENTATION_CONTEXT(2) 
PARAMETRIC_REPRESENTATION_CONTEXT() REPRESENTATION_CONTEXT('2D SPACE',''
  ) );
#893 = ORIENTED_EDGE('',*,*,#894,.F.);
#894 = EDGE_CURVE('',#895,#869,#897,.T.);
#895 = VERTEX_POINT('',#896);
#896 = CARTESIAN_POINT('',(-1.8,105.68467249322,4.5));
#897 = SURFACE_CURVE('',#898,(#903,#910),.PCURVE_S1.);
#898 = CIRCLE('',#899,105.7);
#899 = AXIS2_PLACEMENT_3D('',#900,#901,#902);
#900 = CARTESIAN_POINT('',(0.,0.,4.5));
#901 = DIRECTION('',(0.,0.,-1.));
#902 = DIRECTION('',(1.,0.,0.));
#903 = PCURVE('',#182,#904);
#904 = DEFINITIONAL_REPRESENTATION('',(#905),#909);
#905 = LINE('',#906,#907);
#906 = CARTESIAN_POINT('',(-6.28318530718,-2.5));
#907 = VECTOR('',#908,1.);
#908 = DIRECTION('',(1.,-0.));
#909 = ( GEOMETRIC_REPRESENTATION_CONTEXT(2) 
PARAMETRIC_REPRESENTATION_CONTEXT() REPRESENTATION_CONTEXT('2D SPACE',''
  ) );
#910 = PCURVE('',#911,#916);
#911 = PLANE('',#912);
#912 = AXIS2_PLACEMENT_3D('',#913,#914,#915);
#913 = CARTESIAN_POINT('',(1.8,103.1,4.5));
#914 = DIRECTION('',(0.,0.,1.));
#915 = DIRECTION('',(1.110223024625E-16,1.,0.));
#916 = DEFINITIONAL_REPRESENTATION('',(#917),#925);
#917 = ( BOUNDED_CURVE() B_SPLINE_CURVE(2,(#918,#919,#920,#921,#922,#923
,#924),.UNSPECIFIED.,.T.,.F.) B_SPLINE_CURVE_WITH_KNOTS((1,2,2,2,2,1),(
    -2.094395102393,0.,2.094395102393,4.188790204786,6.28318530718,
8.377580409573),.UNSPECIFIED.) CURVE() GEOMETRIC_REPRESENTATION_ITEM() 
RATIONAL_B_SPLINE_CURVE((1.,0.5,1.,0.5,1.,0.5,1.)) REPRESENTATION_ITEM(
  '') );
#918 = CARTESIAN_POINT('',(-103.1,-103.9));
#919 = CARTESIAN_POINT('',(-286.17777036,-103.9));
#920 = CARTESIAN_POINT('',(-194.63888518,54.65));
#921 = CARTESIAN_POINT('',(-103.1,213.2));
#922 = CARTESIAN_POINT('',(-11.56111481998,54.65));
#923 = CARTESIAN_POINT('',(79.97777036003,-103.9));
#924 = CARTESIAN_POINT('',(-103.1,-103.9));
#925 = ( GEOMETRIC_REPRESENTATION_CONTEXT(2) 
PARAMETRIC_REPRESENTATION_CONTEXT() REPRESENTATION_CONTEXT('2D SPACE',''
  ) );
#926 = ORIENTED_EDGE('',*,*,#927,.F.);
#927 = EDGE_CURVE('',#786,#895,#928,.T.);
#928 = SURFACE_CURVE('',#929,(#933,#939),.PCURVE_S1.);
#929 = LINE('',#930,#931);
#930 = CARTESIAN_POINT('',(-1.8,105.68467249322,2.));
#931 = VECTOR('',#932,1.);
#932 = DIRECTION('',(-0.,-0.,-1.));
#933 = PCURVE('',#182,#934);
#934 = DEFINITIONAL_REPRESENTATION('',(#935),#938);
#935 = B_SPLINE_CURVE_WITH_KNOTS('',1,(#936,#937),.UNSPECIFIED.,.F.,.F.,
  (2,2),(-15.4000006,-1.05),.PIECEWISE_BEZIER_KNOTS.);
#936 = CARTESIAN_POINT('',(-1.587826478269,-15.4000006));
#937 = CARTESIAN_POINT('',(-1.587826478269,-1.05));
#938 = ( GEOMETRIC_REPRESENTATION_CONTEXT(2) 
PARAMETRIC_REPRESENTATION_CONTEXT() REPRESENTATION_CONTEXT('2D SPACE',''
  ) );
#939 = PCURVE('',#940,#945);
#940 = PLANE('',#941);
#941 = AXIS2_PLACEMENT_3D('',#942,#943,#944);
#942 = CARTESIAN_POINT('',(-1.8,103.1,4.5));
#943 = DIRECTION('',(-1.,1.110223024625E-16,0.));
#944 = DIRECTION('',(0.,0.,1.));
#945 = DEFINITIONAL_REPRESENTATION('',(#946),#949);
#946 = B_SPLINE_CURVE_WITH_KNOTS('',1,(#947,#948),.UNSPECIFIED.,.F.,.F.,
  (2,2),(-15.4000006,-1.05),.PIECEWISE_BEZIER_KNOTS.);
#947 = CARTESIAN_POINT('',(12.9000006,2.584672493224));
#948 = CARTESIAN_POINT('',(-1.45,2.584672493224));
#949 = ( GEOMETRIC_REPRESENTATION_CONTEXT(2) 
PARAMETRIC_REPRESENTATION_CONTEXT() REPRESENTATION_CONTEXT('2D SPACE',''
  ) );
#950 = FACE_BOUND('',#951,.F.);
#951 = EDGE_LOOP('',(#952));
#952 = ORIENTED_EDGE('',*,*,#953,.T.);
#953 = EDGE_CURVE('',#954,#954,#956,.T.);
#954 = VERTEX_POINT('',#955);
#955 = CARTESIAN_POINT('',(80.379388242233,-68.64141567453,11.));
#956 = SURFACE_CURVE('',#957,(#1009,#1064),.PCURVE_S1.);
#957 = B_SPLINE_CURVE_WITH_KNOTS('',8,(#958,#959,#960,#961,#962,#963,
    #964,#965,#966,#967,#968,#969,#970,#971,#972,#973,#974,#975,#976,
    #977,#978,#979,#980,#981,#982,#983,#984,#985,#986,#987,#988,#989,
    #990,#991,#992,#993,#994,#995,#996,#997,#998,#999,#1000,#1001,#1002,
    #1003,#1004,#1005,#1006,#1007,#1008),.UNSPECIFIED.,.T.,.F.,(9,7,7,7,
    7,7,7,9),(0.,0.15344629832,0.285183840891,0.421067152676,
    0.589578532742,0.714801285531,0.836743260501,1.),.UNSPECIFIED.);
#958 = CARTESIAN_POINT('',(80.379388242233,-68.64141567453,11.));
#959 = CARTESIAN_POINT('',(80.379388242233,-68.64141567453,
    11.238209810433));
#960 = CARTESIAN_POINT('',(80.361021053123,-68.66292366961,
    11.477637305685));
#961 = CARTESIAN_POINT('',(80.323959508257,-68.70632313644,
    11.715870440471));
#962 = CARTESIAN_POINT('',(80.267618530858,-68.77223301894,
    11.950247768268));
#963 = CARTESIAN_POINT('',(80.191251275381,-68.8613927234,
    12.177575516421));
#964 = CARTESIAN_POINT('',(80.094008150713,-68.97457337475,
    12.393931685391));
#965 = CARTESIAN_POINT('',(79.975051036621,-69.11242761599,
    12.594350489733));
#966 = CARTESIAN_POINT('',(79.712560286091,-69.41492607103,
    12.92485200095));
#967 = CARTESIAN_POINT('',(79.57018784351,-69.57843365952,
    13.066788484276));
#968 = CARTESIAN_POINT('',(79.408589592136,-69.76319275125,
    13.185877935923));
#969 = CARTESIAN_POINT('',(79.231449163519,-69.9645919542,
    13.272991464039));
#970 = CARTESIAN_POINT('',(79.043950486447,-70.17637147973,
    13.32201434385));
#971 = CARTESIAN_POINT('',(78.852166795427,-70.39151936664,
    13.329997273861));
#972 = CARTESIAN_POINT('',(78.662466024179,-70.60297461204,
    13.297298563851));
#973 = CARTESIAN_POINT('',(78.293326599486,-71.01213487403,
    13.155995015262));
#974 = CARTESIAN_POINT('',(78.120745742863,-71.20216260648,
    13.047464059765));
#975 = CARTESIAN_POINT('',(77.965159074162,-71.37245565162,
    12.909716928485));
#976 = CARTESIAN_POINT('',(77.827669520844,-71.52218723311,
    12.749119825762));
#977 = CARTESIAN_POINT('',(77.708724296625,-71.6512036162,
    12.571210013301));
#978 = CARTESIAN_POINT('',(77.608288293953,-71.75980541099,
    12.380852393708));
#979 = CARTESIAN_POINT('',(77.525921493444,-71.84866480964,
    12.182301659951));
#980 = CARTESIAN_POINT('',(77.380217491399,-72.00559696836,
    11.727536838112));
#981 = CARTESIAN_POINT('',(77.325331118879,-72.06448965576,
    11.466218277109));
#982 = CARTESIAN_POINT('',(77.29497481821,-72.09698935443,
    11.199633214001));
#983 = CARTESIAN_POINT('',(77.288469208764,-72.10394510737,
    10.930789573263));
#984 = CARTESIAN_POINT('',(77.305682734832,-72.08552598092,
    10.662362615974));
#985 = CARTESIAN_POINT('',(77.346992495154,-72.04127212876,
    10.397189052919));
#986 = CARTESIAN_POINT('',(77.41321857016,-71.97014673373,
    10.138734138233));
#987 = CARTESIAN_POINT('',(77.57412273536,-71.79662707471,9.708590704326
    ));
#988 = CARTESIAN_POINT('',(77.657752837853,-71.70627819352,
    9.529980038806));
#989 = CARTESIAN_POINT('',(77.756958034308,-71.59884655082,
    9.359462716188));
#990 = CARTESIAN_POINT('',(77.871963027721,-71.47391810738,
    9.200730728831));
#991 = CARTESIAN_POINT('',(78.002647981529,-71.33140339189,
    9.057855861592));
#992 = CARTESIAN_POINT('',(78.148490487259,-71.17160561124,
    8.935338564403));
#993 = CARTESIAN_POINT('',(78.308448618807,-70.99537337695,
    8.838216399589));
#994 = CARTESIAN_POINT('',(78.648548058386,-70.61840151621,
    8.708029119469));
#995 = CARTESIAN_POINT('',(78.823818506966,-70.42311576054,
    8.674973668291));
#996 = CARTESIAN_POINT('',(79.001670244552,-70.22378919633,
    8.676667309426));
#997 = CARTESIAN_POINT('',(79.176797722275,-70.02627963083,
    8.713858129132));
#998 = CARTESIAN_POINT('',(79.344027703517,-69.8365243466,8.784569253226
    ));
#999 = CARTESIAN_POINT('',(79.498837511665,-69.65991433378,
    8.884206221248));
#1000 = CARTESIAN_POINT('',(79.637781621201,-69.50070305708,
    9.005643140553));
#1001 = CARTESIAN_POINT('',(79.920721826215,-69.17535067602,
    9.318149288856));
#1002 = CARTESIAN_POINT('',(80.056292086317,-69.01845478993,
    9.525290717744));
#1003 = CARTESIAN_POINT('',(80.166467983514,-68.8903187487,
    9.751509401722));
#1004 = CARTESIAN_POINT('',(80.252687448707,-68.78969668745,
    9.990539362557));
#1005 = CARTESIAN_POINT('',(80.316297427787,-68.71529567205,
    10.23786189371));
#1006 = CARTESIAN_POINT('',(80.358332056538,-68.66607242183,
    10.490158078973));
#1007 = CARTESIAN_POINT('',(80.379388242233,-68.64141567453,
    10.744949468118));
#1008 = CARTESIAN_POINT('',(80.379388242233,-68.64141567453,11.));
#1009 = PCURVE('',#182,#1010);
#1010 = DEFINITIONAL_REPRESENTATION('',(#1011),#1063);
#1011 = B_SPLINE_CURVE_WITH_KNOTS('',8,(#1012,#1013,#1014,#1015,#1016,
    #1017,#1018,#1019,#1020,#1021,#1022,#1023,#1024,#1025,#1026,#1027,
    #1028,#1029,#1030,#1031,#1032,#1033,#1034,#1035,#1036,#1037,#1038,
    #1039,#1040,#1041,#1042,#1043,#1044,#1045,#1046,#1047,#1048,#1049,
    #1050,#1051,#1052,#1053,#1054,#1055,#1056,#1057,#1058,#1059,#1060,
    #1061,#1062),.UNSPECIFIED.,.T.,.F.,(9,7,7,7,7,7,7,9),(0.,
    0.15344629832,0.285183840891,0.421067152676,0.589578532742,
    0.714801285531,0.836743260501,1.),.UNSPECIFIED.);
#1012 = CARTESIAN_POINT('',(-5.576392190526,-9.));
#1013 = CARTESIAN_POINT('',(-5.576392190526,-9.238209810433));
#1014 = CARTESIAN_POINT('',(-5.576124609225,-9.477637305685));
#1015 = CARTESIAN_POINT('',(-5.575584677726,-9.715870440471));
#1016 = CARTESIAN_POINT('',(-5.574764348442,-9.950247768268));
#1017 = CARTESIAN_POINT('',(-5.573653713366,-10.17757551642));
#1018 = CARTESIAN_POINT('',(-5.57224200265,-10.39393168539));
#1019 = CARTESIAN_POINT('',(-5.570519360104,-10.59435048973));
#1020 = CARTESIAN_POINT('',(-5.566730258268,-10.92485200095));
#1021 = CARTESIAN_POINT('',(-5.564679120837,-11.06678848427));
#1022 = CARTESIAN_POINT('',(-5.562356911106,-11.18587793592));
#1023 = CARTESIAN_POINT('',(-5.559819400943,-11.27299146403));
#1024 = CARTESIAN_POINT('',(-5.557143424643,-11.32201434385));
#1025 = CARTESIAN_POINT('',(-5.554416692796,-11.32999727386));
#1026 = CARTESIAN_POINT('',(-5.551729125947,-11.29729856385));
#1027 = CARTESIAN_POINT('',(-5.546515615205,-11.15599501526));
#1028 = CARTESIAN_POINT('',(-5.544087060685,-11.04746405976));
#1029 = CARTESIAN_POINT('',(-5.541904802025,-10.90971692848));
#1030 = CARTESIAN_POINT('',(-5.539981628637,-10.74911982576));
#1031 = CARTESIAN_POINT('',(-5.538321463368,-10.5712100133));
#1032 = CARTESIAN_POINT('',(-5.536921987521,-10.3808523937));
#1033 = CARTESIAN_POINT('',(-5.535775703888,-10.18230165995));
#1034 = CARTESIAN_POINT('',(-5.533749750119,-9.727536838112));
#1035 = CARTESIAN_POINT('',(-5.532988126047,-9.466218277109));
#1036 = CARTESIAN_POINT('',(-5.532567390478,-9.199633214001));
#1037 = CARTESIAN_POINT('',(-5.532477286645,-8.930789573263));
#1038 = CARTESIAN_POINT('',(-5.532715797073,-8.662362615974));
#1039 = CARTESIAN_POINT('',(-5.533288535113,-8.397189052919));
#1040 = CARTESIAN_POINT('',(-5.534207964836,-8.138734138233));
#1041 = CARTESIAN_POINT('',(-5.536446768511,-7.708590704326));
#1042 = CARTESIAN_POINT('',(-5.537611511878,-7.529980038806));
#1043 = CARTESIAN_POINT('',(-5.538994954333,-7.359462716188));
#1044 = CARTESIAN_POINT('',(-5.540601417737,-7.200730728831));
#1045 = CARTESIAN_POINT('',(-5.542430760212,-7.057855861592));
#1046 = CARTESIAN_POINT('',(-5.544477536348,-6.935338564403));
#1047 = CARTESIAN_POINT('',(-5.546729189819,-6.838216399589));
#1048 = CARTESIAN_POINT('',(-5.551532556686,-6.708029119469));
#1049 = CARTESIAN_POINT('',(-5.554015091124,-6.674973668291));
#1050 = CARTESIAN_POINT('',(-5.556542388486,-6.676667309426));
#1051 = CARTESIAN_POINT('',(-5.559039707374,-6.713858129132));
#1052 = CARTESIAN_POINT('',(-5.561432580986,-6.784569253226));
#1053 = CARTESIAN_POINT('',(-5.563654480048,-6.884206221248));
#1054 = CARTESIAN_POINT('',(-5.56565366531,-7.005643140553));
#1055 = CARTESIAN_POINT('',(-5.569732871023,-7.318149288856));
#1056 = CARTESIAN_POINT('',(-5.571694581442,-7.525290717744));
#1057 = CARTESIAN_POINT('',(-5.573293344532,-7.751509401722));
#1058 = CARTESIAN_POINT('',(-5.574546974398,-7.990539362557));
#1059 = CARTESIAN_POINT('',(-5.575473051489,-8.23786189371));
#1060 = CARTESIAN_POINT('',(-5.576085435208,-8.490158078973));
#1061 = CARTESIAN_POINT('',(-5.576392190526,-8.744949468118));
#1062 = CARTESIAN_POINT('',(-5.576392190526,-9.));
#1063 = ( GEOMETRIC_REPRESENTATION_CONTEXT(2) 
PARAMETRIC_REPRESENTATION_CONTEXT() REPRESENTATION_CONTEXT('2D SPACE',''
  ) );
#1064 = PCURVE('',#1065,#1070);
#1065 = CYLINDRICAL_SURFACE('',#1066,2.3);
#1066 = AXIS2_PLACEMENT_3D('',#1067,#1068,#1069);
#1067 = CARTESIAN_POINT('',(77.145349827452,-68.66006845321,11.));
#1068 = DIRECTION('',(-0.707106781187,0.707106781187,-0.));
#1069 = DIRECTION('',(0.707106781187,0.707106781187,0.));
#1070 = DEFINITIONAL_REPRESENTATION('',(#1071),#1123);
#1071 = B_SPLINE_CURVE_WITH_KNOTS('',8,(#1072,#1073,#1074,#1075,#1076,
    #1077,#1078,#1079,#1080,#1081,#1082,#1083,#1084,#1085,#1086,#1087,
    #1088,#1089,#1090,#1091,#1092,#1093,#1094,#1095,#1096,#1097,#1098,
    #1099,#1100,#1101,#1102,#1103,#1104,#1105,#1106,#1107,#1108,#1109,
    #1110,#1111,#1112,#1113,#1114,#1115,#1116,#1117,#1118,#1119,#1120,
    #1121,#1122),.UNSPECIFIED.,.F.,.F.,(9,7,7,7,7,7,7,9),(0.,
    0.15344629832,0.285183840891,0.421067152676,0.589578532742,
    0.714801285531,0.836743260501,1.),.UNSPECIFIED.);
#1072 = CARTESIAN_POINT('',(0.,-2.273620987418));
#1073 = CARTESIAN_POINT('',(-0.103569482797,-2.273620987418));
#1074 = CARTESIAN_POINT('',(-0.207667942339,-2.275841872618));
#1075 = CARTESIAN_POINT('',(-0.312942163676,-2.280323460218));
#1076 = CARTESIAN_POINT('',(-0.419994161152,-2.287089697901));
#1077 = CARTESIAN_POINT('',(-0.529446054837,-2.296135325322));
#1078 = CARTESIAN_POINT('',(-0.641969680225,-2.307404858519));
#1079 = CARTESIAN_POINT('',(-0.758349319536,-2.320767145268));
#1080 = CARTESIAN_POINT('',(-0.983782173549,-2.34905686443));
#1081 = CARTESIAN_POINT('',(-1.095577106471,-2.364001669423));
#1082 = CARTESIAN_POINT('',(-1.212347999705,-2.380378856694));
#1083 = CARTESIAN_POINT('',(-1.332391463819,-2.397532400532));
#1084 = CARTESIAN_POINT('',(-1.454474089782,-2.414701553123));
#1085 = CARTESIAN_POINT('',(-1.577525593784,-2.431222534476));
#1086 = CARTESIAN_POINT('',(-1.700517260587,-2.44660527067));
#1087 = CARTESIAN_POINT('',(-1.947557163071,-2.47490427611));
#1088 = CARTESIAN_POINT('',(-2.067270268751,-2.48724108032));
#1089 = CARTESIAN_POINT('',(-2.182207791759,-2.497640058825));
#1090 = CARTESIAN_POINT('',(-2.292979305805,-2.506296479964));
#1091 = CARTESIAN_POINT('',(-2.400029944622,-2.513417864696));
#1092 = CARTESIAN_POINT('',(-2.503697293829,-2.519191951677));
#1093 = CARTESIAN_POINT('',(-2.604220754728,-2.523782911849));
#1094 = CARTESIAN_POINT('',(-2.822741890942,-2.531722417574));
#1095 = CARTESIAN_POINT('',(-2.940439404937,-2.534555309996));
#1096 = CARTESIAN_POINT('',(-3.056238918158,-2.536070921254));
#1097 = CARTESIAN_POINT('',(-3.171248890748,-2.53638922077));
#1098 = CARTESIAN_POINT('',(-3.286497460653,-2.53553673257));
#1099 = CARTESIAN_POINT('',(-3.402997590459,-2.533454945264));
#1100 = CARTESIAN_POINT('',(-3.52181288034,-2.529990602855));
#1101 = CARTESIAN_POINT('',(-3.735230041895,-2.521070101621));
#1102 = CARTESIAN_POINT('',(-3.829048705096,-2.516319207647));
#1103 = CARTESIAN_POINT('',(-3.925770337218,-2.510502231718));
#1104 = CARTESIAN_POINT('',(-4.025525279668,-2.503485292915));
#1105 = CARTESIAN_POINT('',(-4.128540812845,-2.49512038821));
#1106 = CARTESIAN_POINT('',(-4.235136022697,-2.485252518676));
#1107 = CARTESIAN_POINT('',(-4.345748282812,-2.473744990273));
#1108 = CARTESIAN_POINT('',(-4.573353698999,-2.447672251229));
#1109 = CARTESIAN_POINT('',(-4.687271218474,-2.433519291861));
#1110 = CARTESIAN_POINT('',(-4.801563377553,-2.41833429633));
#1111 = CARTESIAN_POINT('',(-4.915238214593,-2.402507770287));
#1112 = CARTESIAN_POINT('',(-5.027315631464,-2.386579975796));
#1113 = CARTESIAN_POINT('',(-5.136677976217,-2.371164903239));
#1114 = CARTESIAN_POINT('',(-5.241870931895,-2.356833851901));
#1115 = CARTESIAN_POINT('',(-5.473030590737,-2.326843914611));
#1116 = CARTESIAN_POINT('',(-5.598711678958,-2.311764419866));
#1117 = CARTESIAN_POINT('',(-5.719321274942,-2.299064680225));
#1118 = CARTESIAN_POINT('',(-5.83599727386,-2.288880506888));
#1119 = CARTESIAN_POINT('',(-5.949740776415,-2.28125009193));
#1120 = CARTESIAN_POINT('',(-6.061515741972,-2.276166968946));
#1121 = CARTESIAN_POINT('',(-6.172293771579,-2.273620987418));
#1122 = CARTESIAN_POINT('',(-6.28318530718,-2.273620987418));
#1123 = ( GEOMETRIC_REPRESENTATION_CONTEXT(2) 
PARAMETRIC_REPRESENTATION_CONTEXT() REPRESENTATION_CONTEXT('2D SPACE',''
  ) );
#1124 = FACE_BOUND('',#1125,.F.);
#1125 = EDGE_LOOP('',(#1126));
#1126 = ORIENTED_EDGE('',*,*,#1127,.T.);
#1127 = EDGE_CURVE('',#1128,#1128,#1130,.T.);
#1128 = VERTEX_POINT('',#1129);
#1129 = CARTESIAN_POINT('',(68.641415674536,80.379388242233,11.));
#1130 = SURFACE_CURVE('',#1131,(#1183,#1238),.PCURVE_S1.);
#1131 = B_SPLINE_CURVE_WITH_KNOTS('',8,(#1132,#1133,#1134,#1135,#1136,
    #1137,#1138,#1139,#1140,#1141,#1142,#1143,#1144,#1145,#1146,#1147,
    #1148,#1149,#1150,#1151,#1152,#1153,#1154,#1155,#1156,#1157,#1158,
    #1159,#1160,#1161,#1162,#1163,#1164,#1165,#1166,#1167,#1168,#1169,
    #1170,#1171,#1172,#1173,#1174,#1175,#1176,#1177,#1178,#1179,#1180,
    #1181,#1182),.UNSPECIFIED.,.T.,.F.,(9,7,7,7,7,7,7,9),(0.,
    0.153446297527,0.285183840018,0.421067151193,0.589578534602,
    0.714801286824,0.836743261242,1.),.UNSPECIFIED.);
#1132 = CARTESIAN_POINT('',(68.641415674536,80.379388242233,11.));
#1133 = CARTESIAN_POINT('',(68.641415674536,80.379388242233,
    11.238209810433));
#1134 = CARTESIAN_POINT('',(68.662923669616,80.361021053123,
    11.477637305684));
#1135 = CARTESIAN_POINT('',(68.706323136446,80.323959508257,
    11.715870440472));
#1136 = CARTESIAN_POINT('',(68.772233018944,80.267618530858,
    11.950247768269));
#1137 = CARTESIAN_POINT('',(68.8613927234,80.191251275381,
    12.177575516421));
#1138 = CARTESIAN_POINT('',(68.974573374756,80.094008150713,
    12.393931685391));
#1139 = CARTESIAN_POINT('',(69.112427615993,79.975051036621,
    12.594350489733));
#1140 = CARTESIAN_POINT('',(69.414926071676,79.712560285537,
    12.924852001648));
#1141 = CARTESIAN_POINT('',(69.578433659195,79.570187843793,
    13.066788483574));
#1142 = CARTESIAN_POINT('',(69.76319275046,79.408589592829,
    13.185877935619));
#1143 = CARTESIAN_POINT('',(69.96459195419,79.231449163551,
    13.272991464501));
#1144 = CARTESIAN_POINT('',(70.176371480579,79.043950485693,
    13.322014344031));
#1145 = CARTESIAN_POINT('',(70.391519367045,78.852166795055,
    13.329997273408));
#1146 = CARTESIAN_POINT('',(70.602974611259,78.662466024886,
    13.297298564122));
#1147 = CARTESIAN_POINT('',(71.01213487403,78.293326599486,
    13.155995015262));
#1148 = CARTESIAN_POINT('',(71.202162606484,78.120745742862,
    13.047464059764));
#1149 = CARTESIAN_POINT('',(71.372455651621,77.965159074162,
    12.909716928486));
#1150 = CARTESIAN_POINT('',(71.522187233116,77.827669520844,
    12.749119825762));
#1151 = CARTESIAN_POINT('',(71.651203616206,77.708724296624,
    12.571210013301));
#1152 = CARTESIAN_POINT('',(71.759805410996,77.608288293953,
    12.380852393708));
#1153 = CARTESIAN_POINT('',(71.848664809644,77.525921493444,
    12.182301659951));
#1154 = CARTESIAN_POINT('',(72.005596970479,77.380217489435,
    11.727536831984));
#1155 = CARTESIAN_POINT('',(72.064489652772,77.325331121664,
    11.466218296039));
#1156 = CARTESIAN_POINT('',(72.096989353824,77.294974818773,
    11.199633193202));
#1157 = CARTESIAN_POINT('',(72.10394511054,77.288469205824,
    10.930789573188));
#1158 = CARTESIAN_POINT('',(72.085525981372,77.305682734424,
    10.662362636778));
#1159 = CARTESIAN_POINT('',(72.041272124809,77.346992498823,
    10.397189034155));
#1160 = CARTESIAN_POINT('',(71.970146736166,77.41321856791,
    10.138734144248));
#1161 = CARTESIAN_POINT('',(71.796627074712,77.57412273536,
    9.708590704326));
#1162 = CARTESIAN_POINT('',(71.706278193529,77.657752837853,
    9.529980038806));
#1163 = CARTESIAN_POINT('',(71.598846550821,77.756958034308,
    9.359462716188));
#1164 = CARTESIAN_POINT('',(71.473918107387,77.871963027721,
    9.200730728831));
#1165 = CARTESIAN_POINT('',(71.331403391899,78.002647981529,
    9.057855861592));
#1166 = CARTESIAN_POINT('',(71.171605611241,78.148490487259,
    8.935338564403));
#1167 = CARTESIAN_POINT('',(70.995373376955,78.308448618808,
    8.838216399589));
#1168 = CARTESIAN_POINT('',(70.618401516212,78.648548058387,
    8.708029119468));
#1169 = CARTESIAN_POINT('',(70.423115760547,78.823818506966,
    8.674973668291));
#1170 = CARTESIAN_POINT('',(70.223789196338,79.001670244551,
    8.676667309426));
#1171 = CARTESIAN_POINT('',(70.026279630838,79.176797722275,
    8.713858129131));
#1172 = CARTESIAN_POINT('',(69.836524346605,79.344027703518,
    8.784569253226));
#1173 = CARTESIAN_POINT('',(69.659914333784,79.498837511666,
    8.884206221249));
#1174 = CARTESIAN_POINT('',(69.500703057084,79.6377816212,9.005643140552
    ));
#1175 = CARTESIAN_POINT('',(69.17535067602,79.920721826215,
    9.318149288856));
#1176 = CARTESIAN_POINT('',(69.018454789934,80.056292086318,
    9.525290717745));
#1177 = CARTESIAN_POINT('',(68.8903187487,80.166467983513,9.751509401721
    ));
#1178 = CARTESIAN_POINT('',(68.789696687451,80.252687448707,
    9.990539362557));
#1179 = CARTESIAN_POINT('',(68.71529567205,80.316297427788,
    10.23786189371));
#1180 = CARTESIAN_POINT('',(68.666072421837,80.358332056538,
    10.490158078972));
#1181 = CARTESIAN_POINT('',(68.641415674536,80.379388242233,
    10.744949468118));
#1182 = CARTESIAN_POINT('',(68.641415674536,80.379388242233,11.));
#1183 = PCURVE('',#182,#1184);
#1184 = DEFINITIONAL_REPRESENTATION('',(#1185),#1237);
#1185 = B_SPLINE_CURVE_WITH_KNOTS('',8,(#1186,#1187,#1188,#1189,#1190,
    #1191,#1192,#1193,#1194,#1195,#1196,#1197,#1198,#1199,#1200,#1201,
    #1202,#1203,#1204,#1205,#1206,#1207,#1208,#1209,#1210,#1211,#1212,
    #1213,#1214,#1215,#1216,#1217,#1218,#1219,#1220,#1221,#1222,#1223,
    #1224,#1225,#1226,#1227,#1228,#1229,#1230,#1231,#1232,#1233,#1234,
    #1235,#1236),.UNSPECIFIED.,.T.,.F.,(9,7,7,7,7,7,7,9),(0.,
    0.153446297527,0.285183840018,0.421067151193,0.589578534602,
    0.714801286824,0.836743261242,1.),.UNSPECIFIED.);
#1186 = CARTESIAN_POINT('',(-0.864003210142,-9.));
#1187 = CARTESIAN_POINT('',(-0.864003210142,-9.238209810433));
#1188 = CARTESIAN_POINT('',(-0.86373562884,-9.477637305684));
#1189 = CARTESIAN_POINT('',(-0.863195697341,-9.715870440471));
#1190 = CARTESIAN_POINT('',(-0.862375368057,-9.950247768269));
#1191 = CARTESIAN_POINT('',(-0.861264732981,-10.17757551642));
#1192 = CARTESIAN_POINT('',(-0.859853022265,-10.39393168539));
#1193 = CARTESIAN_POINT('',(-0.85813037972,-10.59435048973));
#1194 = CARTESIAN_POINT('',(-0.854341277875,-10.92485200164));
#1195 = CARTESIAN_POINT('',(-0.852290140456,-11.06678848357));
#1196 = CARTESIAN_POINT('',(-0.849967930731,-11.18587793561));
#1197 = CARTESIAN_POINT('',(-0.847430420559,-11.2729914645));
#1198 = CARTESIAN_POINT('',(-0.844754444247,-11.32201434403));
#1199 = CARTESIAN_POINT('',(-0.842027712406,-11.3299972734));
#1200 = CARTESIAN_POINT('',(-0.839340145573,-11.29729856412));
#1201 = CARTESIAN_POINT('',(-0.83412663482,-11.15599501526));
#1202 = CARTESIAN_POINT('',(-0.831698080301,-11.04746405976));
#1203 = CARTESIAN_POINT('',(-0.82951582164,-10.90971692848));
#1204 = CARTESIAN_POINT('',(-0.827592648252,-10.74911982576));
#1205 = CARTESIAN_POINT('',(-0.825932482983,-10.5712100133));
#1206 = CARTESIAN_POINT('',(-0.824533007136,-10.3808523937));
#1207 = CARTESIAN_POINT('',(-0.823386723503,-10.18230165995));
#1208 = CARTESIAN_POINT('',(-0.821360769707,-9.727536831984));
#1209 = CARTESIAN_POINT('',(-0.820599145701,-9.466218296039));
#1210 = CARTESIAN_POINT('',(-0.820178410101,-9.199633193202));
#1211 = CARTESIAN_POINT('',(-0.82008830622,-8.930789573188));
#1212 = CARTESIAN_POINT('',(-0.820326816682,-8.662362636778));
#1213 = CARTESIAN_POINT('',(-0.82089955478,-8.397189034155));
#1214 = CARTESIAN_POINT('',(-0.82181898442,-8.138734144248));
#1215 = CARTESIAN_POINT('',(-0.824057788127,-7.708590704326));
#1216 = CARTESIAN_POINT('',(-0.825222531493,-7.529980038806));
#1217 = CARTESIAN_POINT('',(-0.826605973948,-7.359462716188));
#1218 = CARTESIAN_POINT('',(-0.828212437352,-7.200730728831));
#1219 = CARTESIAN_POINT('',(-0.830041779827,-7.057855861592));
#1220 = CARTESIAN_POINT('',(-0.832088555964,-6.935338564403));
#1221 = CARTESIAN_POINT('',(-0.834340209434,-6.838216399589));
#1222 = CARTESIAN_POINT('',(-0.839143576301,-6.708029119468));
#1223 = CARTESIAN_POINT('',(-0.84162611074,-6.674973668291));
#1224 = CARTESIAN_POINT('',(-0.844153408102,-6.676667309426));
#1225 = CARTESIAN_POINT('',(-0.846650726989,-6.713858129131));
#1226 = CARTESIAN_POINT('',(-0.849043600601,-6.784569253226));
#1227 = CARTESIAN_POINT('',(-0.851265499664,-6.884206221249));
#1228 = CARTESIAN_POINT('',(-0.853264684925,-7.005643140552));
#1229 = CARTESIAN_POINT('',(-0.857343890639,-7.318149288856));
#1230 = CARTESIAN_POINT('',(-0.859305601057,-7.525290717745));
#1231 = CARTESIAN_POINT('',(-0.860904364148,-7.751509401722));
#1232 = CARTESIAN_POINT('',(-0.862157994013,-7.990539362557));
#1233 = CARTESIAN_POINT('',(-0.863084071104,-8.23786189371));
#1234 = CARTESIAN_POINT('',(-0.863696454823,-8.490158078972));
#1235 = CARTESIAN_POINT('',(-0.864003210142,-8.744949468118));
#1236 = CARTESIAN_POINT('',(-0.864003210142,-9.));
#1237 = ( GEOMETRIC_REPRESENTATION_CONTEXT(2) 
PARAMETRIC_REPRESENTATION_CONTEXT() REPRESENTATION_CONTEXT('2D SPACE',''
  ) );
#1238 = PCURVE('',#1239,#1244);
#1239 = CYLINDRICAL_SURFACE('',#1240,2.3);
#1240 = AXIS2_PLACEMENT_3D('',#1241,#1242,#1243);
#1241 = CARTESIAN_POINT('',(68.660068453214,77.145349827452,11.));
#1242 = DIRECTION('',(-0.707106781187,-0.707106781187,-0.));
#1243 = DIRECTION('',(-0.707106781187,0.707106781187,0.));
#1244 = DEFINITIONAL_REPRESENTATION('',(#1245),#1297);
#1245 = B_SPLINE_CURVE_WITH_KNOTS('',8,(#1246,#1247,#1248,#1249,#1250,
    #1251,#1252,#1253,#1254,#1255,#1256,#1257,#1258,#1259,#1260,#1261,
    #1262,#1263,#1264,#1265,#1266,#1267,#1268,#1269,#1270,#1271,#1272,
    #1273,#1274,#1275,#1276,#1277,#1278,#1279,#1280,#1281,#1282,#1283,
    #1284,#1285,#1286,#1287,#1288,#1289,#1290,#1291,#1292,#1293,#1294,
    #1295,#1296),.UNSPECIFIED.,.F.,.F.,(9,7,7,7,7,7,7,9),(0.,
    0.153446297527,0.285183840018,0.421067151193,0.589578534602,
    0.714801286824,0.836743261242,1.),.UNSPECIFIED.);
#1246 = CARTESIAN_POINT('',(0.,-2.273620987418));
#1247 = CARTESIAN_POINT('',(-0.103569482797,-2.273620987418));
#1248 = CARTESIAN_POINT('',(-0.207667942339,-2.275841872618));
#1249 = CARTESIAN_POINT('',(-0.312942163677,-2.280323460218));
#1250 = CARTESIAN_POINT('',(-0.419994161152,-2.287089697901));
#1251 = CARTESIAN_POINT('',(-0.529446054837,-2.296135325322));
#1252 = CARTESIAN_POINT('',(-0.641969680225,-2.307404858519));
#1253 = CARTESIAN_POINT('',(-0.758349319536,-2.320767145268));
#1254 = CARTESIAN_POINT('',(-0.983782174025,-2.34905686449));
#1255 = CARTESIAN_POINT('',(-1.095577106131,-2.364001669389));
#1256 = CARTESIAN_POINT('',(-1.212347999292,-2.380378856623));
#1257 = CARTESIAN_POINT('',(-1.332391463855,-2.397532400542));
#1258 = CARTESIAN_POINT('',(-1.454474090209,-2.414701553191));
#1259 = CARTESIAN_POINT('',(-1.577525594063,-2.431222534498));
#1260 = CARTESIAN_POINT('',(-1.700517260114,-2.446605270616));
#1261 = CARTESIAN_POINT('',(-1.94755716307,-2.47490427611));
#1262 = CARTESIAN_POINT('',(-2.067270268752,-2.48724108032));
#1263 = CARTESIAN_POINT('',(-2.182207791759,-2.497640058825));
#1264 = CARTESIAN_POINT('',(-2.292979305805,-2.506296479964));
#1265 = CARTESIAN_POINT('',(-2.400029944623,-2.513417864696));
#1266 = CARTESIAN_POINT('',(-2.503697293829,-2.519191951677));
#1267 = CARTESIAN_POINT('',(-2.604220754728,-2.523782911849));
#1268 = CARTESIAN_POINT('',(-2.822741893887,-2.531722417681));
#1269 = CARTESIAN_POINT('',(-2.940439395937,-2.534555309846));
#1270 = CARTESIAN_POINT('',(-3.056238928028,-2.536070921221));
#1271 = CARTESIAN_POINT('',(-3.171248890719,-2.536389220931));
#1272 = CARTESIAN_POINT('',(-3.286497450784,-2.535536732594));
#1273 = CARTESIAN_POINT('',(-3.402997599522,-2.533454945061));
#1274 = CARTESIAN_POINT('',(-3.521812877355,-2.529990602979));
#1275 = CARTESIAN_POINT('',(-3.735230041895,-2.521070101621));
#1276 = CARTESIAN_POINT('',(-3.829048705096,-2.516319207648));
#1277 = CARTESIAN_POINT('',(-3.925770337218,-2.510502231718));
#1278 = CARTESIAN_POINT('',(-4.025525279668,-2.503485292915));
#1279 = CARTESIAN_POINT('',(-4.128540812846,-2.495120388211));
#1280 = CARTESIAN_POINT('',(-4.235136022697,-2.485252518676));
#1281 = CARTESIAN_POINT('',(-4.345748282812,-2.473744990273));
#1282 = CARTESIAN_POINT('',(-4.573353698999,-2.447672251229));
#1283 = CARTESIAN_POINT('',(-4.687271218474,-2.433519291861));
#1284 = CARTESIAN_POINT('',(-4.801563377553,-2.418334296331));
#1285 = CARTESIAN_POINT('',(-4.915238214593,-2.402507770287));
#1286 = CARTESIAN_POINT('',(-5.027315631464,-2.386579975795));
#1287 = CARTESIAN_POINT('',(-5.136677976218,-2.371164903239));
#1288 = CARTESIAN_POINT('',(-5.241870931894,-2.356833851901));
#1289 = CARTESIAN_POINT('',(-5.473030590737,-2.326843914611));
#1290 = CARTESIAN_POINT('',(-5.598711678959,-2.311764419866));
#1291 = CARTESIAN_POINT('',(-5.719321274942,-2.299064680225));
#1292 = CARTESIAN_POINT('',(-5.83599727386,-2.288880506888));
#1293 = CARTESIAN_POINT('',(-5.949740776416,-2.28125009193));
#1294 = CARTESIAN_POINT('',(-6.061515741971,-2.276166968946));
#1295 = CARTESIAN_POINT('',(-6.172293771579,-2.273620987418));
#1296 = CARTESIAN_POINT('',(-6.28318530718,-2.273620987418));
#1297 = ( GEOMETRIC_REPRESENTATION_CONTEXT(2) 
PARAMETRIC_REPRESENTATION_CONTEXT() REPRESENTATION_CONTEXT('2D SPACE',''
  ) );
#1298 = FACE_BOUND('',#1299,.F.);
#1299 = EDGE_LOOP('',(#1300));
#1300 = ORIENTED_EDGE('',*,*,#1301,.T.);
#1301 = EDGE_CURVE('',#1302,#1302,#1304,.T.);
#1302 = VERTEX_POINT('',#1303);
#1303 = CARTESIAN_POINT('',(-80.37938824223,68.641415674536,11.));
#1304 = SURFACE_CURVE('',#1305,(#1357,#1412),.PCURVE_S1.);
#1305 = B_SPLINE_CURVE_WITH_KNOTS('',8,(#1306,#1307,#1308,#1309,#1310,
    #1311,#1312,#1313,#1314,#1315,#1316,#1317,#1318,#1319,#1320,#1321,
    #1322,#1323,#1324,#1325,#1326,#1327,#1328,#1329,#1330,#1331,#1332,
    #1333,#1334,#1335,#1336,#1337,#1338,#1339,#1340,#1341,#1342,#1343,
    #1344,#1345,#1346,#1347,#1348,#1349,#1350,#1351,#1352,#1353,#1354,
    #1355,#1356),.UNSPECIFIED.,.T.,.F.,(9,7,7,7,7,7,7,9),(0.,
    0.153446298242,0.285183841345,0.42106715315,0.589578533241,
    0.714801285998,0.836743260524,1.),.UNSPECIFIED.);
#1306 = CARTESIAN_POINT('',(-80.37938824223,68.641415674536,11.));
#1307 = CARTESIAN_POINT('',(-80.37938824223,68.641415674536,
    11.238209810435));
#1308 = CARTESIAN_POINT('',(-80.36102105312,68.662923669616,
    11.477637305687));
#1309 = CARTESIAN_POINT('',(-80.32395950825,68.706323136447,
    11.715870440475));
#1310 = CARTESIAN_POINT('',(-80.26761853085,68.772233018945,
    11.95024776827));
#1311 = CARTESIAN_POINT('',(-80.19125127538,68.8613927234,
    12.177575516419));
#1312 = CARTESIAN_POINT('',(-80.09400815071,68.974573374753,
    12.393931685387));
#1313 = CARTESIAN_POINT('',(-79.97505103662,69.11242761599,
    12.594350489729));
#1314 = CARTESIAN_POINT('',(-79.71256028553,69.414926071676,
    12.924852001648));
#1315 = CARTESIAN_POINT('',(-79.57018784379,69.578433659196,
    13.066788483575));
#1316 = CARTESIAN_POINT('',(-79.40858959282,69.76319275046,
    13.185877935618));
#1317 = CARTESIAN_POINT('',(-79.23144916355,69.964591954191,
    13.272991464502));
#1318 = CARTESIAN_POINT('',(-79.04395048569,70.176371480579,
    13.32201434403));
#1319 = CARTESIAN_POINT('',(-78.85216679505,70.391519367045,
    13.329997273409));
#1320 = CARTESIAN_POINT('',(-78.66246602488,70.602974611259,
    13.297298564122));
#1321 = CARTESIAN_POINT('',(-78.29332659948,71.01213487403,
    13.155995015262));
#1322 = CARTESIAN_POINT('',(-78.12074574286,71.202162606484,
    13.047464059764));
#1323 = CARTESIAN_POINT('',(-77.96515907416,71.372455651621,
    12.909716928486));
#1324 = CARTESIAN_POINT('',(-77.82766952084,71.522187233116,
    12.749119825762));
#1325 = CARTESIAN_POINT('',(-77.70872429662,71.651203616206,
    12.571210013301));
#1326 = CARTESIAN_POINT('',(-77.60828829395,71.759805410995,
    12.380852393708));
#1327 = CARTESIAN_POINT('',(-77.52592149344,71.848664809644,
    12.182301659951));
#1328 = CARTESIAN_POINT('',(-77.38021749139,72.005596968365,
    11.727536838112));
#1329 = CARTESIAN_POINT('',(-77.32533111887,72.064489655769,
    11.46621827711));
#1330 = CARTESIAN_POINT('',(-77.29497481821,72.096989354434,11.199633214
    ));
#1331 = CARTESIAN_POINT('',(-77.28846920876,72.103945107372,
    10.930789573263));
#1332 = CARTESIAN_POINT('',(-77.30568273483,72.085525980929,
    10.662362615975));
#1333 = CARTESIAN_POINT('',(-77.34699249515,72.041272128766,
    10.397189052918));
#1334 = CARTESIAN_POINT('',(-77.41321857016,71.970146733739,
    10.138734138233));
#1335 = CARTESIAN_POINT('',(-77.57412273533,71.796627074742,
    9.708590704401));
#1336 = CARTESIAN_POINT('',(-77.65775283783,71.706278193548,
    9.529980038817));
#1337 = CARTESIAN_POINT('',(-77.75695803432,71.598846550803,
    9.359462716141));
#1338 = CARTESIAN_POINT('',(-77.87196302776,71.473918107343,
    9.200730728783));
#1339 = CARTESIAN_POINT('',(-78.00264798155,71.331403391869,
    9.057855861586));
#1340 = CARTESIAN_POINT('',(-78.14849048723,71.171605611262,
    8.935338564433));
#1341 = CARTESIAN_POINT('',(-78.30844861875,70.995373377014,
    8.838216399609));
#1342 = CARTESIAN_POINT('',(-78.64854805787,70.618401516784,
    8.708029119666));
#1343 = CARTESIAN_POINT('',(-78.82381850724,70.423115760247,
    8.674973667977));
#1344 = CARTESIAN_POINT('',(-79.00167024509,70.223789195727,
    8.676667309532));
#1345 = CARTESIAN_POINT('',(-79.17679772226,70.026279630843,
    8.713858129449));
#1346 = CARTESIAN_POINT('',(-79.344027703,69.83652434719,8.784569253028)
  );
#1347 = CARTESIAN_POINT('',(-79.49883751144,69.659914334043,
    8.884206220778));
#1348 = CARTESIAN_POINT('',(-79.63778162162,69.500703056597,
    9.00564314102));
#1349 = CARTESIAN_POINT('',(-79.92072182621,69.17535067602,
    9.318149288856));
#1350 = CARTESIAN_POINT('',(-80.05629208631,69.018454789934,
    9.525290717745));
#1351 = CARTESIAN_POINT('',(-80.16646798351,68.8903187487,9.751509401721
    ));
#1352 = CARTESIAN_POINT('',(-80.2526874487,68.789696687451,
    9.990539362557));
#1353 = CARTESIAN_POINT('',(-80.31629742778,68.71529567205,
    10.237861893711));
#1354 = CARTESIAN_POINT('',(-80.35833205653,68.666072421837,
    10.490158078972));
#1355 = CARTESIAN_POINT('',(-80.37938824223,68.641415674536,
    10.744949468118));
#1356 = CARTESIAN_POINT('',(-80.37938824223,68.641415674536,11.));
#1357 = PCURVE('',#182,#1358);
#1358 = DEFINITIONAL_REPRESENTATION('',(#1359),#1411);
#1359 = B_SPLINE_CURVE_WITH_KNOTS('',8,(#1360,#1361,#1362,#1363,#1364,
    #1365,#1366,#1367,#1368,#1369,#1370,#1371,#1372,#1373,#1374,#1375,
    #1376,#1377,#1378,#1379,#1380,#1381,#1382,#1383,#1384,#1385,#1386,
    #1387,#1388,#1389,#1390,#1391,#1392,#1393,#1394,#1395,#1396,#1397,
    #1398,#1399,#1400,#1401,#1402,#1403,#1404,#1405,#1406,#1407,#1408,
    #1409,#1410),.UNSPECIFIED.,.T.,.F.,(9,7,7,7,7,7,7,9),(0.,
    0.153446298242,0.285183841345,0.42106715315,0.589578533241,
    0.714801285998,0.836743260524,1.),.UNSPECIFIED.);
#1360 = CARTESIAN_POINT('',(-2.434799536937,-9.));
#1361 = CARTESIAN_POINT('',(-2.434799536937,-9.238209810435));
#1362 = CARTESIAN_POINT('',(-2.434531955635,-9.477637305687));
#1363 = CARTESIAN_POINT('',(-2.433992024136,-9.715870440475));
#1364 = CARTESIAN_POINT('',(-2.433171694852,-9.95024776827));
#1365 = CARTESIAN_POINT('',(-2.432061059776,-10.17757551641));
#1366 = CARTESIAN_POINT('',(-2.43064934906,-10.39393168538));
#1367 = CARTESIAN_POINT('',(-2.428926706515,-10.59435048972));
#1368 = CARTESIAN_POINT('',(-2.42513760467,-10.92485200164));
#1369 = CARTESIAN_POINT('',(-2.423086467251,-11.06678848357));
#1370 = CARTESIAN_POINT('',(-2.420764257526,-11.18587793561));
#1371 = CARTESIAN_POINT('',(-2.418226747354,-11.2729914645));
#1372 = CARTESIAN_POINT('',(-2.415550771042,-11.32201434403));
#1373 = CARTESIAN_POINT('',(-2.412824039201,-11.3299972734));
#1374 = CARTESIAN_POINT('',(-2.410136472368,-11.29729856412));
#1375 = CARTESIAN_POINT('',(-2.404922961615,-11.15599501526));
#1376 = CARTESIAN_POINT('',(-2.402494407096,-11.04746405976));
#1377 = CARTESIAN_POINT('',(-2.400312148435,-10.90971692848));
#1378 = CARTESIAN_POINT('',(-2.398388975047,-10.74911982576));
#1379 = CARTESIAN_POINT('',(-2.396728809778,-10.5712100133));
#1380 = CARTESIAN_POINT('',(-2.395329333931,-10.3808523937));
#1381 = CARTESIAN_POINT('',(-2.394183050298,-10.18230165995));
#1382 = CARTESIAN_POINT('',(-2.39215709653,-9.727536838112));
#1383 = CARTESIAN_POINT('',(-2.391395472457,-9.46621827711));
#1384 = CARTESIAN_POINT('',(-2.390974736888,-9.199633214));
#1385 = CARTESIAN_POINT('',(-2.390884633056,-8.930789573263));
#1386 = CARTESIAN_POINT('',(-2.391123143483,-8.662362615975));
#1387 = CARTESIAN_POINT('',(-2.391695881523,-8.397189052918));
#1388 = CARTESIAN_POINT('',(-2.392615311247,-8.138734138233));
#1389 = CARTESIAN_POINT('',(-2.394854114921,-7.708590704401));
#1390 = CARTESIAN_POINT('',(-2.396018858288,-7.529980038817));
#1391 = CARTESIAN_POINT('',(-2.397402300743,-7.359462716141));
#1392 = CARTESIAN_POINT('',(-2.399008764148,-7.200730728783));
#1393 = CARTESIAN_POINT('',(-2.400838106622,-7.057855861586));
#1394 = CARTESIAN_POINT('',(-2.402884882758,-6.935338564433));
#1395 = CARTESIAN_POINT('',(-2.405136536228,-6.838216399609));
#1396 = CARTESIAN_POINT('',(-2.409939903089,-6.708029119666));
#1397 = CARTESIAN_POINT('',(-2.412422437539,-6.674973667977));
#1398 = CARTESIAN_POINT('',(-2.414949734904,-6.676667309533));
#1399 = CARTESIAN_POINT('',(-2.417447053784,-6.713858129449));
#1400 = CARTESIAN_POINT('',(-2.419839927388,-6.784569253028));
#1401 = CARTESIAN_POINT('',(-2.422061826455,-6.884206220778));
#1402 = CARTESIAN_POINT('',(-2.424061011726,-7.00564314102));
#1403 = CARTESIAN_POINT('',(-2.428140217434,-7.318149288856));
#1404 = CARTESIAN_POINT('',(-2.430101927852,-7.525290717745));
#1405 = CARTESIAN_POINT('',(-2.431700690942,-7.751509401721));
#1406 = CARTESIAN_POINT('',(-2.432954320808,-7.990539362557));
#1407 = CARTESIAN_POINT('',(-2.433880397899,-8.237861893711));
#1408 = CARTESIAN_POINT('',(-2.434492781618,-8.490158078972));
#1409 = CARTESIAN_POINT('',(-2.434799536937,-8.744949468118));
#1410 = CARTESIAN_POINT('',(-2.434799536937,-9.));
#1411 = ( GEOMETRIC_REPRESENTATION_CONTEXT(2) 
PARAMETRIC_REPRESENTATION_CONTEXT() REPRESENTATION_CONTEXT('2D SPACE',''
  ) );
#1412 = PCURVE('',#1413,#1418);
#1413 = CYLINDRICAL_SURFACE('',#1414,2.3);
#1414 = AXIS2_PLACEMENT_3D('',#1415,#1416,#1417);
#1415 = CARTESIAN_POINT('',(-77.14534982745,68.660068453214,11.));
#1416 = DIRECTION('',(0.707106781187,-0.707106781187,-0.));
#1417 = DIRECTION('',(-0.707106781187,-0.707106781187,0.));
#1418 = DEFINITIONAL_REPRESENTATION('',(#1419),#1471);
#1419 = B_SPLINE_CURVE_WITH_KNOTS('',8,(#1420,#1421,#1422,#1423,#1424,
    #1425,#1426,#1427,#1428,#1429,#1430,#1431,#1432,#1433,#1434,#1435,
    #1436,#1437,#1438,#1439,#1440,#1441,#1442,#1443,#1444,#1445,#1446,
    #1447,#1448,#1449,#1450,#1451,#1452,#1453,#1454,#1455,#1456,#1457,
    #1458,#1459,#1460,#1461,#1462,#1463,#1464,#1465,#1466,#1467,#1468,
    #1469,#1470),.UNSPECIFIED.,.F.,.F.,(9,7,7,7,7,7,7,9),(0.,
    0.153446298242,0.285183841345,0.42106715315,0.589578533241,
    0.714801285998,0.836743260524,1.),.UNSPECIFIED.);
#1420 = CARTESIAN_POINT('',(0.,-2.273620987418));
#1421 = CARTESIAN_POINT('',(-0.103569482798,-2.273620987418));
#1422 = CARTESIAN_POINT('',(-0.207667942341,-2.275841872618));
#1423 = CARTESIAN_POINT('',(-0.312942163678,-2.280323460218));
#1424 = CARTESIAN_POINT('',(-0.419994161153,-2.287089697901));
#1425 = CARTESIAN_POINT('',(-0.529446054836,-2.296135325322));
#1426 = CARTESIAN_POINT('',(-0.641969680223,-2.307404858519));
#1427 = CARTESIAN_POINT('',(-0.758349319534,-2.320767145268));
#1428 = CARTESIAN_POINT('',(-0.983782174024,-2.34905686449));
#1429 = CARTESIAN_POINT('',(-1.095577106131,-2.364001669389));
#1430 = CARTESIAN_POINT('',(-1.212347999292,-2.380378856623));
#1431 = CARTESIAN_POINT('',(-1.332391463856,-2.397532400543));
#1432 = CARTESIAN_POINT('',(-1.454474090208,-2.414701553191));
#1433 = CARTESIAN_POINT('',(-1.577525594063,-2.431222534498));
#1434 = CARTESIAN_POINT('',(-1.700517260114,-2.446605270616));
#1435 = CARTESIAN_POINT('',(-1.94755716307,-2.47490427611));
#1436 = CARTESIAN_POINT('',(-2.067270268752,-2.48724108032));
#1437 = CARTESIAN_POINT('',(-2.182207791759,-2.497640058825));
#1438 = CARTESIAN_POINT('',(-2.292979305805,-2.506296479964));
#1439 = CARTESIAN_POINT('',(-2.400029944623,-2.513417864697));
#1440 = CARTESIAN_POINT('',(-2.503697293829,-2.519191951677));
#1441 = CARTESIAN_POINT('',(-2.604220754728,-2.523782911849));
#1442 = CARTESIAN_POINT('',(-2.822741890942,-2.531722417574));
#1443 = CARTESIAN_POINT('',(-2.940439404936,-2.534555309996));
#1444 = CARTESIAN_POINT('',(-3.056238918158,-2.536070921254));
#1445 = CARTESIAN_POINT('',(-3.171248890748,-2.53638922077));
#1446 = CARTESIAN_POINT('',(-3.286497460653,-2.53553673257));
#1447 = CARTESIAN_POINT('',(-3.402997590459,-2.533454945264));
#1448 = CARTESIAN_POINT('',(-3.52181288034,-2.529990602855));
#1449 = CARTESIAN_POINT('',(-3.735230041858,-2.521070101623));
#1450 = CARTESIAN_POINT('',(-3.829048705086,-2.516319207649));
#1451 = CARTESIAN_POINT('',(-3.92577033724,-2.510502231717));
#1452 = CARTESIAN_POINT('',(-4.025525279699,-2.503485292912));
#1453 = CARTESIAN_POINT('',(-4.128540812861,-2.495120388208));
#1454 = CARTESIAN_POINT('',(-4.235136022682,-2.485252518677));
#1455 = CARTESIAN_POINT('',(-4.345748282776,-2.473744990277));
#1456 = CARTESIAN_POINT('',(-4.573353698654,-2.447672251269));
#1457 = CARTESIAN_POINT('',(-4.687271218679,-2.433519291845));
#1458 = CARTESIAN_POINT('',(-4.801563377866,-2.418334296281));
#1459 = CARTESIAN_POINT('',(-4.915238214614,-2.402507770282));
#1460 = CARTESIAN_POINT('',(-5.027315631159,-2.386579975845));
#1461 = CARTESIAN_POINT('',(-5.136677975977,-2.371164903266));
#1462 = CARTESIAN_POINT('',(-5.24187093224,-2.356833851856));
#1463 = CARTESIAN_POINT('',(-5.473030590737,-2.326843914611));
#1464 = CARTESIAN_POINT('',(-5.598711678959,-2.311764419866));
#1465 = CARTESIAN_POINT('',(-5.719321274941,-2.299064680225));
#1466 = CARTESIAN_POINT('',(-5.83599727386,-2.288880506888));
#1467 = CARTESIAN_POINT('',(-5.949740776416,-2.28125009193));
#1468 = CARTESIAN_POINT('',(-6.061515741971,-2.276166968946));
#1469 = CARTESIAN_POINT('',(-6.172293771579,-2.273620987418));
#1470 = CARTESIAN_POINT('',(-6.28318530718,-2.273620987418));
#1471 = ( GEOMETRIC_REPRESENTATION_CONTEXT(2) 
PARAMETRIC_REPRESENTATION_CONTEXT() REPRESENTATION_CONTEXT('2D SPACE',''
  ) );
#1472 = FACE_BOUND('',#1473,.F.);
#1473 = EDGE_LOOP('',(#1474));
#1474 = ORIENTED_EDGE('',*,*,#1475,.T.);
#1475 = EDGE_CURVE('',#1476,#1476,#1478,.T.);
#1476 = VERTEX_POINT('',#1477);
#1477 = CARTESIAN_POINT('',(-68.64141567453,-80.37938824223,11.));
#1478 = SURFACE_CURVE('',#1479,(#1531,#1586),.PCURVE_S1.);
#1479 = B_SPLINE_CURVE_WITH_KNOTS('',8,(#1480,#1481,#1482,#1483,#1484,
    #1485,#1486,#1487,#1488,#1489,#1490,#1491,#1492,#1493,#1494,#1495,
    #1496,#1497,#1498,#1499,#1500,#1501,#1502,#1503,#1504,#1505,#1506,
    #1507,#1508,#1509,#1510,#1511,#1512,#1513,#1514,#1515,#1516,#1517,
    #1518,#1519,#1520,#1521,#1522,#1523,#1524,#1525,#1526,#1527,#1528,
    #1529,#1530),.UNSPECIFIED.,.T.,.F.,(9,7,7,7,7,7,7,9),(0.,
    0.153446298203,0.285183841272,0.421067153043,0.58957853309,
    0.714801285866,0.836743260448,1.),.UNSPECIFIED.);
#1480 = CARTESIAN_POINT('',(-68.64141567453,-80.37938824223,11.));
#1481 = CARTESIAN_POINT('',(-68.64141567453,-80.37938824223,
    11.238209810436));
#1482 = CARTESIAN_POINT('',(-68.66292366961,-80.36102105312,
    11.47763730569));
#1483 = CARTESIAN_POINT('',(-68.70632313644,-80.32395950825,
    11.715870440476));
#1484 = CARTESIAN_POINT('',(-68.77223301894,-80.26761853085,
    11.95024776827));
#1485 = CARTESIAN_POINT('',(-68.8613927234,-80.19125127538,
    12.177575516417));
#1486 = CARTESIAN_POINT('',(-68.97457337475,-80.09400815071,
    12.393931685385));
#1487 = CARTESIAN_POINT('',(-69.11242761598,-79.97505103662,
    12.594350489727));
#1488 = CARTESIAN_POINT('',(-69.41492607167,-79.71256028553,
    12.924852001649));
#1489 = CARTESIAN_POINT('',(-69.57843365919,-79.57018784379,
    13.066788483573));
#1490 = CARTESIAN_POINT('',(-69.76319275046,-79.40858959282,
    13.185877935621));
#1491 = CARTESIAN_POINT('',(-69.96459195418,-79.23144916355,
    13.272991464499));
#1492 = CARTESIAN_POINT('',(-70.17637148058,-79.04395048569,
    13.322014344032));
#1493 = CARTESIAN_POINT('',(-70.39151936704,-78.85216679505,
    13.329997273408));
#1494 = CARTESIAN_POINT('',(-70.60297461125,-78.66246602488,
    13.297298564122));
#1495 = CARTESIAN_POINT('',(-71.01213487403,-78.29332659948,
    13.155995015262));
#1496 = CARTESIAN_POINT('',(-71.20216260648,-78.12074574286,
    13.047464059764));
#1497 = CARTESIAN_POINT('',(-71.37245565162,-77.96515907416,
    12.909716928486));
#1498 = CARTESIAN_POINT('',(-71.52218723311,-77.82766952084,
    12.749119825762));
#1499 = CARTESIAN_POINT('',(-71.6512036162,-77.70872429662,
    12.571210013301));
#1500 = CARTESIAN_POINT('',(-71.75980541099,-77.60828829395,
    12.380852393708));
#1501 = CARTESIAN_POINT('',(-71.84866480964,-77.52592149344,
    12.182301659951));
#1502 = CARTESIAN_POINT('',(-72.00559696836,-77.38021749139,
    11.727536838112));
#1503 = CARTESIAN_POINT('',(-72.06448965576,-77.32533111887,
    11.466218277111));
#1504 = CARTESIAN_POINT('',(-72.09698935443,-77.29497481821,
    11.199633214001));
#1505 = CARTESIAN_POINT('',(-72.10394510737,-77.28846920876,
    10.930789573263));
#1506 = CARTESIAN_POINT('',(-72.08552598092,-77.30568273483,
    10.662362615974));
#1507 = CARTESIAN_POINT('',(-72.04127212876,-77.34699249515,
    10.397189052918));
#1508 = CARTESIAN_POINT('',(-71.97014673373,-77.41321857016,
    10.138734138233));
#1509 = CARTESIAN_POINT('',(-71.79662707471,-77.57412273536,
    9.708590704326));
#1510 = CARTESIAN_POINT('',(-71.70627819352,-77.65775283785,
    9.529980038806));
#1511 = CARTESIAN_POINT('',(-71.59884655082,-77.7569580343,
    9.359462716187));
#1512 = CARTESIAN_POINT('',(-71.47391810738,-77.87196302772,
    9.200730728831));
#1513 = CARTESIAN_POINT('',(-71.33140339189,-78.00264798152,
    9.057855861592));
#1514 = CARTESIAN_POINT('',(-71.17160561124,-78.14849048725,
    8.935338564403));
#1515 = CARTESIAN_POINT('',(-70.99537337695,-78.3084486188,
    8.838216399589));
#1516 = CARTESIAN_POINT('',(-70.61840151678,-78.64854805787,
    8.708029119666));
#1517 = CARTESIAN_POINT('',(-70.42311576024,-78.82381850724,
    8.674973667977));
#1518 = CARTESIAN_POINT('',(-70.22378919572,-79.00167024509,
    8.676667309532));
#1519 = CARTESIAN_POINT('',(-70.02627963084,-79.17679772226,
    8.713858129449));
#1520 = CARTESIAN_POINT('',(-69.83652434719,-79.344027703,8.784569253029
    ));
#1521 = CARTESIAN_POINT('',(-69.65991433404,-79.49883751144,
    8.884206220777));
#1522 = CARTESIAN_POINT('',(-69.50070305659,-79.63778162162,
    9.00564314102));
#1523 = CARTESIAN_POINT('',(-69.17535067602,-79.92072182621,
    9.318149288856));
#1524 = CARTESIAN_POINT('',(-69.01845478993,-80.05629208631,
    9.525290717743));
#1525 = CARTESIAN_POINT('',(-68.89031874869,-80.16646798351,
    9.751509401723));
#1526 = CARTESIAN_POINT('',(-68.78969668745,-80.2526874487,
    9.990539362557));
#1527 = CARTESIAN_POINT('',(-68.71529567205,-80.31629742778,
    10.237861893709));
#1528 = CARTESIAN_POINT('',(-68.66607242183,-80.35833205653,
    10.490158078973));
#1529 = CARTESIAN_POINT('',(-68.64141567453,-80.37938824223,
    10.744949468118));
#1530 = CARTESIAN_POINT('',(-68.64141567453,-80.37938824223,11.));
#1531 = PCURVE('',#182,#1532);
#1532 = DEFINITIONAL_REPRESENTATION('',(#1533),#1585);
#1533 = B_SPLINE_CURVE_WITH_KNOTS('',8,(#1534,#1535,#1536,#1537,#1538,
    #1539,#1540,#1541,#1542,#1543,#1544,#1545,#1546,#1547,#1548,#1549,
    #1550,#1551,#1552,#1553,#1554,#1555,#1556,#1557,#1558,#1559,#1560,
    #1561,#1562,#1563,#1564,#1565,#1566,#1567,#1568,#1569,#1570,#1571,
    #1572,#1573,#1574,#1575,#1576,#1577,#1578,#1579,#1580,#1581,#1582,
    #1583,#1584),.UNSPECIFIED.,.T.,.F.,(9,7,7,7,7,7,7,9),(0.,
    0.153446298203,0.285183841272,0.421067153043,0.58957853309,
    0.714801285866,0.836743260448,1.),.UNSPECIFIED.);
#1534 = CARTESIAN_POINT('',(-4.005595863731,-9.));
#1535 = CARTESIAN_POINT('',(-4.005595863731,-9.238209810436));
#1536 = CARTESIAN_POINT('',(-4.00532828243,-9.47763730569));
#1537 = CARTESIAN_POINT('',(-4.004788350931,-9.715870440476));
#1538 = CARTESIAN_POINT('',(-4.003968021647,-9.95024776827));
#1539 = CARTESIAN_POINT('',(-4.002857386571,-10.17757551641));
#1540 = CARTESIAN_POINT('',(-4.001445675855,-10.39393168538));
#1541 = CARTESIAN_POINT('',(-3.999723033309,-10.59435048972));
#1542 = CARTESIAN_POINT('',(-3.995933931465,-10.92485200164));
#1543 = CARTESIAN_POINT('',(-3.993882794046,-11.06678848357));
#1544 = CARTESIAN_POINT('',(-3.991560584321,-11.18587793561));
#1545 = CARTESIAN_POINT('',(-3.989023074149,-11.2729914645));
#1546 = CARTESIAN_POINT('',(-3.986347097837,-11.32201434403));
#1547 = CARTESIAN_POINT('',(-3.983620365996,-11.3299972734));
#1548 = CARTESIAN_POINT('',(-3.980932799162,-11.29729856412));
#1549 = CARTESIAN_POINT('',(-3.97571928841,-11.15599501526));
#1550 = CARTESIAN_POINT('',(-3.973290733891,-11.04746405976));
#1551 = CARTESIAN_POINT('',(-3.97110847523,-10.90971692848));
#1552 = CARTESIAN_POINT('',(-3.969185301842,-10.74911982576));
#1553 = CARTESIAN_POINT('',(-3.967525136573,-10.5712100133));
#1554 = CARTESIAN_POINT('',(-3.966125660726,-10.3808523937));
#1555 = CARTESIAN_POINT('',(-3.964979377093,-10.18230165995));
#1556 = CARTESIAN_POINT('',(-3.962953423325,-9.727536838112));
#1557 = CARTESIAN_POINT('',(-3.962191799252,-9.466218277111));
#1558 = CARTESIAN_POINT('',(-3.961771063683,-9.199633214));
#1559 = CARTESIAN_POINT('',(-3.96168095985,-8.930789573263));
#1560 = CARTESIAN_POINT('',(-3.961919470278,-8.662362615975));
#1561 = CARTESIAN_POINT('',(-3.962492208318,-8.397189052918));
#1562 = CARTESIAN_POINT('',(-3.963411638041,-8.138734138233));
#1563 = CARTESIAN_POINT('',(-3.965650441716,-7.708590704326));
#1564 = CARTESIAN_POINT('',(-3.966815185083,-7.529980038806));
#1565 = CARTESIAN_POINT('',(-3.968198627538,-7.359462716187));
#1566 = CARTESIAN_POINT('',(-3.969805090942,-7.200730728831));
#1567 = CARTESIAN_POINT('',(-3.971634433417,-7.057855861592));
#1568 = CARTESIAN_POINT('',(-3.973681209554,-6.935338564403));
#1569 = CARTESIAN_POINT('',(-3.975932863024,-6.838216399589));
#1570 = CARTESIAN_POINT('',(-3.980736229884,-6.708029119666));
#1571 = CARTESIAN_POINT('',(-3.983218764333,-6.674973667977));
#1572 = CARTESIAN_POINT('',(-3.985746061699,-6.676667309532));
#1573 = CARTESIAN_POINT('',(-3.988243380579,-6.713858129449));
#1574 = CARTESIAN_POINT('',(-3.990636254183,-6.784569253029));
#1575 = CARTESIAN_POINT('',(-3.99285815325,-6.884206220777));
#1576 = CARTESIAN_POINT('',(-3.994857338521,-7.00564314102));
#1577 = CARTESIAN_POINT('',(-3.998936544229,-7.318149288856));
#1578 = CARTESIAN_POINT('',(-4.000898254647,-7.525290717743));
#1579 = CARTESIAN_POINT('',(-4.002497017737,-7.751509401723));
#1580 = CARTESIAN_POINT('',(-4.003750647603,-7.990539362557));
#1581 = CARTESIAN_POINT('',(-4.004676724694,-8.237861893709));
#1582 = CARTESIAN_POINT('',(-4.005289108413,-8.490158078973));
#1583 = CARTESIAN_POINT('',(-4.005595863731,-8.744949468118));
#1584 = CARTESIAN_POINT('',(-4.005595863731,-9.));
#1585 = ( GEOMETRIC_REPRESENTATION_CONTEXT(2) 
PARAMETRIC_REPRESENTATION_CONTEXT() REPRESENTATION_CONTEXT('2D SPACE',''
  ) );
#1586 = PCURVE('',#1587,#1592);
#1587 = CYLINDRICAL_SURFACE('',#1588,2.3);
#1588 = AXIS2_PLACEMENT_3D('',#1589,#1590,#1591);
#1589 = CARTESIAN_POINT('',(-68.66006845321,-77.14534982745,11.));
#1590 = DIRECTION('',(0.707106781187,0.707106781187,-0.));
#1591 = DIRECTION('',(0.707106781187,-0.707106781187,0.));
#1592 = DEFINITIONAL_REPRESENTATION('',(#1593),#1645);
#1593 = B_SPLINE_CURVE_WITH_KNOTS('',8,(#1594,#1595,#1596,#1597,#1598,
    #1599,#1600,#1601,#1602,#1603,#1604,#1605,#1606,#1607,#1608,#1609,
    #1610,#1611,#1612,#1613,#1614,#1615,#1616,#1617,#1618,#1619,#1620,
    #1621,#1622,#1623,#1624,#1625,#1626,#1627,#1628,#1629,#1630,#1631,
    #1632,#1633,#1634,#1635,#1636,#1637,#1638,#1639,#1640,#1641,#1642,
    #1643,#1644),.UNSPECIFIED.,.F.,.F.,(9,7,7,7,7,7,7,9),(0.,
    0.153446298203,0.285183841272,0.421067153043,0.58957853309,
    0.714801285866,0.836743260448,1.),.UNSPECIFIED.);
#1594 = CARTESIAN_POINT('',(0.,-2.273620987418));
#1595 = CARTESIAN_POINT('',(-0.103569482798,-2.273620987418));
#1596 = CARTESIAN_POINT('',(-0.207667942342,-2.275841872618));
#1597 = CARTESIAN_POINT('',(-0.312942163679,-2.280323460218));
#1598 = CARTESIAN_POINT('',(-0.419994161153,-2.287089697901));
#1599 = CARTESIAN_POINT('',(-0.529446054836,-2.296135325322));
#1600 = CARTESIAN_POINT('',(-0.641969680222,-2.307404858518));
#1601 = CARTESIAN_POINT('',(-0.758349319533,-2.320767145268));
#1602 = CARTESIAN_POINT('',(-0.983782174025,-2.34905686449));
#1603 = CARTESIAN_POINT('',(-1.095577106129,-2.364001669389));
#1604 = CARTESIAN_POINT('',(-1.212347999294,-2.380378856623));
#1605 = CARTESIAN_POINT('',(-1.332391463853,-2.397532400543));
#1606 = CARTESIAN_POINT('',(-1.45447409021,-2.414701553191));
#1607 = CARTESIAN_POINT('',(-1.577525594062,-2.431222534498));
#1608 = CARTESIAN_POINT('',(-1.700517260114,-2.446605270616));
#1609 = CARTESIAN_POINT('',(-1.94755716307,-2.47490427611));
#1610 = CARTESIAN_POINT('',(-2.067270268752,-2.48724108032));
#1611 = CARTESIAN_POINT('',(-2.182207791759,-2.497640058825));
#1612 = CARTESIAN_POINT('',(-2.292979305805,-2.506296479964));
#1613 = CARTESIAN_POINT('',(-2.400029944623,-2.513417864696));
#1614 = CARTESIAN_POINT('',(-2.503697293829,-2.519191951677));
#1615 = CARTESIAN_POINT('',(-2.604220754728,-2.523782911849));
#1616 = CARTESIAN_POINT('',(-2.822741890942,-2.531722417574));
#1617 = CARTESIAN_POINT('',(-2.940439404936,-2.534555309996));
#1618 = CARTESIAN_POINT('',(-3.056238918158,-2.536070921254));
#1619 = CARTESIAN_POINT('',(-3.171248890748,-2.53638922077));
#1620 = CARTESIAN_POINT('',(-3.286497460653,-2.53553673257));
#1621 = CARTESIAN_POINT('',(-3.402997590459,-2.533454945264));
#1622 = CARTESIAN_POINT('',(-3.52181288034,-2.529990602855));
#1623 = CARTESIAN_POINT('',(-3.735230041895,-2.521070101621));
#1624 = CARTESIAN_POINT('',(-3.829048705096,-2.516319207648));
#1625 = CARTESIAN_POINT('',(-3.925770337218,-2.510502231718));
#1626 = CARTESIAN_POINT('',(-4.025525279668,-2.503485292915));
#1627 = CARTESIAN_POINT('',(-4.128540812845,-2.495120388211));
#1628 = CARTESIAN_POINT('',(-4.235136022697,-2.485252518676));
#1629 = CARTESIAN_POINT('',(-4.345748282812,-2.473744990273));
#1630 = CARTESIAN_POINT('',(-4.573353698654,-2.447672251269));
#1631 = CARTESIAN_POINT('',(-4.687271218679,-2.433519291845));
#1632 = CARTESIAN_POINT('',(-4.801563377866,-2.418334296281));
#1633 = CARTESIAN_POINT('',(-4.915238214614,-2.402507770282));
#1634 = CARTESIAN_POINT('',(-5.027315631159,-2.386579975845));
#1635 = CARTESIAN_POINT('',(-5.136677975977,-2.371164903266));
#1636 = CARTESIAN_POINT('',(-5.24187093224,-2.356833851856));
#1637 = CARTESIAN_POINT('',(-5.473030590737,-2.326843914611));
#1638 = CARTESIAN_POINT('',(-5.598711678958,-2.311764419866));
#1639 = CARTESIAN_POINT('',(-5.719321274943,-2.299064680225));
#1640 = CARTESIAN_POINT('',(-5.83599727386,-2.288880506888));
#1641 = CARTESIAN_POINT('',(-5.949740776415,-2.28125009193));
#1642 = CARTESIAN_POINT('',(-6.061515741972,-2.276166968946));
#1643 = CARTESIAN_POINT('',(-6.172293771579,-2.273620987418));
#1644 = CARTESIAN_POINT('',(-6.28318530718,-2.273620987418));
#1645 = ( GEOMETRIC_REPRESENTATION_CONTEXT(2) 
PARAMETRIC_REPRESENTATION_CONTEXT() REPRESENTATION_CONTEXT('2D SPACE',''
  ) );
#1646 = ADVANCED_FACE('',(#1647),#221,.F.);
#1647 = FACE_BOUND('',#1648,.T.);
#1648 = EDGE_LOOP('',(#1649,#1650,#1673,#1704));
#1649 = ORIENTED_EDGE('',*,*,#200,.T.);
#1650 = ORIENTED_EDGE('',*,*,#1651,.T.);
#1651 = EDGE_CURVE('',#201,#1652,#1654,.T.);
#1652 = VERTEX_POINT('',#1653);
#1653 = CARTESIAN_POINT('',(-12.5,-84.,8.));
#1654 = SEAM_CURVE('',#1655,(#1659,#1666),.PCURVE_S1.);
#1655 = LINE('',#1656,#1657);
#1656 = CARTESIAN_POINT('',(-12.5,-84.,-1.));
#1657 = VECTOR('',#1658,1.);
#1658 = DIRECTION('',(0.,0.,1.));
#1659 = PCURVE('',#221,#1660);
#1660 = DEFINITIONAL_REPRESENTATION('',(#1661),#1665);
#1661 = LINE('',#1662,#1663);
#1662 = CARTESIAN_POINT('',(-6.28318530718,0.));
#1663 = VECTOR('',#1664,1.);
#1664 = DIRECTION('',(-0.,-1.));
#1665 = ( GEOMETRIC_REPRESENTATION_CONTEXT(2) 
PARAMETRIC_REPRESENTATION_CONTEXT() REPRESENTATION_CONTEXT('2D SPACE',''
  ) );
#1666 = PCURVE('',#221,#1667);
#1667 = DEFINITIONAL_REPRESENTATION('',(#1668),#1672);
#1668 = LINE('',#1669,#1670);
#1669 = CARTESIAN_POINT('',(-0.,0.));
#1670 = VECTOR('',#1671,1.);
#1671 = DIRECTION('',(-0.,-1.));
#1672 = ( GEOMETRIC_REPRESENTATION_CONTEXT(2) 
PARAMETRIC_REPRESENTATION_CONTEXT() REPRESENTATION_CONTEXT('2D SPACE',''
  ) );
#1673 = ORIENTED_EDGE('',*,*,#1674,.F.);
#1674 = EDGE_CURVE('',#1652,#1652,#1675,.T.);
#1675 = SURFACE_CURVE('',#1676,(#1681,#1688),.PCURVE_S1.);
#1676 = CIRCLE('',#1677,2.);
#1677 = AXIS2_PLACEMENT_3D('',#1678,#1679,#1680);
#1678 = CARTESIAN_POINT('',(-14.5,-84.,8.));
#1679 = DIRECTION('',(0.,0.,-1.));
#1680 = DIRECTION('',(1.,0.,0.));
#1681 = PCURVE('',#221,#1682);
#1682 = DEFINITIONAL_REPRESENTATION('',(#1683),#1687);
#1683 = LINE('',#1684,#1685);
#1684 = CARTESIAN_POINT('',(-6.28318530718,-9.));
#1685 = VECTOR('',#1686,1.);
#1686 = DIRECTION('',(1.,-0.));
#1687 = ( GEOMETRIC_REPRESENTATION_CONTEXT(2) 
PARAMETRIC_REPRESENTATION_CONTEXT() REPRESENTATION_CONTEXT('2D SPACE',''
  ) );
#1688 = PCURVE('',#1689,#1694);
#1689 = PLANE('',#1690);
#1690 = AXIS2_PLACEMENT_3D('',#1691,#1692,#1693);
#1691 = CARTESIAN_POINT('',(-14.5,-84.,8.));
#1692 = DIRECTION('',(0.,0.,1.));
#1693 = DIRECTION('',(1.,0.,-0.));
#1694 = DEFINITIONAL_REPRESENTATION('',(#1695),#1703);
#1695 = ( BOUNDED_CURVE() B_SPLINE_CURVE(2,(#1696,#1697,#1698,#1699,
#1700,#1701,#1702),.UNSPECIFIED.,.T.,.F.) B_SPLINE_CURVE_WITH_KNOTS((1,2
    ,2,2,2,1),(-2.094395102393,0.,2.094395102393,4.188790204786,
6.28318530718,8.377580409573),.UNSPECIFIED.) CURVE() 
GEOMETRIC_REPRESENTATION_ITEM() RATIONAL_B_SPLINE_CURVE((1.,0.5,1.,0.5,
1.,0.5,1.)) REPRESENTATION_ITEM('') );
#1696 = CARTESIAN_POINT('',(2.,0.));
#1697 = CARTESIAN_POINT('',(2.,-3.464101615138));
#1698 = CARTESIAN_POINT('',(-1.,-1.732050807569));
#1699 = CARTESIAN_POINT('',(-4.,-4.898587196589E-16));
#1700 = CARTESIAN_POINT('',(-1.,1.732050807569));
#1701 = CARTESIAN_POINT('',(2.,3.464101615138));
#1702 = CARTESIAN_POINT('',(2.,0.));
#1703 = ( GEOMETRIC_REPRESENTATION_CONTEXT(2) 
PARAMETRIC_REPRESENTATION_CONTEXT() REPRESENTATION_CONTEXT('2D SPACE',''
  ) );
#1704 = ORIENTED_EDGE('',*,*,#1651,.F.);
#1705 = ADVANCED_FACE('',(#1706),#256,.F.);
#1706 = FACE_BOUND('',#1707,.T.);
#1707 = EDGE_LOOP('',(#1708,#1709,#1732,#1759));
#1708 = ORIENTED_EDGE('',*,*,#235,.T.);
#1709 = ORIENTED_EDGE('',*,*,#1710,.T.);
#1710 = EDGE_CURVE('',#236,#1711,#1713,.T.);
#1711 = VERTEX_POINT('',#1712);
#1712 = CARTESIAN_POINT('',(9.313708498985,-84.,2.));
#1713 = SEAM_CURVE('',#1714,(#1718,#1725),.PCURVE_S1.);
#1714 = LINE('',#1715,#1716);
#1715 = CARTESIAN_POINT('',(9.313708498985,-84.,-1.));
#1716 = VECTOR('',#1717,1.);
#1717 = DIRECTION('',(0.,0.,1.));
#1718 = PCURVE('',#256,#1719);
#1719 = DEFINITIONAL_REPRESENTATION('',(#1720),#1724);
#1720 = LINE('',#1721,#1722);
#1721 = CARTESIAN_POINT('',(-6.28318530718,0.));
#1722 = VECTOR('',#1723,1.);
#1723 = DIRECTION('',(-0.,-1.));
#1724 = ( GEOMETRIC_REPRESENTATION_CONTEXT(2) 
PARAMETRIC_REPRESENTATION_CONTEXT() REPRESENTATION_CONTEXT('2D SPACE',''
  ) );
#1725 = PCURVE('',#256,#1726);
#1726 = DEFINITIONAL_REPRESENTATION('',(#1727),#1731);
#1727 = LINE('',#1728,#1729);
#1728 = CARTESIAN_POINT('',(-0.,0.));
#1729 = VECTOR('',#1730,1.);
#1730 = DIRECTION('',(-0.,-1.));
#1731 = ( GEOMETRIC_REPRESENTATION_CONTEXT(2) 
PARAMETRIC_REPRESENTATION_CONTEXT() REPRESENTATION_CONTEXT('2D SPACE',''
  ) );
#1732 = ORIENTED_EDGE('',*,*,#1733,.T.);
#1733 = EDGE_CURVE('',#1711,#1711,#1734,.T.);
#1734 = SURFACE_CURVE('',#1735,(#1740,#1747),.PCURVE_S1.);
#1735 = CIRCLE('',#1736,9.313708498985);
#1736 = AXIS2_PLACEMENT_3D('',#1737,#1738,#1739);
#1737 = CARTESIAN_POINT('',(0.,-84.,2.));
#1738 = DIRECTION('',(0.,0.,1.));
#1739 = DIRECTION('',(1.,0.,0.));
#1740 = PCURVE('',#256,#1741);
#1741 = DEFINITIONAL_REPRESENTATION('',(#1742),#1746);
#1742 = LINE('',#1743,#1744);
#1743 = CARTESIAN_POINT('',(-0.,-3.));
#1744 = VECTOR('',#1745,1.);
#1745 = DIRECTION('',(-1.,0.));
#1746 = ( GEOMETRIC_REPRESENTATION_CONTEXT(2) 
PARAMETRIC_REPRESENTATION_CONTEXT() REPRESENTATION_CONTEXT('2D SPACE',''
  ) );
#1747 = PCURVE('',#1748,#1753);
#1748 = PLANE('',#1749);
#1749 = AXIS2_PLACEMENT_3D('',#1750,#1751,#1752);
#1750 = CARTESIAN_POINT('',(-1.174561246093E-15,-84.,2.));
#1751 = DIRECTION('',(0.,0.,1.));
#1752 = DIRECTION('',(1.,0.,-0.));
#1753 = DEFINITIONAL_REPRESENTATION('',(#1754),#1758);
#1754 = CIRCLE('',#1755,9.313708498985);
#1755 = AXIS2_PLACEMENT_2D('',#1756,#1757);
#1756 = CARTESIAN_POINT('',(1.174561246093E-15,0.));
#1757 = DIRECTION('',(1.,0.));
#1758 = ( GEOMETRIC_REPRESENTATION_CONTEXT(2) 
PARAMETRIC_REPRESENTATION_CONTEXT() REPRESENTATION_CONTEXT('2D SPACE',''
  ) );
#1759 = ORIENTED_EDGE('',*,*,#1710,.F.);
#1760 = ADVANCED_FACE('',(#1761),#291,.F.);
#1761 = FACE_BOUND('',#1762,.T.);
#1762 = EDGE_LOOP('',(#1763,#1764,#1787,#1818));
#1763 = ORIENTED_EDGE('',*,*,#270,.T.);
#1764 = ORIENTED_EDGE('',*,*,#1765,.T.);
#1765 = EDGE_CURVE('',#271,#1766,#1768,.T.);
#1766 = VERTEX_POINT('',#1767);
#1767 = CARTESIAN_POINT('',(16.5,-84.,8.));
#1768 = SEAM_CURVE('',#1769,(#1773,#1780),.PCURVE_S1.);
#1769 = LINE('',#1770,#1771);
#1770 = CARTESIAN_POINT('',(16.5,-84.,-1.));
#1771 = VECTOR('',#1772,1.);
#1772 = DIRECTION('',(0.,0.,1.));
#1773 = PCURVE('',#291,#1774);
#1774 = DEFINITIONAL_REPRESENTATION('',(#1775),#1779);
#1775 = LINE('',#1776,#1777);
#1776 = CARTESIAN_POINT('',(-6.28318530718,0.));
#1777 = VECTOR('',#1778,1.);
#1778 = DIRECTION('',(-0.,-1.));
#1779 = ( GEOMETRIC_REPRESENTATION_CONTEXT(2) 
PARAMETRIC_REPRESENTATION_CONTEXT() REPRESENTATION_CONTEXT('2D SPACE',''
  ) );
#1780 = PCURVE('',#291,#1781);
#1781 = DEFINITIONAL_REPRESENTATION('',(#1782),#1786);
#1782 = LINE('',#1783,#1784);
#1783 = CARTESIAN_POINT('',(-0.,0.));
#1784 = VECTOR('',#1785,1.);
#1785 = DIRECTION('',(-0.,-1.));
#1786 = ( GEOMETRIC_REPRESENTATION_CONTEXT(2) 
PARAMETRIC_REPRESENTATION_CONTEXT() REPRESENTATION_CONTEXT('2D SPACE',''
  ) );
#1787 = ORIENTED_EDGE('',*,*,#1788,.F.);
#1788 = EDGE_CURVE('',#1766,#1766,#1789,.T.);
#1789 = SURFACE_CURVE('',#1790,(#1795,#1802),.PCURVE_S1.);
#1790 = CIRCLE('',#1791,2.);
#1791 = AXIS2_PLACEMENT_3D('',#1792,#1793,#1794);
#1792 = CARTESIAN_POINT('',(14.5,-84.,8.));
#1793 = DIRECTION('',(0.,0.,-1.));
#1794 = DIRECTION('',(1.,0.,0.));
#1795 = PCURVE('',#291,#1796);
#1796 = DEFINITIONAL_REPRESENTATION('',(#1797),#1801);
#1797 = LINE('',#1798,#1799);
#1798 = CARTESIAN_POINT('',(-6.28318530718,-9.));
#1799 = VECTOR('',#1800,1.);
#1800 = DIRECTION('',(1.,-0.));
#1801 = ( GEOMETRIC_REPRESENTATION_CONTEXT(2) 
PARAMETRIC_REPRESENTATION_CONTEXT() REPRESENTATION_CONTEXT('2D SPACE',''
  ) );
#1802 = PCURVE('',#1803,#1808);
#1803 = PLANE('',#1804);
#1804 = AXIS2_PLACEMENT_3D('',#1805,#1806,#1807);
#1805 = CARTESIAN_POINT('',(14.5,-84.,8.));
#1806 = DIRECTION('',(0.,0.,1.));
#1807 = DIRECTION('',(1.,0.,-0.));
#1808 = DEFINITIONAL_REPRESENTATION('',(#1809),#1817);
#1809 = ( BOUNDED_CURVE() B_SPLINE_CURVE(2,(#1810,#1811,#1812,#1813,
#1814,#1815,#1816),.UNSPECIFIED.,.T.,.F.) B_SPLINE_CURVE_WITH_KNOTS((1,2
    ,2,2,2,1),(-2.094395102393,0.,2.094395102393,4.188790204786,
6.28318530718,8.377580409573),.UNSPECIFIED.) CURVE() 
GEOMETRIC_REPRESENTATION_ITEM() RATIONAL_B_SPLINE_CURVE((1.,0.5,1.,0.5,
1.,0.5,1.)) REPRESENTATION_ITEM('') );
#1810 = CARTESIAN_POINT('',(2.,0.));
#1811 = CARTESIAN_POINT('',(2.,-3.464101615138));
#1812 = CARTESIAN_POINT('',(-1.,-1.732050807569));
#1813 = CARTESIAN_POINT('',(-4.,-4.898587196589E-16));
#1814 = CARTESIAN_POINT('',(-1.,1.732050807569));
#1815 = CARTESIAN_POINT('',(2.,3.464101615138));
#1816 = CARTESIAN_POINT('',(2.,0.));
#1817 = ( GEOMETRIC_REPRESENTATION_CONTEXT(2) 
PARAMETRIC_REPRESENTATION_CONTEXT() REPRESENTATION_CONTEXT('2D SPACE',''
  ) );
#1818 = ORIENTED_EDGE('',*,*,#1765,.F.);
#1819 = ADVANCED_FACE('',(#1820),#324,.F.);
#1820 = FACE_BOUND('',#1821,.F.);
#1821 = EDGE_LOOP('',(#1822,#1845,#1846,#1869));
#1822 = ORIENTED_EDGE('',*,*,#1823,.F.);
#1823 = EDGE_CURVE('',#306,#1824,#1826,.T.);
#1824 = VERTEX_POINT('',#1825);
#1825 = CARTESIAN_POINT('',(-88.5,-6.,2.));
#1826 = SURFACE_CURVE('',#1827,(#1831,#1838),.PCURVE_S1.);
#1827 = LINE('',#1828,#1829);
#1828 = CARTESIAN_POINT('',(-88.5,-6.,-1.));
#1829 = VECTOR('',#1830,1.);
#1830 = DIRECTION('',(0.,0.,1.));
#1831 = PCURVE('',#324,#1832);
#1832 = DEFINITIONAL_REPRESENTATION('',(#1833),#1837);
#1833 = LINE('',#1834,#1835);
#1834 = CARTESIAN_POINT('',(0.,0.));
#1835 = VECTOR('',#1836,1.);
#1836 = DIRECTION('',(0.,1.));
#1837 = ( GEOMETRIC_REPRESENTATION_CONTEXT(2) 
PARAMETRIC_REPRESENTATION_CONTEXT() REPRESENTATION_CONTEXT('2D SPACE',''
  ) );
#1838 = PCURVE('',#351,#1839);
#1839 = DEFINITIONAL_REPRESENTATION('',(#1840),#1844);
#1840 = LINE('',#1841,#1842);
#1841 = CARTESIAN_POINT('',(9.,0.));
#1842 = VECTOR('',#1843,1.);
#1843 = DIRECTION('',(0.,-1.));
#1844 = ( GEOMETRIC_REPRESENTATION_CONTEXT(2) 
PARAMETRIC_REPRESENTATION_CONTEXT() REPRESENTATION_CONTEXT('2D SPACE',''
  ) );
#1845 = ORIENTED_EDGE('',*,*,#305,.T.);
#1846 = ORIENTED_EDGE('',*,*,#1847,.T.);
#1847 = EDGE_CURVE('',#308,#1848,#1850,.T.);
#1848 = VERTEX_POINT('',#1849);
#1849 = CARTESIAN_POINT('',(-86.5,-4.,2.));
#1850 = SURFACE_CURVE('',#1851,(#1855,#1862),.PCURVE_S1.);
#1851 = LINE('',#1852,#1853);
#1852 = CARTESIAN_POINT('',(-86.5,-4.,-1.));
#1853 = VECTOR('',#1854,1.);
#1854 = DIRECTION('',(0.,0.,1.));
#1855 = PCURVE('',#324,#1856);
#1856 = DEFINITIONAL_REPRESENTATION('',(#1857),#1861);
#1857 = LINE('',#1858,#1859);
#1858 = CARTESIAN_POINT('',(1.570796326795,0.));
#1859 = VECTOR('',#1860,1.);
#1860 = DIRECTION('',(0.,1.));
#1861 = ( GEOMETRIC_REPRESENTATION_CONTEXT(2) 
PARAMETRIC_REPRESENTATION_CONTEXT() REPRESENTATION_CONTEXT('2D SPACE',''
  ) );
#1862 = PCURVE('',#514,#1863);
#1863 = DEFINITIONAL_REPRESENTATION('',(#1864),#1868);
#1864 = LINE('',#1865,#1866);
#1865 = CARTESIAN_POINT('',(2.,0.));
#1866 = VECTOR('',#1867,1.);
#1867 = DIRECTION('',(0.,-1.));
#1868 = ( GEOMETRIC_REPRESENTATION_CONTEXT(2) 
PARAMETRIC_REPRESENTATION_CONTEXT() REPRESENTATION_CONTEXT('2D SPACE',''
  ) );
#1869 = ORIENTED_EDGE('',*,*,#1870,.F.);
#1870 = EDGE_CURVE('',#1824,#1848,#1871,.T.);
#1871 = SURFACE_CURVE('',#1872,(#1877,#1884),.PCURVE_S1.);
#1872 = CIRCLE('',#1873,2.);
#1873 = AXIS2_PLACEMENT_3D('',#1874,#1875,#1876);
#1874 = CARTESIAN_POINT('',(-88.5,-4.,2.));
#1875 = DIRECTION('',(0.,0.,1.));
#1876 = DIRECTION('',(0.,-1.,0.));
#1877 = PCURVE('',#324,#1878);
#1878 = DEFINITIONAL_REPRESENTATION('',(#1879),#1883);
#1879 = LINE('',#1880,#1881);
#1880 = CARTESIAN_POINT('',(0.,3.));
#1881 = VECTOR('',#1882,1.);
#1882 = DIRECTION('',(1.,0.));
#1883 = ( GEOMETRIC_REPRESENTATION_CONTEXT(2) 
PARAMETRIC_REPRESENTATION_CONTEXT() REPRESENTATION_CONTEXT('2D SPACE',''
  ) );
#1884 = PCURVE('',#1885,#1890);
#1885 = PLANE('',#1886);
#1886 = AXIS2_PLACEMENT_3D('',#1887,#1888,#1889);
#1887 = CARTESIAN_POINT('',(-9.769246714328E-15,-4.388317696945E-15,2.)
  );
#1888 = DIRECTION('',(0.,0.,1.));
#1889 = DIRECTION('',(1.,0.,-0.));
#1890 = DEFINITIONAL_REPRESENTATION('',(#1891),#1895);
#1891 = CIRCLE('',#1892,2.);
#1892 = AXIS2_PLACEMENT_2D('',#1893,#1894);
#1893 = CARTESIAN_POINT('',(-88.5,-4.));
#1894 = DIRECTION('',(0.,-1.));
#1895 = ( GEOMETRIC_REPRESENTATION_CONTEXT(2) 
PARAMETRIC_REPRESENTATION_CONTEXT() REPRESENTATION_CONTEXT('2D SPACE',''
  ) );
#1896 = ADVANCED_FACE('',(#1897),#351,.T.);
#1897 = FACE_BOUND('',#1898,.T.);
#1898 = EDGE_LOOP('',(#1899,#1900,#1923,#1942));
#1899 = ORIENTED_EDGE('',*,*,#336,.T.);
#1900 = ORIENTED_EDGE('',*,*,#1901,.T.);
#1901 = EDGE_CURVE('',#337,#1902,#1904,.T.);
#1902 = VERTEX_POINT('',#1903);
#1903 = CARTESIAN_POINT('',(-95.5,-6.,2.));
#1904 = SURFACE_CURVE('',#1905,(#1909,#1916),.PCURVE_S1.);
#1905 = LINE('',#1906,#1907);
#1906 = CARTESIAN_POINT('',(-95.5,-6.,-1.));
#1907 = VECTOR('',#1908,1.);
#1908 = DIRECTION('',(0.,0.,1.));
#1909 = PCURVE('',#351,#1910);
#1910 = DEFINITIONAL_REPRESENTATION('',(#1911),#1915);
#1911 = LINE('',#1912,#1913);
#1912 = CARTESIAN_POINT('',(2.,0.));
#1913 = VECTOR('',#1914,1.);
#1914 = DIRECTION('',(0.,-1.));
#1915 = ( GEOMETRIC_REPRESENTATION_CONTEXT(2) 
PARAMETRIC_REPRESENTATION_CONTEXT() REPRESENTATION_CONTEXT('2D SPACE',''
  ) );
#1916 = PCURVE('',#379,#1917);
#1917 = DEFINITIONAL_REPRESENTATION('',(#1918),#1922);
#1918 = LINE('',#1919,#1920);
#1919 = CARTESIAN_POINT('',(-0.,0.));
#1920 = VECTOR('',#1921,1.);
#1921 = DIRECTION('',(-0.,1.));
#1922 = ( GEOMETRIC_REPRESENTATION_CONTEXT(2) 
PARAMETRIC_REPRESENTATION_CONTEXT() REPRESENTATION_CONTEXT('2D SPACE',''
  ) );
#1923 = ORIENTED_EDGE('',*,*,#1924,.F.);
#1924 = EDGE_CURVE('',#1824,#1902,#1925,.T.);
#1925 = SURFACE_CURVE('',#1926,(#1930,#1936),.PCURVE_S1.);
#1926 = LINE('',#1927,#1928);
#1927 = CARTESIAN_POINT('',(-48.75,-6.,2.));
#1928 = VECTOR('',#1929,1.);
#1929 = DIRECTION('',(-1.,0.,0.));
#1930 = PCURVE('',#351,#1931);
#1931 = DEFINITIONAL_REPRESENTATION('',(#1932),#1935);
#1932 = B_SPLINE_CURVE_WITH_KNOTS('',1,(#1933,#1934),.UNSPECIFIED.,.F.,
  .F.,(2,2),(39.75,46.75),.PIECEWISE_BEZIER_KNOTS.);
#1933 = CARTESIAN_POINT('',(9.,-3.));
#1934 = CARTESIAN_POINT('',(2.,-3.));
#1935 = ( GEOMETRIC_REPRESENTATION_CONTEXT(2) 
PARAMETRIC_REPRESENTATION_CONTEXT() REPRESENTATION_CONTEXT('2D SPACE',''
  ) );
#1936 = PCURVE('',#1885,#1937);
#1937 = DEFINITIONAL_REPRESENTATION('',(#1938),#1941);
#1938 = B_SPLINE_CURVE_WITH_KNOTS('',1,(#1939,#1940),.UNSPECIFIED.,.F.,
  .F.,(2,2),(39.75,46.75),.PIECEWISE_BEZIER_KNOTS.);
#1939 = CARTESIAN_POINT('',(-88.5,-6.));
#1940 = CARTESIAN_POINT('',(-95.5,-6.));
#1941 = ( GEOMETRIC_REPRESENTATION_CONTEXT(2) 
PARAMETRIC_REPRESENTATION_CONTEXT() REPRESENTATION_CONTEXT('2D SPACE',''
  ) );
#1942 = ORIENTED_EDGE('',*,*,#1823,.F.);
#1943 = ADVANCED_FACE('',(#1944),#514,.T.);
#1944 = FACE_BOUND('',#1945,.T.);
#1945 = EDGE_LOOP('',(#1946,#1947,#1948,#1969));
#1946 = ORIENTED_EDGE('',*,*,#501,.T.);
#1947 = ORIENTED_EDGE('',*,*,#1847,.T.);
#1948 = ORIENTED_EDGE('',*,*,#1949,.F.);
#1949 = EDGE_CURVE('',#1950,#1848,#1952,.T.);
#1950 = VERTEX_POINT('',#1951);
#1951 = CARTESIAN_POINT('',(-86.5,28.,2.));
#1952 = SURFACE_CURVE('',#1953,(#1957,#1963),.PCURVE_S1.);
#1953 = LINE('',#1954,#1955);
#1954 = CARTESIAN_POINT('',(-86.5,-3.,2.));
#1955 = VECTOR('',#1956,1.);
#1956 = DIRECTION('',(0.,-1.,0.));
#1957 = PCURVE('',#514,#1958);
#1958 = DEFINITIONAL_REPRESENTATION('',(#1959),#1962);
#1959 = B_SPLINE_CURVE_WITH_KNOTS('',1,(#1960,#1961),.UNSPECIFIED.,.F.,
  .F.,(2,2),(-31.,1.),.PIECEWISE_BEZIER_KNOTS.);
#1960 = CARTESIAN_POINT('',(34.,-3.));
#1961 = CARTESIAN_POINT('',(2.,-3.));
#1962 = ( GEOMETRIC_REPRESENTATION_CONTEXT(2) 
PARAMETRIC_REPRESENTATION_CONTEXT() REPRESENTATION_CONTEXT('2D SPACE',''
  ) );
#1963 = PCURVE('',#1885,#1964);
#1964 = DEFINITIONAL_REPRESENTATION('',(#1965),#1968);
#1965 = B_SPLINE_CURVE_WITH_KNOTS('',1,(#1966,#1967),.UNSPECIFIED.,.F.,
  .F.,(2,2),(-31.,1.),.PIECEWISE_BEZIER_KNOTS.);
#1966 = CARTESIAN_POINT('',(-86.5,28.));
#1967 = CARTESIAN_POINT('',(-86.5,-4.));
#1968 = ( GEOMETRIC_REPRESENTATION_CONTEXT(2) 
PARAMETRIC_REPRESENTATION_CONTEXT() REPRESENTATION_CONTEXT('2D SPACE',''
  ) );
#1969 = ORIENTED_EDGE('',*,*,#1970,.F.);
#1970 = EDGE_CURVE('',#473,#1950,#1971,.T.);
#1971 = SURFACE_CURVE('',#1972,(#1976,#1983),.PCURVE_S1.);
#1972 = LINE('',#1973,#1974);
#1973 = CARTESIAN_POINT('',(-86.5,28.,-1.));
#1974 = VECTOR('',#1975,1.);
#1975 = DIRECTION('',(0.,0.,1.));
#1976 = PCURVE('',#514,#1977);
#1977 = DEFINITIONAL_REPRESENTATION('',(#1978),#1982);
#1978 = LINE('',#1979,#1980);
#1979 = CARTESIAN_POINT('',(34.,0.));
#1980 = VECTOR('',#1981,1.);
#1981 = DIRECTION('',(0.,-1.));
#1982 = ( GEOMETRIC_REPRESENTATION_CONTEXT(2) 
PARAMETRIC_REPRESENTATION_CONTEXT() REPRESENTATION_CONTEXT('2D SPACE',''
  ) );
#1983 = PCURVE('',#489,#1984);
#1984 = DEFINITIONAL_REPRESENTATION('',(#1985),#1989);
#1985 = LINE('',#1986,#1987);
#1986 = CARTESIAN_POINT('',(0.,0.));
#1987 = VECTOR('',#1988,1.);
#1988 = DIRECTION('',(0.,1.));
#1989 = ( GEOMETRIC_REPRESENTATION_CONTEXT(2) 
PARAMETRIC_REPRESENTATION_CONTEXT() REPRESENTATION_CONTEXT('2D SPACE',''
  ) );
#1990 = ADVANCED_FACE('',(#1991),#379,.F.);
#1991 = FACE_BOUND('',#1992,.T.);
#1992 = EDGE_LOOP('',(#1993,#1994,#1995,#2018));
#1993 = ORIENTED_EDGE('',*,*,#1901,.F.);
#1994 = ORIENTED_EDGE('',*,*,#362,.F.);
#1995 = ORIENTED_EDGE('',*,*,#1996,.T.);
#1996 = EDGE_CURVE('',#363,#1997,#1999,.T.);
#1997 = VERTEX_POINT('',#1998);
#1998 = CARTESIAN_POINT('',(-97.5,-4.,2.));
#1999 = SURFACE_CURVE('',#2000,(#2004,#2011),.PCURVE_S1.);
#2000 = LINE('',#2001,#2002);
#2001 = CARTESIAN_POINT('',(-97.5,-4.,-1.));
#2002 = VECTOR('',#2003,1.);
#2003 = DIRECTION('',(0.,0.,1.));
#2004 = PCURVE('',#379,#2005);
#2005 = DEFINITIONAL_REPRESENTATION('',(#2006),#2010);
#2006 = LINE('',#2007,#2008);
#2007 = CARTESIAN_POINT('',(-1.570796326795,0.));
#2008 = VECTOR('',#2009,1.);
#2009 = DIRECTION('',(-0.,1.));
#2010 = ( GEOMETRIC_REPRESENTATION_CONTEXT(2) 
PARAMETRIC_REPRESENTATION_CONTEXT() REPRESENTATION_CONTEXT('2D SPACE',''
  ) );
#2011 = PCURVE('',#406,#2012);
#2012 = DEFINITIONAL_REPRESENTATION('',(#2013),#2017);
#2013 = LINE('',#2014,#2015);
#2014 = CARTESIAN_POINT('',(34.,0.));
#2015 = VECTOR('',#2016,1.);
#2016 = DIRECTION('',(0.,-1.));
#2017 = ( GEOMETRIC_REPRESENTATION_CONTEXT(2) 
PARAMETRIC_REPRESENTATION_CONTEXT() REPRESENTATION_CONTEXT('2D SPACE',''
  ) );
#2018 = ORIENTED_EDGE('',*,*,#2019,.T.);
#2019 = EDGE_CURVE('',#1997,#1902,#2020,.T.);
#2020 = SURFACE_CURVE('',#2021,(#2026,#2033),.PCURVE_S1.);
#2021 = CIRCLE('',#2022,2.);
#2022 = AXIS2_PLACEMENT_3D('',#2023,#2024,#2025);
#2023 = CARTESIAN_POINT('',(-95.5,-4.,2.));
#2024 = DIRECTION('',(0.,0.,1.));
#2025 = DIRECTION('',(0.,-1.,0.));
#2026 = PCURVE('',#379,#2027);
#2027 = DEFINITIONAL_REPRESENTATION('',(#2028),#2032);
#2028 = LINE('',#2029,#2030);
#2029 = CARTESIAN_POINT('',(-6.28318530718,3.));
#2030 = VECTOR('',#2031,1.);
#2031 = DIRECTION('',(1.,-0.));
#2032 = ( GEOMETRIC_REPRESENTATION_CONTEXT(2) 
PARAMETRIC_REPRESENTATION_CONTEXT() REPRESENTATION_CONTEXT('2D SPACE',''
  ) );
#2033 = PCURVE('',#1885,#2034);
#2034 = DEFINITIONAL_REPRESENTATION('',(#2035),#2039);
#2035 = CIRCLE('',#2036,2.);
#2036 = AXIS2_PLACEMENT_2D('',#2037,#2038);
#2037 = CARTESIAN_POINT('',(-95.5,-4.));
#2038 = DIRECTION('',(0.,-1.));
#2039 = ( GEOMETRIC_REPRESENTATION_CONTEXT(2) 
PARAMETRIC_REPRESENTATION_CONTEXT() REPRESENTATION_CONTEXT('2D SPACE',''
  ) );
#2040 = ADVANCED_FACE('',(#2041),#489,.F.);
#2041 = FACE_BOUND('',#2042,.F.);
#2042 = EDGE_LOOP('',(#2043,#2044,#2045,#2068));
#2043 = ORIENTED_EDGE('',*,*,#1970,.F.);
#2044 = ORIENTED_EDGE('',*,*,#472,.T.);
#2045 = ORIENTED_EDGE('',*,*,#2046,.T.);
#2046 = EDGE_CURVE('',#447,#2047,#2049,.T.);
#2047 = VERTEX_POINT('',#2048);
#2048 = CARTESIAN_POINT('',(-88.5,30.,2.));
#2049 = SURFACE_CURVE('',#2050,(#2054,#2061),.PCURVE_S1.);
#2050 = LINE('',#2051,#2052);
#2051 = CARTESIAN_POINT('',(-88.5,30.,-1.));
#2052 = VECTOR('',#2053,1.);
#2053 = DIRECTION('',(0.,0.,1.));
#2054 = PCURVE('',#489,#2055);
#2055 = DEFINITIONAL_REPRESENTATION('',(#2056),#2060);
#2056 = LINE('',#2057,#2058);
#2057 = CARTESIAN_POINT('',(1.570796326795,0.));
#2058 = VECTOR('',#2059,1.);
#2059 = DIRECTION('',(0.,1.));
#2060 = ( GEOMETRIC_REPRESENTATION_CONTEXT(2) 
PARAMETRIC_REPRESENTATION_CONTEXT() REPRESENTATION_CONTEXT('2D SPACE',''
  ) );
#2061 = PCURVE('',#461,#2062);
#2062 = DEFINITIONAL_REPRESENTATION('',(#2063),#2067);
#2063 = LINE('',#2064,#2065);
#2064 = CARTESIAN_POINT('',(2.,0.));
#2065 = VECTOR('',#2066,1.);
#2066 = DIRECTION('',(0.,-1.));
#2067 = ( GEOMETRIC_REPRESENTATION_CONTEXT(2) 
PARAMETRIC_REPRESENTATION_CONTEXT() REPRESENTATION_CONTEXT('2D SPACE',''
  ) );
#2068 = ORIENTED_EDGE('',*,*,#2069,.F.);
#2069 = EDGE_CURVE('',#1950,#2047,#2070,.T.);
#2070 = SURFACE_CURVE('',#2071,(#2076,#2083),.PCURVE_S1.);
#2071 = CIRCLE('',#2072,2.);
#2072 = AXIS2_PLACEMENT_3D('',#2073,#2074,#2075);
#2073 = CARTESIAN_POINT('',(-88.5,28.,2.));
#2074 = DIRECTION('',(0.,0.,1.));
#2075 = DIRECTION('',(1.,0.,-0.));
#2076 = PCURVE('',#489,#2077);
#2077 = DEFINITIONAL_REPRESENTATION('',(#2078),#2082);
#2078 = LINE('',#2079,#2080);
#2079 = CARTESIAN_POINT('',(0.,3.));
#2080 = VECTOR('',#2081,1.);
#2081 = DIRECTION('',(1.,0.));
#2082 = ( GEOMETRIC_REPRESENTATION_CONTEXT(2) 
PARAMETRIC_REPRESENTATION_CONTEXT() REPRESENTATION_CONTEXT('2D SPACE',''
  ) );
#2083 = PCURVE('',#1885,#2084);
#2084 = DEFINITIONAL_REPRESENTATION('',(#2085),#2089);
#2085 = CIRCLE('',#2086,2.);
#2086 = AXIS2_PLACEMENT_2D('',#2087,#2088);
#2087 = CARTESIAN_POINT('',(-88.5,28.));
#2088 = DIRECTION('',(1.,0.));
#2089 = ( GEOMETRIC_REPRESENTATION_CONTEXT(2) 
PARAMETRIC_REPRESENTATION_CONTEXT() REPRESENTATION_CONTEXT('2D SPACE',''
  ) );
#2090 = ADVANCED_FACE('',(#2091),#406,.T.);
#2091 = FACE_BOUND('',#2092,.T.);
#2092 = EDGE_LOOP('',(#2093,#2094,#2117,#2136));
#2093 = ORIENTED_EDGE('',*,*,#391,.T.);
#2094 = ORIENTED_EDGE('',*,*,#2095,.T.);
#2095 = EDGE_CURVE('',#392,#2096,#2098,.T.);
#2096 = VERTEX_POINT('',#2097);
#2097 = CARTESIAN_POINT('',(-97.5,28.,2.));
#2098 = SURFACE_CURVE('',#2099,(#2103,#2110),.PCURVE_S1.);
#2099 = LINE('',#2100,#2101);
#2100 = CARTESIAN_POINT('',(-97.5,28.,-1.));
#2101 = VECTOR('',#2102,1.);
#2102 = DIRECTION('',(0.,0.,1.));
#2103 = PCURVE('',#406,#2104);
#2104 = DEFINITIONAL_REPRESENTATION('',(#2105),#2109);
#2105 = LINE('',#2106,#2107);
#2106 = CARTESIAN_POINT('',(2.,0.));
#2107 = VECTOR('',#2108,1.);
#2108 = DIRECTION('',(0.,-1.));
#2109 = ( GEOMETRIC_REPRESENTATION_CONTEXT(2) 
PARAMETRIC_REPRESENTATION_CONTEXT() REPRESENTATION_CONTEXT('2D SPACE',''
  ) );
#2110 = PCURVE('',#434,#2111);
#2111 = DEFINITIONAL_REPRESENTATION('',(#2112),#2116);
#2112 = LINE('',#2113,#2114);
#2113 = CARTESIAN_POINT('',(1.570796326795,0.));
#2114 = VECTOR('',#2115,1.);
#2115 = DIRECTION('',(0.,1.));
#2116 = ( GEOMETRIC_REPRESENTATION_CONTEXT(2) 
PARAMETRIC_REPRESENTATION_CONTEXT() REPRESENTATION_CONTEXT('2D SPACE',''
  ) );
#2117 = ORIENTED_EDGE('',*,*,#2118,.F.);
#2118 = EDGE_CURVE('',#1997,#2096,#2119,.T.);
#2119 = SURFACE_CURVE('',#2120,(#2124,#2130),.PCURVE_S1.);
#2120 = LINE('',#2121,#2122);
#2121 = CARTESIAN_POINT('',(-97.5,15.,2.));
#2122 = VECTOR('',#2123,1.);
#2123 = DIRECTION('',(-0.,1.,0.));
#2124 = PCURVE('',#406,#2125);
#2125 = DEFINITIONAL_REPRESENTATION('',(#2126),#2129);
#2126 = B_SPLINE_CURVE_WITH_KNOTS('',1,(#2127,#2128),.UNSPECIFIED.,.F.,
  .F.,(2,2),(-19.,13.),.PIECEWISE_BEZIER_KNOTS.);
#2127 = CARTESIAN_POINT('',(34.,-3.));
#2128 = CARTESIAN_POINT('',(2.,-3.));
#2129 = ( GEOMETRIC_REPRESENTATION_CONTEXT(2) 
PARAMETRIC_REPRESENTATION_CONTEXT() REPRESENTATION_CONTEXT('2D SPACE',''
  ) );
#2130 = PCURVE('',#1885,#2131);
#2131 = DEFINITIONAL_REPRESENTATION('',(#2132),#2135);
#2132 = B_SPLINE_CURVE_WITH_KNOTS('',1,(#2133,#2134),.UNSPECIFIED.,.F.,
  .F.,(2,2),(-19.,13.),.PIECEWISE_BEZIER_KNOTS.);
#2133 = CARTESIAN_POINT('',(-97.5,-4.));
#2134 = CARTESIAN_POINT('',(-97.5,28.));
#2135 = ( GEOMETRIC_REPRESENTATION_CONTEXT(2) 
PARAMETRIC_REPRESENTATION_CONTEXT() REPRESENTATION_CONTEXT('2D SPACE',''
  ) );
#2136 = ORIENTED_EDGE('',*,*,#1996,.F.);
#2137 = ADVANCED_FACE('',(#2138),#461,.T.);
#2138 = FACE_BOUND('',#2139,.T.);
#2139 = EDGE_LOOP('',(#2140,#2141,#2142,#2163));
#2140 = ORIENTED_EDGE('',*,*,#446,.T.);
#2141 = ORIENTED_EDGE('',*,*,#2046,.T.);
#2142 = ORIENTED_EDGE('',*,*,#2143,.F.);
#2143 = EDGE_CURVE('',#2144,#2047,#2146,.T.);
#2144 = VERTEX_POINT('',#2145);
#2145 = CARTESIAN_POINT('',(-95.5,30.,2.));
#2146 = SURFACE_CURVE('',#2147,(#2151,#2157),.PCURVE_S1.);
#2147 = LINE('',#2148,#2149);
#2148 = CARTESIAN_POINT('',(-43.25,30.,2.));
#2149 = VECTOR('',#2150,1.);
#2150 = DIRECTION('',(1.,0.,-0.));
#2151 = PCURVE('',#461,#2152);
#2152 = DEFINITIONAL_REPRESENTATION('',(#2153),#2156);
#2153 = B_SPLINE_CURVE_WITH_KNOTS('',1,(#2154,#2155),.UNSPECIFIED.,.F.,
  .F.,(2,2),(-52.25,-45.25),.PIECEWISE_BEZIER_KNOTS.);
#2154 = CARTESIAN_POINT('',(9.,-3.));
#2155 = CARTESIAN_POINT('',(2.,-3.));
#2156 = ( GEOMETRIC_REPRESENTATION_CONTEXT(2) 
PARAMETRIC_REPRESENTATION_CONTEXT() REPRESENTATION_CONTEXT('2D SPACE',''
  ) );
#2157 = PCURVE('',#1885,#2158);
#2158 = DEFINITIONAL_REPRESENTATION('',(#2159),#2162);
#2159 = B_SPLINE_CURVE_WITH_KNOTS('',1,(#2160,#2161),.UNSPECIFIED.,.F.,
  .F.,(2,2),(-52.25,-45.25),.PIECEWISE_BEZIER_KNOTS.);
#2160 = CARTESIAN_POINT('',(-95.5,30.));
#2161 = CARTESIAN_POINT('',(-88.5,30.));
#2162 = ( GEOMETRIC_REPRESENTATION_CONTEXT(2) 
PARAMETRIC_REPRESENTATION_CONTEXT() REPRESENTATION_CONTEXT('2D SPACE',''
  ) );
#2163 = ORIENTED_EDGE('',*,*,#2164,.F.);
#2164 = EDGE_CURVE('',#418,#2144,#2165,.T.);
#2165 = SURFACE_CURVE('',#2166,(#2170,#2177),.PCURVE_S1.);
#2166 = LINE('',#2167,#2168);
#2167 = CARTESIAN_POINT('',(-95.5,30.,-1.));
#2168 = VECTOR('',#2169,1.);
#2169 = DIRECTION('',(0.,0.,1.));
#2170 = PCURVE('',#461,#2171);
#2171 = DEFINITIONAL_REPRESENTATION('',(#2172),#2176);
#2172 = LINE('',#2173,#2174);
#2173 = CARTESIAN_POINT('',(9.,0.));
#2174 = VECTOR('',#2175,1.);
#2175 = DIRECTION('',(0.,-1.));
#2176 = ( GEOMETRIC_REPRESENTATION_CONTEXT(2) 
PARAMETRIC_REPRESENTATION_CONTEXT() REPRESENTATION_CONTEXT('2D SPACE',''
  ) );
#2177 = PCURVE('',#434,#2178);
#2178 = DEFINITIONAL_REPRESENTATION('',(#2179),#2183);
#2179 = LINE('',#2180,#2181);
#2180 = CARTESIAN_POINT('',(0.,0.));
#2181 = VECTOR('',#2182,1.);
#2182 = DIRECTION('',(0.,1.));
#2183 = ( GEOMETRIC_REPRESENTATION_CONTEXT(2) 
PARAMETRIC_REPRESENTATION_CONTEXT() REPRESENTATION_CONTEXT('2D SPACE',''
  ) );
#2184 = ADVANCED_FACE('',(#2185),#434,.F.);
#2185 = FACE_BOUND('',#2186,.F.);
#2186 = EDGE_LOOP('',(#2187,#2188,#2189,#2190));
#2187 = ORIENTED_EDGE('',*,*,#2164,.F.);
#2188 = ORIENTED_EDGE('',*,*,#417,.T.);
#2189 = ORIENTED_EDGE('',*,*,#2095,.T.);
#2190 = ORIENTED_EDGE('',*,*,#2191,.F.);
#2191 = EDGE_CURVE('',#2144,#2096,#2192,.T.);
#2192 = SURFACE_CURVE('',#2193,(#2198,#2205),.PCURVE_S1.);
#2193 = CIRCLE('',#2194,2.);
#2194 = AXIS2_PLACEMENT_3D('',#2195,#2196,#2197);
#2195 = CARTESIAN_POINT('',(-95.5,28.,2.));
#2196 = DIRECTION('',(0.,0.,1.));
#2197 = DIRECTION('',(-0.,1.,0.));
#2198 = PCURVE('',#434,#2199);
#2199 = DEFINITIONAL_REPRESENTATION('',(#2200),#2204);
#2200 = LINE('',#2201,#2202);
#2201 = CARTESIAN_POINT('',(0.,3.));
#2202 = VECTOR('',#2203,1.);
#2203 = DIRECTION('',(1.,0.));
#2204 = ( GEOMETRIC_REPRESENTATION_CONTEXT(2) 
PARAMETRIC_REPRESENTATION_CONTEXT() REPRESENTATION_CONTEXT('2D SPACE',''
  ) );
#2205 = PCURVE('',#1885,#2206);
#2206 = DEFINITIONAL_REPRESENTATION('',(#2207),#2211);
#2207 = CIRCLE('',#2208,2.);
#2208 = AXIS2_PLACEMENT_2D('',#2209,#2210);
#2209 = CARTESIAN_POINT('',(-95.5,28.));
#2210 = DIRECTION('',(0.,1.));
#2211 = ( GEOMETRIC_REPRESENTATION_CONTEXT(2) 
PARAMETRIC_REPRESENTATION_CONTEXT() REPRESENTATION_CONTEXT('2D SPACE',''
  ) );
#2212 = ADVANCED_FACE('',(#2213),#546,.F.);
#2213 = FACE_BOUND('',#2214,.F.);
#2214 = EDGE_LOOP('',(#2215,#2238,#2239,#2262));
#2215 = ORIENTED_EDGE('',*,*,#2216,.F.);
#2216 = EDGE_CURVE('',#528,#2217,#2219,.T.);
#2217 = VERTEX_POINT('',#2218);
#2218 = CARTESIAN_POINT('',(95.5,-6.,2.));
#2219 = SURFACE_CURVE('',#2220,(#2224,#2231),.PCURVE_S1.);
#2220 = LINE('',#2221,#2222);
#2221 = CARTESIAN_POINT('',(95.5,-6.,-1.));
#2222 = VECTOR('',#2223,1.);
#2223 = DIRECTION('',(0.,0.,1.));
#2224 = PCURVE('',#546,#2225);
#2225 = DEFINITIONAL_REPRESENTATION('',(#2226),#2230);
#2226 = LINE('',#2227,#2228);
#2227 = CARTESIAN_POINT('',(0.,0.));
#2228 = VECTOR('',#2229,1.);
#2229 = DIRECTION('',(0.,1.));
#2230 = ( GEOMETRIC_REPRESENTATION_CONTEXT(2) 
PARAMETRIC_REPRESENTATION_CONTEXT() REPRESENTATION_CONTEXT('2D SPACE',''
  ) );
#2231 = PCURVE('',#573,#2232);
#2232 = DEFINITIONAL_REPRESENTATION('',(#2233),#2237);
#2233 = LINE('',#2234,#2235);
#2234 = CARTESIAN_POINT('',(9.,0.));
#2235 = VECTOR('',#2236,1.);
#2236 = DIRECTION('',(0.,-1.));
#2237 = ( GEOMETRIC_REPRESENTATION_CONTEXT(2) 
PARAMETRIC_REPRESENTATION_CONTEXT() REPRESENTATION_CONTEXT('2D SPACE',''
  ) );
#2238 = ORIENTED_EDGE('',*,*,#527,.T.);
#2239 = ORIENTED_EDGE('',*,*,#2240,.T.);
#2240 = EDGE_CURVE('',#530,#2241,#2243,.T.);
#2241 = VERTEX_POINT('',#2242);
#2242 = CARTESIAN_POINT('',(97.5,-4.,2.));
#2243 = SURFACE_CURVE('',#2244,(#2248,#2255),.PCURVE_S1.);
#2244 = LINE('',#2245,#2246);
#2245 = CARTESIAN_POINT('',(97.5,-4.,-1.));
#2246 = VECTOR('',#2247,1.);
#2247 = DIRECTION('',(0.,0.,1.));
#2248 = PCURVE('',#546,#2249);
#2249 = DEFINITIONAL_REPRESENTATION('',(#2250),#2254);
#2250 = LINE('',#2251,#2252);
#2251 = CARTESIAN_POINT('',(1.570796326795,0.));
#2252 = VECTOR('',#2253,1.);
#2253 = DIRECTION('',(0.,1.));
#2254 = ( GEOMETRIC_REPRESENTATION_CONTEXT(2) 
PARAMETRIC_REPRESENTATION_CONTEXT() REPRESENTATION_CONTEXT('2D SPACE',''
  ) );
#2255 = PCURVE('',#736,#2256);
#2256 = DEFINITIONAL_REPRESENTATION('',(#2257),#2261);
#2257 = LINE('',#2258,#2259);
#2258 = CARTESIAN_POINT('',(2.,0.));
#2259 = VECTOR('',#2260,1.);
#2260 = DIRECTION('',(0.,-1.));
#2261 = ( GEOMETRIC_REPRESENTATION_CONTEXT(2) 
PARAMETRIC_REPRESENTATION_CONTEXT() REPRESENTATION_CONTEXT('2D SPACE',''
  ) );
#2262 = ORIENTED_EDGE('',*,*,#2263,.F.);
#2263 = EDGE_CURVE('',#2217,#2241,#2264,.T.);
#2264 = SURFACE_CURVE('',#2265,(#2270,#2277),.PCURVE_S1.);
#2265 = CIRCLE('',#2266,2.);
#2266 = AXIS2_PLACEMENT_3D('',#2267,#2268,#2269);
#2267 = CARTESIAN_POINT('',(95.5,-4.,2.));
#2268 = DIRECTION('',(0.,0.,1.));
#2269 = DIRECTION('',(0.,-1.,0.));
#2270 = PCURVE('',#546,#2271);
#2271 = DEFINITIONAL_REPRESENTATION('',(#2272),#2276);
#2272 = LINE('',#2273,#2274);
#2273 = CARTESIAN_POINT('',(0.,3.));
#2274 = VECTOR('',#2275,1.);
#2275 = DIRECTION('',(1.,0.));
#2276 = ( GEOMETRIC_REPRESENTATION_CONTEXT(2) 
PARAMETRIC_REPRESENTATION_CONTEXT() REPRESENTATION_CONTEXT('2D SPACE',''
  ) );
#2277 = PCURVE('',#1885,#2278);
#2278 = DEFINITIONAL_REPRESENTATION('',(#2279),#2283);
#2279 = CIRCLE('',#2280,2.);
#2280 = AXIS2_PLACEMENT_2D('',#2281,#2282);
#2281 = CARTESIAN_POINT('',(95.5,-4.));
#2282 = DIRECTION('',(0.,-1.));
#2283 = ( GEOMETRIC_REPRESENTATION_CONTEXT(2) 
PARAMETRIC_REPRESENTATION_CONTEXT() REPRESENTATION_CONTEXT('2D SPACE',''
  ) );
#2284 = ADVANCED_FACE('',(#2285),#573,.T.);
#2285 = FACE_BOUND('',#2286,.T.);
#2286 = EDGE_LOOP('',(#2287,#2288,#2311,#2330));
#2287 = ORIENTED_EDGE('',*,*,#558,.T.);
#2288 = ORIENTED_EDGE('',*,*,#2289,.T.);
#2289 = EDGE_CURVE('',#559,#2290,#2292,.T.);
#2290 = VERTEX_POINT('',#2291);
#2291 = CARTESIAN_POINT('',(88.5,-6.,2.));
#2292 = SURFACE_CURVE('',#2293,(#2297,#2304),.PCURVE_S1.);
#2293 = LINE('',#2294,#2295);
#2294 = CARTESIAN_POINT('',(88.5,-6.,-1.));
#2295 = VECTOR('',#2296,1.);
#2296 = DIRECTION('',(0.,0.,1.));
#2297 = PCURVE('',#573,#2298);
#2298 = DEFINITIONAL_REPRESENTATION('',(#2299),#2303);
#2299 = LINE('',#2300,#2301);
#2300 = CARTESIAN_POINT('',(2.,0.));
#2301 = VECTOR('',#2302,1.);
#2302 = DIRECTION('',(0.,-1.));
#2303 = ( GEOMETRIC_REPRESENTATION_CONTEXT(2) 
PARAMETRIC_REPRESENTATION_CONTEXT() REPRESENTATION_CONTEXT('2D SPACE',''
  ) );
#2304 = PCURVE('',#601,#2305);
#2305 = DEFINITIONAL_REPRESENTATION('',(#2306),#2310);
#2306 = LINE('',#2307,#2308);
#2307 = CARTESIAN_POINT('',(-0.,0.));
#2308 = VECTOR('',#2309,1.);
#2309 = DIRECTION('',(-0.,1.));
#2310 = ( GEOMETRIC_REPRESENTATION_CONTEXT(2) 
PARAMETRIC_REPRESENTATION_CONTEXT() REPRESENTATION_CONTEXT('2D SPACE',''
  ) );
#2311 = ORIENTED_EDGE('',*,*,#2312,.F.);
#2312 = EDGE_CURVE('',#2217,#2290,#2313,.T.);
#2313 = SURFACE_CURVE('',#2314,(#2318,#2324),.PCURVE_S1.);
#2314 = LINE('',#2315,#2316);
#2315 = CARTESIAN_POINT('',(43.25,-6.,2.));
#2316 = VECTOR('',#2317,1.);
#2317 = DIRECTION('',(-1.,0.,0.));
#2318 = PCURVE('',#573,#2319);
#2319 = DEFINITIONAL_REPRESENTATION('',(#2320),#2323);
#2320 = B_SPLINE_CURVE_WITH_KNOTS('',1,(#2321,#2322),.UNSPECIFIED.,.F.,
  .F.,(2,2),(-52.25,-45.25),.PIECEWISE_BEZIER_KNOTS.);
#2321 = CARTESIAN_POINT('',(9.,-3.));
#2322 = CARTESIAN_POINT('',(2.,-3.));
#2323 = ( GEOMETRIC_REPRESENTATION_CONTEXT(2) 
PARAMETRIC_REPRESENTATION_CONTEXT() REPRESENTATION_CONTEXT('2D SPACE',''
  ) );
#2324 = PCURVE('',#1885,#2325);
#2325 = DEFINITIONAL_REPRESENTATION('',(#2326),#2329);
#2326 = B_SPLINE_CURVE_WITH_KNOTS('',1,(#2327,#2328),.UNSPECIFIED.,.F.,
  .F.,(2,2),(-52.25,-45.25),.PIECEWISE_BEZIER_KNOTS.);
#2327 = CARTESIAN_POINT('',(95.5,-6.));
#2328 = CARTESIAN_POINT('',(88.5,-6.));
#2329 = ( GEOMETRIC_REPRESENTATION_CONTEXT(2) 
PARAMETRIC_REPRESENTATION_CONTEXT() REPRESENTATION_CONTEXT('2D SPACE',''
  ) );
#2330 = ORIENTED_EDGE('',*,*,#2216,.F.);
#2331 = ADVANCED_FACE('',(#2332),#736,.T.);
#2332 = FACE_BOUND('',#2333,.T.);
#2333 = EDGE_LOOP('',(#2334,#2335,#2336,#2357));
#2334 = ORIENTED_EDGE('',*,*,#723,.T.);
#2335 = ORIENTED_EDGE('',*,*,#2240,.T.);
#2336 = ORIENTED_EDGE('',*,*,#2337,.F.);
#2337 = EDGE_CURVE('',#2338,#2241,#2340,.T.);
#2338 = VERTEX_POINT('',#2339);
#2339 = CARTESIAN_POINT('',(97.5,28.,2.));
#2340 = SURFACE_CURVE('',#2341,(#2345,#2351),.PCURVE_S1.);
#2341 = LINE('',#2342,#2343);
#2342 = CARTESIAN_POINT('',(97.5,-3.,2.));
#2343 = VECTOR('',#2344,1.);
#2344 = DIRECTION('',(0.,-1.,0.));
#2345 = PCURVE('',#736,#2346);
#2346 = DEFINITIONAL_REPRESENTATION('',(#2347),#2350);
#2347 = B_SPLINE_CURVE_WITH_KNOTS('',1,(#2348,#2349),.UNSPECIFIED.,.F.,
  .F.,(2,2),(-31.,1.),.PIECEWISE_BEZIER_KNOTS.);
#2348 = CARTESIAN_POINT('',(34.,-3.));
#2349 = CARTESIAN_POINT('',(2.,-3.));
#2350 = ( GEOMETRIC_REPRESENTATION_CONTEXT(2) 
PARAMETRIC_REPRESENTATION_CONTEXT() REPRESENTATION_CONTEXT('2D SPACE',''
  ) );
#2351 = PCURVE('',#1885,#2352);
#2352 = DEFINITIONAL_REPRESENTATION('',(#2353),#2356);
#2353 = B_SPLINE_CURVE_WITH_KNOTS('',1,(#2354,#2355),.UNSPECIFIED.,.F.,
  .F.,(2,2),(-31.,1.),.PIECEWISE_BEZIER_KNOTS.);
#2354 = CARTESIAN_POINT('',(97.5,28.));
#2355 = CARTESIAN_POINT('',(97.5,-4.));
#2356 = ( GEOMETRIC_REPRESENTATION_CONTEXT(2) 
PARAMETRIC_REPRESENTATION_CONTEXT() REPRESENTATION_CONTEXT('2D SPACE',''
  ) );
#2357 = ORIENTED_EDGE('',*,*,#2358,.F.);
#2358 = EDGE_CURVE('',#695,#2338,#2359,.T.);
#2359 = SURFACE_CURVE('',#2360,(#2364,#2371),.PCURVE_S1.);
#2360 = LINE('',#2361,#2362);
#2361 = CARTESIAN_POINT('',(97.5,28.,-1.));
#2362 = VECTOR('',#2363,1.);
#2363 = DIRECTION('',(0.,0.,1.));
#2364 = PCURVE('',#736,#2365);
#2365 = DEFINITIONAL_REPRESENTATION('',(#2366),#2370);
#2366 = LINE('',#2367,#2368);
#2367 = CARTESIAN_POINT('',(34.,0.));
#2368 = VECTOR('',#2369,1.);
#2369 = DIRECTION('',(0.,-1.));
#2370 = ( GEOMETRIC_REPRESENTATION_CONTEXT(2) 
PARAMETRIC_REPRESENTATION_CONTEXT() REPRESENTATION_CONTEXT('2D SPACE',''
  ) );
#2371 = PCURVE('',#711,#2372);
#2372 = DEFINITIONAL_REPRESENTATION('',(#2373),#2377);
#2373 = LINE('',#2374,#2375);
#2374 = CARTESIAN_POINT('',(0.,0.));
#2375 = VECTOR('',#2376,1.);
#2376 = DIRECTION('',(0.,1.));
#2377 = ( GEOMETRIC_REPRESENTATION_CONTEXT(2) 
PARAMETRIC_REPRESENTATION_CONTEXT() REPRESENTATION_CONTEXT('2D SPACE',''
  ) );
#2378 = ADVANCED_FACE('',(#2379),#601,.F.);
#2379 = FACE_BOUND('',#2380,.T.);
#2380 = EDGE_LOOP('',(#2381,#2382,#2383,#2406));
#2381 = ORIENTED_EDGE('',*,*,#2289,.F.);
#2382 = ORIENTED_EDGE('',*,*,#584,.F.);
#2383 = ORIENTED_EDGE('',*,*,#2384,.T.);
#2384 = EDGE_CURVE('',#585,#2385,#2387,.T.);
#2385 = VERTEX_POINT('',#2386);
#2386 = CARTESIAN_POINT('',(86.5,-4.,2.));
#2387 = SURFACE_CURVE('',#2388,(#2392,#2399),.PCURVE_S1.);
#2388 = LINE('',#2389,#2390);
#2389 = CARTESIAN_POINT('',(86.5,-4.,-1.));
#2390 = VECTOR('',#2391,1.);
#2391 = DIRECTION('',(0.,0.,1.));
#2392 = PCURVE('',#601,#2393);
#2393 = DEFINITIONAL_REPRESENTATION('',(#2394),#2398);
#2394 = LINE('',#2395,#2396);
#2395 = CARTESIAN_POINT('',(-1.570796326795,0.));
#2396 = VECTOR('',#2397,1.);
#2397 = DIRECTION('',(-0.,1.));
#2398 = ( GEOMETRIC_REPRESENTATION_CONTEXT(2) 
PARAMETRIC_REPRESENTATION_CONTEXT() REPRESENTATION_CONTEXT('2D SPACE',''
  ) );
#2399 = PCURVE('',#628,#2400);
#2400 = DEFINITIONAL_REPRESENTATION('',(#2401),#2405);
#2401 = LINE('',#2402,#2403);
#2402 = CARTESIAN_POINT('',(34.,0.));
#2403 = VECTOR('',#2404,1.);
#2404 = DIRECTION('',(0.,-1.));
#2405 = ( GEOMETRIC_REPRESENTATION_CONTEXT(2) 
PARAMETRIC_REPRESENTATION_CONTEXT() REPRESENTATION_CONTEXT('2D SPACE',''
  ) );
#2406 = ORIENTED_EDGE('',*,*,#2407,.T.);
#2407 = EDGE_CURVE('',#2385,#2290,#2408,.T.);
#2408 = SURFACE_CURVE('',#2409,(#2414,#2421),.PCURVE_S1.);
#2409 = CIRCLE('',#2410,2.);
#2410 = AXIS2_PLACEMENT_3D('',#2411,#2412,#2413);
#2411 = CARTESIAN_POINT('',(88.5,-4.,2.));
#2412 = DIRECTION('',(0.,0.,1.));
#2413 = DIRECTION('',(0.,-1.,0.));
#2414 = PCURVE('',#601,#2415);
#2415 = DEFINITIONAL_REPRESENTATION('',(#2416),#2420);
#2416 = LINE('',#2417,#2418);
#2417 = CARTESIAN_POINT('',(-6.28318530718,3.));
#2418 = VECTOR('',#2419,1.);
#2419 = DIRECTION('',(1.,-0.));
#2420 = ( GEOMETRIC_REPRESENTATION_CONTEXT(2) 
PARAMETRIC_REPRESENTATION_CONTEXT() REPRESENTATION_CONTEXT('2D SPACE',''
  ) );
#2421 = PCURVE('',#1885,#2422);
#2422 = DEFINITIONAL_REPRESENTATION('',(#2423),#2427);
#2423 = CIRCLE('',#2424,2.);
#2424 = AXIS2_PLACEMENT_2D('',#2425,#2426);
#2425 = CARTESIAN_POINT('',(88.5,-4.));
#2426 = DIRECTION('',(0.,-1.));
#2427 = ( GEOMETRIC_REPRESENTATION_CONTEXT(2) 
PARAMETRIC_REPRESENTATION_CONTEXT() REPRESENTATION_CONTEXT('2D SPACE',''
  ) );
#2428 = ADVANCED_FACE('',(#2429),#711,.F.);
#2429 = FACE_BOUND('',#2430,.F.);
#2430 = EDGE_LOOP('',(#2431,#2432,#2433,#2456));
#2431 = ORIENTED_EDGE('',*,*,#2358,.F.);
#2432 = ORIENTED_EDGE('',*,*,#694,.T.);
#2433 = ORIENTED_EDGE('',*,*,#2434,.T.);
#2434 = EDGE_CURVE('',#669,#2435,#2437,.T.);
#2435 = VERTEX_POINT('',#2436);
#2436 = CARTESIAN_POINT('',(95.5,30.,2.));
#2437 = SURFACE_CURVE('',#2438,(#2442,#2449),.PCURVE_S1.);
#2438 = LINE('',#2439,#2440);
#2439 = CARTESIAN_POINT('',(95.5,30.,-1.));
#2440 = VECTOR('',#2441,1.);
#2441 = DIRECTION('',(0.,0.,1.));
#2442 = PCURVE('',#711,#2443);
#2443 = DEFINITIONAL_REPRESENTATION('',(#2444),#2448);
#2444 = LINE('',#2445,#2446);
#2445 = CARTESIAN_POINT('',(1.570796326795,0.));
#2446 = VECTOR('',#2447,1.);
#2447 = DIRECTION('',(0.,1.));
#2448 = ( GEOMETRIC_REPRESENTATION_CONTEXT(2) 
PARAMETRIC_REPRESENTATION_CONTEXT() REPRESENTATION_CONTEXT('2D SPACE',''
  ) );
#2449 = PCURVE('',#683,#2450);
#2450 = DEFINITIONAL_REPRESENTATION('',(#2451),#2455);
#2451 = LINE('',#2452,#2453);
#2452 = CARTESIAN_POINT('',(2.,0.));
#2453 = VECTOR('',#2454,1.);
#2454 = DIRECTION('',(0.,-1.));
#2455 = ( GEOMETRIC_REPRESENTATION_CONTEXT(2) 
PARAMETRIC_REPRESENTATION_CONTEXT() REPRESENTATION_CONTEXT('2D SPACE',''
  ) );
#2456 = ORIENTED_EDGE('',*,*,#2457,.F.);
#2457 = EDGE_CURVE('',#2338,#2435,#2458,.T.);
#2458 = SURFACE_CURVE('',#2459,(#2464,#2471),.PCURVE_S1.);
#2459 = CIRCLE('',#2460,2.);
#2460 = AXIS2_PLACEMENT_3D('',#2461,#2462,#2463);
#2461 = CARTESIAN_POINT('',(95.5,28.,2.));
#2462 = DIRECTION('',(0.,0.,1.));
#2463 = DIRECTION('',(1.,0.,-0.));
#2464 = PCURVE('',#711,#2465);
#2465 = DEFINITIONAL_REPRESENTATION('',(#2466),#2470);
#2466 = LINE('',#2467,#2468);
#2467 = CARTESIAN_POINT('',(0.,3.));
#2468 = VECTOR('',#2469,1.);
#2469 = DIRECTION('',(1.,0.));
#2470 = ( GEOMETRIC_REPRESENTATION_CONTEXT(2) 
PARAMETRIC_REPRESENTATION_CONTEXT() REPRESENTATION_CONTEXT('2D SPACE',''
  ) );
#2471 = PCURVE('',#1885,#2472);
#2472 = DEFINITIONAL_REPRESENTATION('',(#2473),#2477);
#2473 = CIRCLE('',#2474,2.);
#2474 = AXIS2_PLACEMENT_2D('',#2475,#2476);
#2475 = CARTESIAN_POINT('',(95.5,28.));
#2476 = DIRECTION('',(1.,0.));
#2477 = ( GEOMETRIC_REPRESENTATION_CONTEXT(2) 
PARAMETRIC_REPRESENTATION_CONTEXT() REPRESENTATION_CONTEXT('2D SPACE',''
  ) );
#2478 = ADVANCED_FACE('',(#2479),#628,.T.);
#2479 = FACE_BOUND('',#2480,.T.);
#2480 = EDGE_LOOP('',(#2481,#2482,#2505,#2524));
#2481 = ORIENTED_EDGE('',*,*,#613,.T.);
#2482 = ORIENTED_EDGE('',*,*,#2483,.T.);
#2483 = EDGE_CURVE('',#614,#2484,#2486,.T.);
#2484 = VERTEX_POINT('',#2485);
#2485 = CARTESIAN_POINT('',(86.5,28.,2.));
#2486 = SURFACE_CURVE('',#2487,(#2491,#2498),.PCURVE_S1.);
#2487 = LINE('',#2488,#2489);
#2488 = CARTESIAN_POINT('',(86.5,28.,-1.));
#2489 = VECTOR('',#2490,1.);
#2490 = DIRECTION('',(0.,0.,1.));
#2491 = PCURVE('',#628,#2492);
#2492 = DEFINITIONAL_REPRESENTATION('',(#2493),#2497);
#2493 = LINE('',#2494,#2495);
#2494 = CARTESIAN_POINT('',(2.,0.));
#2495 = VECTOR('',#2496,1.);
#2496 = DIRECTION('',(0.,-1.));
#2497 = ( GEOMETRIC_REPRESENTATION_CONTEXT(2) 
PARAMETRIC_REPRESENTATION_CONTEXT() REPRESENTATION_CONTEXT('2D SPACE',''
  ) );
#2498 = PCURVE('',#656,#2499);
#2499 = DEFINITIONAL_REPRESENTATION('',(#2500),#2504);
#2500 = LINE('',#2501,#2502);
#2501 = CARTESIAN_POINT('',(1.570796326795,0.));
#2502 = VECTOR('',#2503,1.);
#2503 = DIRECTION('',(0.,1.));
#2504 = ( GEOMETRIC_REPRESENTATION_CONTEXT(2) 
PARAMETRIC_REPRESENTATION_CONTEXT() REPRESENTATION_CONTEXT('2D SPACE',''
  ) );
#2505 = ORIENTED_EDGE('',*,*,#2506,.F.);
#2506 = EDGE_CURVE('',#2385,#2484,#2507,.T.);
#2507 = SURFACE_CURVE('',#2508,(#2512,#2518),.PCURVE_S1.);
#2508 = LINE('',#2509,#2510);
#2509 = CARTESIAN_POINT('',(86.5,15.,2.));
#2510 = VECTOR('',#2511,1.);
#2511 = DIRECTION('',(-0.,1.,0.));
#2512 = PCURVE('',#628,#2513);
#2513 = DEFINITIONAL_REPRESENTATION('',(#2514),#2517);
#2514 = B_SPLINE_CURVE_WITH_KNOTS('',1,(#2515,#2516),.UNSPECIFIED.,.F.,
  .F.,(2,2),(-19.,13.),.PIECEWISE_BEZIER_KNOTS.);
#2515 = CARTESIAN_POINT('',(34.,-3.));
#2516 = CARTESIAN_POINT('',(2.,-3.));
#2517 = ( GEOMETRIC_REPRESENTATION_CONTEXT(2) 
PARAMETRIC_REPRESENTATION_CONTEXT() REPRESENTATION_CONTEXT('2D SPACE',''
  ) );
#2518 = PCURVE('',#1885,#2519);
#2519 = DEFINITIONAL_REPRESENTATION('',(#2520),#2523);
#2520 = B_SPLINE_CURVE_WITH_KNOTS('',1,(#2521,#2522),.UNSPECIFIED.,.F.,
  .F.,(2,2),(-19.,13.),.PIECEWISE_BEZIER_KNOTS.);
#2521 = CARTESIAN_POINT('',(86.5,-4.));
#2522 = CARTESIAN_POINT('',(86.5,28.));
#2523 = ( GEOMETRIC_REPRESENTATION_CONTEXT(2) 
PARAMETRIC_REPRESENTATION_CONTEXT() REPRESENTATION_CONTEXT('2D SPACE',''
  ) );
#2524 = ORIENTED_EDGE('',*,*,#2384,.F.);
#2525 = ADVANCED_FACE('',(#2526),#683,.T.);
#2526 = FACE_BOUND('',#2527,.T.);
#2527 = EDGE_LOOP('',(#2528,#2529,#2530,#2551));
#2528 = ORIENTED_EDGE('',*,*,#668,.T.);
#2529 = ORIENTED_EDGE('',*,*,#2434,.T.);
#2530 = ORIENTED_EDGE('',*,*,#2531,.F.);
#2531 = EDGE_CURVE('',#2532,#2435,#2534,.T.);
#2532 = VERTEX_POINT('',#2533);
#2533 = CARTESIAN_POINT('',(88.5,30.,2.));
#2534 = SURFACE_CURVE('',#2535,(#2539,#2545),.PCURVE_S1.);
#2535 = LINE('',#2536,#2537);
#2536 = CARTESIAN_POINT('',(48.75,30.,2.));
#2537 = VECTOR('',#2538,1.);
#2538 = DIRECTION('',(1.,0.,-0.));
#2539 = PCURVE('',#683,#2540);
#2540 = DEFINITIONAL_REPRESENTATION('',(#2541),#2544);
#2541 = B_SPLINE_CURVE_WITH_KNOTS('',1,(#2542,#2543),.UNSPECIFIED.,.F.,
  .F.,(2,2),(39.75,46.75),.PIECEWISE_BEZIER_KNOTS.);
#2542 = CARTESIAN_POINT('',(9.,-3.));
#2543 = CARTESIAN_POINT('',(2.,-3.));
#2544 = ( GEOMETRIC_REPRESENTATION_CONTEXT(2) 
PARAMETRIC_REPRESENTATION_CONTEXT() REPRESENTATION_CONTEXT('2D SPACE',''
  ) );
#2545 = PCURVE('',#1885,#2546);
#2546 = DEFINITIONAL_REPRESENTATION('',(#2547),#2550);
#2547 = B_SPLINE_CURVE_WITH_KNOTS('',1,(#2548,#2549),.UNSPECIFIED.,.F.,
  .F.,(2,2),(39.75,46.75),.PIECEWISE_BEZIER_KNOTS.);
#2548 = CARTESIAN_POINT('',(88.5,30.));
#2549 = CARTESIAN_POINT('',(95.5,30.));
#2550 = ( GEOMETRIC_REPRESENTATION_CONTEXT(2) 
PARAMETRIC_REPRESENTATION_CONTEXT() REPRESENTATION_CONTEXT('2D SPACE',''
  ) );
#2551 = ORIENTED_EDGE('',*,*,#2552,.F.);
#2552 = EDGE_CURVE('',#640,#2532,#2553,.T.);
#2553 = SURFACE_CURVE('',#2554,(#2558,#2565),.PCURVE_S1.);
#2554 = LINE('',#2555,#2556);
#2555 = CARTESIAN_POINT('',(88.5,30.,-1.));
#2556 = VECTOR('',#2557,1.);
#2557 = DIRECTION('',(0.,0.,1.));
#2558 = PCURVE('',#683,#2559);
#2559 = DEFINITIONAL_REPRESENTATION('',(#2560),#2564);
#2560 = LINE('',#2561,#2562);
#2561 = CARTESIAN_POINT('',(9.,0.));
#2562 = VECTOR('',#2563,1.);
#2563 = DIRECTION('',(0.,-1.));
#2564 = ( GEOMETRIC_REPRESENTATION_CONTEXT(2) 
PARAMETRIC_REPRESENTATION_CONTEXT() REPRESENTATION_CONTEXT('2D SPACE',''
  ) );
#2565 = PCURVE('',#656,#2566);
#2566 = DEFINITIONAL_REPRESENTATION('',(#2567),#2571);
#2567 = LINE('',#2568,#2569);
#2568 = CARTESIAN_POINT('',(0.,0.));
#2569 = VECTOR('',#2570,1.);
#2570 = DIRECTION('',(0.,1.));
#2571 = ( GEOMETRIC_REPRESENTATION_CONTEXT(2) 
PARAMETRIC_REPRESENTATION_CONTEXT() REPRESENTATION_CONTEXT('2D SPACE',''
  ) );
#2572 = ADVANCED_FACE('',(#2573),#656,.F.);
#2573 = FACE_BOUND('',#2574,.F.);
#2574 = EDGE_LOOP('',(#2575,#2576,#2577,#2578));
#2575 = ORIENTED_EDGE('',*,*,#2552,.F.);
#2576 = ORIENTED_EDGE('',*,*,#639,.T.);
#2577 = ORIENTED_EDGE('',*,*,#2483,.T.);
#2578 = ORIENTED_EDGE('',*,*,#2579,.F.);
#2579 = EDGE_CURVE('',#2532,#2484,#2580,.T.);
#2580 = SURFACE_CURVE('',#2581,(#2586,#2593),.PCURVE_S1.);
#2581 = CIRCLE('',#2582,2.);
#2582 = AXIS2_PLACEMENT_3D('',#2583,#2584,#2585);
#2583 = CARTESIAN_POINT('',(88.5,28.,2.));
#2584 = DIRECTION('',(0.,0.,1.));
#2585 = DIRECTION('',(-0.,1.,0.));
#2586 = PCURVE('',#656,#2587);
#2587 = DEFINITIONAL_REPRESENTATION('',(#2588),#2592);
#2588 = LINE('',#2589,#2590);
#2589 = CARTESIAN_POINT('',(0.,3.));
#2590 = VECTOR('',#2591,1.);
#2591 = DIRECTION('',(1.,0.));
#2592 = ( GEOMETRIC_REPRESENTATION_CONTEXT(2) 
PARAMETRIC_REPRESENTATION_CONTEXT() REPRESENTATION_CONTEXT('2D SPACE',''
  ) );
#2593 = PCURVE('',#1885,#2594);
#2594 = DEFINITIONAL_REPRESENTATION('',(#2595),#2599);
#2595 = CIRCLE('',#2596,2.);
#2596 = AXIS2_PLACEMENT_2D('',#2597,#2598);
#2597 = CARTESIAN_POINT('',(88.5,28.));
#2598 = DIRECTION('',(0.,1.));
#2599 = ( GEOMETRIC_REPRESENTATION_CONTEXT(2) 
PARAMETRIC_REPRESENTATION_CONTEXT() REPRESENTATION_CONTEXT('2D SPACE',''
  ) );
#2600 = ADVANCED_FACE('',(#2601),#770,.F.);
#2601 = FACE_BOUND('',#2602,.T.);
#2602 = EDGE_LOOP('',(#2603,#2604,#2627,#2653));
#2603 = ORIENTED_EDGE('',*,*,#749,.T.);
#2604 = ORIENTED_EDGE('',*,*,#2605,.T.);
#2605 = EDGE_CURVE('',#750,#2606,#2608,.T.);
#2606 = VERTEX_POINT('',#2607);
#2607 = CARTESIAN_POINT('',(14.,84.5,2.));
#2608 = SEAM_CURVE('',#2609,(#2613,#2620),.PCURVE_S1.);
#2609 = LINE('',#2610,#2611);
#2610 = CARTESIAN_POINT('',(14.,84.5,-1.));
#2611 = VECTOR('',#2612,1.);
#2612 = DIRECTION('',(0.,0.,1.));
#2613 = PCURVE('',#770,#2614);
#2614 = DEFINITIONAL_REPRESENTATION('',(#2615),#2619);
#2615 = LINE('',#2616,#2617);
#2616 = CARTESIAN_POINT('',(-6.28318530718,0.));
#2617 = VECTOR('',#2618,1.);
#2618 = DIRECTION('',(-0.,-1.));
#2619 = ( GEOMETRIC_REPRESENTATION_CONTEXT(2) 
PARAMETRIC_REPRESENTATION_CONTEXT() REPRESENTATION_CONTEXT('2D SPACE',''
  ) );
#2620 = PCURVE('',#770,#2621);
#2621 = DEFINITIONAL_REPRESENTATION('',(#2622),#2626);
#2622 = LINE('',#2623,#2624);
#2623 = CARTESIAN_POINT('',(-0.,0.));
#2624 = VECTOR('',#2625,1.);
#2625 = DIRECTION('',(-0.,-1.));
#2626 = ( GEOMETRIC_REPRESENTATION_CONTEXT(2) 
PARAMETRIC_REPRESENTATION_CONTEXT() REPRESENTATION_CONTEXT('2D SPACE',''
  ) );
#2627 = ORIENTED_EDGE('',*,*,#2628,.F.);
#2628 = EDGE_CURVE('',#2606,#2606,#2629,.T.);
#2629 = SURFACE_CURVE('',#2630,(#2635,#2642),.PCURVE_S1.);
#2630 = CIRCLE('',#2631,14.);
#2631 = AXIS2_PLACEMENT_3D('',#2632,#2633,#2634);
#2632 = CARTESIAN_POINT('',(0.,84.5,2.));
#2633 = DIRECTION('',(0.,0.,-1.));
#2634 = DIRECTION('',(1.,0.,0.));
#2635 = PCURVE('',#770,#2636);
#2636 = DEFINITIONAL_REPRESENTATION('',(#2637),#2641);
#2637 = LINE('',#2638,#2639);
#2638 = CARTESIAN_POINT('',(-6.28318530718,-3.));
#2639 = VECTOR('',#2640,1.);
#2640 = DIRECTION('',(1.,-0.));
#2641 = ( GEOMETRIC_REPRESENTATION_CONTEXT(2) 
PARAMETRIC_REPRESENTATION_CONTEXT() REPRESENTATION_CONTEXT('2D SPACE',''
  ) );
#2642 = PCURVE('',#1885,#2643);
#2643 = DEFINITIONAL_REPRESENTATION('',(#2644),#2652);
#2644 = ( BOUNDED_CURVE() B_SPLINE_CURVE(2,(#2645,#2646,#2647,#2648,
#2649,#2650,#2651),.UNSPECIFIED.,.T.,.F.) B_SPLINE_CURVE_WITH_KNOTS((1,2
    ,2,2,2,1),(-2.094395102393,0.,2.094395102393,4.188790204786,
6.28318530718,8.377580409573),.UNSPECIFIED.) CURVE() 
GEOMETRIC_REPRESENTATION_ITEM() RATIONAL_B_SPLINE_CURVE((1.,0.5,1.,0.5,
1.,0.5,1.)) REPRESENTATION_ITEM('') );
#2645 = CARTESIAN_POINT('',(14.,84.5));
#2646 = CARTESIAN_POINT('',(14.,60.251288694036));
#2647 = CARTESIAN_POINT('',(-7.,72.375644347018));
#2648 = CARTESIAN_POINT('',(-28.,84.5));
#2649 = CARTESIAN_POINT('',(-7.,96.624355652982));
#2650 = CARTESIAN_POINT('',(14.,108.74871130596));
#2651 = CARTESIAN_POINT('',(14.,84.5));
#2652 = ( GEOMETRIC_REPRESENTATION_CONTEXT(2) 
PARAMETRIC_REPRESENTATION_CONTEXT() REPRESENTATION_CONTEXT('2D SPACE',''
  ) );
#2653 = ORIENTED_EDGE('',*,*,#2605,.F.);
#2654 = ADVANCED_FACE('',(#2655),#804,.T.);
#2655 = FACE_BOUND('',#2656,.T.);
#2656 = EDGE_LOOP('',(#2657,#2658,#2679,#2708));
#2657 = ORIENTED_EDGE('',*,*,#785,.T.);
#2658 = ORIENTED_EDGE('',*,*,#2659,.T.);
#2659 = EDGE_CURVE('',#788,#2660,#2662,.T.);
#2660 = VERTEX_POINT('',#2661);
#2661 = CARTESIAN_POINT('',(105.1,0.,18.));
#2662 = SURFACE_CURVE('',#2663,(#2667,#2673),.PCURVE_S1.);
#2663 = LINE('',#2664,#2665);
#2664 = CARTESIAN_POINT('',(105.7,0.,17.4));
#2665 = VECTOR('',#2666,1.);
#2666 = DIRECTION('',(-0.707106781187,0.,0.707106781187));
#2667 = PCURVE('',#804,#2668);
#2668 = DEFINITIONAL_REPRESENTATION('',(#2669),#2672);
#2669 = B_SPLINE_CURVE_WITH_KNOTS('',1,(#2670,#2671),.UNSPECIFIED.,.F.,
  .F.,(2,2),(0.,0.848528137424),.PIECEWISE_BEZIER_KNOTS.);
#2670 = CARTESIAN_POINT('',(-6.28318530718,0.));
#2671 = CARTESIAN_POINT('',(-6.28318530718,-0.6));
#2672 = ( GEOMETRIC_REPRESENTATION_CONTEXT(2) 
PARAMETRIC_REPRESENTATION_CONTEXT() REPRESENTATION_CONTEXT('2D SPACE',''
  ) );
#2673 = PCURVE('',#856,#2674);
#2674 = DEFINITIONAL_REPRESENTATION('',(#2675),#2678);
#2675 = B_SPLINE_CURVE_WITH_KNOTS('',1,(#2676,#2677),.UNSPECIFIED.,.F.,
  .F.,(2,2),(0.,0.848528137424),.PIECEWISE_BEZIER_KNOTS.);
#2676 = CARTESIAN_POINT('',(0.,0.));
#2677 = CARTESIAN_POINT('',(0.,-0.6));
#2678 = ( GEOMETRIC_REPRESENTATION_CONTEXT(2) 
PARAMETRIC_REPRESENTATION_CONTEXT() REPRESENTATION_CONTEXT('2D SPACE',''
  ) );
#2679 = ORIENTED_EDGE('',*,*,#2680,.F.);
#2680 = EDGE_CURVE('',#2681,#2660,#2683,.T.);
#2681 = VERTEX_POINT('',#2682);
#2682 = CARTESIAN_POINT('',(-1.8,105.084584978,18.));
#2683 = SURFACE_CURVE('',#2684,(#2689,#2696),.PCURVE_S1.);
#2684 = CIRCLE('',#2685,105.1);
#2685 = AXIS2_PLACEMENT_3D('',#2686,#2687,#2688);
#2686 = CARTESIAN_POINT('',(0.,0.,18.));
#2687 = DIRECTION('',(0.,0.,1.));
#2688 = DIRECTION('',(1.,0.,-0.));
#2689 = PCURVE('',#804,#2690);
#2690 = DEFINITIONAL_REPRESENTATION('',(#2691),#2695);
#2691 = LINE('',#2692,#2693);
#2692 = CARTESIAN_POINT('',(-0.,-0.6));
#2693 = VECTOR('',#2694,1.);
#2694 = DIRECTION('',(-1.,-0.));
#2695 = ( GEOMETRIC_REPRESENTATION_CONTEXT(2) 
PARAMETRIC_REPRESENTATION_CONTEXT() REPRESENTATION_CONTEXT('2D SPACE',''
  ) );
#2696 = PCURVE('',#2697,#2702);
#2697 = PLANE('',#2698);
#2698 = AXIS2_PLACEMENT_3D('',#2699,#2700,#2701);
#2699 = CARTESIAN_POINT('',(-9.935610423749E-15,-4.314838888996E-15,18.)
  );
#2700 = DIRECTION('',(0.,0.,1.));
#2701 = DIRECTION('',(1.,0.,-0.));
#2702 = DEFINITIONAL_REPRESENTATION('',(#2703),#2707);
#2703 = CIRCLE('',#2704,105.1);
#2704 = AXIS2_PLACEMENT_2D('',#2705,#2706);
#2705 = CARTESIAN_POINT('',(9.935610423749E-15,4.314838888996E-15));
#2706 = DIRECTION('',(1.,0.));
#2707 = ( GEOMETRIC_REPRESENTATION_CONTEXT(2) 
PARAMETRIC_REPRESENTATION_CONTEXT() REPRESENTATION_CONTEXT('2D SPACE',''
  ) );
#2708 = ORIENTED_EDGE('',*,*,#2709,.F.);
#2709 = EDGE_CURVE('',#786,#2681,#2710,.T.);
#2710 = SURFACE_CURVE('',#2711,(#2716,#2726),.PCURVE_S1.);
#2711 = HYPERBOLA('',#2712,1.8,1.8);
#2712 = AXIS2_PLACEMENT_3D('',#2713,#2714,#2715);
#2713 = CARTESIAN_POINT('',(-1.8,1.998401444325E-16,123.1));
#2714 = DIRECTION('',(-1.,1.110223024625E-16,0.));
#2715 = DIRECTION('',(-0.,0.,-1.));
#2716 = PCURVE('',#804,#2717);
#2717 = DEFINITIONAL_REPRESENTATION('',(#2718),#2725);
#2718 = B_SPLINE_CURVE_WITH_KNOTS('',5,(#2719,#2720,#2721,#2722,#2723,
    #2724),.UNSPECIFIED.,.F.,.F.,(6,6),(-4.765892901143,-4.760199455828)
  ,.PIECEWISE_BEZIER_KNOTS.);
#2719 = CARTESIAN_POINT('',(-1.587826478269,-1.7763568394E-14));
#2720 = CARTESIAN_POINT('',(-1.587845869378,-0.120341980698));
#2721 = CARTESIAN_POINT('',(-1.587865288085,-0.240512646433));
#2722 = CARTESIAN_POINT('',(-1.58788473444,-0.36051232228));
#2723 = CARTESIAN_POINT('',(-1.587904208497,-0.480341332392));
#2724 = CARTESIAN_POINT('',(-1.587923710308,-0.6));
#2725 = ( GEOMETRIC_REPRESENTATION_CONTEXT(2) 
PARAMETRIC_REPRESENTATION_CONTEXT() REPRESENTATION_CONTEXT('2D SPACE',''
  ) );
#2726 = PCURVE('',#940,#2727);
#2727 = DEFINITIONAL_REPRESENTATION('',(#2728),#2732);
#2728 = ( BOUNDED_CURVE() B_SPLINE_CURVE(2,(#2729,#2730,#2731),
.UNSPECIFIED.,.F.,.F.) B_SPLINE_CURVE_WITH_KNOTS((3,3),(-4.765892901143,
-4.760199455828),.PIECEWISE_BEZIER_KNOTS.) CURVE() 
GEOMETRIC_REPRESENTATION_ITEM() RATIONAL_B_SPLINE_CURVE((1.,
1.000004051918,1.)) REPRESENTATION_ITEM('') );
#2729 = CARTESIAN_POINT('',(12.9,2.584672493224));
#2730 = CARTESIAN_POINT('',(13.200854139055,2.283774721126));
#2731 = CARTESIAN_POINT('',(13.5,1.984584978007));
#2732 = ( GEOMETRIC_REPRESENTATION_CONTEXT(2) 
PARAMETRIC_REPRESENTATION_CONTEXT() REPRESENTATION_CONTEXT('2D SPACE',''
  ) );
#2733 = ADVANCED_FACE('',(#2734),#940,.F.);
#2734 = FACE_BOUND('',#2735,.F.);
#2735 = EDGE_LOOP('',(#2736,#2759,#2785,#2804,#2805));
#2736 = ORIENTED_EDGE('',*,*,#2737,.F.);
#2737 = EDGE_CURVE('',#2738,#895,#2740,.T.);
#2738 = VERTEX_POINT('',#2739);
#2739 = CARTESIAN_POINT('',(-1.8,104.08443687698,4.5));
#2740 = SURFACE_CURVE('',#2741,(#2745,#2752),.PCURVE_S1.);
#2741 = LINE('',#2742,#2743);
#2742 = CARTESIAN_POINT('',(-1.8,103.1,4.5));
#2743 = VECTOR('',#2744,1.);
#2744 = DIRECTION('',(1.110223024625E-16,1.,0.));
#2745 = PCURVE('',#940,#2746);
#2746 = DEFINITIONAL_REPRESENTATION('',(#2747),#2751);
#2747 = LINE('',#2748,#2749);
#2748 = CARTESIAN_POINT('',(0.,0.));
#2749 = VECTOR('',#2750,1.);
#2750 = DIRECTION('',(0.,1.));
#2751 = ( GEOMETRIC_REPRESENTATION_CONTEXT(2) 
PARAMETRIC_REPRESENTATION_CONTEXT() REPRESENTATION_CONTEXT('2D SPACE',''
  ) );
#2752 = PCURVE('',#911,#2753);
#2753 = DEFINITIONAL_REPRESENTATION('',(#2754),#2758);
#2754 = LINE('',#2755,#2756);
#2755 = CARTESIAN_POINT('',(-3.996802888651E-16,3.6));
#2756 = VECTOR('',#2757,1.);
#2757 = DIRECTION('',(1.,0.));
#2758 = ( GEOMETRIC_REPRESENTATION_CONTEXT(2) 
PARAMETRIC_REPRESENTATION_CONTEXT() REPRESENTATION_CONTEXT('2D SPACE',''
  ) );
#2759 = ORIENTED_EDGE('',*,*,#2760,.F.);
#2760 = EDGE_CURVE('',#2761,#2738,#2763,.T.);
#2761 = VERTEX_POINT('',#2762);
#2762 = CARTESIAN_POINT('',(-1.8,104.08443687698,18.));
#2763 = SURFACE_CURVE('',#2764,(#2768,#2774),.PCURVE_S1.);
#2764 = LINE('',#2765,#2766);
#2765 = CARTESIAN_POINT('',(-1.8,104.08443687698,2.));
#2766 = VECTOR('',#2767,1.);
#2767 = DIRECTION('',(-0.,-0.,-1.));
#2768 = PCURVE('',#940,#2769);
#2769 = DEFINITIONAL_REPRESENTATION('',(#2770),#2773);
#2770 = B_SPLINE_CURVE_WITH_KNOTS('',1,(#2771,#2772),.UNSPECIFIED.,.F.,
  .F.,(2,2),(-16.0000006,-1.05),.PIECEWISE_BEZIER_KNOTS.);
#2771 = CARTESIAN_POINT('',(13.5000006,0.984436876989));
#2772 = CARTESIAN_POINT('',(-1.45,0.984436876989));
#2773 = ( GEOMETRIC_REPRESENTATION_CONTEXT(2) 
PARAMETRIC_REPRESENTATION_CONTEXT() REPRESENTATION_CONTEXT('2D SPACE',''
  ) );
#2774 = PCURVE('',#2775,#2780);
#2775 = CYLINDRICAL_SURFACE('',#2776,104.1);
#2776 = AXIS2_PLACEMENT_3D('',#2777,#2778,#2779);
#2777 = CARTESIAN_POINT('',(4.990604796862E-13,5.37780689317E-15,2.));
#2778 = DIRECTION('',(-0.,-0.,-1.));
#2779 = DIRECTION('',(1.,0.,0.));
#2780 = DEFINITIONAL_REPRESENTATION('',(#2781),#2784);
#2781 = B_SPLINE_CURVE_WITH_KNOTS('',1,(#2782,#2783),.UNSPECIFIED.,.F.,
  .F.,(2,2),(-16.0000006,-1.05),.PIECEWISE_BEZIER_KNOTS.);
#2782 = CARTESIAN_POINT('',(-1.58808825481,-16.0000006));
#2783 = CARTESIAN_POINT('',(-1.58808825481,-1.05));
#2784 = ( GEOMETRIC_REPRESENTATION_CONTEXT(2) 
PARAMETRIC_REPRESENTATION_CONTEXT() REPRESENTATION_CONTEXT('2D SPACE',''
  ) );
#2785 = ORIENTED_EDGE('',*,*,#2786,.F.);
#2786 = EDGE_CURVE('',#2681,#2761,#2787,.T.);
#2787 = SURFACE_CURVE('',#2788,(#2792,#2798),.PCURVE_S1.);
#2788 = LINE('',#2789,#2790);
#2789 = CARTESIAN_POINT('',(-1.8,51.55,18.));
#2790 = VECTOR('',#2791,1.);
#2791 = DIRECTION('',(-1.110223024625E-16,-1.,0.));
#2792 = PCURVE('',#940,#2793);
#2793 = DEFINITIONAL_REPRESENTATION('',(#2794),#2797);
#2794 = B_SPLINE_CURVE_WITH_KNOTS('',1,(#2795,#2796),.UNSPECIFIED.,.F.,
  .F.,(2,2),(-53.55,-51.55),.PIECEWISE_BEZIER_KNOTS.);
#2795 = CARTESIAN_POINT('',(13.5,2.));
#2796 = CARTESIAN_POINT('',(13.5,0.));
#2797 = ( GEOMETRIC_REPRESENTATION_CONTEXT(2) 
PARAMETRIC_REPRESENTATION_CONTEXT() REPRESENTATION_CONTEXT('2D SPACE',''
  ) );
#2798 = PCURVE('',#2697,#2799);
#2799 = DEFINITIONAL_REPRESENTATION('',(#2800),#2803);
#2800 = B_SPLINE_CURVE_WITH_KNOTS('',1,(#2801,#2802),.UNSPECIFIED.,.F.,
  .F.,(2,2),(-53.55,-51.55),.PIECEWISE_BEZIER_KNOTS.);
#2801 = CARTESIAN_POINT('',(-1.8,105.1));
#2802 = CARTESIAN_POINT('',(-1.8,103.1));
#2803 = ( GEOMETRIC_REPRESENTATION_CONTEXT(2) 
PARAMETRIC_REPRESENTATION_CONTEXT() REPRESENTATION_CONTEXT('2D SPACE',''
  ) );
#2804 = ORIENTED_EDGE('',*,*,#2709,.F.);
#2805 = ORIENTED_EDGE('',*,*,#927,.T.);
#2806 = ADVANCED_FACE('',(#2807),#911,.T.);
#2807 = FACE_BOUND('',#2808,.T.);
#2808 = EDGE_LOOP('',(#2809,#2810,#2838,#2859));
#2809 = ORIENTED_EDGE('',*,*,#2737,.F.);
#2810 = ORIENTED_EDGE('',*,*,#2811,.T.);
#2811 = EDGE_CURVE('',#2738,#2812,#2814,.T.);
#2812 = VERTEX_POINT('',#2813);
#2813 = CARTESIAN_POINT('',(1.8,104.08443687698,4.5));
#2814 = SURFACE_CURVE('',#2815,(#2820,#2831),.PCURVE_S1.);
#2815 = CIRCLE('',#2816,104.1);
#2816 = AXIS2_PLACEMENT_3D('',#2817,#2818,#2819);
#2817 = CARTESIAN_POINT('',(4.990604796862E-13,5.37780689317E-15,4.5));
#2818 = DIRECTION('',(0.,0.,-1.));
#2819 = DIRECTION('',(1.,0.,0.));
#2820 = PCURVE('',#911,#2821);
#2821 = DEFINITIONAL_REPRESENTATION('',(#2822),#2830);
#2822 = ( BOUNDED_CURVE() B_SPLINE_CURVE(2,(#2823,#2824,#2825,#2826,
#2827,#2828,#2829),.UNSPECIFIED.,.T.,.F.) B_SPLINE_CURVE_WITH_KNOTS((1,2
    ,2,2,2,1),(-2.094395102393,0.,2.094395102393,4.188790204786,
6.28318530718,8.377580409573),.UNSPECIFIED.) CURVE() 
GEOMETRIC_REPRESENTATION_ITEM() RATIONAL_B_SPLINE_CURVE((1.,0.5,1.,0.5,
1.,0.5,1.)) REPRESENTATION_ITEM('') );
#2823 = CARTESIAN_POINT('',(-103.1,-102.3));
#2824 = CARTESIAN_POINT('',(-283.4064890679,-102.3));
#2825 = CARTESIAN_POINT('',(-193.2532445339,53.849999999999));
#2826 = CARTESIAN_POINT('',(-103.1,209.99999999999));
#2827 = CARTESIAN_POINT('',(-12.94675546604,53.85));
#2828 = CARTESIAN_POINT('',(77.20648906792,-102.3));
#2829 = CARTESIAN_POINT('',(-103.1,-102.3));
#2830 = ( GEOMETRIC_REPRESENTATION_CONTEXT(2) 
PARAMETRIC_REPRESENTATION_CONTEXT() REPRESENTATION_CONTEXT('2D SPACE',''
  ) );
#2831 = PCURVE('',#2775,#2832);
#2832 = DEFINITIONAL_REPRESENTATION('',(#2833),#2837);
#2833 = LINE('',#2834,#2835);
#2834 = CARTESIAN_POINT('',(-6.28318530718,-2.5));
#2835 = VECTOR('',#2836,1.);
#2836 = DIRECTION('',(1.,-0.));
#2837 = ( GEOMETRIC_REPRESENTATION_CONTEXT(2) 
PARAMETRIC_REPRESENTATION_CONTEXT() REPRESENTATION_CONTEXT('2D SPACE',''
  ) );
#2838 = ORIENTED_EDGE('',*,*,#2839,.T.);
#2839 = EDGE_CURVE('',#2812,#869,#2840,.T.);
#2840 = SURFACE_CURVE('',#2841,(#2845,#2852),.PCURVE_S1.);
#2841 = LINE('',#2842,#2843);
#2842 = CARTESIAN_POINT('',(1.8,103.1,4.5));
#2843 = VECTOR('',#2844,1.);
#2844 = DIRECTION('',(1.110223024625E-16,1.,0.));
#2845 = PCURVE('',#911,#2846);
#2846 = DEFINITIONAL_REPRESENTATION('',(#2847),#2851);
#2847 = LINE('',#2848,#2849);
#2848 = CARTESIAN_POINT('',(0.,0.));
#2849 = VECTOR('',#2850,1.);
#2850 = DIRECTION('',(1.,0.));
#2851 = ( GEOMETRIC_REPRESENTATION_CONTEXT(2) 
PARAMETRIC_REPRESENTATION_CONTEXT() REPRESENTATION_CONTEXT('2D SPACE',''
  ) );
#2852 = PCURVE('',#883,#2853);
#2853 = DEFINITIONAL_REPRESENTATION('',(#2854),#2858);
#2854 = LINE('',#2855,#2856);
#2855 = CARTESIAN_POINT('',(0.,0.));
#2856 = VECTOR('',#2857,1.);
#2857 = DIRECTION('',(0.,1.));
#2858 = ( GEOMETRIC_REPRESENTATION_CONTEXT(2) 
PARAMETRIC_REPRESENTATION_CONTEXT() REPRESENTATION_CONTEXT('2D SPACE',''
  ) );
#2859 = ORIENTED_EDGE('',*,*,#894,.F.);
#2860 = ADVANCED_FACE('',(#2861),#883,.T.);
#2861 = FACE_BOUND('',#2862,.T.);
#2862 = EDGE_LOOP('',(#2863,#2864,#2885,#2906,#2931));
#2863 = ORIENTED_EDGE('',*,*,#2839,.F.);
#2864 = ORIENTED_EDGE('',*,*,#2865,.F.);
#2865 = EDGE_CURVE('',#2866,#2812,#2868,.T.);
#2866 = VERTEX_POINT('',#2867);
#2867 = CARTESIAN_POINT('',(1.8,104.08443687698,18.));
#2868 = SURFACE_CURVE('',#2869,(#2873,#2879),.PCURVE_S1.);
#2869 = LINE('',#2870,#2871);
#2870 = CARTESIAN_POINT('',(1.8,104.08443687698,2.));
#2871 = VECTOR('',#2872,1.);
#2872 = DIRECTION('',(-0.,-0.,-1.));
#2873 = PCURVE('',#883,#2874);
#2874 = DEFINITIONAL_REPRESENTATION('',(#2875),#2878);
#2875 = B_SPLINE_CURVE_WITH_KNOTS('',1,(#2876,#2877),.UNSPECIFIED.,.F.,
  .F.,(2,2),(-16.0000006,-1.05),.PIECEWISE_BEZIER_KNOTS.);
#2876 = CARTESIAN_POINT('',(13.5000006,0.984436876989));
#2877 = CARTESIAN_POINT('',(-1.45,0.984436876989));
#2878 = ( GEOMETRIC_REPRESENTATION_CONTEXT(2) 
PARAMETRIC_REPRESENTATION_CONTEXT() REPRESENTATION_CONTEXT('2D SPACE',''
  ) );
#2879 = PCURVE('',#2775,#2880);
#2880 = DEFINITIONAL_REPRESENTATION('',(#2881),#2884);
#2881 = B_SPLINE_CURVE_WITH_KNOTS('',1,(#2882,#2883),.UNSPECIFIED.,.F.,
  .F.,(2,2),(-16.0000006,-1.05),.PIECEWISE_BEZIER_KNOTS.);
#2882 = CARTESIAN_POINT('',(-1.55350439878,-16.0000006));
#2883 = CARTESIAN_POINT('',(-1.55350439878,-1.05));
#2884 = ( GEOMETRIC_REPRESENTATION_CONTEXT(2) 
PARAMETRIC_REPRESENTATION_CONTEXT() REPRESENTATION_CONTEXT('2D SPACE',''
  ) );
#2885 = ORIENTED_EDGE('',*,*,#2886,.F.);
#2886 = EDGE_CURVE('',#2887,#2866,#2889,.T.);
#2887 = VERTEX_POINT('',#2888);
#2888 = CARTESIAN_POINT('',(1.8,105.084584978,18.));
#2889 = SURFACE_CURVE('',#2890,(#2894,#2900),.PCURVE_S1.);
#2890 = LINE('',#2891,#2892);
#2891 = CARTESIAN_POINT('',(1.8,51.55,18.));
#2892 = VECTOR('',#2893,1.);
#2893 = DIRECTION('',(-1.110223024625E-16,-1.,0.));
#2894 = PCURVE('',#883,#2895);
#2895 = DEFINITIONAL_REPRESENTATION('',(#2896),#2899);
#2896 = B_SPLINE_CURVE_WITH_KNOTS('',1,(#2897,#2898),.UNSPECIFIED.,.F.,
  .F.,(2,2),(-53.55,-51.55),.PIECEWISE_BEZIER_KNOTS.);
#2897 = CARTESIAN_POINT('',(13.5,2.));
#2898 = CARTESIAN_POINT('',(13.5,0.));
#2899 = ( GEOMETRIC_REPRESENTATION_CONTEXT(2) 
PARAMETRIC_REPRESENTATION_CONTEXT() REPRESENTATION_CONTEXT('2D SPACE',''
  ) );
#2900 = PCURVE('',#2697,#2901);
#2901 = DEFINITIONAL_REPRESENTATION('',(#2902),#2905);
#2902 = B_SPLINE_CURVE_WITH_KNOTS('',1,(#2903,#2904),.UNSPECIFIED.,.F.,
  .F.,(2,2),(-53.55,-51.55),.PIECEWISE_BEZIER_KNOTS.);
#2903 = CARTESIAN_POINT('',(1.8,105.1));
#2904 = CARTESIAN_POINT('',(1.8,103.1));
#2905 = ( GEOMETRIC_REPRESENTATION_CONTEXT(2) 
PARAMETRIC_REPRESENTATION_CONTEXT() REPRESENTATION_CONTEXT('2D SPACE',''
  ) );
#2906 = ORIENTED_EDGE('',*,*,#2907,.F.);
#2907 = EDGE_CURVE('',#840,#2887,#2908,.T.);
#2908 = SURFACE_CURVE('',#2909,(#2914,#2921),.PCURVE_S1.);
#2909 = HYPERBOLA('',#2910,1.8,1.8);
#2910 = AXIS2_PLACEMENT_3D('',#2911,#2912,#2913);
#2911 = CARTESIAN_POINT('',(1.8,-1.998401444325E-16,123.1));
#2912 = DIRECTION('',(-1.,1.110223024625E-16,0.));
#2913 = DIRECTION('',(-0.,0.,-1.));
#2914 = PCURVE('',#883,#2915);
#2915 = DEFINITIONAL_REPRESENTATION('',(#2916),#2920);
#2916 = ( BOUNDED_CURVE() B_SPLINE_CURVE(2,(#2917,#2918,#2919),
.UNSPECIFIED.,.F.,.F.) B_SPLINE_CURVE_WITH_KNOTS((3,3),(-4.765892901143,
-4.760199455828),.PIECEWISE_BEZIER_KNOTS.) CURVE() 
GEOMETRIC_REPRESENTATION_ITEM() RATIONAL_B_SPLINE_CURVE((1.,
1.000004051918,1.)) REPRESENTATION_ITEM('') );
#2917 = CARTESIAN_POINT('',(12.9,2.584672493224));
#2918 = CARTESIAN_POINT('',(13.200854139055,2.283774721126));
#2919 = CARTESIAN_POINT('',(13.5,1.984584978007));
#2920 = ( GEOMETRIC_REPRESENTATION_CONTEXT(2) 
PARAMETRIC_REPRESENTATION_CONTEXT() REPRESENTATION_CONTEXT('2D SPACE',''
  ) );
#2921 = PCURVE('',#856,#2922);
#2922 = DEFINITIONAL_REPRESENTATION('',(#2923),#2930);
#2923 = B_SPLINE_CURVE_WITH_KNOTS('',5,(#2924,#2925,#2926,#2927,#2928,
    #2929),.UNSPECIFIED.,.F.,.F.,(6,6),(-4.765892901143,-4.760199455828)
  ,.PIECEWISE_BEZIER_KNOTS.);
#2924 = CARTESIAN_POINT('',(-1.553766175321,-1.7763568394E-14));
#2925 = CARTESIAN_POINT('',(-1.553746784211,-0.120341980698));
#2926 = CARTESIAN_POINT('',(-1.553727365505,-0.240512646433));
#2927 = CARTESIAN_POINT('',(-1.55370791915,-0.36051232228));
#2928 = CARTESIAN_POINT('',(-1.553688445093,-0.480341332392));
#2929 = CARTESIAN_POINT('',(-1.553668943282,-0.6));
#2930 = ( GEOMETRIC_REPRESENTATION_CONTEXT(2) 
PARAMETRIC_REPRESENTATION_CONTEXT() REPRESENTATION_CONTEXT('2D SPACE',''
  ) );
#2931 = ORIENTED_EDGE('',*,*,#868,.T.);
#2932 = ADVANCED_FACE('',(#2933),#856,.T.);
#2933 = FACE_BOUND('',#2934,.T.);
#2934 = EDGE_LOOP('',(#2935,#2936,#2937,#2959));
#2935 = ORIENTED_EDGE('',*,*,#839,.T.);
#2936 = ORIENTED_EDGE('',*,*,#2907,.T.);
#2937 = ORIENTED_EDGE('',*,*,#2938,.F.);
#2938 = EDGE_CURVE('',#2660,#2887,#2939,.T.);
#2939 = SURFACE_CURVE('',#2940,(#2945,#2952),.PCURVE_S1.);
#2940 = CIRCLE('',#2941,105.1);
#2941 = AXIS2_PLACEMENT_3D('',#2942,#2943,#2944);
#2942 = CARTESIAN_POINT('',(0.,0.,18.));
#2943 = DIRECTION('',(0.,0.,1.));
#2944 = DIRECTION('',(1.,0.,-0.));
#2945 = PCURVE('',#856,#2946);
#2946 = DEFINITIONAL_REPRESENTATION('',(#2947),#2951);
#2947 = LINE('',#2948,#2949);
#2948 = CARTESIAN_POINT('',(-0.,-0.6));
#2949 = VECTOR('',#2950,1.);
#2950 = DIRECTION('',(-1.,-0.));
#2951 = ( GEOMETRIC_REPRESENTATION_CONTEXT(2) 
PARAMETRIC_REPRESENTATION_CONTEXT() REPRESENTATION_CONTEXT('2D SPACE',''
  ) );
#2952 = PCURVE('',#2697,#2953);
#2953 = DEFINITIONAL_REPRESENTATION('',(#2954),#2958);
#2954 = CIRCLE('',#2955,105.1);
#2955 = AXIS2_PLACEMENT_2D('',#2956,#2957);
#2956 = CARTESIAN_POINT('',(9.935610423749E-15,4.314838888996E-15));
#2957 = DIRECTION('',(1.,0.));
#2958 = ( GEOMETRIC_REPRESENTATION_CONTEXT(2) 
PARAMETRIC_REPRESENTATION_CONTEXT() REPRESENTATION_CONTEXT('2D SPACE',''
  ) );
#2959 = ORIENTED_EDGE('',*,*,#2659,.F.);
#2960 = ADVANCED_FACE('',(#2961),#1065,.F.);
#2961 = FACE_BOUND('',#2962,.T.);
#2962 = EDGE_LOOP('',(#2963,#3130,#3151,#3152));
#2963 = ORIENTED_EDGE('',*,*,#2964,.F.);
#2964 = EDGE_CURVE('',#2965,#2965,#2967,.T.);
#2965 = VERTEX_POINT('',#2966);
#2966 = CARTESIAN_POINT('',(79.244459025086,-67.50648645738,11.));
#2967 = SURFACE_CURVE('',#2968,(#3020,#3075),.PCURVE_S1.);
#2968 = B_SPLINE_CURVE_WITH_KNOTS('',8,(#2969,#2970,#2971,#2972,#2973,
    #2974,#2975,#2976,#2977,#2978,#2979,#2980,#2981,#2982,#2983,#2984,
    #2985,#2986,#2987,#2988,#2989,#2990,#2991,#2992,#2993,#2994,#2995,
    #2996,#2997,#2998,#2999,#3000,#3001,#3002,#3003,#3004,#3005,#3006,
    #3007,#3008,#3009,#3010,#3011,#3012,#3013,#3014,#3015,#3016,#3017,
    #3018,#3019),.UNSPECIFIED.,.T.,.F.,(9,7,7,7,7,7,7,9),(0.,
    0.153485297628,0.285222156719,0.421097620951,0.589595928395,
    0.714811799595,0.836753707808,1.),.UNSPECIFIED.);
#2969 = CARTESIAN_POINT('',(79.244459025085,-67.50648645738,11.));
#2970 = CARTESIAN_POINT('',(79.244459025085,-67.50648645738,
    11.238239748948));
#2971 = CARTESIAN_POINT('',(79.226111501097,-67.52802416889,
    11.477701209817));
#2972 = CARTESIAN_POINT('',(79.18908869575,-67.57148472559,
    11.715939058809));
#2973 = CARTESIAN_POINT('',(79.132818131158,-67.63747276066,
    11.950283387738));
#2974 = CARTESIAN_POINT('',(79.056563499487,-67.7267151356,
    12.177557198256));
#2975 = CARTESIAN_POINT('',(78.959471503063,-67.83998635974,
    12.393873179494));
#2976 = CARTESIAN_POINT('',(78.840678085867,-67.97796666828,
    12.594299014188));
#2977 = CARTESIAN_POINT('',(78.578451887233,-68.28082553101,
    12.924856598127));
#2978 = CARTESIAN_POINT('',(78.436241459028,-68.44449768412,
    13.066792344557));
#2979 = CARTESIAN_POINT('',(78.274822942068,-68.62943445589,
    13.185879258512));
#2980 = CARTESIAN_POINT('',(78.097872151246,-68.8310180438,
    13.272990730906));
#2981 = CARTESIAN_POINT('',(77.910563570359,-69.04298169142,
    13.32201316544));
#2982 = CARTESIAN_POINT('',(77.718961925183,-69.25830763906,
    13.329997173446));
#2983 = CARTESIAN_POINT('',(77.529428647259,-69.46993081325,
    13.297299729769));
#2984 = CARTESIAN_POINT('',(77.160601273197,-69.87939539911,
    13.155997584003));
#2985 = CARTESIAN_POINT('',(76.988158009252,-70.06955405957,
    13.047470895862));
#2986 = CARTESIAN_POINT('',(76.832684812491,-70.23996018945,
    12.909727270072));
#2987 = CARTESIAN_POINT('',(76.695287745301,-70.38978800196,
    12.749131579125));
#2988 = CARTESIAN_POINT('',(76.576417374893,-70.51888483634,
    12.571220699611));
#2989 = CARTESIAN_POINT('',(76.476041590307,-70.62755234064,
    12.380859954671));
#2990 = CARTESIAN_POINT('',(76.393722807497,-70.71646381607,
    12.182305127574));
#2991 = CARTESIAN_POINT('',(76.248104325411,-70.87348334243,
    11.727537529261));
#2992 = CARTESIAN_POINT('',(76.193248663259,-70.93240698366,
    11.466219113131));
#2993 = CARTESIAN_POINT('',(76.162908674262,-70.96492336622,
    11.199633595737));
#2994 = CARTESIAN_POINT('',(76.156406467427,-70.9718826469,
    10.930789254049));
#2995 = CARTESIAN_POINT('',(76.1736108519,-70.95345410145,
    10.662361591335));
#2996 = CARTESIAN_POINT('',(76.214898223631,-70.9091773141,
    10.397187612212));
#2997 = CARTESIAN_POINT('',(76.281086748167,-70.83801405625,
    10.138733037882));
#2998 = CARTESIAN_POINT('',(76.441894657082,-70.66439640667,
    9.708587373321));
#2999 = CARTESIAN_POINT('',(76.525474992138,-70.57399370822,
    9.529973139854));
#3000 = CARTESIAN_POINT('',(76.624619275929,-70.46649612275,
    9.35945325096));
#3001 = CARTESIAN_POINT('',(76.739550176199,-70.34148875989,
    9.200720500674));
#3002 = CARTESIAN_POINT('',(76.870145447572,-70.19888138348,
    9.05784694017));
#3003 = CARTESIAN_POINT('',(77.015880106465,-70.03897647801,
    8.935332654464));
#3004 = CARTESIAN_POINT('',(77.175709931456,-69.8626220766,
    8.838214109646));
#3005 = CARTESIAN_POINT('',(77.515522566713,-69.48536905865,
    8.708027854783));
#3006 = CARTESIAN_POINT('',(77.690639365969,-69.2899282991,
    8.674973504897));
#3007 = CARTESIAN_POINT('',(77.868324167488,-69.09043764765,
    8.676668339309));
#3008 = CARTESIAN_POINT('',(78.043276644553,-68.89275811448,
    8.713859203671));
#3009 = CARTESIAN_POINT('',(78.210330555345,-68.7028316257,
    8.784569005668));
#3010 = CARTESIAN_POINT('',(78.364970907238,-68.52605473187,
    8.88420404651));
#3011 = CARTESIAN_POINT('',(78.503759088914,-68.36668635034,
    9.005640147718));
#3012 = CARTESIAN_POINT('',(78.786367804289,-68.04101094747,
    9.318141945732));
#3013 = CARTESIAN_POINT('',(78.921771187177,-67.88395279856,
    9.525276334572));
#3014 = CARTESIAN_POINT('',(79.031809155556,-67.75567695183,
    9.75149078531));
#3015 = CARTESIAN_POINT('',(79.11791963327,-67.65494078987,
    9.990520081703));
#3016 = CARTESIAN_POINT('',(79.181448759648,-67.5804532892,
    10.23784525542));
#3017 = CARTESIAN_POINT('',(79.223429758601,-67.53117213807,
    10.490146451112));
#3018 = CARTESIAN_POINT('',(79.244459025085,-67.50648645738,
    10.744943848071));
#3019 = CARTESIAN_POINT('',(79.244459025085,-67.50648645738,11.));
#3020 = PCURVE('',#1065,#3021);
#3021 = DEFINITIONAL_REPRESENTATION('',(#3022),#3074);
#3022 = B_SPLINE_CURVE_WITH_KNOTS('',8,(#3023,#3024,#3025,#3026,#3027,
    #3028,#3029,#3030,#3031,#3032,#3033,#3034,#3035,#3036,#3037,#3038,
    #3039,#3040,#3041,#3042,#3043,#3044,#3045,#3046,#3047,#3048,#3049,
    #3050,#3051,#3052,#3053,#3054,#3055,#3056,#3057,#3058,#3059,#3060,
    #3061,#3062,#3063,#3064,#3065,#3066,#3067,#3068,#3069,#3070,#3071,
    #3072,#3073),.UNSPECIFIED.,.F.,.F.,(9,7,7,7,7,7,7,9),(0.,
    0.153485297628,0.285222156719,0.421097620951,0.589595928395,
    0.714811799595,0.836753707808,1.),.UNSPECIFIED.);
#3023 = CARTESIAN_POINT('',(0.,-0.668588696195));
#3024 = CARTESIAN_POINT('',(-0.103582499542,-0.668588696195));
#3025 = CARTESIAN_POINT('',(-0.207695696836,-0.670844499425));
#3026 = CARTESIAN_POINT('',(-0.312972727678,-0.675396677056));
#3027 = CARTESIAN_POINT('',(-0.420012337971,-0.68226796633));
#3028 = CARTESIAN_POINT('',(-0.529441154518,-0.691451687664));
#3029 = CARTESIAN_POINT('',(-0.641941498366,-0.702892129303));
#3030 = CARTESIAN_POINT('',(-0.758314208414,-0.716459310278));
#3031 = CARTESIAN_POINT('',(-0.983785309252,-0.745190942596));
#3032 = CARTESIAN_POINT('',(-1.095580641805,-0.760366673816));
#3033 = CARTESIAN_POINT('',(-1.212350502187,-0.77699659127));
#3034 = CARTESIAN_POINT('',(-1.332392297226,-0.794414609136));
#3035 = CARTESIAN_POINT('',(-1.454473222839,-0.811848374015));
#3036 = CARTESIAN_POINT('',(-1.577523562939,-0.828623989161));
#3037 = CARTESIAN_POINT('',(-1.700515222222,-0.844243904606));
#3038 = CARTESIAN_POINT('',(-1.94755267216,-0.872978752642));
#3039 = CARTESIAN_POINT('',(-2.067263331357,-0.885505429644));
#3040 = CARTESIAN_POINT('',(-2.182200039231,-0.896064607917));
#3041 = CARTESIAN_POINT('',(-2.292972035986,-0.904854472228));
#3042 = CARTESIAN_POINT('',(-2.400024116676,-0.912085674254));
#3043 = CARTESIAN_POINT('',(-2.503693485633,-0.917948805489));
#3044 = CARTESIAN_POINT('',(-2.604219088485,-0.922610543142));
#3045 = CARTESIAN_POINT('',(-2.822741558835,-0.930672298863));
#3046 = CARTESIAN_POINT('',(-2.940439046973,-0.933548794457));
#3047 = CARTESIAN_POINT('',(-3.056238767696,-0.9350877371));
#3048 = CARTESIAN_POINT('',(-3.171249025869,-0.935410937118));
#3049 = CARTESIAN_POINT('',(-3.286497885645,-0.93454532459));
#3050 = CARTESIAN_POINT('',(-3.402998220776,-0.932431488532));
#3051 = CARTESIAN_POINT('',(-3.521813426282,-0.928913820874));
#3052 = CARTESIAN_POINT('',(-3.735231694585,-0.919855966386));
#3053 = CARTESIAN_POINT('',(-3.829052317227,-0.915031826968));
#3054 = CARTESIAN_POINT('',(-3.925775733798,-0.909125150699));
#3055 = CARTESIAN_POINT('',(-4.025531914019,-0.902000015678));
#3056 = CARTESIAN_POINT('',(-4.128547818927,-0.893506174748));
#3057 = CARTESIAN_POINT('',(-4.235142246062,-0.883486297297));
#3058 = CARTESIAN_POINT('',(-4.3457522863,-0.871801657259));
#3059 = CARTESIAN_POINT('',(-4.573355910038,-0.845327308766));
#3060 = CARTESIAN_POINT('',(-4.687273714078,-0.830956098623));
#3061 = CARTESIAN_POINT('',(-4.801565022345,-0.815537034267));
#3062 = CARTESIAN_POINT('',(-4.915238438163,-0.79946657878));
#3063 = CARTESIAN_POINT('',(-5.027314365907,-0.783293223781));
#3064 = CARTESIAN_POINT('',(-5.136675679373,-0.767640324864));
#3065 = CARTESIAN_POINT('',(-5.241868718106,-0.753087925988));
#3066 = CARTESIAN_POINT('',(-5.473025159055,-0.722635179214));
#3067 = CARTESIAN_POINT('',(-5.59870329928,-0.707322947321));
#3068 = CARTESIAN_POINT('',(-5.719311850861,-0.694426819862));
#3069 = CARTESIAN_POINT('',(-5.835988313637,-0.684084899353));
#3070 = CARTESIAN_POINT('',(-5.949733407208,-0.67633615858));
#3071 = CARTESIAN_POINT('',(-6.061510685579,-0.671174171468));
#3072 = CARTESIAN_POINT('',(-6.17229132808,-0.668588696195));
#3073 = CARTESIAN_POINT('',(-6.28318530718,-0.668588696195));
#3074 = ( GEOMETRIC_REPRESENTATION_CONTEXT(2) 
PARAMETRIC_REPRESENTATION_CONTEXT() REPRESENTATION_CONTEXT('2D SPACE',''
  ) );
#3075 = PCURVE('',#2775,#3076);
#3076 = DEFINITIONAL_REPRESENTATION('',(#3077),#3129);
#3077 = B_SPLINE_CURVE_WITH_KNOTS('',8,(#3078,#3079,#3080,#3081,#3082,
    #3083,#3084,#3085,#3086,#3087,#3088,#3089,#3090,#3091,#3092,#3093,
    #3094,#3095,#3096,#3097,#3098,#3099,#3100,#3101,#3102,#3103,#3104,
    #3105,#3106,#3107,#3108,#3109,#3110,#3111,#3112,#3113,#3114,#3115,
    #3116,#3117,#3118,#3119,#3120,#3121,#3122,#3123,#3124,#3125,#3126,
    #3127,#3128),.UNSPECIFIED.,.T.,.F.,(9,7,7,7,7,7,7,9),(0.,
    0.153485297628,0.285222156719,0.421097620951,0.589595928395,
    0.714811799595,0.836753707808,1.),.UNSPECIFIED.);
#3078 = CARTESIAN_POINT('',(-5.577602889728,-9.));
#3079 = CARTESIAN_POINT('',(-5.577602889728,-9.238239748948));
#3080 = CARTESIAN_POINT('',(-5.577331101145,-9.477701209817));
#3081 = CARTESIAN_POINT('',(-5.576782665985,-9.715939058809));
#3082 = CARTESIAN_POINT('',(-5.575949596621,-9.950283387738));
#3083 = CARTESIAN_POINT('',(-5.574821991146,-10.17755719825));
#3084 = CARTESIAN_POINT('',(-5.573388867971,-10.39387317949));
#3085 = CARTESIAN_POINT('',(-5.571639858257,-10.59429901418));
#3086 = CARTESIAN_POINT('',(-5.567791566934,-10.92485659812));
#3087 = CARTESIAN_POINT('',(-5.565708732582,-11.06679234455));
#3088 = CARTESIAN_POINT('',(-5.563350681868,-11.18587925851));
#3089 = CARTESIAN_POINT('',(-5.560774043124,-11.2729907309));
#3090 = CARTESIAN_POINT('',(-5.558056823482,-11.32201316544));
#3091 = CARTESIAN_POINT('',(-5.555288068669,-11.32999717344));
#3092 = CARTESIAN_POINT('',(-5.552559067415,-11.29729972976));
#3093 = CARTESIAN_POINT('',(-5.547265261623,-11.155997584));
#3094 = CARTESIAN_POINT('',(-5.544799337919,-11.04747089586));
#3095 = CARTESIAN_POINT('',(-5.542583471476,-10.90972727007));
#3096 = CARTESIAN_POINT('',(-5.540630659099,-10.74913157912));
#3097 = CARTESIAN_POINT('',(-5.538944896359,-10.57122069961));
#3098 = CARTESIAN_POINT('',(-5.537523839934,-10.38085995467));
#3099 = CARTESIAN_POINT('',(-5.536359884608,-10.18230512757));
#3100 = CARTESIAN_POINT('',(-5.534302735845,-9.727537529261));
#3101 = CARTESIAN_POINT('',(-5.533529389271,-9.466219113131));
#3102 = CARTESIAN_POINT('',(-5.533102176838,-9.199633595737));
#3103 = CARTESIAN_POINT('',(-5.533010685679,-8.930789254049));
#3104 = CARTESIAN_POINT('',(-5.533252868165,-8.662361591335));
#3105 = CARTESIAN_POINT('',(-5.533834423473,-8.397187612212));
#3106 = CARTESIAN_POINT('',(-5.534768005142,-8.138733037882));
#3107 = CARTESIAN_POINT('',(-5.537041280755,-7.708587373321));
#3108 = CARTESIAN_POINT('',(-5.538223980872,-7.529973139854));
#3109 = CARTESIAN_POINT('',(-5.539628755236,-7.35945325096));
#3110 = CARTESIAN_POINT('',(-5.541259985628,-7.200720500674));
#3111 = CARTESIAN_POINT('',(-5.543117518746,-7.05784694017));
#3112 = CARTESIAN_POINT('',(-5.545195815343,-6.935332654464));
#3113 = CARTESIAN_POINT('',(-5.54748211728,-6.838214109646));
#3114 = CARTESIAN_POINT('',(-5.552359472442,-6.708027854783));
#3115 = CARTESIAN_POINT('',(-5.554880285905,-6.674973504897));
#3116 = CARTESIAN_POINT('',(-5.557446536312,-6.676668339309));
#3117 = CARTESIAN_POINT('',(-5.559982345298,-6.713859203671));
#3118 = CARTESIAN_POINT('',(-5.562412113099,-6.784569005668));
#3119 = CARTESIAN_POINT('',(-5.564668295764,-6.88420404651));
#3120 = CARTESIAN_POINT('',(-5.566698361365,-7.005640147718));
#3121 = CARTESIAN_POINT('',(-5.57084051803,-7.318141945732));
#3122 = CARTESIAN_POINT('',(-5.572832511883,-7.525276334572));
#3123 = CARTESIAN_POINT('',(-5.574456003094,-7.75149078531));
#3124 = CARTESIAN_POINT('',(-5.57572905298,-7.990520081703));
#3125 = CARTESIAN_POINT('',(-5.576669491146,-8.23784525542));
#3126 = CARTESIAN_POINT('',(-5.577291375972,-8.490146451112));
#3127 = CARTESIAN_POINT('',(-5.577602889728,-8.744943848071));
#3128 = CARTESIAN_POINT('',(-5.577602889728,-9.));
#3129 = ( GEOMETRIC_REPRESENTATION_CONTEXT(2) 
PARAMETRIC_REPRESENTATION_CONTEXT() REPRESENTATION_CONTEXT('2D SPACE',''
  ) );
#3130 = ORIENTED_EDGE('',*,*,#3131,.T.);
#3131 = EDGE_CURVE('',#2965,#954,#3132,.T.);
#3132 = SEAM_CURVE('',#3133,(#3137,#3144),.PCURVE_S1.);
#3133 = LINE('',#3134,#3135);
#3134 = CARTESIAN_POINT('',(78.771695424181,-67.03372285648,11.));
#3135 = VECTOR('',#3136,1.);
#3136 = DIRECTION('',(0.707106781187,-0.707106781187,0.));
#3137 = PCURVE('',#1065,#3138);
#3138 = DEFINITIONAL_REPRESENTATION('',(#3139),#3143);
#3139 = LINE('',#3140,#3141);
#3140 = CARTESIAN_POINT('',(-6.28318530718,0.));
#3141 = VECTOR('',#3142,1.);
#3142 = DIRECTION('',(-0.,-1.));
#3143 = ( GEOMETRIC_REPRESENTATION_CONTEXT(2) 
PARAMETRIC_REPRESENTATION_CONTEXT() REPRESENTATION_CONTEXT('2D SPACE',''
  ) );
#3144 = PCURVE('',#1065,#3145);
#3145 = DEFINITIONAL_REPRESENTATION('',(#3146),#3150);
#3146 = LINE('',#3147,#3148);
#3147 = CARTESIAN_POINT('',(-0.,0.));
#3148 = VECTOR('',#3149,1.);
#3149 = DIRECTION('',(-0.,-1.));
#3150 = ( GEOMETRIC_REPRESENTATION_CONTEXT(2) 
PARAMETRIC_REPRESENTATION_CONTEXT() REPRESENTATION_CONTEXT('2D SPACE',''
  ) );
#3151 = ORIENTED_EDGE('',*,*,#953,.T.);
#3152 = ORIENTED_EDGE('',*,*,#3131,.F.);
#3153 = ADVANCED_FACE('',(#3154),#1239,.F.);
#3154 = FACE_BOUND('',#3155,.T.);
#3155 = EDGE_LOOP('',(#3156,#3323,#3344,#3345));
#3156 = ORIENTED_EDGE('',*,*,#3157,.F.);
#3157 = EDGE_CURVE('',#3158,#3158,#3160,.T.);
#3158 = VERTEX_POINT('',#3159);
#3159 = CARTESIAN_POINT('',(67.506486457389,79.244459025085,11.));
#3160 = SURFACE_CURVE('',#3161,(#3213,#3268),.PCURVE_S1.);
#3161 = B_SPLINE_CURVE_WITH_KNOTS('',8,(#3162,#3163,#3164,#3165,#3166,
    #3167,#3168,#3169,#3170,#3171,#3172,#3173,#3174,#3175,#3176,#3177,
    #3178,#3179,#3180,#3181,#3182,#3183,#3184,#3185,#3186,#3187,#3188,
    #3189,#3190,#3191,#3192,#3193,#3194,#3195,#3196,#3197,#3198,#3199,
    #3200,#3201,#3202,#3203,#3204,#3205,#3206,#3207,#3208,#3209,#3210,
    #3211,#3212),.UNSPECIFIED.,.T.,.F.,(9,7,7,7,7,7,7,9),(0.,
    0.153485298225,0.285222158433,0.421097623288,0.589595931504,
    0.714811803229,0.836753711543,1.),.UNSPECIFIED.);
#3162 = CARTESIAN_POINT('',(67.506486457389,79.244459025085,11.));
#3163 = CARTESIAN_POINT('',(67.506486457389,79.244459025085,
    11.238239748946));
#3164 = CARTESIAN_POINT('',(67.528024168898,79.226111501097,
    11.477701209815));
#3165 = CARTESIAN_POINT('',(67.57148472559,79.189088695751,
    11.715939058807));
#3166 = CARTESIAN_POINT('',(67.637472760663,79.132818131159,
    11.950283387737));
#3167 = CARTESIAN_POINT('',(67.7267151356,79.056563499487,
    12.177557198258));
#3168 = CARTESIAN_POINT('',(67.83998635975,78.959471503062,
    12.393873179496));
#3169 = CARTESIAN_POINT('',(67.977966668285,78.840678085865,
    12.59429901419));
#3170 = CARTESIAN_POINT('',(68.280825531649,78.57845188668,
    12.924856598824));
#3171 = CARTESIAN_POINT('',(68.444497683793,78.436241459311,
    13.066792343857));
#3172 = CARTESIAN_POINT('',(68.629434455097,78.27482294276,
    13.185879258206));
#3173 = CARTESIAN_POINT('',(68.831018043789,78.097872151278,
    13.272990731372));
#3174 = CARTESIAN_POINT('',(69.042981692279,77.910563569606,
    13.322013165618));
#3175 = CARTESIAN_POINT('',(69.258307639463,77.718961924812,
    13.329997172995));
#3176 = CARTESIAN_POINT('',(69.469930812468,77.529428647965,
    13.297299730039));
#3177 = CARTESIAN_POINT('',(69.879395399118,77.160601273197,
    13.155997584003));
#3178 = CARTESIAN_POINT('',(70.069554059571,76.988158009252,
    13.047470895862));
#3179 = CARTESIAN_POINT('',(70.239960189454,76.832684812491,
    12.909727270072));
#3180 = CARTESIAN_POINT('',(70.389788001964,76.695287745302,
    12.749131579125));
#3181 = CARTESIAN_POINT('',(70.518884836349,76.576417374893,
    12.571220699611));
#3182 = CARTESIAN_POINT('',(70.627552340647,76.476041590307,
    12.380859954671));
#3183 = CARTESIAN_POINT('',(70.716463816069,76.393722807497,
    12.182305127574));
#3184 = CARTESIAN_POINT('',(70.873483342433,76.248104325411,
    11.72753752926));
#3185 = CARTESIAN_POINT('',(70.932406983664,76.19324866326,
    11.466219113131));
#3186 = CARTESIAN_POINT('',(70.964923366221,76.162908674261,
    11.199633595737));
#3187 = CARTESIAN_POINT('',(70.971882646904,76.156406467427,
    10.930789254048));
#3188 = CARTESIAN_POINT('',(70.953454101453,76.173610851901,
    10.662361591335));
#3189 = CARTESIAN_POINT('',(70.909177314101,76.214898223631,
    10.397187612213));
#3190 = CARTESIAN_POINT('',(70.838014056255,76.281086748167,
    10.138733037882));
#3191 = CARTESIAN_POINT('',(70.664396406706,76.441894657055,
    9.708587373393));
#3192 = CARTESIAN_POINT('',(70.573993708248,76.52547499212,
    9.529973139865));
#3193 = CARTESIAN_POINT('',(70.466496122732,76.624619275946,
    9.359453250915));
#3194 = CARTESIAN_POINT('',(70.341488759855,76.739550176239,
    9.200720500627));
#3195 = CARTESIAN_POINT('',(70.198881383458,76.870145447599,
    9.057846940165));
#3196 = CARTESIAN_POINT('',(70.03897647803,77.015880106446,
    8.935332654493));
#3197 = CARTESIAN_POINT('',(69.862622076662,77.175709931405,
    8.838214109666));
#3198 = CARTESIAN_POINT('',(69.485369059224,77.5155225662,8.70802785498)
  );
#3199 = CARTESIAN_POINT('',(69.289928298808,77.690639366244,
    8.674973504585));
#3200 = CARTESIAN_POINT('',(69.090437647049,77.868324168025,
    8.676668339415));
#3201 = CARTESIAN_POINT('',(68.892758114492,78.043276644541,
    8.713859203987));
#3202 = CARTESIAN_POINT('',(68.702831626289,78.210330554834,
    8.784569005472));
#3203 = CARTESIAN_POINT('',(68.526054732134,78.364970907019,
    8.884204046041));
#3204 = CARTESIAN_POINT('',(68.366686349857,78.503759089336,
    9.005640148184));
#3205 = CARTESIAN_POINT('',(68.041010952542,78.786367799887,
    9.318141940865));
#3206 = CARTESIAN_POINT('',(67.883952786831,78.921771197347,
    9.525276351284));
#3207 = CARTESIAN_POINT('',(67.755676960345,79.031809148195,
    9.751490765292));
#3208 = CARTESIAN_POINT('',(67.654940793441,79.117919630177,
    9.990520082879));
#3209 = CARTESIAN_POINT('',(67.58045328052,79.181448767162,
    10.237845275349));
#3210 = CARTESIAN_POINT('',(67.53117214199,79.223429755213,
    10.49014643179));
#3211 = CARTESIAN_POINT('',(67.506486457389,79.244459025085,
    10.744943854714));
#3212 = CARTESIAN_POINT('',(67.506486457389,79.244459025085,11.));
#3213 = PCURVE('',#1239,#3214);
#3214 = DEFINITIONAL_REPRESENTATION('',(#3215),#3267);
#3215 = B_SPLINE_CURVE_WITH_KNOTS('',8,(#3216,#3217,#3218,#3219,#3220,
    #3221,#3222,#3223,#3224,#3225,#3226,#3227,#3228,#3229,#3230,#3231,
    #3232,#3233,#3234,#3235,#3236,#3237,#3238,#3239,#3240,#3241,#3242,
    #3243,#3244,#3245,#3246,#3247,#3248,#3249,#3250,#3251,#3252,#3253,
    #3254,#3255,#3256,#3257,#3258,#3259,#3260,#3261,#3262,#3263,#3264,
    #3265,#3266),.UNSPECIFIED.,.F.,.F.,(9,7,7,7,7,7,7,9),(0.,
    0.153485298225,0.285222158433,0.421097623288,0.589595931504,
    0.714811803229,0.836753711543,1.),.UNSPECIFIED.);
#3216 = CARTESIAN_POINT('',(0.,-0.668588696195));
#3217 = CARTESIAN_POINT('',(-0.103582499542,-0.668588696195));
#3218 = CARTESIAN_POINT('',(-0.207695696835,-0.670844499425));
#3219 = CARTESIAN_POINT('',(-0.312972727677,-0.675396677056));
#3220 = CARTESIAN_POINT('',(-0.420012337971,-0.68226796633));
#3221 = CARTESIAN_POINT('',(-0.529441154519,-0.691451687664));
#3222 = CARTESIAN_POINT('',(-0.641941498366,-0.702892129303));
#3223 = CARTESIAN_POINT('',(-0.758314208415,-0.716459310278));
#3224 = CARTESIAN_POINT('',(-0.983785309728,-0.745190942657));
#3225 = CARTESIAN_POINT('',(-1.095580641465,-0.760366673781));
#3226 = CARTESIAN_POINT('',(-1.212350501774,-0.776996591199));
#3227 = CARTESIAN_POINT('',(-1.332392297262,-0.794414609146));
#3228 = CARTESIAN_POINT('',(-1.454473223265,-0.811848374083));
#3229 = CARTESIAN_POINT('',(-1.577523563218,-0.828623989182));
#3230 = CARTESIAN_POINT('',(-1.70051522175,-0.844243904551));
#3231 = CARTESIAN_POINT('',(-1.94755267216,-0.872978752642));
#3232 = CARTESIAN_POINT('',(-2.067263331357,-0.885505429643));
#3233 = CARTESIAN_POINT('',(-2.182200039231,-0.896064607917));
#3234 = CARTESIAN_POINT('',(-2.292972035986,-0.904854472228));
#3235 = CARTESIAN_POINT('',(-2.400024116676,-0.912085674254));
#3236 = CARTESIAN_POINT('',(-2.503693485633,-0.91794880549));
#3237 = CARTESIAN_POINT('',(-2.604219088484,-0.922610543142));
#3238 = CARTESIAN_POINT('',(-2.822741558835,-0.930672298863));
#3239 = CARTESIAN_POINT('',(-2.940439046973,-0.933548794457));
#3240 = CARTESIAN_POINT('',(-3.056238767696,-0.9350877371));
#3241 = CARTESIAN_POINT('',(-3.171249025869,-0.935410937118));
#3242 = CARTESIAN_POINT('',(-3.286497885645,-0.93454532459));
#3243 = CARTESIAN_POINT('',(-3.402998220776,-0.932431488532));
#3244 = CARTESIAN_POINT('',(-3.521813426282,-0.928913820874));
#3245 = CARTESIAN_POINT('',(-3.735231694549,-0.919855966388));
#3246 = CARTESIAN_POINT('',(-3.829052317217,-0.915031826969));
#3247 = CARTESIAN_POINT('',(-3.925775733819,-0.909125150698));
#3248 = CARTESIAN_POINT('',(-4.02553191405,-0.902000015675));
#3249 = CARTESIAN_POINT('',(-4.128547818942,-0.893506174746));
#3250 = CARTESIAN_POINT('',(-4.235142246046,-0.883486297298));
#3251 = CARTESIAN_POINT('',(-4.345752286266,-0.871801657263));
#3252 = CARTESIAN_POINT('',(-4.573355909695,-0.845327308806));
#3253 = CARTESIAN_POINT('',(-4.687273714282,-0.830956098607));
#3254 = CARTESIAN_POINT('',(-4.801565022657,-0.815537034218));
#3255 = CARTESIAN_POINT('',(-4.915238438184,-0.799466578775));
#3256 = CARTESIAN_POINT('',(-5.027314365603,-0.783293223831));
#3257 = CARTESIAN_POINT('',(-5.136675679134,-0.767640324892));
#3258 = CARTESIAN_POINT('',(-5.24186871845,-0.753087925942));
#3259 = CARTESIAN_POINT('',(-5.473025155455,-0.722635179689));
#3260 = CARTESIAN_POINT('',(-5.598703309777,-0.707322946213));
#3261 = CARTESIAN_POINT('',(-5.719311839995,-0.694426820675));
#3262 = CARTESIAN_POINT('',(-5.835988313116,-0.684084899687));
#3263 = CARTESIAN_POINT('',(-5.949733418091,-0.676336157752));
#3264 = CARTESIAN_POINT('',(-6.061510676215,-0.671174171844));
#3265 = CARTESIAN_POINT('',(-6.172291330968,-0.668588696195));
#3266 = CARTESIAN_POINT('',(-6.28318530718,-0.668588696195));
#3267 = ( GEOMETRIC_REPRESENTATION_CONTEXT(2) 
PARAMETRIC_REPRESENTATION_CONTEXT() REPRESENTATION_CONTEXT('2D SPACE',''
  ) );
#3268 = PCURVE('',#2775,#3269);
#3269 = DEFINITIONAL_REPRESENTATION('',(#3270),#3322);
#3270 = B_SPLINE_CURVE_WITH_KNOTS('',8,(#3271,#3272,#3273,#3274,#3275,
    #3276,#3277,#3278,#3279,#3280,#3281,#3282,#3283,#3284,#3285,#3286,
    #3287,#3288,#3289,#3290,#3291,#3292,#3293,#3294,#3295,#3296,#3297,
    #3298,#3299,#3300,#3301,#3302,#3303,#3304,#3305,#3306,#3307,#3308,
    #3309,#3310,#3311,#3312,#3313,#3314,#3315,#3316,#3317,#3318,#3319,
    #3320,#3321),.UNSPECIFIED.,.T.,.F.,(9,7,7,7,7,7,7,9),(0.,
    0.153485298225,0.285222158433,0.421097623288,0.589595931504,
    0.714811803229,0.836753711543,1.),.UNSPECIFIED.);
#3271 = CARTESIAN_POINT('',(-0.865213909343,-9.));
#3272 = CARTESIAN_POINT('',(-0.865213909343,-9.238239748946));
#3273 = CARTESIAN_POINT('',(-0.86494212076,-9.477701209815));
#3274 = CARTESIAN_POINT('',(-0.864393685601,-9.715939058807));
#3275 = CARTESIAN_POINT('',(-0.863560616236,-9.950283387737));
#3276 = CARTESIAN_POINT('',(-0.862433010762,-10.17755719825));
#3277 = CARTESIAN_POINT('',(-0.860999887587,-10.39387317949));
#3278 = CARTESIAN_POINT('',(-0.859250877872,-10.59429901419));
#3279 = CARTESIAN_POINT('',(-0.855402586541,-10.92485659882));
#3280 = CARTESIAN_POINT('',(-0.853319752202,-11.06679234385));
#3281 = CARTESIAN_POINT('',(-0.850961701494,-11.1858792582));
#3282 = CARTESIAN_POINT('',(-0.84838506274,-11.27299073137));
#3283 = CARTESIAN_POINT('',(-0.845667843086,-11.32201316561));
#3284 = CARTESIAN_POINT('',(-0.842899088279,-11.32999717299));
#3285 = CARTESIAN_POINT('',(-0.840170087041,-11.29729973003));
#3286 = CARTESIAN_POINT('',(-0.834876281238,-11.155997584));
#3287 = CARTESIAN_POINT('',(-0.832410357535,-11.04747089586));
#3288 = CARTESIAN_POINT('',(-0.830194491091,-10.90972727007));
#3289 = CARTESIAN_POINT('',(-0.828241678715,-10.74913157912));
#3290 = CARTESIAN_POINT('',(-0.826555915974,-10.57122069961));
#3291 = CARTESIAN_POINT('',(-0.82513485955,-10.38085995467));
#3292 = CARTESIAN_POINT('',(-0.823970904224,-10.18230512757));
#3293 = CARTESIAN_POINT('',(-0.82191375546,-9.72753752926));
#3294 = CARTESIAN_POINT('',(-0.821140408886,-9.466219113131));
#3295 = CARTESIAN_POINT('',(-0.820713196453,-9.199633595737));
#3296 = CARTESIAN_POINT('',(-0.820621705294,-8.930789254048));
#3297 = CARTESIAN_POINT('',(-0.82086388778,-8.662361591335));
#3298 = CARTESIAN_POINT('',(-0.821445443088,-8.397187612213));
#3299 = CARTESIAN_POINT('',(-0.822379024757,-8.138733037882));
#3300 = CARTESIAN_POINT('',(-0.82465230037,-7.708587373393));
#3301 = CARTESIAN_POINT('',(-0.825835000487,-7.529973139865));
#3302 = CARTESIAN_POINT('',(-0.827239774851,-7.359453250915));
#3303 = CARTESIAN_POINT('',(-0.828871005244,-7.200720500627));
#3304 = CARTESIAN_POINT('',(-0.830728538362,-7.057846940164));
#3305 = CARTESIAN_POINT('',(-0.832806834958,-6.935332654493));
#3306 = CARTESIAN_POINT('',(-0.835093136894,-6.838214109666));
#3307 = CARTESIAN_POINT('',(-0.83997049205,-6.70802785498));
#3308 = CARTESIAN_POINT('',(-0.842491305525,-6.674973504585));
#3309 = CARTESIAN_POINT('',(-0.845057555935,-6.676668339415));
#3310 = CARTESIAN_POINT('',(-0.847593364913,-6.713859203987));
#3311 = CARTESIAN_POINT('',(-0.850023132707,-6.784569005472));
#3312 = CARTESIAN_POINT('',(-0.852279315377,-6.884204046041));
#3313 = CARTESIAN_POINT('',(-0.854309380986,-7.005640148184));
#3314 = CARTESIAN_POINT('',(-0.858451537581,-7.318141940865));
#3315 = CARTESIAN_POINT('',(-0.860443531647,-7.525276351284));
#3316 = CARTESIAN_POINT('',(-0.862067022601,-7.751490765292));
#3317 = CARTESIAN_POINT('',(-0.86334007255,-7.990520082879));
#3318 = CARTESIAN_POINT('',(-0.864280510872,-8.237845275349));
#3319 = CARTESIAN_POINT('',(-0.864902395538,-8.49014643179));
#3320 = CARTESIAN_POINT('',(-0.865213909343,-8.744943854714));
#3321 = CARTESIAN_POINT('',(-0.865213909343,-9.));
#3322 = ( GEOMETRIC_REPRESENTATION_CONTEXT(2) 
PARAMETRIC_REPRESENTATION_CONTEXT() REPRESENTATION_CONTEXT('2D SPACE',''
  ) );
#3323 = ORIENTED_EDGE('',*,*,#3324,.T.);
#3324 = EDGE_CURVE('',#3158,#1128,#3325,.T.);
#3325 = SEAM_CURVE('',#3326,(#3330,#3337),.PCURVE_S1.);
#3326 = LINE('',#3327,#3328);
#3327 = CARTESIAN_POINT('',(67.033722856485,78.771695424181,11.));
#3328 = VECTOR('',#3329,1.);
#3329 = DIRECTION('',(0.707106781187,0.707106781187,0.));
#3330 = PCURVE('',#1239,#3331);
#3331 = DEFINITIONAL_REPRESENTATION('',(#3332),#3336);
#3332 = LINE('',#3333,#3334);
#3333 = CARTESIAN_POINT('',(-6.28318530718,0.));
#3334 = VECTOR('',#3335,1.);
#3335 = DIRECTION('',(-0.,-1.));
#3336 = ( GEOMETRIC_REPRESENTATION_CONTEXT(2) 
PARAMETRIC_REPRESENTATION_CONTEXT() REPRESENTATION_CONTEXT('2D SPACE',''
  ) );
#3337 = PCURVE('',#1239,#3338);
#3338 = DEFINITIONAL_REPRESENTATION('',(#3339),#3343);
#3339 = LINE('',#3340,#3341);
#3340 = CARTESIAN_POINT('',(-0.,0.));
#3341 = VECTOR('',#3342,1.);
#3342 = DIRECTION('',(-0.,-1.));
#3343 = ( GEOMETRIC_REPRESENTATION_CONTEXT(2) 
PARAMETRIC_REPRESENTATION_CONTEXT() REPRESENTATION_CONTEXT('2D SPACE',''
  ) );
#3344 = ORIENTED_EDGE('',*,*,#1127,.T.);
#3345 = ORIENTED_EDGE('',*,*,#3324,.F.);
#3346 = ADVANCED_FACE('',(#3347),#1413,.F.);
#3347 = FACE_BOUND('',#3348,.T.);
#3348 = EDGE_LOOP('',(#3349,#3516,#3537,#3538));
#3349 = ORIENTED_EDGE('',*,*,#3350,.F.);
#3350 = EDGE_CURVE('',#3351,#3351,#3353,.T.);
#3351 = VERTEX_POINT('',#3352);
#3352 = CARTESIAN_POINT('',(-79.24445902508,67.506486457388,11.));
#3353 = SURFACE_CURVE('',#3354,(#3406,#3461),.PCURVE_S1.);
#3354 = B_SPLINE_CURVE_WITH_KNOTS('',8,(#3355,#3356,#3357,#3358,#3359,
    #3360,#3361,#3362,#3363,#3364,#3365,#3366,#3367,#3368,#3369,#3370,
    #3371,#3372,#3373,#3374,#3375,#3376,#3377,#3378,#3379,#3380,#3381,
    #3382,#3383,#3384,#3385,#3386,#3387,#3388,#3389,#3390,#3391,#3392,
    #3393,#3394,#3395,#3396,#3397,#3398,#3399,#3400,#3401,#3402,#3403,
    #3404,#3405),.UNSPECIFIED.,.T.,.F.,(9,7,7,7,7,7,7,9),(0.,
    0.153485298184,0.285222157758,0.421097622553,0.589595926707,
    0.714811798515,0.836753706946,1.),.UNSPECIFIED.);
#3355 = CARTESIAN_POINT('',(-79.24445902508,67.506486457388,11.));
#3356 = CARTESIAN_POINT('',(-79.24445902508,67.506486457388,
    11.238239748944));
#3357 = CARTESIAN_POINT('',(-79.22611150109,67.528024168897,
    11.477701209811));
#3358 = CARTESIAN_POINT('',(-79.18908869575,67.571484725588,
    11.715939058803));
#3359 = CARTESIAN_POINT('',(-79.13281813115,67.637472760662,
    11.950283387736));
#3360 = CARTESIAN_POINT('',(-79.05656349948,67.7267151356,12.17755719826
    ));
#3361 = CARTESIAN_POINT('',(-78.95947150305,67.839986359752,
    12.393873179501));
#3362 = CARTESIAN_POINT('',(-78.84067808586,67.977966668288,
    12.594299014194));
#3363 = CARTESIAN_POINT('',(-78.57845188723,68.280825531009,
    12.924856598127));
#3364 = CARTESIAN_POINT('',(-78.43624145902,68.444497684124,
    13.066792344557));
#3365 = CARTESIAN_POINT('',(-78.27482294206,68.629434455891,
    13.185879258513));
#3366 = CARTESIAN_POINT('',(-78.09787215124,68.831018043805,
    13.272990730905));
#3367 = CARTESIAN_POINT('',(-77.91056357035,69.042981691429,
    13.32201316544));
#3368 = CARTESIAN_POINT('',(-77.71896192518,69.258307639061,
    13.329997173446));
#3369 = CARTESIAN_POINT('',(-77.52942864725,69.469930813251,
    13.297299729769));
#3370 = CARTESIAN_POINT('',(-77.1606012731,69.87939539922,
    13.155997583968));
#3371 = CARTESIAN_POINT('',(-76.98815800921,70.069554059607,
    13.047470895808));
#3372 = CARTESIAN_POINT('',(-76.83268481253,70.239960189402,
    12.909727270082));
#3373 = CARTESIAN_POINT('',(-76.69528774537,70.389788001887,
    12.749131579212));
#3374 = CARTESIAN_POINT('',(-76.57641737492,70.51888483632,
    12.571220699696));
#3375 = CARTESIAN_POINT('',(-76.47604159027,70.62755234068,
    12.38085995465));
#3376 = CARTESIAN_POINT('',(-76.39372280745,70.716463816115,
    12.18230512744));
#3377 = CARTESIAN_POINT('',(-76.24810432737,70.873483340317,
    11.727537535385));
#3378 = CARTESIAN_POINT('',(-76.19324866047,70.932406986662,
    11.466219094209));
#3379 = CARTESIAN_POINT('',(-76.16290867369,70.96492336683,
    11.199633616529));
#3380 = CARTESIAN_POINT('',(-76.15640647036,70.971882643735,
    10.930789254123));
#3381 = CARTESIAN_POINT('',(-76.1736108523,70.95345410101,
    10.662361570538));
#3382 = CARTESIAN_POINT('',(-76.21489821996,70.909177318059,
    10.397187630971));
#3383 = CARTESIAN_POINT('',(-76.28108675041,70.838014053828,
    10.138733031869));
#3384 = CARTESIAN_POINT('',(-76.44189465708,70.664396406676,
    9.708587373321));
#3385 = CARTESIAN_POINT('',(-76.52547499213,70.573993708229,
    9.529973139854));
#3386 = CARTESIAN_POINT('',(-76.62461927592,70.466496122749,
    9.35945325096));
#3387 = CARTESIAN_POINT('',(-76.73955017619,70.341488759898,
    9.200720500673));
#3388 = CARTESIAN_POINT('',(-76.87014544757,70.198881383486,
    9.057846940171));
#3389 = CARTESIAN_POINT('',(-77.01588010646,70.038976478009,
    8.935332654464));
#3390 = CARTESIAN_POINT('',(-77.17570993145,69.862622076604,
    8.838214109646));
#3391 = CARTESIAN_POINT('',(-77.51552256619,69.485369059223,
    8.70802785498));
#3392 = CARTESIAN_POINT('',(-77.69063936624,69.289928298807,
    8.674973504585));
#3393 = CARTESIAN_POINT('',(-77.86832416802,69.090437647048,
    8.676668339415));
#3394 = CARTESIAN_POINT('',(-78.04327664454,68.892758114492,
    8.713859203987));
#3395 = CARTESIAN_POINT('',(-78.21033055483,68.702831626288,
    8.784569005472));
#3396 = CARTESIAN_POINT('',(-78.36497090701,68.526054732133,
    8.884204046041));
#3397 = CARTESIAN_POINT('',(-78.50375908933,68.366686349857,
    9.005640148184));
#3398 = CARTESIAN_POINT('',(-78.78636780428,68.04101094747,
    9.318141945731));
#3399 = CARTESIAN_POINT('',(-78.92177118717,67.883952798567,
    9.525276334573));
#3400 = CARTESIAN_POINT('',(-79.03180915555,67.755676951835,
    9.751490785308));
#3401 = CARTESIAN_POINT('',(-79.11791963326,67.654940789875,
    9.990520081703));
#3402 = CARTESIAN_POINT('',(-79.18144875964,67.580453289205,
    10.237845255422));
#3403 = CARTESIAN_POINT('',(-79.2234297586,67.53117213807,
    10.490146451111));
#3404 = CARTESIAN_POINT('',(-79.24445902508,67.506486457388,
    10.744943848072));
#3405 = CARTESIAN_POINT('',(-79.24445902508,67.506486457388,11.));
#3406 = PCURVE('',#1413,#3407);
#3407 = DEFINITIONAL_REPRESENTATION('',(#3408),#3460);
#3408 = B_SPLINE_CURVE_WITH_KNOTS('',8,(#3409,#3410,#3411,#3412,#3413,
    #3414,#3415,#3416,#3417,#3418,#3419,#3420,#3421,#3422,#3423,#3424,
    #3425,#3426,#3427,#3428,#3429,#3430,#3431,#3432,#3433,#3434,#3435,
    #3436,#3437,#3438,#3439,#3440,#3441,#3442,#3443,#3444,#3445,#3446,
    #3447,#3448,#3449,#3450,#3451,#3452,#3453,#3454,#3455,#3456,#3457,
    #3458,#3459),.UNSPECIFIED.,.F.,.F.,(9,7,7,7,7,7,7,9),(0.,
    0.153485298184,0.285222157758,0.421097622553,0.589595926707,
    0.714811798515,0.836753706946,1.),.UNSPECIFIED.);
#3409 = CARTESIAN_POINT('',(0.,-0.668588696194));
#3410 = CARTESIAN_POINT('',(-0.103582499541,-0.668588696194));
#3411 = CARTESIAN_POINT('',(-0.207695696834,-0.670844499424));
#3412 = CARTESIAN_POINT('',(-0.312972727675,-0.675396677055));
#3413 = CARTESIAN_POINT('',(-0.42001233797,-0.682267966329));
#3414 = CARTESIAN_POINT('',(-0.52944115452,-0.691451687663));
#3415 = CARTESIAN_POINT('',(-0.641941498369,-0.702892129303));
#3416 = CARTESIAN_POINT('',(-0.758314208418,-0.716459310278));
#3417 = CARTESIAN_POINT('',(-0.983785309252,-0.745190942595));
#3418 = CARTESIAN_POINT('',(-1.095580641805,-0.760366673815));
#3419 = CARTESIAN_POINT('',(-1.212350502186,-0.77699659127));
#3420 = CARTESIAN_POINT('',(-1.332392297227,-0.794414609134));
#3421 = CARTESIAN_POINT('',(-1.454473222838,-0.811848374015));
#3422 = CARTESIAN_POINT('',(-1.577523562939,-0.82862398916));
#3423 = CARTESIAN_POINT('',(-1.700515222222,-0.844243904605));
#3424 = CARTESIAN_POINT('',(-1.947552672221,-0.872978752648));
#3425 = CARTESIAN_POINT('',(-2.067263331384,-0.885505429644));
#3426 = CARTESIAN_POINT('',(-2.182200039204,-0.896064607913));
#3427 = CARTESIAN_POINT('',(-2.292972035931,-0.904854472223));
#3428 = CARTESIAN_POINT('',(-2.400024116637,-0.912085674252));
#3429 = CARTESIAN_POINT('',(-2.50369348565,-0.917948805491));
#3430 = CARTESIAN_POINT('',(-2.604219088549,-0.922610543144));
#3431 = CARTESIAN_POINT('',(-2.822741555892,-0.930672298754));
#3432 = CARTESIAN_POINT('',(-2.94043905597,-0.933548794609));
#3433 = CARTESIAN_POINT('',(-3.056238757829,-0.935087737133));
#3434 = CARTESIAN_POINT('',(-3.171249025899,-0.935410936954));
#3435 = CARTESIAN_POINT('',(-3.286497895512,-0.934545324565));
#3436 = CARTESIAN_POINT('',(-3.402998211716,-0.932431488738));
#3437 = CARTESIAN_POINT('',(-3.521813429266,-0.928913820747));
#3438 = CARTESIAN_POINT('',(-3.735231694585,-0.919855966385));
#3439 = CARTESIAN_POINT('',(-3.829052317226,-0.915031826967));
#3440 = CARTESIAN_POINT('',(-3.925775733798,-0.909125150698));
#3441 = CARTESIAN_POINT('',(-4.02553191402,-0.902000015677));
#3442 = CARTESIAN_POINT('',(-4.128547818927,-0.893506174748));
#3443 = CARTESIAN_POINT('',(-4.235142246061,-0.883486297297));
#3444 = CARTESIAN_POINT('',(-4.3457522863,-0.871801657258));
#3445 = CARTESIAN_POINT('',(-4.573355909695,-0.845327308805));
#3446 = CARTESIAN_POINT('',(-4.687273714282,-0.830956098606));
#3447 = CARTESIAN_POINT('',(-4.801565022657,-0.815537034217));
#3448 = CARTESIAN_POINT('',(-4.915238438184,-0.799466578774));
#3449 = CARTESIAN_POINT('',(-5.027314365603,-0.78329322383));
#3450 = CARTESIAN_POINT('',(-5.136675679134,-0.767640324891));
#3451 = CARTESIAN_POINT('',(-5.24186871845,-0.753087925941));
#3452 = CARTESIAN_POINT('',(-5.473025159054,-0.722635179214));
#3453 = CARTESIAN_POINT('',(-5.598703299281,-0.707322947321));
#3454 = CARTESIAN_POINT('',(-5.71931185086,-0.694426819861));
#3455 = CARTESIAN_POINT('',(-5.835988313637,-0.684084899352));
#3456 = CARTESIAN_POINT('',(-5.949733407209,-0.67633615858));
#3457 = CARTESIAN_POINT('',(-6.061510685578,-0.671174171467));
#3458 = CARTESIAN_POINT('',(-6.17229132808,-0.668588696194));
#3459 = CARTESIAN_POINT('',(-6.28318530718,-0.668588696194));
#3460 = ( GEOMETRIC_REPRESENTATION_CONTEXT(2) 
PARAMETRIC_REPRESENTATION_CONTEXT() REPRESENTATION_CONTEXT('2D SPACE',''
  ) );
#3461 = PCURVE('',#2775,#3462);
#3462 = DEFINITIONAL_REPRESENTATION('',(#3463),#3515);
#3463 = B_SPLINE_CURVE_WITH_KNOTS('',8,(#3464,#3465,#3466,#3467,#3468,
    #3469,#3470,#3471,#3472,#3473,#3474,#3475,#3476,#3477,#3478,#3479,
    #3480,#3481,#3482,#3483,#3484,#3485,#3486,#3487,#3488,#3489,#3490,
    #3491,#3492,#3493,#3494,#3495,#3496,#3497,#3498,#3499,#3500,#3501,
    #3502,#3503,#3504,#3505,#3506,#3507,#3508,#3509,#3510,#3511,#3512,
    #3513,#3514),.UNSPECIFIED.,.T.,.F.,(9,7,7,7,7,7,7,9),(0.,
    0.153485298184,0.285222157758,0.421097622553,0.589595926707,
    0.714811798515,0.836753706946,1.),.UNSPECIFIED.);
#3464 = CARTESIAN_POINT('',(-2.436010236138,-9.));
#3465 = CARTESIAN_POINT('',(-2.436010236138,-9.238239748944));
#3466 = CARTESIAN_POINT('',(-2.435738447555,-9.477701209811));
#3467 = CARTESIAN_POINT('',(-2.435190012395,-9.715939058803));
#3468 = CARTESIAN_POINT('',(-2.434356943031,-9.950283387736));
#3469 = CARTESIAN_POINT('',(-2.433229337556,-10.17755719826));
#3470 = CARTESIAN_POINT('',(-2.431796214382,-10.3938731795));
#3471 = CARTESIAN_POINT('',(-2.430047204667,-10.59429901419));
#3472 = CARTESIAN_POINT('',(-2.426198913344,-10.92485659812));
#3473 = CARTESIAN_POINT('',(-2.424116078992,-11.06679234455));
#3474 = CARTESIAN_POINT('',(-2.421758028278,-11.18587925851));
#3475 = CARTESIAN_POINT('',(-2.419181389534,-11.2729907309));
#3476 = CARTESIAN_POINT('',(-2.416464169892,-11.32201316544));
#3477 = CARTESIAN_POINT('',(-2.41369541508,-11.32999717344));
#3478 = CARTESIAN_POINT('',(-2.410966413825,-11.29729972976));
#3479 = CARTESIAN_POINT('',(-2.405672608032,-11.15599758396));
#3480 = CARTESIAN_POINT('',(-2.403206684329,-11.0474708958));
#3481 = CARTESIAN_POINT('',(-2.400990817886,-10.90972727008));
#3482 = CARTESIAN_POINT('',(-2.39903800551,-10.74913157921));
#3483 = CARTESIAN_POINT('',(-2.397352242769,-10.57122069969));
#3484 = CARTESIAN_POINT('',(-2.395931186344,-10.38085995465));
#3485 = CARTESIAN_POINT('',(-2.394767231018,-10.18230512744));
#3486 = CARTESIAN_POINT('',(-2.392710082283,-9.727537535385));
#3487 = CARTESIAN_POINT('',(-2.391936735642,-9.466219094209));
#3488 = CARTESIAN_POINT('',(-2.39150952324,-9.199633616529));
#3489 = CARTESIAN_POINT('',(-2.391418032131,-8.930789254123));
#3490 = CARTESIAN_POINT('',(-2.391660214581,-8.662361570538));
#3491 = CARTESIAN_POINT('',(-2.392241769831,-8.397187630971));
#3492 = CARTESIAN_POINT('',(-2.393175351584,-8.138733031869));
#3493 = CARTESIAN_POINT('',(-2.395448627166,-7.708587373321));
#3494 = CARTESIAN_POINT('',(-2.396631327282,-7.529973139855));
#3495 = CARTESIAN_POINT('',(-2.398036101646,-7.35945325096));
#3496 = CARTESIAN_POINT('',(-2.399667332038,-7.200720500673));
#3497 = CARTESIAN_POINT('',(-2.401524865157,-7.057846940171));
#3498 = CARTESIAN_POINT('',(-2.403603161753,-6.935332654464));
#3499 = CARTESIAN_POINT('',(-2.40588946369,-6.838214109646));
#3500 = CARTESIAN_POINT('',(-2.410766818845,-6.70802785498));
#3501 = CARTESIAN_POINT('',(-2.41328763232,-6.674973504585));
#3502 = CARTESIAN_POINT('',(-2.41585388273,-6.676668339415));
#3503 = CARTESIAN_POINT('',(-2.418389691708,-6.713859203987));
#3504 = CARTESIAN_POINT('',(-2.420819459502,-6.784569005472));
#3505 = CARTESIAN_POINT('',(-2.423075642171,-6.884204046041));
#3506 = CARTESIAN_POINT('',(-2.425105707781,-7.005640148184));
#3507 = CARTESIAN_POINT('',(-2.42924786444,-7.318141945731));
#3508 = CARTESIAN_POINT('',(-2.431239858293,-7.525276334573));
#3509 = CARTESIAN_POINT('',(-2.432863349504,-7.751490785308));
#3510 = CARTESIAN_POINT('',(-2.43413639939,-7.990520081703));
#3511 = CARTESIAN_POINT('',(-2.435076837557,-8.237845255422));
#3512 = CARTESIAN_POINT('',(-2.435698722383,-8.490146451111));
#3513 = CARTESIAN_POINT('',(-2.436010236138,-8.744943848072));
#3514 = CARTESIAN_POINT('',(-2.436010236138,-9.));
#3515 = ( GEOMETRIC_REPRESENTATION_CONTEXT(2) 
PARAMETRIC_REPRESENTATION_CONTEXT() REPRESENTATION_CONTEXT('2D SPACE',''
  ) );
#3516 = ORIENTED_EDGE('',*,*,#3517,.T.);
#3517 = EDGE_CURVE('',#3351,#1302,#3518,.T.);
#3518 = SEAM_CURVE('',#3519,(#3523,#3530),.PCURVE_S1.);
#3519 = LINE('',#3520,#3521);
#3520 = CARTESIAN_POINT('',(-78.77169542418,67.033722856485,11.));
#3521 = VECTOR('',#3522,1.);
#3522 = DIRECTION('',(-0.707106781187,0.707106781187,0.));
#3523 = PCURVE('',#1413,#3524);
#3524 = DEFINITIONAL_REPRESENTATION('',(#3525),#3529);
#3525 = LINE('',#3526,#3527);
#3526 = CARTESIAN_POINT('',(-6.28318530718,0.));
#3527 = VECTOR('',#3528,1.);
#3528 = DIRECTION('',(-0.,-1.));
#3529 = ( GEOMETRIC_REPRESENTATION_CONTEXT(2) 
PARAMETRIC_REPRESENTATION_CONTEXT() REPRESENTATION_CONTEXT('2D SPACE',''
  ) );
#3530 = PCURVE('',#1413,#3531);
#3531 = DEFINITIONAL_REPRESENTATION('',(#3532),#3536);
#3532 = LINE('',#3533,#3534);
#3533 = CARTESIAN_POINT('',(-0.,0.));
#3534 = VECTOR('',#3535,1.);
#3535 = DIRECTION('',(-0.,-1.));
#3536 = ( GEOMETRIC_REPRESENTATION_CONTEXT(2) 
PARAMETRIC_REPRESENTATION_CONTEXT() REPRESENTATION_CONTEXT('2D SPACE',''
  ) );
#3537 = ORIENTED_EDGE('',*,*,#1301,.T.);
#3538 = ORIENTED_EDGE('',*,*,#3517,.F.);
#3539 = ADVANCED_FACE('',(#3540),#1587,.F.);
#3540 = FACE_BOUND('',#3541,.T.);
#3541 = EDGE_LOOP('',(#3542,#3709,#3730,#3731));
#3542 = ORIENTED_EDGE('',*,*,#3543,.F.);
#3543 = EDGE_CURVE('',#3544,#3544,#3546,.T.);
#3544 = VERTEX_POINT('',#3545);
#3545 = CARTESIAN_POINT('',(-67.50648645738,-79.24445902508,11.));
#3546 = SURFACE_CURVE('',#3547,(#3599,#3654),.PCURVE_S1.);
#3547 = B_SPLINE_CURVE_WITH_KNOTS('',8,(#3548,#3549,#3550,#3551,#3552,
    #3553,#3554,#3555,#3556,#3557,#3558,#3559,#3560,#3561,#3562,#3563,
    #3564,#3565,#3566,#3567,#3568,#3569,#3570,#3571,#3572,#3573,#3574,
    #3575,#3576,#3577,#3578,#3579,#3580,#3581,#3582,#3583,#3584,#3585,
    #3586,#3587,#3588,#3589,#3590,#3591,#3592,#3593,#3594,#3595,#3596,
    #3597,#3598),.UNSPECIFIED.,.T.,.F.,(9,7,7,7,7,7,7,9),(0.,
    0.153485297507,0.285222157098,0.421097621315,0.589595928741,
    0.714811799928,0.836753707755,1.),.UNSPECIFIED.);
#3548 = CARTESIAN_POINT('',(-67.50648645738,-79.24445902508,11.));
#3549 = CARTESIAN_POINT('',(-67.50648645738,-79.24445902508,
    11.238239748948));
#3550 = CARTESIAN_POINT('',(-67.52802416889,-79.22611150109,
    11.477701209819));
#3551 = CARTESIAN_POINT('',(-67.57148472559,-79.18908869574,
    11.715939058809));
#3552 = CARTESIAN_POINT('',(-67.63747276066,-79.13281813115,
    11.950283387737));
#3553 = CARTESIAN_POINT('',(-67.72671513559,-79.05656349948,
    12.177557198256));
#3554 = CARTESIAN_POINT('',(-67.83998635974,-78.95947150306,
    12.393873179492));
#3555 = CARTESIAN_POINT('',(-67.97796666828,-78.84067808586,
    12.594299014188));
#3556 = CARTESIAN_POINT('',(-68.28082553164,-78.57845188667,
    12.924856598825));
#3557 = CARTESIAN_POINT('',(-68.44449768379,-78.43624145931,
    13.066792343857));
#3558 = CARTESIAN_POINT('',(-68.62943445509,-78.27482294276,
    13.185879258204));
#3559 = CARTESIAN_POINT('',(-68.83101804378,-78.09787215127,
    13.272990731374));
#3560 = CARTESIAN_POINT('',(-69.04298169228,-77.9105635696,
    13.322013165617));
#3561 = CARTESIAN_POINT('',(-69.25830763946,-77.71896192481,
    13.329997172994));
#3562 = CARTESIAN_POINT('',(-69.46993081246,-77.52942864796,
    13.29729973004));
#3563 = CARTESIAN_POINT('',(-69.87939539911,-77.16060127319,
    13.155997584003));
#3564 = CARTESIAN_POINT('',(-70.06955405957,-76.98815800925,
    13.047470895862));
#3565 = CARTESIAN_POINT('',(-70.23996018945,-76.83268481249,
    12.909727270072));
#3566 = CARTESIAN_POINT('',(-70.38978800196,-76.6952877453,
    12.749131579125));
#3567 = CARTESIAN_POINT('',(-70.51888483634,-76.57641737489,
    12.571220699611));
#3568 = CARTESIAN_POINT('',(-70.62755234064,-76.4760415903,
    12.38085995467));
#3569 = CARTESIAN_POINT('',(-70.71646381606,-76.39372280749,
    12.182305127574));
#3570 = CARTESIAN_POINT('',(-70.87348334243,-76.24810432541,
    11.72753752926));
#3571 = CARTESIAN_POINT('',(-70.93240698366,-76.19324866325,
    11.466219113132));
#3572 = CARTESIAN_POINT('',(-70.96492336622,-76.16290867426,
    11.199633595736));
#3573 = CARTESIAN_POINT('',(-70.9718826469,-76.15640646742,
    10.930789254048));
#3574 = CARTESIAN_POINT('',(-70.95345410145,-76.1736108519,
    10.662361591336));
#3575 = CARTESIAN_POINT('',(-70.9091773141,-76.21489822363,
    10.397187612212));
#3576 = CARTESIAN_POINT('',(-70.83801405625,-76.28108674816,
    10.138733037883));
#3577 = CARTESIAN_POINT('',(-70.66439640667,-76.44189465708,
    9.708587373321));
#3578 = CARTESIAN_POINT('',(-70.57399370822,-76.52547499213,
    9.529973139855));
#3579 = CARTESIAN_POINT('',(-70.46649612274,-76.62461927592,
    9.35945325096));
#3580 = CARTESIAN_POINT('',(-70.34148875989,-76.73955017619,
    9.200720500674));
#3581 = CARTESIAN_POINT('',(-70.19888138348,-76.87014544757,
    9.057846940171));
#3582 = CARTESIAN_POINT('',(-70.038976478,-77.01588010646,8.935332654464
    ));
#3583 = CARTESIAN_POINT('',(-69.8626220766,-77.17570993145,
    8.838214109646));
#3584 = CARTESIAN_POINT('',(-69.48536905922,-77.51552256619,
    8.70802785498));
#3585 = CARTESIAN_POINT('',(-69.2899282988,-77.69063936624,
    8.674973504585));
#3586 = CARTESIAN_POINT('',(-69.09043764704,-77.86832416802,
    8.676668339415));
#3587 = CARTESIAN_POINT('',(-68.89275811449,-78.04327664454,
    8.713859203987));
#3588 = CARTESIAN_POINT('',(-68.70283162628,-78.21033055483,
    8.784569005472));
#3589 = CARTESIAN_POINT('',(-68.52605473213,-78.36497090701,
    8.884204046041));
#3590 = CARTESIAN_POINT('',(-68.36668634985,-78.50375908933,
    9.005640148184));
#3591 = CARTESIAN_POINT('',(-68.04101094747,-78.78636780428,
    9.318141945731));
#3592 = CARTESIAN_POINT('',(-67.88395279856,-78.92177118717,
    9.525276334572));
#3593 = CARTESIAN_POINT('',(-67.75567695183,-79.03180915555,
    9.751490785309));
#3594 = CARTESIAN_POINT('',(-67.65494078987,-79.11791963326,
    9.990520081703));
#3595 = CARTESIAN_POINT('',(-67.5804532892,-79.18144875964,
    10.237845255421));
#3596 = CARTESIAN_POINT('',(-67.53117213806,-79.2234297586,
    10.490146451111));
#3597 = CARTESIAN_POINT('',(-67.50648645738,-79.24445902508,
    10.744943848072));
#3598 = CARTESIAN_POINT('',(-67.50648645738,-79.24445902508,11.));
#3599 = PCURVE('',#1587,#3600);
#3600 = DEFINITIONAL_REPRESENTATION('',(#3601),#3653);
#3601 = B_SPLINE_CURVE_WITH_KNOTS('',8,(#3602,#3603,#3604,#3605,#3606,
    #3607,#3608,#3609,#3610,#3611,#3612,#3613,#3614,#3615,#3616,#3617,
    #3618,#3619,#3620,#3621,#3622,#3623,#3624,#3625,#3626,#3627,#3628,
    #3629,#3630,#3631,#3632,#3633,#3634,#3635,#3636,#3637,#3638,#3639,
    #3640,#3641,#3642,#3643,#3644,#3645,#3646,#3647,#3648,#3649,#3650,
    #3651,#3652),.UNSPECIFIED.,.F.,.F.,(9,7,7,7,7,7,7,9),(0.,
    0.153485297507,0.285222157098,0.421097621315,0.589595928741,
    0.714811799928,0.836753707755,1.),.UNSPECIFIED.);
#3602 = CARTESIAN_POINT('',(0.,-0.668588696194));
#3603 = CARTESIAN_POINT('',(-0.103582499543,-0.668588696194));
#3604 = CARTESIAN_POINT('',(-0.207695696837,-0.670844499424));
#3605 = CARTESIAN_POINT('',(-0.312972727678,-0.675396677055));
#3606 = CARTESIAN_POINT('',(-0.420012337971,-0.682267966329));
#3607 = CARTESIAN_POINT('',(-0.529441154518,-0.691451687664));
#3608 = CARTESIAN_POINT('',(-0.641941498365,-0.702892129302));
#3609 = CARTESIAN_POINT('',(-0.758314208414,-0.716459310277));
#3610 = CARTESIAN_POINT('',(-0.983785309728,-0.745190942656));
#3611 = CARTESIAN_POINT('',(-1.095580641465,-0.76036667378));
#3612 = CARTESIAN_POINT('',(-1.212350501773,-0.776996591199));
#3613 = CARTESIAN_POINT('',(-1.332392297263,-0.794414609144));
#3614 = CARTESIAN_POINT('',(-1.454473223265,-0.811848374083));
#3615 = CARTESIAN_POINT('',(-1.577523563219,-0.828623989182));
#3616 = CARTESIAN_POINT('',(-1.700515221749,-0.84424390455));
#3617 = CARTESIAN_POINT('',(-1.94755267216,-0.872978752641));
#3618 = CARTESIAN_POINT('',(-2.067263331357,-0.885505429643));
#3619 = CARTESIAN_POINT('',(-2.182200039231,-0.896064607916));
#3620 = CARTESIAN_POINT('',(-2.292972035986,-0.904854472228));
#3621 = CARTESIAN_POINT('',(-2.400024116675,-0.912085674254));
#3622 = CARTESIAN_POINT('',(-2.503693485634,-0.917948805489));
#3623 = CARTESIAN_POINT('',(-2.604219088484,-0.922610543142));
#3624 = CARTESIAN_POINT('',(-2.822741558835,-0.930672298863));
#3625 = CARTESIAN_POINT('',(-2.940439046973,-0.933548794456));
#3626 = CARTESIAN_POINT('',(-3.056238767697,-0.9350877371));
#3627 = CARTESIAN_POINT('',(-3.171249025869,-0.935410937118));
#3628 = CARTESIAN_POINT('',(-3.286497885645,-0.934545324589));
#3629 = CARTESIAN_POINT('',(-3.402998220776,-0.932431488532));
#3630 = CARTESIAN_POINT('',(-3.521813426282,-0.928913820873));
#3631 = CARTESIAN_POINT('',(-3.735231694585,-0.919855966385));
#3632 = CARTESIAN_POINT('',(-3.829052317226,-0.915031826967));
#3633 = CARTESIAN_POINT('',(-3.925775733798,-0.909125150699));
#3634 = CARTESIAN_POINT('',(-4.025531914019,-0.902000015677));
#3635 = CARTESIAN_POINT('',(-4.128547818927,-0.893506174747));
#3636 = CARTESIAN_POINT('',(-4.235142246062,-0.883486297297));
#3637 = CARTESIAN_POINT('',(-4.3457522863,-0.871801657258));
#3638 = CARTESIAN_POINT('',(-4.573355909695,-0.845327308805));
#3639 = CARTESIAN_POINT('',(-4.687273714282,-0.830956098606));
#3640 = CARTESIAN_POINT('',(-4.801565022657,-0.815537034217));
#3641 = CARTESIAN_POINT('',(-4.915238438184,-0.799466578774));
#3642 = CARTESIAN_POINT('',(-5.027314365603,-0.78329322383));
#3643 = CARTESIAN_POINT('',(-5.136675679134,-0.767640324891));
#3644 = CARTESIAN_POINT('',(-5.24186871845,-0.753087925941));
#3645 = CARTESIAN_POINT('',(-5.473025159055,-0.722635179214));
#3646 = CARTESIAN_POINT('',(-5.59870329928,-0.707322947321));
#3647 = CARTESIAN_POINT('',(-5.71931185086,-0.694426819861));
#3648 = CARTESIAN_POINT('',(-5.835988313637,-0.684084899352));
#3649 = CARTESIAN_POINT('',(-5.949733407208,-0.67633615858));
#3650 = CARTESIAN_POINT('',(-6.061510685578,-0.671174171468));
#3651 = CARTESIAN_POINT('',(-6.17229132808,-0.668588696194));
#3652 = CARTESIAN_POINT('',(-6.28318530718,-0.668588696194));
#3653 = ( GEOMETRIC_REPRESENTATION_CONTEXT(2) 
PARAMETRIC_REPRESENTATION_CONTEXT() REPRESENTATION_CONTEXT('2D SPACE',''
  ) );
#3654 = PCURVE('',#2775,#3655);
#3655 = DEFINITIONAL_REPRESENTATION('',(#3656),#3708);
#3656 = B_SPLINE_CURVE_WITH_KNOTS('',8,(#3657,#3658,#3659,#3660,#3661,
    #3662,#3663,#3664,#3665,#3666,#3667,#3668,#3669,#3670,#3671,#3672,
    #3673,#3674,#3675,#3676,#3677,#3678,#3679,#3680,#3681,#3682,#3683,
    #3684,#3685,#3686,#3687,#3688,#3689,#3690,#3691,#3692,#3693,#3694,
    #3695,#3696,#3697,#3698,#3699,#3700,#3701,#3702,#3703,#3704,#3705,
    #3706,#3707),.UNSPECIFIED.,.T.,.F.,(9,7,7,7,7,7,7,9),(0.,
    0.153485297507,0.285222157098,0.421097621315,0.589595928741,
    0.714811799928,0.836753707755,1.),.UNSPECIFIED.);
#3657 = CARTESIAN_POINT('',(-4.006806562933,-9.));
#3658 = CARTESIAN_POINT('',(-4.006806562933,-9.238239748948));
#3659 = CARTESIAN_POINT('',(-4.00653477435,-9.477701209818));
#3660 = CARTESIAN_POINT('',(-4.00598633919,-9.715939058809));
#3661 = CARTESIAN_POINT('',(-4.005153269826,-9.950283387737));
#3662 = CARTESIAN_POINT('',(-4.004025664351,-10.17755719825));
#3663 = CARTESIAN_POINT('',(-4.002592541177,-10.39387317949));
#3664 = CARTESIAN_POINT('',(-4.000843531462,-10.59429901418));
#3665 = CARTESIAN_POINT('',(-3.996995240131,-10.92485659882));
#3666 = CARTESIAN_POINT('',(-3.994912405792,-11.06679234385));
#3667 = CARTESIAN_POINT('',(-3.992554355083,-11.1858792582));
#3668 = CARTESIAN_POINT('',(-3.989977716329,-11.27299073137));
#3669 = CARTESIAN_POINT('',(-3.987260496676,-11.32201316561));
#3670 = CARTESIAN_POINT('',(-3.984491741869,-11.32999717299));
#3671 = CARTESIAN_POINT('',(-3.981762740631,-11.29729973004));
#3672 = CARTESIAN_POINT('',(-3.976468934828,-11.155997584));
#3673 = CARTESIAN_POINT('',(-3.974003011124,-11.04747089586));
#3674 = CARTESIAN_POINT('',(-3.971787144681,-10.90972727007));
#3675 = CARTESIAN_POINT('',(-3.969834332304,-10.74913157912));
#3676 = CARTESIAN_POINT('',(-3.968148569564,-10.57122069961));
#3677 = CARTESIAN_POINT('',(-3.966727513139,-10.38085995467));
#3678 = CARTESIAN_POINT('',(-3.965563557813,-10.18230512757));
#3679 = CARTESIAN_POINT('',(-3.96350640905,-9.72753752926));
#3680 = CARTESIAN_POINT('',(-3.962733062476,-9.466219113132));
#3681 = CARTESIAN_POINT('',(-3.962305850043,-9.199633595736));
#3682 = CARTESIAN_POINT('',(-3.962214358884,-8.930789254048));
#3683 = CARTESIAN_POINT('',(-3.96245654137,-8.662361591336));
#3684 = CARTESIAN_POINT('',(-3.963038096678,-8.397187612212));
#3685 = CARTESIAN_POINT('',(-3.963971678347,-8.138733037883));
#3686 = CARTESIAN_POINT('',(-3.96624495396,-7.708587373321));
#3687 = CARTESIAN_POINT('',(-3.967427654077,-7.529973139854));
#3688 = CARTESIAN_POINT('',(-3.968832428441,-7.35945325096));
#3689 = CARTESIAN_POINT('',(-3.970463658833,-7.200720500674));
#3690 = CARTESIAN_POINT('',(-3.972321191951,-7.057846940171));
#3691 = CARTESIAN_POINT('',(-3.974399488548,-6.935332654464));
#3692 = CARTESIAN_POINT('',(-3.976685790485,-6.838214109646));
#3693 = CARTESIAN_POINT('',(-3.98156314564,-6.70802785498));
#3694 = CARTESIAN_POINT('',(-3.984083959114,-6.674973504585));
#3695 = CARTESIAN_POINT('',(-3.986650209525,-6.676668339415));
#3696 = CARTESIAN_POINT('',(-3.989186018503,-6.713859203987));
#3697 = CARTESIAN_POINT('',(-3.991615786297,-6.784569005472));
#3698 = CARTESIAN_POINT('',(-3.993871968966,-6.884204046041));
#3699 = CARTESIAN_POINT('',(-3.995902034576,-7.005640148184));
#3700 = CARTESIAN_POINT('',(-4.000044191235,-7.318141945731));
#3701 = CARTESIAN_POINT('',(-4.002036185088,-7.525276334572));
#3702 = CARTESIAN_POINT('',(-4.003659676299,-7.751490785309));
#3703 = CARTESIAN_POINT('',(-4.004932726185,-7.990520081703));
#3704 = CARTESIAN_POINT('',(-4.005873164351,-8.237845255421));
#3705 = CARTESIAN_POINT('',(-4.006495049177,-8.490146451111));
#3706 = CARTESIAN_POINT('',(-4.006806562933,-8.744943848072));
#3707 = CARTESIAN_POINT('',(-4.006806562933,-9.));
#3708 = ( GEOMETRIC_REPRESENTATION_CONTEXT(2) 
PARAMETRIC_REPRESENTATION_CONTEXT() REPRESENTATION_CONTEXT('2D SPACE',''
  ) );
#3709 = ORIENTED_EDGE('',*,*,#3710,.T.);
#3710 = EDGE_CURVE('',#3544,#1476,#3711,.T.);
#3711 = SEAM_CURVE('',#3712,(#3716,#3723),.PCURVE_S1.);
#3712 = LINE('',#3713,#3714);
#3713 = CARTESIAN_POINT('',(-67.03372285648,-78.77169542418,11.));
#3714 = VECTOR('',#3715,1.);
#3715 = DIRECTION('',(-0.707106781187,-0.707106781187,0.));
#3716 = PCURVE('',#1587,#3717);
#3717 = DEFINITIONAL_REPRESENTATION('',(#3718),#3722);
#3718 = LINE('',#3719,#3720);
#3719 = CARTESIAN_POINT('',(-6.28318530718,0.));
#3720 = VECTOR('',#3721,1.);
#3721 = DIRECTION('',(-0.,-1.));
#3722 = ( GEOMETRIC_REPRESENTATION_CONTEXT(2) 
PARAMETRIC_REPRESENTATION_CONTEXT() REPRESENTATION_CONTEXT('2D SPACE',''
  ) );
#3723 = PCURVE('',#1587,#3724);
#3724 = DEFINITIONAL_REPRESENTATION('',(#3725),#3729);
#3725 = LINE('',#3726,#3727);
#3726 = CARTESIAN_POINT('',(-0.,0.));
#3727 = VECTOR('',#3728,1.);
#3728 = DIRECTION('',(-0.,-1.));
#3729 = ( GEOMETRIC_REPRESENTATION_CONTEXT(2) 
PARAMETRIC_REPRESENTATION_CONTEXT() REPRESENTATION_CONTEXT('2D SPACE',''
  ) );
#3730 = ORIENTED_EDGE('',*,*,#1475,.T.);
#3731 = ORIENTED_EDGE('',*,*,#3710,.F.);
#3732 = ADVANCED_FACE('',(#3733,#3764),#1689,.T.);
#3733 = FACE_BOUND('',#3734,.T.);
#3734 = EDGE_LOOP('',(#3735));
#3735 = ORIENTED_EDGE('',*,*,#3736,.T.);
#3736 = EDGE_CURVE('',#3737,#3737,#3739,.T.);
#3737 = VERTEX_POINT('',#3738);
#3738 = CARTESIAN_POINT('',(-10.5,-84.,8.));
#3739 = SURFACE_CURVE('',#3740,(#3745,#3752),.PCURVE_S1.);
#3740 = CIRCLE('',#3741,4.);
#3741 = AXIS2_PLACEMENT_3D('',#3742,#3743,#3744);
#3742 = CARTESIAN_POINT('',(-14.5,-84.,8.));
#3743 = DIRECTION('',(0.,0.,1.));
#3744 = DIRECTION('',(1.,0.,0.));
#3745 = PCURVE('',#1689,#3746);
#3746 = DEFINITIONAL_REPRESENTATION('',(#3747),#3751);
#3747 = CIRCLE('',#3748,4.);
#3748 = AXIS2_PLACEMENT_2D('',#3749,#3750);
#3749 = CARTESIAN_POINT('',(0.,0.));
#3750 = DIRECTION('',(1.,0.));
#3751 = ( GEOMETRIC_REPRESENTATION_CONTEXT(2) 
PARAMETRIC_REPRESENTATION_CONTEXT() REPRESENTATION_CONTEXT('2D SPACE',''
  ) );
#3752 = PCURVE('',#3753,#3758);
#3753 = CYLINDRICAL_SURFACE('',#3754,4.);
#3754 = AXIS2_PLACEMENT_3D('',#3755,#3756,#3757);
#3755 = CARTESIAN_POINT('',(-14.5,-84.,2.));
#3756 = DIRECTION('',(-0.,-0.,-1.));
#3757 = DIRECTION('',(1.,0.,0.));
#3758 = DEFINITIONAL_REPRESENTATION('',(#3759),#3763);
#3759 = LINE('',#3760,#3761);
#3760 = CARTESIAN_POINT('',(-0.,-6.));
#3761 = VECTOR('',#3762,1.);
#3762 = DIRECTION('',(-1.,0.));
#3763 = ( GEOMETRIC_REPRESENTATION_CONTEXT(2) 
PARAMETRIC_REPRESENTATION_CONTEXT() REPRESENTATION_CONTEXT('2D SPACE',''
  ) );
#3764 = FACE_BOUND('',#3765,.T.);
#3765 = EDGE_LOOP('',(#3766));
#3766 = ORIENTED_EDGE('',*,*,#1674,.T.);
#3767 = ADVANCED_FACE('',(#3768,#3771),#1748,.F.);
#3768 = FACE_BOUND('',#3769,.F.);
#3769 = EDGE_LOOP('',(#3770));
#3770 = ORIENTED_EDGE('',*,*,#1733,.T.);
#3771 = FACE_BOUND('',#3772,.F.);
#3772 = EDGE_LOOP('',(#3773));
#3773 = ORIENTED_EDGE('',*,*,#3774,.F.);
#3774 = EDGE_CURVE('',#3775,#3775,#3777,.T.);
#3775 = VERTEX_POINT('',#3776);
#3776 = CARTESIAN_POINT('',(9.214972129052,-84.,2.));
#3777 = SURFACE_CURVE('',#3778,(#3783,#3790),.PCURVE_S1.);
#3778 = CIRCLE('',#3779,9.214972129052);
#3779 = AXIS2_PLACEMENT_3D('',#3780,#3781,#3782);
#3780 = CARTESIAN_POINT('',(0.,-84.,2.));
#3781 = DIRECTION('',(0.,0.,1.));
#3782 = DIRECTION('',(1.,0.,-0.));
#3783 = PCURVE('',#1748,#3784);
#3784 = DEFINITIONAL_REPRESENTATION('',(#3785),#3789);
#3785 = CIRCLE('',#3786,9.214972129052);
#3786 = AXIS2_PLACEMENT_2D('',#3787,#3788);
#3787 = CARTESIAN_POINT('',(1.174561246093E-15,0.));
#3788 = DIRECTION('',(1.,0.));
#3789 = ( GEOMETRIC_REPRESENTATION_CONTEXT(2) 
PARAMETRIC_REPRESENTATION_CONTEXT() REPRESENTATION_CONTEXT('2D SPACE',''
  ) );
#3790 = PCURVE('',#3791,#3796);
#3791 = CONICAL_SURFACE('',#3792,9.313708498985,0.779039925905);
#3792 = AXIS2_PLACEMENT_3D('',#3793,#3794,#3795);
#3793 = CARTESIAN_POINT('',(0.,-84.,1.9));
#3794 = DIRECTION('',(-0.,-0.,-1.));
#3795 = DIRECTION('',(1.,0.,-0.));
#3796 = DEFINITIONAL_REPRESENTATION('',(#3797),#3801);
#3797 = LINE('',#3798,#3799);
#3798 = CARTESIAN_POINT('',(-0.,-0.1));
#3799 = VECTOR('',#3800,1.);
#3800 = DIRECTION('',(-1.,-0.));
#3801 = ( GEOMETRIC_REPRESENTATION_CONTEXT(2) 
PARAMETRIC_REPRESENTATION_CONTEXT() REPRESENTATION_CONTEXT('2D SPACE',''
  ) );
#3802 = ADVANCED_FACE('',(#3803,#3834),#1803,.T.);
#3803 = FACE_BOUND('',#3804,.T.);
#3804 = EDGE_LOOP('',(#3805));
#3805 = ORIENTED_EDGE('',*,*,#3806,.T.);
#3806 = EDGE_CURVE('',#3807,#3807,#3809,.T.);
#3807 = VERTEX_POINT('',#3808);
#3808 = CARTESIAN_POINT('',(18.5,-84.,8.));
#3809 = SURFACE_CURVE('',#3810,(#3815,#3822),.PCURVE_S1.);
#3810 = CIRCLE('',#3811,4.);
#3811 = AXIS2_PLACEMENT_3D('',#3812,#3813,#3814);
#3812 = CARTESIAN_POINT('',(14.5,-84.,8.));
#3813 = DIRECTION('',(0.,0.,1.));
#3814 = DIRECTION('',(1.,0.,0.));
#3815 = PCURVE('',#1803,#3816);
#3816 = DEFINITIONAL_REPRESENTATION('',(#3817),#3821);
#3817 = CIRCLE('',#3818,4.);
#3818 = AXIS2_PLACEMENT_2D('',#3819,#3820);
#3819 = CARTESIAN_POINT('',(0.,0.));
#3820 = DIRECTION('',(1.,0.));
#3821 = ( GEOMETRIC_REPRESENTATION_CONTEXT(2) 
PARAMETRIC_REPRESENTATION_CONTEXT() REPRESENTATION_CONTEXT('2D SPACE',''
  ) );
#3822 = PCURVE('',#3823,#3828);
#3823 = CYLINDRICAL_SURFACE('',#3824,4.);
#3824 = AXIS2_PLACEMENT_3D('',#3825,#3826,#3827);
#3825 = CARTESIAN_POINT('',(14.5,-84.,2.));
#3826 = DIRECTION('',(-0.,-0.,-1.));
#3827 = DIRECTION('',(1.,0.,0.));
#3828 = DEFINITIONAL_REPRESENTATION('',(#3829),#3833);
#3829 = LINE('',#3830,#3831);
#3830 = CARTESIAN_POINT('',(-0.,-6.));
#3831 = VECTOR('',#3832,1.);
#3832 = DIRECTION('',(-1.,0.));
#3833 = ( GEOMETRIC_REPRESENTATION_CONTEXT(2) 
PARAMETRIC_REPRESENTATION_CONTEXT() REPRESENTATION_CONTEXT('2D SPACE',''
  ) );
#3834 = FACE_BOUND('',#3835,.T.);
#3835 = EDGE_LOOP('',(#3836));
#3836 = ORIENTED_EDGE('',*,*,#1788,.T.);
#3837 = ADVANCED_FACE('',(#3838,#3864,#3978,#4092,#4227,#4258,#4289,
    #4299,#4413,#4527,#4558,#4589,#4599,#4937),#1885,.T.);
#3838 = FACE_BOUND('',#3839,.T.);
#3839 = EDGE_LOOP('',(#3840));
#3840 = ORIENTED_EDGE('',*,*,#3841,.T.);
#3841 = EDGE_CURVE('',#3842,#3842,#3844,.T.);
#3842 = VERTEX_POINT('',#3843);
#3843 = CARTESIAN_POINT('',(104.1,5.37780689317E-15,2.));
#3844 = SURFACE_CURVE('',#3845,(#3850,#3857),.PCURVE_S1.);
#3845 = CIRCLE('',#3846,104.1);
#3846 = AXIS2_PLACEMENT_3D('',#3847,#3848,#3849);
#3847 = CARTESIAN_POINT('',(4.990604796862E-13,5.37780689317E-15,2.));
#3848 = DIRECTION('',(0.,0.,1.));
#3849 = DIRECTION('',(1.,0.,0.));
#3850 = PCURVE('',#1885,#3851);
#3851 = DEFINITIONAL_REPRESENTATION('',(#3852),#3856);
#3852 = CIRCLE('',#3853,104.1);
#3853 = AXIS2_PLACEMENT_2D('',#3854,#3855);
#3854 = CARTESIAN_POINT('',(5.088297264005E-13,9.766124590115E-15));
#3855 = DIRECTION('',(1.,0.));
#3856 = ( GEOMETRIC_REPRESENTATION_CONTEXT(2) 
PARAMETRIC_REPRESENTATION_CONTEXT() REPRESENTATION_CONTEXT('2D SPACE',''
  ) );
#3857 = PCURVE('',#2775,#3858);
#3858 = DEFINITIONAL_REPRESENTATION('',(#3859),#3863);
#3859 = LINE('',#3860,#3861);
#3860 = CARTESIAN_POINT('',(-0.,0.));
#3861 = VECTOR('',#3862,1.);
#3862 = DIRECTION('',(-1.,0.));
#3863 = ( GEOMETRIC_REPRESENTATION_CONTEXT(2) 
PARAMETRIC_REPRESENTATION_CONTEXT() REPRESENTATION_CONTEXT('2D SPACE',''
  ) );
#3864 = FACE_BOUND('',#3865,.T.);
#3865 = EDGE_LOOP('',(#3866,#3896,#3924,#3952));
#3866 = ORIENTED_EDGE('',*,*,#3867,.T.);
#3867 = EDGE_CURVE('',#3868,#3870,#3872,.T.);
#3868 = VERTEX_POINT('',#3869);
#3869 = CARTESIAN_POINT('',(-79.,-64.8,2.));
#3870 = VERTEX_POINT('',#3871);
#3871 = CARTESIAN_POINT('',(-79.,-56.8,2.));
#3872 = SURFACE_CURVE('',#3873,(#3877,#3884),.PCURVE_S1.);
#3873 = LINE('',#3874,#3875);
#3874 = CARTESIAN_POINT('',(-79.,-64.8,2.));
#3875 = VECTOR('',#3876,1.);
#3876 = DIRECTION('',(0.,1.,0.));
#3877 = PCURVE('',#1885,#3878);
#3878 = DEFINITIONAL_REPRESENTATION('',(#3879),#3883);
#3879 = LINE('',#3880,#3881);
#3880 = CARTESIAN_POINT('',(-79.,-64.8));
#3881 = VECTOR('',#3882,1.);
#3882 = DIRECTION('',(0.,1.));
#3883 = ( GEOMETRIC_REPRESENTATION_CONTEXT(2) 
PARAMETRIC_REPRESENTATION_CONTEXT() REPRESENTATION_CONTEXT('2D SPACE',''
  ) );
#3884 = PCURVE('',#3885,#3890);
#3885 = PLANE('',#3886);
#3886 = AXIS2_PLACEMENT_3D('',#3887,#3888,#3889);
#3887 = CARTESIAN_POINT('',(-79.,-64.8,2.));
#3888 = DIRECTION('',(1.,0.,0.));
#3889 = DIRECTION('',(0.,0.,1.));
#3890 = DEFINITIONAL_REPRESENTATION('',(#3891),#3895);
#3891 = LINE('',#3892,#3893);
#3892 = CARTESIAN_POINT('',(0.,0.));
#3893 = VECTOR('',#3894,1.);
#3894 = DIRECTION('',(0.,-1.));
#3895 = ( GEOMETRIC_REPRESENTATION_CONTEXT(2) 
PARAMETRIC_REPRESENTATION_CONTEXT() REPRESENTATION_CONTEXT('2D SPACE',''
  ) );
#3896 = ORIENTED_EDGE('',*,*,#3897,.T.);
#3897 = EDGE_CURVE('',#3870,#3898,#3900,.T.);
#3898 = VERTEX_POINT('',#3899);
#3899 = CARTESIAN_POINT('',(-71.,-56.8,2.));
#3900 = SURFACE_CURVE('',#3901,(#3905,#3912),.PCURVE_S1.);
#3901 = LINE('',#3902,#3903);
#3902 = CARTESIAN_POINT('',(-79.,-56.8,2.));
#3903 = VECTOR('',#3904,1.);
#3904 = DIRECTION('',(1.,0.,0.));
#3905 = PCURVE('',#1885,#3906);
#3906 = DEFINITIONAL_REPRESENTATION('',(#3907),#3911);
#3907 = LINE('',#3908,#3909);
#3908 = CARTESIAN_POINT('',(-79.,-56.8));
#3909 = VECTOR('',#3910,1.);
#3910 = DIRECTION('',(1.,0.));
#3911 = ( GEOMETRIC_REPRESENTATION_CONTEXT(2) 
PARAMETRIC_REPRESENTATION_CONTEXT() REPRESENTATION_CONTEXT('2D SPACE',''
  ) );
#3912 = PCURVE('',#3913,#3918);
#3913 = PLANE('',#3914);
#3914 = AXIS2_PLACEMENT_3D('',#3915,#3916,#3917);
#3915 = CARTESIAN_POINT('',(-79.,-56.8,2.));
#3916 = DIRECTION('',(0.,1.,0.));
#3917 = DIRECTION('',(0.,0.,1.));
#3918 = DEFINITIONAL_REPRESENTATION('',(#3919),#3923);
#3919 = LINE('',#3920,#3921);
#3920 = CARTESIAN_POINT('',(0.,0.));
#3921 = VECTOR('',#3922,1.);
#3922 = DIRECTION('',(0.,1.));
#3923 = ( GEOMETRIC_REPRESENTATION_CONTEXT(2) 
PARAMETRIC_REPRESENTATION_CONTEXT() REPRESENTATION_CONTEXT('2D SPACE',''
  ) );
#3924 = ORIENTED_EDGE('',*,*,#3925,.F.);
#3925 = EDGE_CURVE('',#3926,#3898,#3928,.T.);
#3926 = VERTEX_POINT('',#3927);
#3927 = CARTESIAN_POINT('',(-71.,-64.8,2.));
#3928 = SURFACE_CURVE('',#3929,(#3933,#3940),.PCURVE_S1.);
#3929 = LINE('',#3930,#3931);
#3930 = CARTESIAN_POINT('',(-71.,-64.8,2.));
#3931 = VECTOR('',#3932,1.);
#3932 = DIRECTION('',(0.,1.,0.));
#3933 = PCURVE('',#1885,#3934);
#3934 = DEFINITIONAL_REPRESENTATION('',(#3935),#3939);
#3935 = LINE('',#3936,#3937);
#3936 = CARTESIAN_POINT('',(-71.,-64.8));
#3937 = VECTOR('',#3938,1.);
#3938 = DIRECTION('',(0.,1.));
#3939 = ( GEOMETRIC_REPRESENTATION_CONTEXT(2) 
PARAMETRIC_REPRESENTATION_CONTEXT() REPRESENTATION_CONTEXT('2D SPACE',''
  ) );
#3940 = PCURVE('',#3941,#3946);
#3941 = PLANE('',#3942);
#3942 = AXIS2_PLACEMENT_3D('',#3943,#3944,#3945);
#3943 = CARTESIAN_POINT('',(-71.,-64.8,2.));
#3944 = DIRECTION('',(1.,0.,0.));
#3945 = DIRECTION('',(0.,0.,1.));
#3946 = DEFINITIONAL_REPRESENTATION('',(#3947),#3951);
#3947 = LINE('',#3948,#3949);
#3948 = CARTESIAN_POINT('',(0.,0.));
#3949 = VECTOR('',#3950,1.);
#3950 = DIRECTION('',(0.,-1.));
#3951 = ( GEOMETRIC_REPRESENTATION_CONTEXT(2) 
PARAMETRIC_REPRESENTATION_CONTEXT() REPRESENTATION_CONTEXT('2D SPACE',''
  ) );
#3952 = ORIENTED_EDGE('',*,*,#3953,.F.);
#3953 = EDGE_CURVE('',#3868,#3926,#3954,.T.);
#3954 = SURFACE_CURVE('',#3955,(#3959,#3966),.PCURVE_S1.);
#3955 = LINE('',#3956,#3957);
#3956 = CARTESIAN_POINT('',(-79.,-64.8,2.));
#3957 = VECTOR('',#3958,1.);
#3958 = DIRECTION('',(1.,0.,0.));
#3959 = PCURVE('',#1885,#3960);
#3960 = DEFINITIONAL_REPRESENTATION('',(#3961),#3965);
#3961 = LINE('',#3962,#3963);
#3962 = CARTESIAN_POINT('',(-79.,-64.8));
#3963 = VECTOR('',#3964,1.);
#3964 = DIRECTION('',(1.,0.));
#3965 = ( GEOMETRIC_REPRESENTATION_CONTEXT(2) 
PARAMETRIC_REPRESENTATION_CONTEXT() REPRESENTATION_CONTEXT('2D SPACE',''
  ) );
#3966 = PCURVE('',#3967,#3972);
#3967 = PLANE('',#3968);
#3968 = AXIS2_PLACEMENT_3D('',#3969,#3970,#3971);
#3969 = CARTESIAN_POINT('',(-79.,-64.8,2.));
#3970 = DIRECTION('',(0.,1.,0.));
#3971 = DIRECTION('',(0.,0.,1.));
#3972 = DEFINITIONAL_REPRESENTATION('',(#3973),#3977);
#3973 = LINE('',#3974,#3975);
#3974 = CARTESIAN_POINT('',(0.,0.));
#3975 = VECTOR('',#3976,1.);
#3976 = DIRECTION('',(0.,1.));
#3977 = ( GEOMETRIC_REPRESENTATION_CONTEXT(2) 
PARAMETRIC_REPRESENTATION_CONTEXT() REPRESENTATION_CONTEXT('2D SPACE',''
  ) );
#3978 = FACE_BOUND('',#3979,.T.);
#3979 = EDGE_LOOP('',(#3980,#4010,#4038,#4066));
#3980 = ORIENTED_EDGE('',*,*,#3981,.T.);
#3981 = EDGE_CURVE('',#3982,#3984,#3986,.T.);
#3982 = VERTEX_POINT('',#3983);
#3983 = CARTESIAN_POINT('',(-6.4,-64.8,2.));
#3984 = VERTEX_POINT('',#3985);
#3985 = CARTESIAN_POINT('',(-6.4,-56.8,2.));
#3986 = SURFACE_CURVE('',#3987,(#3991,#3998),.PCURVE_S1.);
#3987 = LINE('',#3988,#3989);
#3988 = CARTESIAN_POINT('',(-6.4,-64.8,2.));
#3989 = VECTOR('',#3990,1.);
#3990 = DIRECTION('',(0.,1.,0.));
#3991 = PCURVE('',#1885,#3992);
#3992 = DEFINITIONAL_REPRESENTATION('',(#3993),#3997);
#3993 = LINE('',#3994,#3995);
#3994 = CARTESIAN_POINT('',(-6.4,-64.8));
#3995 = VECTOR('',#3996,1.);
#3996 = DIRECTION('',(0.,1.));
#3997 = ( GEOMETRIC_REPRESENTATION_CONTEXT(2) 
PARAMETRIC_REPRESENTATION_CONTEXT() REPRESENTATION_CONTEXT('2D SPACE',''
  ) );
#3998 = PCURVE('',#3999,#4004);
#3999 = PLANE('',#4000);
#4000 = AXIS2_PLACEMENT_3D('',#4001,#4002,#4003);
#4001 = CARTESIAN_POINT('',(-6.4,-64.8,2.));
#4002 = DIRECTION('',(1.,0.,0.));
#4003 = DIRECTION('',(0.,0.,1.));
#4004 = DEFINITIONAL_REPRESENTATION('',(#4005),#4009);
#4005 = LINE('',#4006,#4007);
#4006 = CARTESIAN_POINT('',(0.,0.));
#4007 = VECTOR('',#4008,1.);
#4008 = DIRECTION('',(0.,-1.));
#4009 = ( GEOMETRIC_REPRESENTATION_CONTEXT(2) 
PARAMETRIC_REPRESENTATION_CONTEXT() REPRESENTATION_CONTEXT('2D SPACE',''
  ) );
#4010 = ORIENTED_EDGE('',*,*,#4011,.T.);
#4011 = EDGE_CURVE('',#3984,#4012,#4014,.T.);
#4012 = VERTEX_POINT('',#4013);
#4013 = CARTESIAN_POINT('',(1.6,-56.8,2.));
#4014 = SURFACE_CURVE('',#4015,(#4019,#4026),.PCURVE_S1.);
#4015 = LINE('',#4016,#4017);
#4016 = CARTESIAN_POINT('',(-6.4,-56.8,2.));
#4017 = VECTOR('',#4018,1.);
#4018 = DIRECTION('',(1.,0.,0.));
#4019 = PCURVE('',#1885,#4020);
#4020 = DEFINITIONAL_REPRESENTATION('',(#4021),#4025);
#4021 = LINE('',#4022,#4023);
#4022 = CARTESIAN_POINT('',(-6.4,-56.8));
#4023 = VECTOR('',#4024,1.);
#4024 = DIRECTION('',(1.,0.));
#4025 = ( GEOMETRIC_REPRESENTATION_CONTEXT(2) 
PARAMETRIC_REPRESENTATION_CONTEXT() REPRESENTATION_CONTEXT('2D SPACE',''
  ) );
#4026 = PCURVE('',#4027,#4032);
#4027 = PLANE('',#4028);
#4028 = AXIS2_PLACEMENT_3D('',#4029,#4030,#4031);
#4029 = CARTESIAN_POINT('',(-6.4,-56.8,2.));
#4030 = DIRECTION('',(0.,1.,0.));
#4031 = DIRECTION('',(0.,0.,1.));
#4032 = DEFINITIONAL_REPRESENTATION('',(#4033),#4037);
#4033 = LINE('',#4034,#4035);
#4034 = CARTESIAN_POINT('',(0.,0.));
#4035 = VECTOR('',#4036,1.);
#4036 = DIRECTION('',(0.,1.));
#4037 = ( GEOMETRIC_REPRESENTATION_CONTEXT(2) 
PARAMETRIC_REPRESENTATION_CONTEXT() REPRESENTATION_CONTEXT('2D SPACE',''
  ) );
#4038 = ORIENTED_EDGE('',*,*,#4039,.F.);
#4039 = EDGE_CURVE('',#4040,#4012,#4042,.T.);
#4040 = VERTEX_POINT('',#4041);
#4041 = CARTESIAN_POINT('',(1.6,-64.8,2.));
#4042 = SURFACE_CURVE('',#4043,(#4047,#4054),.PCURVE_S1.);
#4043 = LINE('',#4044,#4045);
#4044 = CARTESIAN_POINT('',(1.6,-64.8,2.));
#4045 = VECTOR('',#4046,1.);
#4046 = DIRECTION('',(0.,1.,0.));
#4047 = PCURVE('',#1885,#4048);
#4048 = DEFINITIONAL_REPRESENTATION('',(#4049),#4053);
#4049 = LINE('',#4050,#4051);
#4050 = CARTESIAN_POINT('',(1.6,-64.8));
#4051 = VECTOR('',#4052,1.);
#4052 = DIRECTION('',(0.,1.));
#4053 = ( GEOMETRIC_REPRESENTATION_CONTEXT(2) 
PARAMETRIC_REPRESENTATION_CONTEXT() REPRESENTATION_CONTEXT('2D SPACE',''
  ) );
#4054 = PCURVE('',#4055,#4060);
#4055 = PLANE('',#4056);
#4056 = AXIS2_PLACEMENT_3D('',#4057,#4058,#4059);
#4057 = CARTESIAN_POINT('',(1.6,-64.8,2.));
#4058 = DIRECTION('',(1.,0.,0.));
#4059 = DIRECTION('',(0.,0.,1.));
#4060 = DEFINITIONAL_REPRESENTATION('',(#4061),#4065);
#4061 = LINE('',#4062,#4063);
#4062 = CARTESIAN_POINT('',(0.,0.));
#4063 = VECTOR('',#4064,1.);
#4064 = DIRECTION('',(0.,-1.));
#4065 = ( GEOMETRIC_REPRESENTATION_CONTEXT(2) 
PARAMETRIC_REPRESENTATION_CONTEXT() REPRESENTATION_CONTEXT('2D SPACE',''
  ) );
#4066 = ORIENTED_EDGE('',*,*,#4067,.F.);
#4067 = EDGE_CURVE('',#3982,#4040,#4068,.T.);
#4068 = SURFACE_CURVE('',#4069,(#4073,#4080),.PCURVE_S1.);
#4069 = LINE('',#4070,#4071);
#4070 = CARTESIAN_POINT('',(-6.4,-64.8,2.));
#4071 = VECTOR('',#4072,1.);
#4072 = DIRECTION('',(1.,0.,0.));
#4073 = PCURVE('',#1885,#4074);
#4074 = DEFINITIONAL_REPRESENTATION('',(#4075),#4079);
#4075 = LINE('',#4076,#4077);
#4076 = CARTESIAN_POINT('',(-6.4,-64.8));
#4077 = VECTOR('',#4078,1.);
#4078 = DIRECTION('',(1.,0.));
#4079 = ( GEOMETRIC_REPRESENTATION_CONTEXT(2) 
PARAMETRIC_REPRESENTATION_CONTEXT() REPRESENTATION_CONTEXT('2D SPACE',''
  ) );
#4080 = PCURVE('',#4081,#4086);
#4081 = PLANE('',#4082);
#4082 = AXIS2_PLACEMENT_3D('',#4083,#4084,#4085);
#4083 = CARTESIAN_POINT('',(-6.4,-64.8,2.));
#4084 = DIRECTION('',(0.,1.,0.));
#4085 = DIRECTION('',(0.,0.,1.));
#4086 = DEFINITIONAL_REPRESENTATION('',(#4087),#4091);
#4087 = LINE('',#4088,#4089);
#4088 = CARTESIAN_POINT('',(0.,0.));
#4089 = VECTOR('',#4090,1.);
#4090 = DIRECTION('',(0.,1.));
#4091 = ( GEOMETRIC_REPRESENTATION_CONTEXT(2) 
PARAMETRIC_REPRESENTATION_CONTEXT() REPRESENTATION_CONTEXT('2D SPACE',''
  ) );
#4092 = FACE_BOUND('',#4093,.T.);
#4093 = EDGE_LOOP('',(#4094,#4120,#4153,#4177,#4205));
#4094 = ORIENTED_EDGE('',*,*,#4095,.F.);
#4095 = EDGE_CURVE('',#4096,#4098,#4100,.T.);
#4096 = VERTEX_POINT('',#4097);
#4097 = CARTESIAN_POINT('',(11.238624420504,-86.31590788449,2.));
#4098 = VERTEX_POINT('',#4099);
#4099 = CARTESIAN_POINT('',(18.5,-84.,2.));
#4100 = SURFACE_CURVE('',#4101,(#4106,#4113),.PCURVE_S1.);
#4101 = CIRCLE('',#4102,4.);
#4102 = AXIS2_PLACEMENT_3D('',#4103,#4104,#4105);
#4103 = CARTESIAN_POINT('',(14.5,-84.,2.));
#4104 = DIRECTION('',(0.,0.,1.));
#4105 = DIRECTION('',(1.,0.,0.));
#4106 = PCURVE('',#1885,#4107);
#4107 = DEFINITIONAL_REPRESENTATION('',(#4108),#4112);
#4108 = CIRCLE('',#4109,4.);
#4109 = AXIS2_PLACEMENT_2D('',#4110,#4111);
#4110 = CARTESIAN_POINT('',(14.5,-84.));
#4111 = DIRECTION('',(1.,0.));
#4112 = ( GEOMETRIC_REPRESENTATION_CONTEXT(2) 
PARAMETRIC_REPRESENTATION_CONTEXT() REPRESENTATION_CONTEXT('2D SPACE',''
  ) );
#4113 = PCURVE('',#3823,#4114);
#4114 = DEFINITIONAL_REPRESENTATION('',(#4115),#4119);
#4115 = LINE('',#4116,#4117);
#4116 = CARTESIAN_POINT('',(-0.,0.));
#4117 = VECTOR('',#4118,1.);
#4118 = DIRECTION('',(-1.,0.));
#4119 = ( GEOMETRIC_REPRESENTATION_CONTEXT(2) 
PARAMETRIC_REPRESENTATION_CONTEXT() REPRESENTATION_CONTEXT('2D SPACE',''
  ) );
#4120 = ORIENTED_EDGE('',*,*,#4121,.T.);
#4121 = EDGE_CURVE('',#4096,#4122,#4124,.T.);
#4122 = VERTEX_POINT('',#4123);
#4123 = CARTESIAN_POINT('',(-11.2386244205,-86.31590788449,2.));
#4124 = SURFACE_CURVE('',#4125,(#4130,#4141),.PCURVE_S1.);
#4125 = CIRCLE('',#4126,11.474759613805);
#4126 = AXIS2_PLACEMENT_3D('',#4127,#4128,#4129);
#4127 = CARTESIAN_POINT('',(0.,-84.,2.));
#4128 = DIRECTION('',(0.,0.,-1.));
#4129 = DIRECTION('',(1.,0.,0.));
#4130 = PCURVE('',#1885,#4131);
#4131 = DEFINITIONAL_REPRESENTATION('',(#4132),#4140);
#4132 = ( BOUNDED_CURVE() B_SPLINE_CURVE(2,(#4133,#4134,#4135,#4136,
#4137,#4138,#4139),.UNSPECIFIED.,.T.,.F.) B_SPLINE_CURVE_WITH_KNOTS((1,2
    ,2,2,2,1),(-2.094395102393,0.,2.094395102393,4.188790204786,
6.28318530718,8.377580409573),.UNSPECIFIED.) CURVE() 
GEOMETRIC_REPRESENTATION_ITEM() RATIONAL_B_SPLINE_CURVE((1.,0.5,1.,0.5,
1.,0.5,1.)) REPRESENTATION_ITEM('') );
#4133 = CARTESIAN_POINT('',(11.474759613805,-84.));
#4134 = CARTESIAN_POINT('',(11.474759613805,-103.8748666557));
#4135 = CARTESIAN_POINT('',(-5.737379806903,-93.93743332787));
#4136 = CARTESIAN_POINT('',(-22.94951922761,-84.));
#4137 = CARTESIAN_POINT('',(-5.737379806903,-74.06256667212));
#4138 = CARTESIAN_POINT('',(11.474759613805,-64.12513334425));
#4139 = CARTESIAN_POINT('',(11.474759613805,-84.));
#4140 = ( GEOMETRIC_REPRESENTATION_CONTEXT(2) 
PARAMETRIC_REPRESENTATION_CONTEXT() REPRESENTATION_CONTEXT('2D SPACE',''
  ) );
#4141 = PCURVE('',#4142,#4147);
#4142 = CONICAL_SURFACE('',#4143,2.16,0.780114871463);
#4143 = AXIS2_PLACEMENT_3D('',#4144,#4145,#4146);
#4144 = CARTESIAN_POINT('',(0.,-84.,11.413708498985));
#4145 = DIRECTION('',(-0.,-0.,-1.));
#4146 = DIRECTION('',(1.,0.,0.));
#4147 = DEFINITIONAL_REPRESENTATION('',(#4148),#4152);
#4148 = LINE('',#4149,#4150);
#4149 = CARTESIAN_POINT('',(-6.28318530718,9.413708498985));
#4150 = VECTOR('',#4151,1.);
#4151 = DIRECTION('',(1.,-0.));
#4152 = ( GEOMETRIC_REPRESENTATION_CONTEXT(2) 
PARAMETRIC_REPRESENTATION_CONTEXT() REPRESENTATION_CONTEXT('2D SPACE',''
  ) );
#4153 = ORIENTED_EDGE('',*,*,#4154,.F.);
#4154 = EDGE_CURVE('',#4155,#4122,#4157,.T.);
#4155 = VERTEX_POINT('',#4156);
#4156 = CARTESIAN_POINT('',(-11.2386244205,-81.6840921155,2.));
#4157 = SURFACE_CURVE('',#4158,(#4163,#4170),.PCURVE_S1.);
#4158 = CIRCLE('',#4159,4.);
#4159 = AXIS2_PLACEMENT_3D('',#4160,#4161,#4162);
#4160 = CARTESIAN_POINT('',(-14.5,-84.,2.));
#4161 = DIRECTION('',(0.,0.,1.));
#4162 = DIRECTION('',(1.,0.,0.));
#4163 = PCURVE('',#1885,#4164);
#4164 = DEFINITIONAL_REPRESENTATION('',(#4165),#4169);
#4165 = CIRCLE('',#4166,4.);
#4166 = AXIS2_PLACEMENT_2D('',#4167,#4168);
#4167 = CARTESIAN_POINT('',(-14.5,-84.));
#4168 = DIRECTION('',(1.,0.));
#4169 = ( GEOMETRIC_REPRESENTATION_CONTEXT(2) 
PARAMETRIC_REPRESENTATION_CONTEXT() REPRESENTATION_CONTEXT('2D SPACE',''
  ) );
#4170 = PCURVE('',#3753,#4171);
#4171 = DEFINITIONAL_REPRESENTATION('',(#4172),#4176);
#4172 = LINE('',#4173,#4174);
#4173 = CARTESIAN_POINT('',(-0.,0.));
#4174 = VECTOR('',#4175,1.);
#4175 = DIRECTION('',(-1.,0.));
#4176 = ( GEOMETRIC_REPRESENTATION_CONTEXT(2) 
PARAMETRIC_REPRESENTATION_CONTEXT() REPRESENTATION_CONTEXT('2D SPACE',''
  ) );
#4177 = ORIENTED_EDGE('',*,*,#4178,.T.);
#4178 = EDGE_CURVE('',#4155,#4179,#4181,.T.);
#4179 = VERTEX_POINT('',#4180);
#4180 = CARTESIAN_POINT('',(11.238624420504,-81.6840921155,2.));
#4181 = SURFACE_CURVE('',#4182,(#4187,#4198),.PCURVE_S1.);
#4182 = CIRCLE('',#4183,11.474759613805);
#4183 = AXIS2_PLACEMENT_3D('',#4184,#4185,#4186);
#4184 = CARTESIAN_POINT('',(0.,-84.,2.));
#4185 = DIRECTION('',(0.,0.,-1.));
#4186 = DIRECTION('',(1.,0.,0.));
#4187 = PCURVE('',#1885,#4188);
#4188 = DEFINITIONAL_REPRESENTATION('',(#4189),#4197);
#4189 = ( BOUNDED_CURVE() B_SPLINE_CURVE(2,(#4190,#4191,#4192,#4193,
#4194,#4195,#4196),.UNSPECIFIED.,.T.,.F.) B_SPLINE_CURVE_WITH_KNOTS((1,2
    ,2,2,2,1),(-2.094395102393,0.,2.094395102393,4.188790204786,
6.28318530718,8.377580409573),.UNSPECIFIED.) CURVE() 
GEOMETRIC_REPRESENTATION_ITEM() RATIONAL_B_SPLINE_CURVE((1.,0.5,1.,0.5,
1.,0.5,1.)) REPRESENTATION_ITEM('') );
#4190 = CARTESIAN_POINT('',(11.474759613805,-84.));
#4191 = CARTESIAN_POINT('',(11.474759613805,-103.8748666557));
#4192 = CARTESIAN_POINT('',(-5.737379806903,-93.93743332787));
#4193 = CARTESIAN_POINT('',(-22.94951922761,-84.));
#4194 = CARTESIAN_POINT('',(-5.737379806903,-74.06256667212));
#4195 = CARTESIAN_POINT('',(11.474759613805,-64.12513334425));
#4196 = CARTESIAN_POINT('',(11.474759613805,-84.));
#4197 = ( GEOMETRIC_REPRESENTATION_CONTEXT(2) 
PARAMETRIC_REPRESENTATION_CONTEXT() REPRESENTATION_CONTEXT('2D SPACE',''
  ) );
#4198 = PCURVE('',#4142,#4199);
#4199 = DEFINITIONAL_REPRESENTATION('',(#4200),#4204);
#4200 = LINE('',#4201,#4202);
#4201 = CARTESIAN_POINT('',(-6.28318530718,9.413708498985));
#4202 = VECTOR('',#4203,1.);
#4203 = DIRECTION('',(1.,-0.));
#4204 = ( GEOMETRIC_REPRESENTATION_CONTEXT(2) 
PARAMETRIC_REPRESENTATION_CONTEXT() REPRESENTATION_CONTEXT('2D SPACE',''
  ) );
#4205 = ORIENTED_EDGE('',*,*,#4206,.F.);
#4206 = EDGE_CURVE('',#4098,#4179,#4207,.T.);
#4207 = SURFACE_CURVE('',#4208,(#4213,#4220),.PCURVE_S1.);
#4208 = CIRCLE('',#4209,4.);
#4209 = AXIS2_PLACEMENT_3D('',#4210,#4211,#4212);
#4210 = CARTESIAN_POINT('',(14.5,-84.,2.));
#4211 = DIRECTION('',(0.,0.,1.));
#4212 = DIRECTION('',(1.,0.,0.));
#4213 = PCURVE('',#1885,#4214);
#4214 = DEFINITIONAL_REPRESENTATION('',(#4215),#4219);
#4215 = CIRCLE('',#4216,4.);
#4216 = AXIS2_PLACEMENT_2D('',#4217,#4218);
#4217 = CARTESIAN_POINT('',(14.5,-84.));
#4218 = DIRECTION('',(1.,0.));
#4219 = ( GEOMETRIC_REPRESENTATION_CONTEXT(2) 
PARAMETRIC_REPRESENTATION_CONTEXT() REPRESENTATION_CONTEXT('2D SPACE',''
  ) );
#4220 = PCURVE('',#3823,#4221);
#4221 = DEFINITIONAL_REPRESENTATION('',(#4222),#4226);
#4222 = LINE('',#4223,#4224);
#4223 = CARTESIAN_POINT('',(-0.,0.));
#4224 = VECTOR('',#4225,1.);
#4225 = DIRECTION('',(-1.,0.));
#4226 = ( GEOMETRIC_REPRESENTATION_CONTEXT(2) 
PARAMETRIC_REPRESENTATION_CONTEXT() REPRESENTATION_CONTEXT('2D SPACE',''
  ) );
#4227 = FACE_BOUND('',#4228,.T.);
#4228 = EDGE_LOOP('',(#4229));
#4229 = ORIENTED_EDGE('',*,*,#4230,.F.);
#4230 = EDGE_CURVE('',#4231,#4231,#4233,.T.);
#4231 = VERTEX_POINT('',#4232);
#4232 = CARTESIAN_POINT('',(9.5,-44.5,2.));
#4233 = SURFACE_CURVE('',#4234,(#4239,#4246),.PCURVE_S1.);
#4234 = CIRCLE('',#4235,3.);
#4235 = AXIS2_PLACEMENT_3D('',#4236,#4237,#4238);
#4236 = CARTESIAN_POINT('',(6.5,-44.5,2.));
#4237 = DIRECTION('',(0.,0.,1.));
#4238 = DIRECTION('',(1.,0.,0.));
#4239 = PCURVE('',#1885,#4240);
#4240 = DEFINITIONAL_REPRESENTATION('',(#4241),#4245);
#4241 = CIRCLE('',#4242,3.);
#4242 = AXIS2_PLACEMENT_2D('',#4243,#4244);
#4243 = CARTESIAN_POINT('',(6.5,-44.5));
#4244 = DIRECTION('',(1.,0.));
#4245 = ( GEOMETRIC_REPRESENTATION_CONTEXT(2) 
PARAMETRIC_REPRESENTATION_CONTEXT() REPRESENTATION_CONTEXT('2D SPACE',''
  ) );
#4246 = PCURVE('',#4247,#4252);
#4247 = CYLINDRICAL_SURFACE('',#4248,3.);
#4248 = AXIS2_PLACEMENT_3D('',#4249,#4250,#4251);
#4249 = CARTESIAN_POINT('',(6.5,-44.5,2.));
#4250 = DIRECTION('',(-0.,-0.,-1.));
#4251 = DIRECTION('',(1.,0.,0.));
#4252 = DEFINITIONAL_REPRESENTATION('',(#4253),#4257);
#4253 = LINE('',#4254,#4255);
#4254 = CARTESIAN_POINT('',(-0.,0.));
#4255 = VECTOR('',#4256,1.);
#4256 = DIRECTION('',(-1.,0.));
#4257 = ( GEOMETRIC_REPRESENTATION_CONTEXT(2) 
PARAMETRIC_REPRESENTATION_CONTEXT() REPRESENTATION_CONTEXT('2D SPACE',''
  ) );
#4258 = FACE_BOUND('',#4259,.T.);
#4259 = EDGE_LOOP('',(#4260));
#4260 = ORIENTED_EDGE('',*,*,#4261,.F.);
#4261 = EDGE_CURVE('',#4262,#4262,#4264,.T.);
#4262 = VERTEX_POINT('',#4263);
#4263 = CARTESIAN_POINT('',(58.5,-44.5,2.));
#4264 = SURFACE_CURVE('',#4265,(#4270,#4277),.PCURVE_S1.);
#4265 = CIRCLE('',#4266,3.);
#4266 = AXIS2_PLACEMENT_3D('',#4267,#4268,#4269);
#4267 = CARTESIAN_POINT('',(55.5,-44.5,2.));
#4268 = DIRECTION('',(0.,0.,1.));
#4269 = DIRECTION('',(1.,0.,0.));
#4270 = PCURVE('',#1885,#4271);
#4271 = DEFINITIONAL_REPRESENTATION('',(#4272),#4276);
#4272 = CIRCLE('',#4273,3.);
#4273 = AXIS2_PLACEMENT_2D('',#4274,#4275);
#4274 = CARTESIAN_POINT('',(55.5,-44.5));
#4275 = DIRECTION('',(1.,0.));
#4276 = ( GEOMETRIC_REPRESENTATION_CONTEXT(2) 
PARAMETRIC_REPRESENTATION_CONTEXT() REPRESENTATION_CONTEXT('2D SPACE',''
  ) );
#4277 = PCURVE('',#4278,#4283);
#4278 = CYLINDRICAL_SURFACE('',#4279,3.);
#4279 = AXIS2_PLACEMENT_3D('',#4280,#4281,#4282);
#4280 = CARTESIAN_POINT('',(55.5,-44.5,2.));
#4281 = DIRECTION('',(-0.,-0.,-1.));
#4282 = DIRECTION('',(1.,0.,0.));
#4283 = DEFINITIONAL_REPRESENTATION('',(#4284),#4288);
#4284 = LINE('',#4285,#4286);
#4285 = CARTESIAN_POINT('',(-0.,0.));
#4286 = VECTOR('',#4287,1.);
#4287 = DIRECTION('',(-1.,0.));
#4288 = ( GEOMETRIC_REPRESENTATION_CONTEXT(2) 
PARAMETRIC_REPRESENTATION_CONTEXT() REPRESENTATION_CONTEXT('2D SPACE',''
  ) );
#4289 = FACE_BOUND('',#4290,.T.);
#4290 = EDGE_LOOP('',(#4291,#4292,#4293,#4294,#4295,#4296,#4297,#4298));
#4291 = ORIENTED_EDGE('',*,*,#1870,.F.);
#4292 = ORIENTED_EDGE('',*,*,#1924,.T.);
#4293 = ORIENTED_EDGE('',*,*,#2019,.F.);
#4294 = ORIENTED_EDGE('',*,*,#2118,.T.);
#4295 = ORIENTED_EDGE('',*,*,#2191,.F.);
#4296 = ORIENTED_EDGE('',*,*,#2143,.T.);
#4297 = ORIENTED_EDGE('',*,*,#2069,.F.);
#4298 = ORIENTED_EDGE('',*,*,#1949,.T.);
#4299 = FACE_BOUND('',#4300,.T.);
#4300 = EDGE_LOOP('',(#4301,#4331,#4359,#4387));
#4301 = ORIENTED_EDGE('',*,*,#4302,.T.);
#4302 = EDGE_CURVE('',#4303,#4305,#4307,.T.);
#4303 = VERTEX_POINT('',#4304);
#4304 = CARTESIAN_POINT('',(-79.,56.8,2.));
#4305 = VERTEX_POINT('',#4306);
#4306 = CARTESIAN_POINT('',(-79.,64.8,2.));
#4307 = SURFACE_CURVE('',#4308,(#4312,#4319),.PCURVE_S1.);
#4308 = LINE('',#4309,#4310);
#4309 = CARTESIAN_POINT('',(-79.,56.8,2.));
#4310 = VECTOR('',#4311,1.);
#4311 = DIRECTION('',(0.,1.,0.));
#4312 = PCURVE('',#1885,#4313);
#4313 = DEFINITIONAL_REPRESENTATION('',(#4314),#4318);
#4314 = LINE('',#4315,#4316);
#4315 = CARTESIAN_POINT('',(-79.,56.8));
#4316 = VECTOR('',#4317,1.);
#4317 = DIRECTION('',(0.,1.));
#4318 = ( GEOMETRIC_REPRESENTATION_CONTEXT(2) 
PARAMETRIC_REPRESENTATION_CONTEXT() REPRESENTATION_CONTEXT('2D SPACE',''
  ) );
#4319 = PCURVE('',#4320,#4325);
#4320 = PLANE('',#4321);
#4321 = AXIS2_PLACEMENT_3D('',#4322,#4323,#4324);
#4322 = CARTESIAN_POINT('',(-79.,56.8,2.));
#4323 = DIRECTION('',(1.,0.,0.));
#4324 = DIRECTION('',(0.,0.,1.));
#4325 = DEFINITIONAL_REPRESENTATION('',(#4326),#4330);
#4326 = LINE('',#4327,#4328);
#4327 = CARTESIAN_POINT('',(0.,0.));
#4328 = VECTOR('',#4329,1.);
#4329 = DIRECTION('',(0.,-1.));
#4330 = ( GEOMETRIC_REPRESENTATION_CONTEXT(2) 
PARAMETRIC_REPRESENTATION_CONTEXT() REPRESENTATION_CONTEXT('2D SPACE',''
  ) );
#4331 = ORIENTED_EDGE('',*,*,#4332,.T.);
#4332 = EDGE_CURVE('',#4305,#4333,#4335,.T.);
#4333 = VERTEX_POINT('',#4334);
#4334 = CARTESIAN_POINT('',(-71.,64.8,2.));
#4335 = SURFACE_CURVE('',#4336,(#4340,#4347),.PCURVE_S1.);
#4336 = LINE('',#4337,#4338);
#4337 = CARTESIAN_POINT('',(-79.,64.8,2.));
#4338 = VECTOR('',#4339,1.);
#4339 = DIRECTION('',(1.,0.,0.));
#4340 = PCURVE('',#1885,#4341);
#4341 = DEFINITIONAL_REPRESENTATION('',(#4342),#4346);
#4342 = LINE('',#4343,#4344);
#4343 = CARTESIAN_POINT('',(-79.,64.8));
#4344 = VECTOR('',#4345,1.);
#4345 = DIRECTION('',(1.,0.));
#4346 = ( GEOMETRIC_REPRESENTATION_CONTEXT(2) 
PARAMETRIC_REPRESENTATION_CONTEXT() REPRESENTATION_CONTEXT('2D SPACE',''
  ) );
#4347 = PCURVE('',#4348,#4353);
#4348 = PLANE('',#4349);
#4349 = AXIS2_PLACEMENT_3D('',#4350,#4351,#4352);
#4350 = CARTESIAN_POINT('',(-79.,64.8,2.));
#4351 = DIRECTION('',(0.,1.,0.));
#4352 = DIRECTION('',(0.,0.,1.));
#4353 = DEFINITIONAL_REPRESENTATION('',(#4354),#4358);
#4354 = LINE('',#4355,#4356);
#4355 = CARTESIAN_POINT('',(0.,0.));
#4356 = VECTOR('',#4357,1.);
#4357 = DIRECTION('',(0.,1.));
#4358 = ( GEOMETRIC_REPRESENTATION_CONTEXT(2) 
PARAMETRIC_REPRESENTATION_CONTEXT() REPRESENTATION_CONTEXT('2D SPACE',''
  ) );
#4359 = ORIENTED_EDGE('',*,*,#4360,.F.);
#4360 = EDGE_CURVE('',#4361,#4333,#4363,.T.);
#4361 = VERTEX_POINT('',#4362);
#4362 = CARTESIAN_POINT('',(-71.,56.8,2.));
#4363 = SURFACE_CURVE('',#4364,(#4368,#4375),.PCURVE_S1.);
#4364 = LINE('',#4365,#4366);
#4365 = CARTESIAN_POINT('',(-71.,56.8,2.));
#4366 = VECTOR('',#4367,1.);
#4367 = DIRECTION('',(0.,1.,0.));
#4368 = PCURVE('',#1885,#4369);
#4369 = DEFINITIONAL_REPRESENTATION('',(#4370),#4374);
#4370 = LINE('',#4371,#4372);
#4371 = CARTESIAN_POINT('',(-71.,56.8));
#4372 = VECTOR('',#4373,1.);
#4373 = DIRECTION('',(0.,1.));
#4374 = ( GEOMETRIC_REPRESENTATION_CONTEXT(2) 
PARAMETRIC_REPRESENTATION_CONTEXT() REPRESENTATION_CONTEXT('2D SPACE',''
  ) );
#4375 = PCURVE('',#4376,#4381);
#4376 = PLANE('',#4377);
#4377 = AXIS2_PLACEMENT_3D('',#4378,#4379,#4380);
#4378 = CARTESIAN_POINT('',(-71.,56.8,2.));
#4379 = DIRECTION('',(1.,0.,0.));
#4380 = DIRECTION('',(0.,0.,1.));
#4381 = DEFINITIONAL_REPRESENTATION('',(#4382),#4386);
#4382 = LINE('',#4383,#4384);
#4383 = CARTESIAN_POINT('',(0.,0.));
#4384 = VECTOR('',#4385,1.);
#4385 = DIRECTION('',(0.,-1.));
#4386 = ( GEOMETRIC_REPRESENTATION_CONTEXT(2) 
PARAMETRIC_REPRESENTATION_CONTEXT() REPRESENTATION_CONTEXT('2D SPACE',''
  ) );
#4387 = ORIENTED_EDGE('',*,*,#4388,.F.);
#4388 = EDGE_CURVE('',#4303,#4361,#4389,.T.);
#4389 = SURFACE_CURVE('',#4390,(#4394,#4401),.PCURVE_S1.);
#4390 = LINE('',#4391,#4392);
#4391 = CARTESIAN_POINT('',(-79.,56.8,2.));
#4392 = VECTOR('',#4393,1.);
#4393 = DIRECTION('',(1.,0.,0.));
#4394 = PCURVE('',#1885,#4395);
#4395 = DEFINITIONAL_REPRESENTATION('',(#4396),#4400);
#4396 = LINE('',#4397,#4398);
#4397 = CARTESIAN_POINT('',(-79.,56.8));
#4398 = VECTOR('',#4399,1.);
#4399 = DIRECTION('',(1.,0.));
#4400 = ( GEOMETRIC_REPRESENTATION_CONTEXT(2) 
PARAMETRIC_REPRESENTATION_CONTEXT() REPRESENTATION_CONTEXT('2D SPACE',''
  ) );
#4401 = PCURVE('',#4402,#4407);
#4402 = PLANE('',#4403);
#4403 = AXIS2_PLACEMENT_3D('',#4404,#4405,#4406);
#4404 = CARTESIAN_POINT('',(-79.,56.8,2.));
#4405 = DIRECTION('',(0.,1.,0.));
#4406 = DIRECTION('',(0.,0.,1.));
#4407 = DEFINITIONAL_REPRESENTATION('',(#4408),#4412);
#4408 = LINE('',#4409,#4410);
#4409 = CARTESIAN_POINT('',(0.,0.));
#4410 = VECTOR('',#4411,1.);
#4411 = DIRECTION('',(0.,1.));
#4412 = ( GEOMETRIC_REPRESENTATION_CONTEXT(2) 
PARAMETRIC_REPRESENTATION_CONTEXT() REPRESENTATION_CONTEXT('2D SPACE',''
  ) );
#4413 = FACE_BOUND('',#4414,.T.);
#4414 = EDGE_LOOP('',(#4415,#4445,#4473,#4501));
#4415 = ORIENTED_EDGE('',*,*,#4416,.T.);
#4416 = EDGE_CURVE('',#4417,#4419,#4421,.T.);
#4417 = VERTEX_POINT('',#4418);
#4418 = CARTESIAN_POINT('',(-6.4,56.8,2.));
#4419 = VERTEX_POINT('',#4420);
#4420 = CARTESIAN_POINT('',(-6.4,64.8,2.));
#4421 = SURFACE_CURVE('',#4422,(#4426,#4433),.PCURVE_S1.);
#4422 = LINE('',#4423,#4424);
#4423 = CARTESIAN_POINT('',(-6.4,56.8,2.));
#4424 = VECTOR('',#4425,1.);
#4425 = DIRECTION('',(0.,1.,0.));
#4426 = PCURVE('',#1885,#4427);
#4427 = DEFINITIONAL_REPRESENTATION('',(#4428),#4432);
#4428 = LINE('',#4429,#4430);
#4429 = CARTESIAN_POINT('',(-6.4,56.8));
#4430 = VECTOR('',#4431,1.);
#4431 = DIRECTION('',(0.,1.));
#4432 = ( GEOMETRIC_REPRESENTATION_CONTEXT(2) 
PARAMETRIC_REPRESENTATION_CONTEXT() REPRESENTATION_CONTEXT('2D SPACE',''
  ) );
#4433 = PCURVE('',#4434,#4439);
#4434 = PLANE('',#4435);
#4435 = AXIS2_PLACEMENT_3D('',#4436,#4437,#4438);
#4436 = CARTESIAN_POINT('',(-6.4,56.8,2.));
#4437 = DIRECTION('',(1.,0.,0.));
#4438 = DIRECTION('',(0.,0.,1.));
#4439 = DEFINITIONAL_REPRESENTATION('',(#4440),#4444);
#4440 = LINE('',#4441,#4442);
#4441 = CARTESIAN_POINT('',(0.,0.));
#4442 = VECTOR('',#4443,1.);
#4443 = DIRECTION('',(0.,-1.));
#4444 = ( GEOMETRIC_REPRESENTATION_CONTEXT(2) 
PARAMETRIC_REPRESENTATION_CONTEXT() REPRESENTATION_CONTEXT('2D SPACE',''
  ) );
#4445 = ORIENTED_EDGE('',*,*,#4446,.T.);
#4446 = EDGE_CURVE('',#4419,#4447,#4449,.T.);
#4447 = VERTEX_POINT('',#4448);
#4448 = CARTESIAN_POINT('',(1.6,64.8,2.));
#4449 = SURFACE_CURVE('',#4450,(#4454,#4461),.PCURVE_S1.);
#4450 = LINE('',#4451,#4452);
#4451 = CARTESIAN_POINT('',(-6.4,64.8,2.));
#4452 = VECTOR('',#4453,1.);
#4453 = DIRECTION('',(1.,0.,0.));
#4454 = PCURVE('',#1885,#4455);
#4455 = DEFINITIONAL_REPRESENTATION('',(#4456),#4460);
#4456 = LINE('',#4457,#4458);
#4457 = CARTESIAN_POINT('',(-6.4,64.8));
#4458 = VECTOR('',#4459,1.);
#4459 = DIRECTION('',(1.,0.));
#4460 = ( GEOMETRIC_REPRESENTATION_CONTEXT(2) 
PARAMETRIC_REPRESENTATION_CONTEXT() REPRESENTATION_CONTEXT('2D SPACE',''
  ) );
#4461 = PCURVE('',#4462,#4467);
#4462 = PLANE('',#4463);
#4463 = AXIS2_PLACEMENT_3D('',#4464,#4465,#4466);
#4464 = CARTESIAN_POINT('',(-6.4,64.8,2.));
#4465 = DIRECTION('',(0.,1.,0.));
#4466 = DIRECTION('',(0.,0.,1.));
#4467 = DEFINITIONAL_REPRESENTATION('',(#4468),#4472);
#4468 = LINE('',#4469,#4470);
#4469 = CARTESIAN_POINT('',(0.,0.));
#4470 = VECTOR('',#4471,1.);
#4471 = DIRECTION('',(0.,1.));
#4472 = ( GEOMETRIC_REPRESENTATION_CONTEXT(2) 
PARAMETRIC_REPRESENTATION_CONTEXT() REPRESENTATION_CONTEXT('2D SPACE',''
  ) );
#4473 = ORIENTED_EDGE('',*,*,#4474,.F.);
#4474 = EDGE_CURVE('',#4475,#4447,#4477,.T.);
#4475 = VERTEX_POINT('',#4476);
#4476 = CARTESIAN_POINT('',(1.6,56.8,2.));
#4477 = SURFACE_CURVE('',#4478,(#4482,#4489),.PCURVE_S1.);
#4478 = LINE('',#4479,#4480);
#4479 = CARTESIAN_POINT('',(1.6,56.8,2.));
#4480 = VECTOR('',#4481,1.);
#4481 = DIRECTION('',(0.,1.,0.));
#4482 = PCURVE('',#1885,#4483);
#4483 = DEFINITIONAL_REPRESENTATION('',(#4484),#4488);
#4484 = LINE('',#4485,#4486);
#4485 = CARTESIAN_POINT('',(1.6,56.8));
#4486 = VECTOR('',#4487,1.);
#4487 = DIRECTION('',(0.,1.));
#4488 = ( GEOMETRIC_REPRESENTATION_CONTEXT(2) 
PARAMETRIC_REPRESENTATION_CONTEXT() REPRESENTATION_CONTEXT('2D SPACE',''
  ) );
#4489 = PCURVE('',#4490,#4495);
#4490 = PLANE('',#4491);
#4491 = AXIS2_PLACEMENT_3D('',#4492,#4493,#4494);
#4492 = CARTESIAN_POINT('',(1.6,56.8,2.));
#4493 = DIRECTION('',(1.,0.,0.));
#4494 = DIRECTION('',(0.,0.,1.));
#4495 = DEFINITIONAL_REPRESENTATION('',(#4496),#4500);
#4496 = LINE('',#4497,#4498);
#4497 = CARTESIAN_POINT('',(0.,0.));
#4498 = VECTOR('',#4499,1.);
#4499 = DIRECTION('',(0.,-1.));
#4500 = ( GEOMETRIC_REPRESENTATION_CONTEXT(2) 
PARAMETRIC_REPRESENTATION_CONTEXT() REPRESENTATION_CONTEXT('2D SPACE',''
  ) );
#4501 = ORIENTED_EDGE('',*,*,#4502,.F.);
#4502 = EDGE_CURVE('',#4417,#4475,#4503,.T.);
#4503 = SURFACE_CURVE('',#4504,(#4508,#4515),.PCURVE_S1.);
#4504 = LINE('',#4505,#4506);
#4505 = CARTESIAN_POINT('',(-6.4,56.8,2.));
#4506 = VECTOR('',#4507,1.);
#4507 = DIRECTION('',(1.,0.,0.));
#4508 = PCURVE('',#1885,#4509);
#4509 = DEFINITIONAL_REPRESENTATION('',(#4510),#4514);
#4510 = LINE('',#4511,#4512);
#4511 = CARTESIAN_POINT('',(-6.4,56.8));
#4512 = VECTOR('',#4513,1.);
#4513 = DIRECTION('',(1.,0.));
#4514 = ( GEOMETRIC_REPRESENTATION_CONTEXT(2) 
PARAMETRIC_REPRESENTATION_CONTEXT() REPRESENTATION_CONTEXT('2D SPACE',''
  ) );
#4515 = PCURVE('',#4516,#4521);
#4516 = PLANE('',#4517);
#4517 = AXIS2_PLACEMENT_3D('',#4518,#4519,#4520);
#4518 = CARTESIAN_POINT('',(-6.4,56.8,2.));
#4519 = DIRECTION('',(0.,1.,0.));
#4520 = DIRECTION('',(0.,0.,1.));
#4521 = DEFINITIONAL_REPRESENTATION('',(#4522),#4526);
#4522 = LINE('',#4523,#4524);
#4523 = CARTESIAN_POINT('',(0.,0.));
#4524 = VECTOR('',#4525,1.);
#4525 = DIRECTION('',(0.,1.));
#4526 = ( GEOMETRIC_REPRESENTATION_CONTEXT(2) 
PARAMETRIC_REPRESENTATION_CONTEXT() REPRESENTATION_CONTEXT('2D SPACE',''
  ) );
#4527 = FACE_BOUND('',#4528,.T.);
#4528 = EDGE_LOOP('',(#4529));
#4529 = ORIENTED_EDGE('',*,*,#4530,.F.);
#4530 = EDGE_CURVE('',#4531,#4531,#4533,.T.);
#4531 = VERTEX_POINT('',#4532);
#4532 = CARTESIAN_POINT('',(9.5,13.5,2.));
#4533 = SURFACE_CURVE('',#4534,(#4539,#4546),.PCURVE_S1.);
#4534 = CIRCLE('',#4535,3.);
#4535 = AXIS2_PLACEMENT_3D('',#4536,#4537,#4538);
#4536 = CARTESIAN_POINT('',(6.5,13.5,2.));
#4537 = DIRECTION('',(0.,0.,1.));
#4538 = DIRECTION('',(1.,0.,0.));
#4539 = PCURVE('',#1885,#4540);
#4540 = DEFINITIONAL_REPRESENTATION('',(#4541),#4545);
#4541 = CIRCLE('',#4542,3.);
#4542 = AXIS2_PLACEMENT_2D('',#4543,#4544);
#4543 = CARTESIAN_POINT('',(6.5,13.5));
#4544 = DIRECTION('',(1.,0.));
#4545 = ( GEOMETRIC_REPRESENTATION_CONTEXT(2) 
PARAMETRIC_REPRESENTATION_CONTEXT() REPRESENTATION_CONTEXT('2D SPACE',''
  ) );
#4546 = PCURVE('',#4547,#4552);
#4547 = CYLINDRICAL_SURFACE('',#4548,3.);
#4548 = AXIS2_PLACEMENT_3D('',#4549,#4550,#4551);
#4549 = CARTESIAN_POINT('',(6.5,13.5,2.));
#4550 = DIRECTION('',(-0.,-0.,-1.));
#4551 = DIRECTION('',(1.,0.,0.));
#4552 = DEFINITIONAL_REPRESENTATION('',(#4553),#4557);
#4553 = LINE('',#4554,#4555);
#4554 = CARTESIAN_POINT('',(-0.,0.));
#4555 = VECTOR('',#4556,1.);
#4556 = DIRECTION('',(-1.,0.));
#4557 = ( GEOMETRIC_REPRESENTATION_CONTEXT(2) 
PARAMETRIC_REPRESENTATION_CONTEXT() REPRESENTATION_CONTEXT('2D SPACE',''
  ) );
#4558 = FACE_BOUND('',#4559,.T.);
#4559 = EDGE_LOOP('',(#4560));
#4560 = ORIENTED_EDGE('',*,*,#4561,.F.);
#4561 = EDGE_CURVE('',#4562,#4562,#4564,.T.);
#4562 = VERTEX_POINT('',#4563);
#4563 = CARTESIAN_POINT('',(58.5,13.5,2.));
#4564 = SURFACE_CURVE('',#4565,(#4570,#4577),.PCURVE_S1.);
#4565 = CIRCLE('',#4566,3.);
#4566 = AXIS2_PLACEMENT_3D('',#4567,#4568,#4569);
#4567 = CARTESIAN_POINT('',(55.5,13.5,2.));
#4568 = DIRECTION('',(0.,0.,1.));
#4569 = DIRECTION('',(1.,0.,0.));
#4570 = PCURVE('',#1885,#4571);
#4571 = DEFINITIONAL_REPRESENTATION('',(#4572),#4576);
#4572 = CIRCLE('',#4573,3.);
#4573 = AXIS2_PLACEMENT_2D('',#4574,#4575);
#4574 = CARTESIAN_POINT('',(55.5,13.5));
#4575 = DIRECTION('',(1.,0.));
#4576 = ( GEOMETRIC_REPRESENTATION_CONTEXT(2) 
PARAMETRIC_REPRESENTATION_CONTEXT() REPRESENTATION_CONTEXT('2D SPACE',''
  ) );
#4577 = PCURVE('',#4578,#4583);
#4578 = CYLINDRICAL_SURFACE('',#4579,3.);
#4579 = AXIS2_PLACEMENT_3D('',#4580,#4581,#4582);
#4580 = CARTESIAN_POINT('',(55.5,13.5,2.));
#4581 = DIRECTION('',(-0.,-0.,-1.));
#4582 = DIRECTION('',(1.,0.,0.));
#4583 = DEFINITIONAL_REPRESENTATION('',(#4584),#4588);
#4584 = LINE('',#4585,#4586);
#4585 = CARTESIAN_POINT('',(-0.,0.));
#4586 = VECTOR('',#4587,1.);
#4587 = DIRECTION('',(-1.,0.));
#4588 = ( GEOMETRIC_REPRESENTATION_CONTEXT(2) 
PARAMETRIC_REPRESENTATION_CONTEXT() REPRESENTATION_CONTEXT('2D SPACE',''
  ) );
#4589 = FACE_BOUND('',#4590,.T.);
#4590 = EDGE_LOOP('',(#4591,#4592,#4593,#4594,#4595,#4596,#4597,#4598));
#4591 = ORIENTED_EDGE('',*,*,#2263,.F.);
#4592 = ORIENTED_EDGE('',*,*,#2312,.T.);
#4593 = ORIENTED_EDGE('',*,*,#2407,.F.);
#4594 = ORIENTED_EDGE('',*,*,#2506,.T.);
#4595 = ORIENTED_EDGE('',*,*,#2579,.F.);
#4596 = ORIENTED_EDGE('',*,*,#2531,.T.);
#4597 = ORIENTED_EDGE('',*,*,#2457,.F.);
#4598 = ORIENTED_EDGE('',*,*,#2337,.T.);
#4599 = FACE_BOUND('',#4600,.T.);
#4600 = EDGE_LOOP('',(#4601,#4631,#4659,#4687,#4715,#4743,#4771,#4799,
    #4827,#4855,#4883,#4911));
#4601 = ORIENTED_EDGE('',*,*,#4602,.T.);
#4602 = EDGE_CURVE('',#4603,#4605,#4607,.T.);
#4603 = VERTEX_POINT('',#4604);
#4604 = CARTESIAN_POINT('',(-16.75,67.75,2.));
#4605 = VERTEX_POINT('',#4606);
#4606 = CARTESIAN_POINT('',(-16.75,101.25,2.));
#4607 = SURFACE_CURVE('',#4608,(#4612,#4619),.PCURVE_S1.);
#4608 = LINE('',#4609,#4610);
#4609 = CARTESIAN_POINT('',(-16.75,67.75,2.));
#4610 = VECTOR('',#4611,1.);
#4611 = DIRECTION('',(0.,1.,0.));
#4612 = PCURVE('',#1885,#4613);
#4613 = DEFINITIONAL_REPRESENTATION('',(#4614),#4618);
#4614 = LINE('',#4615,#4616);
#4615 = CARTESIAN_POINT('',(-16.75,67.75));
#4616 = VECTOR('',#4617,1.);
#4617 = DIRECTION('',(0.,1.));
#4618 = ( GEOMETRIC_REPRESENTATION_CONTEXT(2) 
PARAMETRIC_REPRESENTATION_CONTEXT() REPRESENTATION_CONTEXT('2D SPACE',''
  ) );
#4619 = PCURVE('',#4620,#4625);
#4620 = PLANE('',#4621);
#4621 = AXIS2_PLACEMENT_3D('',#4622,#4623,#4624);
#4622 = CARTESIAN_POINT('',(-16.75,67.75,2.));
#4623 = DIRECTION('',(1.,0.,0.));
#4624 = DIRECTION('',(0.,0.,1.));
#4625 = DEFINITIONAL_REPRESENTATION('',(#4626),#4630);
#4626 = LINE('',#4627,#4628);
#4627 = CARTESIAN_POINT('',(0.,0.));
#4628 = VECTOR('',#4629,1.);
#4629 = DIRECTION('',(0.,-1.));
#4630 = ( GEOMETRIC_REPRESENTATION_CONTEXT(2) 
PARAMETRIC_REPRESENTATION_CONTEXT() REPRESENTATION_CONTEXT('2D SPACE',''
  ) );
#4631 = ORIENTED_EDGE('',*,*,#4632,.T.);
#4632 = EDGE_CURVE('',#4605,#4633,#4635,.T.);
#4633 = VERTEX_POINT('',#4634);
#4634 = CARTESIAN_POINT('',(16.75,101.25,2.));
#4635 = SURFACE_CURVE('',#4636,(#4640,#4647),.PCURVE_S1.);
#4636 = LINE('',#4637,#4638);
#4637 = CARTESIAN_POINT('',(-16.75,101.25,2.));
#4638 = VECTOR('',#4639,1.);
#4639 = DIRECTION('',(1.,0.,0.));
#4640 = PCURVE('',#1885,#4641);
#4641 = DEFINITIONAL_REPRESENTATION('',(#4642),#4646);
#4642 = LINE('',#4643,#4644);
#4643 = CARTESIAN_POINT('',(-16.75,101.25));
#4644 = VECTOR('',#4645,1.);
#4645 = DIRECTION('',(1.,0.));
#4646 = ( GEOMETRIC_REPRESENTATION_CONTEXT(2) 
PARAMETRIC_REPRESENTATION_CONTEXT() REPRESENTATION_CONTEXT('2D SPACE',''
  ) );
#4647 = PCURVE('',#4648,#4653);
#4648 = PLANE('',#4649);
#4649 = AXIS2_PLACEMENT_3D('',#4650,#4651,#4652);
#4650 = CARTESIAN_POINT('',(-16.75,101.25,2.));
#4651 = DIRECTION('',(0.,1.,0.));
#4652 = DIRECTION('',(0.,0.,1.));
#4653 = DEFINITIONAL_REPRESENTATION('',(#4654),#4658);
#4654 = LINE('',#4655,#4656);
#4655 = CARTESIAN_POINT('',(0.,0.));
#4656 = VECTOR('',#4657,1.);
#4657 = DIRECTION('',(0.,1.));
#4658 = ( GEOMETRIC_REPRESENTATION_CONTEXT(2) 
PARAMETRIC_REPRESENTATION_CONTEXT() REPRESENTATION_CONTEXT('2D SPACE',''
  ) );
#4659 = ORIENTED_EDGE('',*,*,#4660,.F.);
#4660 = EDGE_CURVE('',#4661,#4633,#4663,.T.);
#4661 = VERTEX_POINT('',#4662);
#4662 = CARTESIAN_POINT('',(16.75,67.75,2.));
#4663 = SURFACE_CURVE('',#4664,(#4668,#4675),.PCURVE_S1.);
#4664 = LINE('',#4665,#4666);
#4665 = CARTESIAN_POINT('',(16.75,67.75,2.));
#4666 = VECTOR('',#4667,1.);
#4667 = DIRECTION('',(0.,1.,0.));
#4668 = PCURVE('',#1885,#4669);
#4669 = DEFINITIONAL_REPRESENTATION('',(#4670),#4674);
#4670 = LINE('',#4671,#4672);
#4671 = CARTESIAN_POINT('',(16.75,67.75));
#4672 = VECTOR('',#4673,1.);
#4673 = DIRECTION('',(0.,1.));
#4674 = ( GEOMETRIC_REPRESENTATION_CONTEXT(2) 
PARAMETRIC_REPRESENTATION_CONTEXT() REPRESENTATION_CONTEXT('2D SPACE',''
  ) );
#4675 = PCURVE('',#4676,#4681);
#4676 = PLANE('',#4677);
#4677 = AXIS2_PLACEMENT_3D('',#4678,#4679,#4680);
#4678 = CARTESIAN_POINT('',(16.75,67.75,2.));
#4679 = DIRECTION('',(1.,0.,0.));
#4680 = DIRECTION('',(0.,0.,1.));
#4681 = DEFINITIONAL_REPRESENTATION('',(#4682),#4686);
#4682 = LINE('',#4683,#4684);
#4683 = CARTESIAN_POINT('',(0.,0.));
#4684 = VECTOR('',#4685,1.);
#4685 = DIRECTION('',(0.,-1.));
#4686 = ( GEOMETRIC_REPRESENTATION_CONTEXT(2) 
PARAMETRIC_REPRESENTATION_CONTEXT() REPRESENTATION_CONTEXT('2D SPACE',''
  ) );
#4687 = ORIENTED_EDGE('',*,*,#4688,.F.);
#4688 = EDGE_CURVE('',#4689,#4661,#4691,.T.);
#4689 = VERTEX_POINT('',#4690);
#4690 = CARTESIAN_POINT('',(13.15,67.75,2.));
#4691 = SURFACE_CURVE('',#4692,(#4696,#4703),.PCURVE_S1.);
#4692 = LINE('',#4693,#4694);
#4693 = CARTESIAN_POINT('',(-16.75,67.75,2.));
#4694 = VECTOR('',#4695,1.);
#4695 = DIRECTION('',(1.,0.,0.));
#4696 = PCURVE('',#1885,#4697);
#4697 = DEFINITIONAL_REPRESENTATION('',(#4698),#4702);
#4698 = LINE('',#4699,#4700);
#4699 = CARTESIAN_POINT('',(-16.75,67.75));
#4700 = VECTOR('',#4701,1.);
#4701 = DIRECTION('',(1.,0.));
#4702 = ( GEOMETRIC_REPRESENTATION_CONTEXT(2) 
PARAMETRIC_REPRESENTATION_CONTEXT() REPRESENTATION_CONTEXT('2D SPACE',''
  ) );
#4703 = PCURVE('',#4704,#4709);
#4704 = PLANE('',#4705);
#4705 = AXIS2_PLACEMENT_3D('',#4706,#4707,#4708);
#4706 = CARTESIAN_POINT('',(-16.75,67.75,2.));
#4707 = DIRECTION('',(0.,1.,0.));
#4708 = DIRECTION('',(0.,0.,1.));
#4709 = DEFINITIONAL_REPRESENTATION('',(#4710),#4714);
#4710 = LINE('',#4711,#4712);
#4711 = CARTESIAN_POINT('',(0.,0.));
#4712 = VECTOR('',#4713,1.);
#4713 = DIRECTION('',(0.,1.));
#4714 = ( GEOMETRIC_REPRESENTATION_CONTEXT(2) 
PARAMETRIC_REPRESENTATION_CONTEXT() REPRESENTATION_CONTEXT('2D SPACE',''
  ) );
#4715 = ORIENTED_EDGE('',*,*,#4716,.T.);
#4716 = EDGE_CURVE('',#4689,#4717,#4719,.T.);
#4717 = VERTEX_POINT('',#4718);
#4718 = CARTESIAN_POINT('',(13.15,69.35,2.));
#4719 = SURFACE_CURVE('',#4720,(#4724,#4731),.PCURVE_S1.);
#4720 = LINE('',#4721,#4722);
#4721 = CARTESIAN_POINT('',(13.15,66.35,2.));
#4722 = VECTOR('',#4723,1.);
#4723 = DIRECTION('',(0.,1.,0.));
#4724 = PCURVE('',#1885,#4725);
#4725 = DEFINITIONAL_REPRESENTATION('',(#4726),#4730);
#4726 = LINE('',#4727,#4728);
#4727 = CARTESIAN_POINT('',(13.15,66.35));
#4728 = VECTOR('',#4729,1.);
#4729 = DIRECTION('',(0.,1.));
#4730 = ( GEOMETRIC_REPRESENTATION_CONTEXT(2) 
PARAMETRIC_REPRESENTATION_CONTEXT() REPRESENTATION_CONTEXT('2D SPACE',''
  ) );
#4731 = PCURVE('',#4732,#4737);
#4732 = PLANE('',#4733);
#4733 = AXIS2_PLACEMENT_3D('',#4734,#4735,#4736);
#4734 = CARTESIAN_POINT('',(13.15,66.35,2.));
#4735 = DIRECTION('',(1.,0.,0.));
#4736 = DIRECTION('',(0.,0.,1.));
#4737 = DEFINITIONAL_REPRESENTATION('',(#4738),#4742);
#4738 = LINE('',#4739,#4740);
#4739 = CARTESIAN_POINT('',(0.,0.));
#4740 = VECTOR('',#4741,1.);
#4741 = DIRECTION('',(0.,-1.));
#4742 = ( GEOMETRIC_REPRESENTATION_CONTEXT(2) 
PARAMETRIC_REPRESENTATION_CONTEXT() REPRESENTATION_CONTEXT('2D SPACE',''
  ) );
#4743 = ORIENTED_EDGE('',*,*,#4744,.T.);
#4744 = EDGE_CURVE('',#4717,#4745,#4747,.T.);
#4745 = VERTEX_POINT('',#4746);
#4746 = CARTESIAN_POINT('',(15.15,69.35,2.));
#4747 = SURFACE_CURVE('',#4748,(#4752,#4759),.PCURVE_S1.);
#4748 = LINE('',#4749,#4750);
#4749 = CARTESIAN_POINT('',(-15.15,69.35,2.));
#4750 = VECTOR('',#4751,1.);
#4751 = DIRECTION('',(1.,0.,0.));
#4752 = PCURVE('',#1885,#4753);
#4753 = DEFINITIONAL_REPRESENTATION('',(#4754),#4758);
#4754 = LINE('',#4755,#4756);
#4755 = CARTESIAN_POINT('',(-15.15,69.35));
#4756 = VECTOR('',#4757,1.);
#4757 = DIRECTION('',(1.,0.));
#4758 = ( GEOMETRIC_REPRESENTATION_CONTEXT(2) 
PARAMETRIC_REPRESENTATION_CONTEXT() REPRESENTATION_CONTEXT('2D SPACE',''
  ) );
#4759 = PCURVE('',#4760,#4765);
#4760 = PLANE('',#4761);
#4761 = AXIS2_PLACEMENT_3D('',#4762,#4763,#4764);
#4762 = CARTESIAN_POINT('',(-15.15,69.35,2.));
#4763 = DIRECTION('',(0.,1.,0.));
#4764 = DIRECTION('',(0.,0.,1.));
#4765 = DEFINITIONAL_REPRESENTATION('',(#4766),#4770);
#4766 = LINE('',#4767,#4768);
#4767 = CARTESIAN_POINT('',(0.,0.));
#4768 = VECTOR('',#4769,1.);
#4769 = DIRECTION('',(0.,1.));
#4770 = ( GEOMETRIC_REPRESENTATION_CONTEXT(2) 
PARAMETRIC_REPRESENTATION_CONTEXT() REPRESENTATION_CONTEXT('2D SPACE',''
  ) );
#4771 = ORIENTED_EDGE('',*,*,#4772,.T.);
#4772 = EDGE_CURVE('',#4745,#4773,#4775,.T.);
#4773 = VERTEX_POINT('',#4774);
#4774 = CARTESIAN_POINT('',(15.15,99.65,2.));
#4775 = SURFACE_CURVE('',#4776,(#4780,#4787),.PCURVE_S1.);
#4776 = LINE('',#4777,#4778);
#4777 = CARTESIAN_POINT('',(15.15,69.35,2.));
#4778 = VECTOR('',#4779,1.);
#4779 = DIRECTION('',(0.,1.,0.));
#4780 = PCURVE('',#1885,#4781);
#4781 = DEFINITIONAL_REPRESENTATION('',(#4782),#4786);
#4782 = LINE('',#4783,#4784);
#4783 = CARTESIAN_POINT('',(15.15,69.35));
#4784 = VECTOR('',#4785,1.);
#4785 = DIRECTION('',(0.,1.));
#4786 = ( GEOMETRIC_REPRESENTATION_CONTEXT(2) 
PARAMETRIC_REPRESENTATION_CONTEXT() REPRESENTATION_CONTEXT('2D SPACE',''
  ) );
#4787 = PCURVE('',#4788,#4793);
#4788 = PLANE('',#4789);
#4789 = AXIS2_PLACEMENT_3D('',#4790,#4791,#4792);
#4790 = CARTESIAN_POINT('',(15.15,69.35,2.));
#4791 = DIRECTION('',(1.,0.,0.));
#4792 = DIRECTION('',(0.,0.,1.));
#4793 = DEFINITIONAL_REPRESENTATION('',(#4794),#4798);
#4794 = LINE('',#4795,#4796);
#4795 = CARTESIAN_POINT('',(0.,0.));
#4796 = VECTOR('',#4797,1.);
#4797 = DIRECTION('',(0.,-1.));
#4798 = ( GEOMETRIC_REPRESENTATION_CONTEXT(2) 
PARAMETRIC_REPRESENTATION_CONTEXT() REPRESENTATION_CONTEXT('2D SPACE',''
  ) );
#4799 = ORIENTED_EDGE('',*,*,#4800,.F.);
#4800 = EDGE_CURVE('',#4801,#4773,#4803,.T.);
#4801 = VERTEX_POINT('',#4802);
#4802 = CARTESIAN_POINT('',(-15.15,99.65,2.));
#4803 = SURFACE_CURVE('',#4804,(#4808,#4815),.PCURVE_S1.);
#4804 = LINE('',#4805,#4806);
#4805 = CARTESIAN_POINT('',(-15.15,99.65,2.));
#4806 = VECTOR('',#4807,1.);
#4807 = DIRECTION('',(1.,0.,0.));
#4808 = PCURVE('',#1885,#4809);
#4809 = DEFINITIONAL_REPRESENTATION('',(#4810),#4814);
#4810 = LINE('',#4811,#4812);
#4811 = CARTESIAN_POINT('',(-15.15,99.65));
#4812 = VECTOR('',#4813,1.);
#4813 = DIRECTION('',(1.,0.));
#4814 = ( GEOMETRIC_REPRESENTATION_CONTEXT(2) 
PARAMETRIC_REPRESENTATION_CONTEXT() REPRESENTATION_CONTEXT('2D SPACE',''
  ) );
#4815 = PCURVE('',#4816,#4821);
#4816 = PLANE('',#4817);
#4817 = AXIS2_PLACEMENT_3D('',#4818,#4819,#4820);
#4818 = CARTESIAN_POINT('',(-15.15,99.65,2.));
#4819 = DIRECTION('',(0.,1.,0.));
#4820 = DIRECTION('',(0.,0.,1.));
#4821 = DEFINITIONAL_REPRESENTATION('',(#4822),#4826);
#4822 = LINE('',#4823,#4824);
#4823 = CARTESIAN_POINT('',(0.,0.));
#4824 = VECTOR('',#4825,1.);
#4825 = DIRECTION('',(0.,1.));
#4826 = ( GEOMETRIC_REPRESENTATION_CONTEXT(2) 
PARAMETRIC_REPRESENTATION_CONTEXT() REPRESENTATION_CONTEXT('2D SPACE',''
  ) );
#4827 = ORIENTED_EDGE('',*,*,#4828,.F.);
#4828 = EDGE_CURVE('',#4829,#4801,#4831,.T.);
#4829 = VERTEX_POINT('',#4830);
#4830 = CARTESIAN_POINT('',(-15.15,69.35,2.));
#4831 = SURFACE_CURVE('',#4832,(#4836,#4843),.PCURVE_S1.);
#4832 = LINE('',#4833,#4834);
#4833 = CARTESIAN_POINT('',(-15.15,69.35,2.));
#4834 = VECTOR('',#4835,1.);
#4835 = DIRECTION('',(0.,1.,0.));
#4836 = PCURVE('',#1885,#4837);
#4837 = DEFINITIONAL_REPRESENTATION('',(#4838),#4842);
#4838 = LINE('',#4839,#4840);
#4839 = CARTESIAN_POINT('',(-15.15,69.35));
#4840 = VECTOR('',#4841,1.);
#4841 = DIRECTION('',(0.,1.));
#4842 = ( GEOMETRIC_REPRESENTATION_CONTEXT(2) 
PARAMETRIC_REPRESENTATION_CONTEXT() REPRESENTATION_CONTEXT('2D SPACE',''
  ) );
#4843 = PCURVE('',#4844,#4849);
#4844 = PLANE('',#4845);
#4845 = AXIS2_PLACEMENT_3D('',#4846,#4847,#4848);
#4846 = CARTESIAN_POINT('',(-15.15,69.35,2.));
#4847 = DIRECTION('',(1.,0.,0.));
#4848 = DIRECTION('',(0.,0.,1.));
#4849 = DEFINITIONAL_REPRESENTATION('',(#4850),#4854);
#4850 = LINE('',#4851,#4852);
#4851 = CARTESIAN_POINT('',(0.,0.));
#4852 = VECTOR('',#4853,1.);
#4853 = DIRECTION('',(0.,-1.));
#4854 = ( GEOMETRIC_REPRESENTATION_CONTEXT(2) 
PARAMETRIC_REPRESENTATION_CONTEXT() REPRESENTATION_CONTEXT('2D SPACE',''
  ) );
#4855 = ORIENTED_EDGE('',*,*,#4856,.T.);
#4856 = EDGE_CURVE('',#4829,#4857,#4859,.T.);
#4857 = VERTEX_POINT('',#4858);
#4858 = CARTESIAN_POINT('',(8.65,69.35,2.));
#4859 = SURFACE_CURVE('',#4860,(#4864,#4871),.PCURVE_S1.);
#4860 = LINE('',#4861,#4862);
#4861 = CARTESIAN_POINT('',(-15.15,69.35,2.));
#4862 = VECTOR('',#4863,1.);
#4863 = DIRECTION('',(1.,0.,0.));
#4864 = PCURVE('',#1885,#4865);
#4865 = DEFINITIONAL_REPRESENTATION('',(#4866),#4870);
#4866 = LINE('',#4867,#4868);
#4867 = CARTESIAN_POINT('',(-15.15,69.35));
#4868 = VECTOR('',#4869,1.);
#4869 = DIRECTION('',(1.,0.));
#4870 = ( GEOMETRIC_REPRESENTATION_CONTEXT(2) 
PARAMETRIC_REPRESENTATION_CONTEXT() REPRESENTATION_CONTEXT('2D SPACE',''
  ) );
#4871 = PCURVE('',#4872,#4877);
#4872 = PLANE('',#4873);
#4873 = AXIS2_PLACEMENT_3D('',#4874,#4875,#4876);
#4874 = CARTESIAN_POINT('',(-15.15,69.35,2.));
#4875 = DIRECTION('',(0.,1.,0.));
#4876 = DIRECTION('',(0.,0.,1.));
#4877 = DEFINITIONAL_REPRESENTATION('',(#4878),#4882);
#4878 = LINE('',#4879,#4880);
#4879 = CARTESIAN_POINT('',(0.,0.));
#4880 = VECTOR('',#4881,1.);
#4881 = DIRECTION('',(0.,1.));
#4882 = ( GEOMETRIC_REPRESENTATION_CONTEXT(2) 
PARAMETRIC_REPRESENTATION_CONTEXT() REPRESENTATION_CONTEXT('2D SPACE',''
  ) );
#4883 = ORIENTED_EDGE('',*,*,#4884,.F.);
#4884 = EDGE_CURVE('',#4885,#4857,#4887,.T.);
#4885 = VERTEX_POINT('',#4886);
#4886 = CARTESIAN_POINT('',(8.65,67.75,2.));
#4887 = SURFACE_CURVE('',#4888,(#4892,#4899),.PCURVE_S1.);
#4888 = LINE('',#4889,#4890);
#4889 = CARTESIAN_POINT('',(8.65,66.35,2.));
#4890 = VECTOR('',#4891,1.);
#4891 = DIRECTION('',(0.,1.,0.));
#4892 = PCURVE('',#1885,#4893);
#4893 = DEFINITIONAL_REPRESENTATION('',(#4894),#4898);
#4894 = LINE('',#4895,#4896);
#4895 = CARTESIAN_POINT('',(8.65,66.35));
#4896 = VECTOR('',#4897,1.);
#4897 = DIRECTION('',(0.,1.));
#4898 = ( GEOMETRIC_REPRESENTATION_CONTEXT(2) 
PARAMETRIC_REPRESENTATION_CONTEXT() REPRESENTATION_CONTEXT('2D SPACE',''
  ) );
#4899 = PCURVE('',#4900,#4905);
#4900 = PLANE('',#4901);
#4901 = AXIS2_PLACEMENT_3D('',#4902,#4903,#4904);
#4902 = CARTESIAN_POINT('',(8.65,66.35,2.));
#4903 = DIRECTION('',(1.,0.,0.));
#4904 = DIRECTION('',(0.,0.,1.));
#4905 = DEFINITIONAL_REPRESENTATION('',(#4906),#4910);
#4906 = LINE('',#4907,#4908);
#4907 = CARTESIAN_POINT('',(0.,0.));
#4908 = VECTOR('',#4909,1.);
#4909 = DIRECTION('',(0.,-1.));
#4910 = ( GEOMETRIC_REPRESENTATION_CONTEXT(2) 
PARAMETRIC_REPRESENTATION_CONTEXT() REPRESENTATION_CONTEXT('2D SPACE',''
  ) );
#4911 = ORIENTED_EDGE('',*,*,#4912,.F.);
#4912 = EDGE_CURVE('',#4603,#4885,#4913,.T.);
#4913 = SURFACE_CURVE('',#4914,(#4918,#4925),.PCURVE_S1.);
#4914 = LINE('',#4915,#4916);
#4915 = CARTESIAN_POINT('',(-16.75,67.75,2.));
#4916 = VECTOR('',#4917,1.);
#4917 = DIRECTION('',(1.,0.,0.));
#4918 = PCURVE('',#1885,#4919);
#4919 = DEFINITIONAL_REPRESENTATION('',(#4920),#4924);
#4920 = LINE('',#4921,#4922);
#4921 = CARTESIAN_POINT('',(-16.75,67.75));
#4922 = VECTOR('',#4923,1.);
#4923 = DIRECTION('',(1.,0.));
#4924 = ( GEOMETRIC_REPRESENTATION_CONTEXT(2) 
PARAMETRIC_REPRESENTATION_CONTEXT() REPRESENTATION_CONTEXT('2D SPACE',''
  ) );
#4925 = PCURVE('',#4926,#4931);
#4926 = PLANE('',#4927);
#4927 = AXIS2_PLACEMENT_3D('',#4928,#4929,#4930);
#4928 = CARTESIAN_POINT('',(-16.75,67.75,2.));
#4929 = DIRECTION('',(0.,1.,0.));
#4930 = DIRECTION('',(0.,0.,1.));
#4931 = DEFINITIONAL_REPRESENTATION('',(#4932),#4936);
#4932 = LINE('',#4933,#4934);
#4933 = CARTESIAN_POINT('',(0.,0.));
#4934 = VECTOR('',#4935,1.);
#4935 = DIRECTION('',(0.,1.));
#4936 = ( GEOMETRIC_REPRESENTATION_CONTEXT(2) 
PARAMETRIC_REPRESENTATION_CONTEXT() REPRESENTATION_CONTEXT('2D SPACE',''
  ) );
#4937 = FACE_BOUND('',#4938,.T.);
#4938 = EDGE_LOOP('',(#4939));
#4939 = ORIENTED_EDGE('',*,*,#2628,.T.);
#4940 = ADVANCED_FACE('',(#4941),#2697,.T.);
#4941 = FACE_BOUND('',#4942,.T.);
#4942 = EDGE_LOOP('',(#4943,#4944,#4945,#4946,#4970,#4992));
#4943 = ORIENTED_EDGE('',*,*,#2680,.T.);
#4944 = ORIENTED_EDGE('',*,*,#2938,.T.);
#4945 = ORIENTED_EDGE('',*,*,#2886,.T.);
#4946 = ORIENTED_EDGE('',*,*,#4947,.F.);
#4947 = EDGE_CURVE('',#4948,#2866,#4950,.T.);
#4948 = VERTEX_POINT('',#4949);
#4949 = CARTESIAN_POINT('',(104.1,5.37780689317E-15,18.));
#4950 = SURFACE_CURVE('',#4951,(#4956,#4963),.PCURVE_S1.);
#4951 = CIRCLE('',#4952,104.1);
#4952 = AXIS2_PLACEMENT_3D('',#4953,#4954,#4955);
#4953 = CARTESIAN_POINT('',(4.990604796862E-13,5.37780689317E-15,18.));
#4954 = DIRECTION('',(0.,0.,1.));
#4955 = DIRECTION('',(1.,0.,0.));
#4956 = PCURVE('',#2697,#4957);
#4957 = DEFINITIONAL_REPRESENTATION('',(#4958),#4962);
#4958 = CIRCLE('',#4959,104.1);
#4959 = AXIS2_PLACEMENT_2D('',#4960,#4961);
#4960 = CARTESIAN_POINT('',(5.089960901099E-13,9.692645782166E-15));
#4961 = DIRECTION('',(1.,0.));
#4962 = ( GEOMETRIC_REPRESENTATION_CONTEXT(2) 
PARAMETRIC_REPRESENTATION_CONTEXT() REPRESENTATION_CONTEXT('2D SPACE',''
  ) );
#4963 = PCURVE('',#2775,#4964);
#4964 = DEFINITIONAL_REPRESENTATION('',(#4965),#4969);
#4965 = LINE('',#4966,#4967);
#4966 = CARTESIAN_POINT('',(-0.,-16.));
#4967 = VECTOR('',#4968,1.);
#4968 = DIRECTION('',(-1.,0.));
#4969 = ( GEOMETRIC_REPRESENTATION_CONTEXT(2) 
PARAMETRIC_REPRESENTATION_CONTEXT() REPRESENTATION_CONTEXT('2D SPACE',''
  ) );
#4970 = ORIENTED_EDGE('',*,*,#4971,.F.);
#4971 = EDGE_CURVE('',#2761,#4948,#4972,.T.);
#4972 = SURFACE_CURVE('',#4973,(#4978,#4985),.PCURVE_S1.);
#4973 = CIRCLE('',#4974,104.1);
#4974 = AXIS2_PLACEMENT_3D('',#4975,#4976,#4977);
#4975 = CARTESIAN_POINT('',(4.990604796862E-13,5.37780689317E-15,18.));
#4976 = DIRECTION('',(0.,0.,1.));
#4977 = DIRECTION('',(1.,0.,0.));
#4978 = PCURVE('',#2697,#4979);
#4979 = DEFINITIONAL_REPRESENTATION('',(#4980),#4984);
#4980 = CIRCLE('',#4981,104.1);
#4981 = AXIS2_PLACEMENT_2D('',#4982,#4983);
#4982 = CARTESIAN_POINT('',(5.089960901099E-13,9.692645782166E-15));
#4983 = DIRECTION('',(1.,0.));
#4984 = ( GEOMETRIC_REPRESENTATION_CONTEXT(2) 
PARAMETRIC_REPRESENTATION_CONTEXT() REPRESENTATION_CONTEXT('2D SPACE',''
  ) );
#4985 = PCURVE('',#2775,#4986);
#4986 = DEFINITIONAL_REPRESENTATION('',(#4987),#4991);
#4987 = LINE('',#4988,#4989);
#4988 = CARTESIAN_POINT('',(-0.,-16.));
#4989 = VECTOR('',#4990,1.);
#4990 = DIRECTION('',(-1.,0.));
#4991 = ( GEOMETRIC_REPRESENTATION_CONTEXT(2) 
PARAMETRIC_REPRESENTATION_CONTEXT() REPRESENTATION_CONTEXT('2D SPACE',''
  ) );
#4992 = ORIENTED_EDGE('',*,*,#2786,.F.);
#4993 = ADVANCED_FACE('',(#4994,#5024,#5027,#5030,#5033),#2775,.F.);
#4994 = FACE_BOUND('',#4995,.T.);
#4995 = EDGE_LOOP('',(#4996,#4997,#5018,#5019,#5020,#5021,#5022,#5023));
#4996 = ORIENTED_EDGE('',*,*,#3841,.F.);
#4997 = ORIENTED_EDGE('',*,*,#4998,.T.);
#4998 = EDGE_CURVE('',#3842,#4948,#4999,.T.);
#4999 = SEAM_CURVE('',#5000,(#5004,#5011),.PCURVE_S1.);
#5000 = LINE('',#5001,#5002);
#5001 = CARTESIAN_POINT('',(104.1,5.37780689317E-15,2.));
#5002 = VECTOR('',#5003,1.);
#5003 = DIRECTION('',(0.,0.,1.));
#5004 = PCURVE('',#2775,#5005);
#5005 = DEFINITIONAL_REPRESENTATION('',(#5006),#5010);
#5006 = LINE('',#5007,#5008);
#5007 = CARTESIAN_POINT('',(-6.28318530718,0.));
#5008 = VECTOR('',#5009,1.);
#5009 = DIRECTION('',(-0.,-1.));
#5010 = ( GEOMETRIC_REPRESENTATION_CONTEXT(2) 
PARAMETRIC_REPRESENTATION_CONTEXT() REPRESENTATION_CONTEXT('2D SPACE',''
  ) );
#5011 = PCURVE('',#2775,#5012);
#5012 = DEFINITIONAL_REPRESENTATION('',(#5013),#5017);
#5013 = LINE('',#5014,#5015);
#5014 = CARTESIAN_POINT('',(-0.,0.));
#5015 = VECTOR('',#5016,1.);
#5016 = DIRECTION('',(-0.,-1.));
#5017 = ( GEOMETRIC_REPRESENTATION_CONTEXT(2) 
PARAMETRIC_REPRESENTATION_CONTEXT() REPRESENTATION_CONTEXT('2D SPACE',''
  ) );
#5018 = ORIENTED_EDGE('',*,*,#4947,.T.);
#5019 = ORIENTED_EDGE('',*,*,#2865,.T.);
#5020 = ORIENTED_EDGE('',*,*,#2811,.F.);
#5021 = ORIENTED_EDGE('',*,*,#2760,.F.);
#5022 = ORIENTED_EDGE('',*,*,#4971,.T.);
#5023 = ORIENTED_EDGE('',*,*,#4998,.F.);
#5024 = FACE_BOUND('',#5025,.T.);
#5025 = EDGE_LOOP('',(#5026));
#5026 = ORIENTED_EDGE('',*,*,#2964,.T.);
#5027 = FACE_BOUND('',#5028,.T.);
#5028 = EDGE_LOOP('',(#5029));
#5029 = ORIENTED_EDGE('',*,*,#3157,.T.);
#5030 = FACE_BOUND('',#5031,.T.);
#5031 = EDGE_LOOP('',(#5032));
#5032 = ORIENTED_EDGE('',*,*,#3350,.T.);
#5033 = FACE_BOUND('',#5034,.T.);
#5034 = EDGE_LOOP('',(#5035));
#5035 = ORIENTED_EDGE('',*,*,#3543,.T.);
#5036 = ADVANCED_FACE('',(#5037),#3753,.T.);
#5037 = FACE_BOUND('',#5038,.F.);
#5038 = EDGE_LOOP('',(#5039,#5119,#5140,#5141,#5142,#5220));
#5039 = ORIENTED_EDGE('',*,*,#5040,.F.);
#5040 = EDGE_CURVE('',#5041,#4155,#5043,.T.);
#5041 = VERTEX_POINT('',#5042);
#5042 = CARTESIAN_POINT('',(-10.5,-84.,2.98511429617));
#5043 = SURFACE_CURVE('',#5044,(#5067,#5093),.PCURVE_S1.);
#5044 = B_SPLINE_CURVE_WITH_KNOTS('',6,(#5045,#5046,#5047,#5048,#5049,
    #5050,#5051,#5052,#5053,#5054,#5055,#5056,#5057,#5058,#5059,#5060,
    #5061,#5062,#5063,#5064,#5065,#5066),.UNSPECIFIED.,.F.,.F.,(7,5,5,5,
    7),(0.,0.1927515195,0.320878787899,0.625986215941,1.),
  .UNSPECIFIED.);
#5045 = CARTESIAN_POINT('',(-10.5,-84.,2.98511429617));
#5046 = CARTESIAN_POINT('',(-10.5,-83.89622722761,2.98511429617));
#5047 = CARTESIAN_POINT('',(-10.50323067496,-83.79246575821,
    2.980605540697));
#5048 = CARTESIAN_POINT('',(-10.50969047329,-83.68986006158,
    2.971589896862));
#5049 = CARTESIAN_POINT('',(-10.51916075827,-83.58922850217,
    2.958387876139));
#5050 = CARTESIAN_POINT('',(-10.53133037268,-83.49116808278,
    2.941459618702));
#5051 = CARTESIAN_POINT('',(-10.55550077039,-83.33290749513,
    2.907928470596));
#5052 = CARTESIAN_POINT('',(-10.56619612149,-83.27099854548,
    2.893111142456));
#5053 = CARTESIAN_POINT('',(-10.57784288965,-83.2104480756,
    2.877002201205));
#5054 = CARTESIAN_POINT('',(-10.59035053416,-83.15128569474,
    2.859735234563));
#5055 = CARTESIAN_POINT('',(-10.60363645813,-83.09350616388,
    2.841432280899));
#5056 = CARTESIAN_POINT('',(-10.650958775,-82.90270898944,2.776386857862
    ));
#5057 = CARTESIAN_POINT('',(-10.68827495555,-82.7761389549,
    2.725328726893));
#5058 = CARTESIAN_POINT('',(-10.72868859297,-82.65669451636,
    2.670347494724));
#5059 = CARTESIAN_POINT('',(-10.77155904552,-82.54376003955,2.6123970766
    ));
#5060 = CARTESIAN_POINT('',(-10.81644802667,-82.43666235622,
    2.552123637162));
#5061 = CARTESIAN_POINT('',(-10.92038413172,-82.20967777222,
    2.413536172531));
#5062 = CARTESIAN_POINT('',(-10.98026778779,-82.09251882975,
    2.334317249958));
#5063 = CARTESIAN_POINT('',(-11.04230238203,-81.98205016859,
    2.252949112831));
#5064 = CARTESIAN_POINT('',(-11.1061697342,-81.87755625965,2.16991046214
    ));
#5065 = CARTESIAN_POINT('',(-11.17164798356,-81.77841159316,
    2.085533357087));
#5066 = CARTESIAN_POINT('',(-11.23862489033,-81.68409145387,1.9999994));
#5067 = PCURVE('',#3753,#5068);
#5068 = DEFINITIONAL_REPRESENTATION('',(#5069),#5092);
#5069 = B_SPLINE_CURVE_WITH_KNOTS('',6,(#5070,#5071,#5072,#5073,#5074,
    #5075,#5076,#5077,#5078,#5079,#5080,#5081,#5082,#5083,#5084,#5085,
    #5086,#5087,#5088,#5089,#5090,#5091),.UNSPECIFIED.,.F.,.F.,(7,5,5,5,
    7),(0.,0.1927515195,0.320878787899,0.625986215941,1.),
  .UNSPECIFIED.);
#5070 = CARTESIAN_POINT('',(0.,-0.98511429617));
#5071 = CARTESIAN_POINT('',(-2.594319309706E-02,-0.98511429617));
#5072 = CARTESIAN_POINT('',(-5.188354964342E-02,-0.980605540697));
#5073 = CARTESIAN_POINT('',(-7.756645160966E-02,-0.971589896862));
#5074 = CARTESIAN_POINT('',(-0.102818477705,-0.958387876139));
#5075 = CARTESIAN_POINT('',(-0.127511898029,-0.941459618702));
#5076 = CARTESIAN_POINT('',(-0.167535814103,-0.907928470596));
#5077 = CARTESIAN_POINT('',(-0.183239320514,-0.893111142456));
#5078 = CARTESIAN_POINT('',(-0.19865038517,-0.877002201205));
#5079 = CARTESIAN_POINT('',(-0.213764266807,-0.859735234563));
#5080 = CARTESIAN_POINT('',(-0.228583944286,-0.841432280899));
#5081 = CARTESIAN_POINT('',(-0.277728478219,-0.776386857862));
#5082 = CARTESIAN_POINT('',(-0.310686252426,-0.725328726893));
#5083 = CARTESIAN_POINT('',(-0.342175907989,-0.670347494724));
#5084 = CARTESIAN_POINT('',(-0.372347917607,-0.6123970766));
#5085 = CARTESIAN_POINT('',(-0.401363771594,-0.552123637162));
#5086 = CARTESIAN_POINT('',(-0.46377606771,-0.413536172531));
#5087 = CARTESIAN_POINT('',(-0.496639579471,-0.334317249958));
#5088 = CARTESIAN_POINT('',(-0.528279034739,-0.252949112831));
#5089 = CARTESIAN_POINT('',(-0.558866343817,-0.16991046214));
#5090 = CARTESIAN_POINT('',(-0.588553253944,-8.553335708742E-02));
#5091 = CARTESIAN_POINT('',(-0.617473613031,6.000000000173E-07));
#5092 = ( GEOMETRIC_REPRESENTATION_CONTEXT(2) 
PARAMETRIC_REPRESENTATION_CONTEXT() REPRESENTATION_CONTEXT('2D SPACE',''
  ) );
#5093 = PCURVE('',#4142,#5094);
#5094 = DEFINITIONAL_REPRESENTATION('',(#5095),#5118);
#5095 = B_SPLINE_CURVE_WITH_KNOTS('',6,(#5096,#5097,#5098,#5099,#5100,
    #5101,#5102,#5103,#5104,#5105,#5106,#5107,#5108,#5109,#5110,#5111,
    #5112,#5113,#5114,#5115,#5116,#5117),.UNSPECIFIED.,.F.,.F.,(7,5,5,5,
    7),(0.,0.1927515195,0.320878787899,0.625986215941,1.),
  .UNSPECIFIED.);
#5096 = CARTESIAN_POINT('',(-3.14159265359,8.428594202815));
#5097 = CARTESIAN_POINT('',(-3.13170953241,8.428594202815));
#5098 = CARTESIAN_POINT('',(-3.121827482804,8.433102958287));
#5099 = CARTESIAN_POINT('',(-3.112072691315,8.442118602123));
#5100 = CARTESIAN_POINT('',(-3.102540146782,8.455320622845));
#5101 = CARTESIAN_POINT('',(-3.093297583037,8.472248880283));
#5102 = CARTESIAN_POINT('',(-3.07847054175,8.505780028389));
#5103 = CARTESIAN_POINT('',(-3.072694977666,8.520597356528));
#5104 = CARTESIAN_POINT('',(-3.067073161689,8.53670629778));
#5105 = CARTESIAN_POINT('',(-3.061608852969,8.553973264422));
#5106 = CARTESIAN_POINT('',(-3.056301877996,8.572276218085));
#5107 = CARTESIAN_POINT('',(-3.038879535596,8.637321641123));
#5108 = CARTESIAN_POINT('',(-3.027497381373,8.688379772092));
#5109 = CARTESIAN_POINT('',(-3.016938865892,8.743361004261));
#5110 = CARTESIAN_POINT('',(-3.007133671491,8.801311422385));
#5111 = CARTESIAN_POINT('',(-2.998005420829,8.861584861823));
#5112 = CARTESIAN_POINT('',(-2.979023322372,9.000172326453));
#5113 = CARTESIAN_POINT('',(-2.969484045745,9.079391249027));
#5114 = CARTESIAN_POINT('',(-2.960730476023,9.160759386154));
#5115 = CARTESIAN_POINT('',(-2.952675420112,9.243798036845));
#5116 = CARTESIAN_POINT('',(-2.945243005482,9.328175141897));
#5117 = CARTESIAN_POINT('',(-2.938370404001,9.413709098985));
#5118 = ( GEOMETRIC_REPRESENTATION_CONTEXT(2) 
PARAMETRIC_REPRESENTATION_CONTEXT() REPRESENTATION_CONTEXT('2D SPACE',''
  ) );
#5119 = ORIENTED_EDGE('',*,*,#5120,.T.);
#5120 = EDGE_CURVE('',#5041,#3737,#5121,.T.);
#5121 = SEAM_CURVE('',#5122,(#5126,#5133),.PCURVE_S1.);
#5122 = LINE('',#5123,#5124);
#5123 = CARTESIAN_POINT('',(-10.5,-84.,2.));
#5124 = VECTOR('',#5125,1.);
#5125 = DIRECTION('',(0.,0.,1.));
#5126 = PCURVE('',#3753,#5127);
#5127 = DEFINITIONAL_REPRESENTATION('',(#5128),#5132);
#5128 = LINE('',#5129,#5130);
#5129 = CARTESIAN_POINT('',(-6.28318530718,0.));
#5130 = VECTOR('',#5131,1.);
#5131 = DIRECTION('',(-0.,-1.));
#5132 = ( GEOMETRIC_REPRESENTATION_CONTEXT(2) 
PARAMETRIC_REPRESENTATION_CONTEXT() REPRESENTATION_CONTEXT('2D SPACE',''
  ) );
#5133 = PCURVE('',#3753,#5134);
#5134 = DEFINITIONAL_REPRESENTATION('',(#5135),#5139);
#5135 = LINE('',#5136,#5137);
#5136 = CARTESIAN_POINT('',(-0.,0.));
#5137 = VECTOR('',#5138,1.);
#5138 = DIRECTION('',(-0.,-1.));
#5139 = ( GEOMETRIC_REPRESENTATION_CONTEXT(2) 
PARAMETRIC_REPRESENTATION_CONTEXT() REPRESENTATION_CONTEXT('2D SPACE',''
  ) );
#5140 = ORIENTED_EDGE('',*,*,#3736,.T.);
#5141 = ORIENTED_EDGE('',*,*,#5120,.F.);
#5142 = ORIENTED_EDGE('',*,*,#5143,.F.);
#5143 = EDGE_CURVE('',#4122,#5041,#5144,.T.);
#5144 = SURFACE_CURVE('',#5145,(#5168,#5194),.PCURVE_S1.);
#5145 = B_SPLINE_CURVE_WITH_KNOTS('',6,(#5146,#5147,#5148,#5149,#5150,
    #5151,#5152,#5153,#5154,#5155,#5156,#5157,#5158,#5159,#5160,#5161,
    #5162,#5163,#5164,#5165,#5166,#5167),.UNSPECIFIED.,.F.,.F.,(7,5,5,5,
    7),(0.,0.32328947471,0.598265997965,0.77832904661,1.),
  .UNSPECIFIED.);
#5146 = CARTESIAN_POINT('',(-11.2386244205,-86.31590788449,2.));
#5147 = CARTESIAN_POINT('',(-11.18073651363,-86.2343872821,
    2.073926704554));
#5148 = CARTESIAN_POINT('',(-11.12396137433,-86.14925362528,
    2.146997849137));
#5149 = CARTESIAN_POINT('',(-11.06838056084,-86.06017668514,
    2.219084777634));
#5150 = CARTESIAN_POINT('',(-11.01412916894,-85.96676970508,
    2.289984179719));
#5151 = CARTESIAN_POINT('',(-10.96139333071,-85.86858180869,
    2.359415429054));
#5152 = CARTESIAN_POINT('',(-10.86710137104,-85.6768109155,2.48443560689
    ));
#5153 = CARTESIAN_POINT('',(-10.8250735757,-85.58477522516,
    2.540514316996));
#5154 = CARTESIAN_POINT('',(-10.78449828598,-85.48840632156,
    2.59498985889));
#5155 = CARTESIAN_POINT('',(-10.74562495382,-85.38725379593,
    2.647491781195));
#5156 = CARTESIAN_POINT('',(-10.7088031233,-85.28085749935,
    2.697498709536));
#5157 = CARTESIAN_POINT('',(-10.65207038129,-85.09514480164,
    2.774919098793));
#5158 = CARTESIAN_POINT('',(-10.63071866133,-85.01918783503,
    2.804160528238));
#5159 = CARTESIAN_POINT('',(-10.61060166679,-84.94060526002,
    2.831803032063));
#5160 = CARTESIAN_POINT('',(-10.59190501099,-84.85929925757,
    2.857572421477));
#5161 = CARTESIAN_POINT('',(-10.57485660154,-84.775241537,2.88113149541)
  );
#5162 = CARTESIAN_POINT('',(-10.54104811566,-84.58176081832,
    2.927949175394));
#5163 = CARTESIAN_POINT('',(-10.52524663902,-84.47086070935,
    2.949905706296));
#5164 = CARTESIAN_POINT('',(-10.5128157313,-84.35623501612,
    2.967227960173));
#5165 = CARTESIAN_POINT('',(-10.50426931942,-84.23864667387,
    2.979156043158));
#5166 = CARTESIAN_POINT('',(-10.5,-84.11929340324,2.98511429617));
#5167 = CARTESIAN_POINT('',(-10.5,-84.,2.98511429617));
#5168 = PCURVE('',#3753,#5169);
#5169 = DEFINITIONAL_REPRESENTATION('',(#5170),#5193);
#5170 = B_SPLINE_CURVE_WITH_KNOTS('',6,(#5171,#5172,#5173,#5174,#5175,
    #5176,#5177,#5178,#5179,#5180,#5181,#5182,#5183,#5184,#5185,#5186,
    #5187,#5188,#5189,#5190,#5191,#5192),.UNSPECIFIED.,.F.,.F.,(7,5,5,5,
    7),(0.,0.32328947471,0.598265997965,0.77832904661,1.),
  .UNSPECIFIED.);
#5171 = CARTESIAN_POINT('',(-5.665711897018,8.171241461241E-14));
#5172 = CARTESIAN_POINT('',(-5.69070766963,-7.392670455388E-02));
#5173 = CARTESIAN_POINT('',(-5.71627886529,-0.146997849137));
#5174 = CARTESIAN_POINT('',(-5.742508974624,-0.219084777634));
#5175 = CARTESIAN_POINT('',(-5.769492271892,-0.289984179719));
#5176 = CARTESIAN_POINT('',(-5.797337763863,-0.359415429054));
#5177 = CARTESIAN_POINT('',(-5.850762388999,-0.48443560689));
#5178 = CARTESIAN_POINT('',(-5.876046451063,-0.540514316996));
#5179 = CARTESIAN_POINT('',(-5.902168986046,-0.59498985889));
#5180 = CARTESIAN_POINT('',(-5.929238456684,-0.647491781195));
#5181 = CARTESIAN_POINT('',(-5.95736647747,-0.697498709536));
#5182 = CARTESIAN_POINT('',(-6.005912724821,-0.774919098793));
#5183 = CARTESIAN_POINT('',(-6.025632982447,-0.804160528238));
#5184 = CARTESIAN_POINT('',(-6.045903599842,-0.831803032063));
#5185 = CARTESIAN_POINT('',(-6.066750480241,-0.857572421477));
#5186 = CARTESIAN_POINT('',(-6.088184886981,-0.88113149541));
#5187 = CARTESIAN_POINT('',(-6.137287968745,-0.927949175394));
#5188 = CARTESIAN_POINT('',(-6.165279126393,-0.949905706296));
#5189 = CARTESIAN_POINT('',(-6.19407870954,-0.967227960173));
#5190 = CARTESIAN_POINT('',(-6.223523663854,-0.979156043158));
#5191 = CARTESIAN_POINT('',(-6.253361956369,-0.98511429617));
#5192 = CARTESIAN_POINT('',(-6.28318530718,-0.98511429617));
#5193 = ( GEOMETRIC_REPRESENTATION_CONTEXT(2) 
PARAMETRIC_REPRESENTATION_CONTEXT() REPRESENTATION_CONTEXT('2D SPACE',''
  ) );
#5194 = PCURVE('',#4142,#5195);
#5195 = DEFINITIONAL_REPRESENTATION('',(#5196),#5219);
#5196 = B_SPLINE_CURVE_WITH_KNOTS('',6,(#5197,#5198,#5199,#5200,#5201,
    #5202,#5203,#5204,#5205,#5206,#5207,#5208,#5209,#5210,#5211,#5212,
    #5213,#5214,#5215,#5216,#5217,#5218),.UNSPECIFIED.,.F.,.F.,(7,5,5,5,
    7),(0.,0.32328947471,0.598265997965,0.77832904661,1.),
  .UNSPECIFIED.);
#5197 = CARTESIAN_POINT('',(-3.344814854969,9.413708498985));
#5198 = CARTESIAN_POINT('',(-3.338874885878,9.339781794431));
#5199 = CARTESIAN_POINT('',(-3.332516074663,9.266710649847));
#5200 = CARTESIAN_POINT('',(-3.325698385123,9.194623721351));
#5201 = CARTESIAN_POINT('',(-3.318374691519,9.123724319266));
#5202 = CARTESIAN_POINT('',(-3.31049038365,9.05429306993));
#5203 = CARTESIAN_POINT('',(-3.294724191277,8.929272892094));
#5204 = CARTESIAN_POINT('',(-3.287021527738,8.873194181989));
#5205 = CARTESIAN_POINT('',(-3.278814155162,8.818718640095));
#5206 = CARTESIAN_POINT('',(-3.270050663459,8.76621671779));
#5207 = CARTESIAN_POINT('',(-3.260678467561,8.716209789449));
#5208 = CARTESIAN_POINT('',(-3.244061728273,8.638789400192));
#5209 = CARTESIAN_POINT('',(-3.237202118768,8.609547970747));
#5210 = CARTESIAN_POINT('',(-3.230042077057,8.581905466922));
#5211 = CARTESIAN_POINT('',(-3.222571282235,8.556136077508));
#5212 = CARTESIAN_POINT('',(-3.214787638289,8.532577003575));
#5213 = CARTESIAN_POINT('',(-3.196750524342,8.485759323591));
#5214 = CARTESIAN_POINT('',(-3.186332225339,8.463802792689));
#5215 = CARTESIAN_POINT('',(-3.175493682922,8.446480538811));
#5216 = CARTESIAN_POINT('',(-3.16432092149,8.434552455827));
#5217 = CARTESIAN_POINT('',(-3.152953930089,8.428594202815));
#5218 = CARTESIAN_POINT('',(-3.14159265359,8.428594202815));
#5219 = ( GEOMETRIC_REPRESENTATION_CONTEXT(2) 
PARAMETRIC_REPRESENTATION_CONTEXT() REPRESENTATION_CONTEXT('2D SPACE',''
  ) );
#5220 = ORIENTED_EDGE('',*,*,#4154,.F.);
#5221 = ADVANCED_FACE('',(#5222),#3791,.F.);
#5222 = FACE_BOUND('',#5223,.F.);
#5223 = EDGE_LOOP('',(#5224,#5225,#5248,#5275));
#5224 = ORIENTED_EDGE('',*,*,#3774,.T.);
#5225 = ORIENTED_EDGE('',*,*,#5226,.T.);
#5226 = EDGE_CURVE('',#3775,#5227,#5229,.T.);
#5227 = VERTEX_POINT('',#5228);
#5228 = CARTESIAN_POINT('',(1.5,-84.,9.813708498985));
#5229 = SEAM_CURVE('',#5230,(#5234,#5241),.PCURVE_S1.);
#5230 = LINE('',#5231,#5232);
#5231 = CARTESIAN_POINT('',(9.313708498985,-84.,1.9));
#5232 = VECTOR('',#5233,1.);
#5233 = DIRECTION('',(-0.702596565512,0.,0.711588410621));
#5234 = PCURVE('',#3791,#5235);
#5235 = DEFINITIONAL_REPRESENTATION('',(#5236),#5240);
#5236 = LINE('',#5237,#5238);
#5237 = CARTESIAN_POINT('',(-0.,-0.));
#5238 = VECTOR('',#5239,1.);
#5239 = DIRECTION('',(-0.,-1.));
#5240 = ( GEOMETRIC_REPRESENTATION_CONTEXT(2) 
PARAMETRIC_REPRESENTATION_CONTEXT() REPRESENTATION_CONTEXT('2D SPACE',''
  ) );
#5241 = PCURVE('',#3791,#5242);
#5242 = DEFINITIONAL_REPRESENTATION('',(#5243),#5247);
#5243 = LINE('',#5244,#5245);
#5244 = CARTESIAN_POINT('',(-6.28318530718,-0.));
#5245 = VECTOR('',#5246,1.);
#5246 = DIRECTION('',(-0.,-1.));
#5247 = ( GEOMETRIC_REPRESENTATION_CONTEXT(2) 
PARAMETRIC_REPRESENTATION_CONTEXT() REPRESENTATION_CONTEXT('2D SPACE',''
  ) );
#5248 = ORIENTED_EDGE('',*,*,#5249,.F.);
#5249 = EDGE_CURVE('',#5227,#5227,#5250,.T.);
#5250 = SURFACE_CURVE('',#5251,(#5256,#5263),.PCURVE_S1.);
#5251 = CIRCLE('',#5252,1.5);
#5252 = AXIS2_PLACEMENT_3D('',#5253,#5254,#5255);
#5253 = CARTESIAN_POINT('',(0.,-84.,9.813708498985));
#5254 = DIRECTION('',(0.,0.,1.));
#5255 = DIRECTION('',(1.,0.,-0.));
#5256 = PCURVE('',#3791,#5257);
#5257 = DEFINITIONAL_REPRESENTATION('',(#5258),#5262);
#5258 = LINE('',#5259,#5260);
#5259 = CARTESIAN_POINT('',(-0.,-7.913708498985));
#5260 = VECTOR('',#5261,1.);
#5261 = DIRECTION('',(-1.,-0.));
#5262 = ( GEOMETRIC_REPRESENTATION_CONTEXT(2) 
PARAMETRIC_REPRESENTATION_CONTEXT() REPRESENTATION_CONTEXT('2D SPACE',''
  ) );
#5263 = PCURVE('',#5264,#5269);
#5264 = PLANE('',#5265);
#5265 = AXIS2_PLACEMENT_3D('',#5266,#5267,#5268);
#5266 = CARTESIAN_POINT('',(0.,-84.,9.813708498985));
#5267 = DIRECTION('',(0.,0.,1.));
#5268 = DIRECTION('',(1.,0.,-0.));
#5269 = DEFINITIONAL_REPRESENTATION('',(#5270),#5274);
#5270 = CIRCLE('',#5271,1.5);
#5271 = AXIS2_PLACEMENT_2D('',#5272,#5273);
#5272 = CARTESIAN_POINT('',(0.,0.));
#5273 = DIRECTION('',(1.,0.));
#5274 = ( GEOMETRIC_REPRESENTATION_CONTEXT(2) 
PARAMETRIC_REPRESENTATION_CONTEXT() REPRESENTATION_CONTEXT('2D SPACE',''
  ) );
#5275 = ORIENTED_EDGE('',*,*,#5226,.F.);
#5276 = ADVANCED_FACE('',(#5277),#3823,.T.);
#5277 = FACE_BOUND('',#5278,.F.);
#5278 = EDGE_LOOP('',(#5279,#5280,#5301,#5302,#5303,#5304,#5408));
#5279 = ORIENTED_EDGE('',*,*,#4206,.F.);
#5280 = ORIENTED_EDGE('',*,*,#5281,.T.);
#5281 = EDGE_CURVE('',#4098,#3807,#5282,.T.);
#5282 = SEAM_CURVE('',#5283,(#5287,#5294),.PCURVE_S1.);
#5283 = LINE('',#5284,#5285);
#5284 = CARTESIAN_POINT('',(18.5,-84.,2.));
#5285 = VECTOR('',#5286,1.);
#5286 = DIRECTION('',(0.,0.,1.));
#5287 = PCURVE('',#3823,#5288);
#5288 = DEFINITIONAL_REPRESENTATION('',(#5289),#5293);
#5289 = LINE('',#5290,#5291);
#5290 = CARTESIAN_POINT('',(-6.28318530718,0.));
#5291 = VECTOR('',#5292,1.);
#5292 = DIRECTION('',(-0.,-1.));
#5293 = ( GEOMETRIC_REPRESENTATION_CONTEXT(2) 
PARAMETRIC_REPRESENTATION_CONTEXT() REPRESENTATION_CONTEXT('2D SPACE',''
  ) );
#5294 = PCURVE('',#3823,#5295);
#5295 = DEFINITIONAL_REPRESENTATION('',(#5296),#5300);
#5296 = LINE('',#5297,#5298);
#5297 = CARTESIAN_POINT('',(-0.,0.));
#5298 = VECTOR('',#5299,1.);
#5299 = DIRECTION('',(-0.,-1.));
#5300 = ( GEOMETRIC_REPRESENTATION_CONTEXT(2) 
PARAMETRIC_REPRESENTATION_CONTEXT() REPRESENTATION_CONTEXT('2D SPACE',''
  ) );
#5301 = ORIENTED_EDGE('',*,*,#3806,.T.);
#5302 = ORIENTED_EDGE('',*,*,#5281,.F.);
#5303 = ORIENTED_EDGE('',*,*,#4095,.F.);
#5304 = ORIENTED_EDGE('',*,*,#5305,.F.);
#5305 = EDGE_CURVE('',#5306,#4096,#5308,.T.);
#5306 = VERTEX_POINT('',#5307);
#5307 = CARTESIAN_POINT('',(10.5,-84.,2.98511429617));
#5308 = SURFACE_CURVE('',#5309,(#5340,#5374),.PCURVE_S1.);
#5309 = B_SPLINE_CURVE_WITH_KNOTS('',8,(#5310,#5311,#5312,#5313,#5314,
    #5315,#5316,#5317,#5318,#5319,#5320,#5321,#5322,#5323,#5324,#5325,
    #5326,#5327,#5328,#5329,#5330,#5331,#5332,#5333,#5334,#5335,#5336,
    #5337,#5338,#5339),.UNSPECIFIED.,.F.,.F.,(9,7,7,7,9),(0.,
    0.190586134903,0.320768088224,0.854098076214,1.),.UNSPECIFIED.);
#5310 = CARTESIAN_POINT('',(10.5,-84.,2.98511429617));
#5311 = CARTESIAN_POINT('',(10.5,-84.07694813272,2.98511429617));
#5312 = CARTESIAN_POINT('',(10.501691723719,-84.15391502367,
    2.982753309991));
#5313 = CARTESIAN_POINT('',(10.505076596698,-84.23049408418,
    2.978029252699));
#5314 = CARTESIAN_POINT('',(10.510110017442,-84.30634697695,
    2.971007478039));
#5315 = CARTESIAN_POINT('',(10.516714492724,-84.38119461583,
    2.961801935498));
#5316 = CARTESIAN_POINT('',(10.52479060442,-84.45480962394,
    2.950559109612));
#5317 = CARTESIAN_POINT('',(10.534225807851,-84.52701025007,
    2.937444741501));
#5318 = CARTESIAN_POINT('',(10.552192911044,-84.64591092412,
    2.912516237091));
#5319 = CARTESIAN_POINT('',(10.560066030916,-84.69345795815,
    2.901603606313));
#5320 = CARTESIAN_POINT('',(10.568485637201,-84.74026823606,
    2.889946746622));
#5321 = CARTESIAN_POINT('',(10.577417373775,-84.78632337001,
    2.877596340737));
#5322 = CARTESIAN_POINT('',(10.586827997243,-84.831614101,2.864601453092
    ));
#5323 = CARTESIAN_POINT('',(10.596686061731,-84.8761392059,
    2.851008535151));
#5324 = CARTESIAN_POINT('',(10.606962603666,-84.91990440454,
    2.836860430719));
#5325 = CARTESIAN_POINT('',(10.661341545001,-85.1391529334,2.76211554337
    ));
#5326 = CARTESIAN_POINT('',(10.711486761073,-85.3022046229,
    2.693572864515));
#5327 = CARTESIAN_POINT('',(10.766455550442,-85.45404327987,
    2.618971730887));
#5328 = CARTESIAN_POINT('',(10.825175224447,-85.59579747497,
    2.53992665432));
#5329 = CARTESIAN_POINT('',(10.886815503747,-85.72858987775,
    2.457662335712));
#5330 = CARTESIAN_POINT('',(10.950852054851,-85.85341277325,
    2.372949788453));
#5331 = CARTESIAN_POINT('',(11.017013665707,-85.97129604293,
    2.286203832579));
#5332 = CARTESIAN_POINT('',(11.104008542262,-86.11388963703,
    2.173181129613));
#5333 = CARTESIAN_POINT('',(11.122840400925,-86.14405090779,
    2.148774106984));
#5334 = CARTESIAN_POINT('',(11.141812302713,-86.17375766955,
    2.124245326157));
#5335 = CARTESIAN_POINT('',(11.16091966778,-86.20302309984,
    2.099601744025));
#5336 = CARTESIAN_POINT('',(11.180158279893,-86.23185961874,
    2.074849770616));
#5337 = CARTESIAN_POINT('',(11.199524286428,-86.26027888888,
    2.049995269091));
#5338 = CARTESIAN_POINT('',(11.219014198374,-86.28829181543,
    2.025043555743));
#5339 = CARTESIAN_POINT('',(11.238624890331,-86.31590854612,1.9999994));
#5340 = PCURVE('',#3823,#5341);
#5341 = DEFINITIONAL_REPRESENTATION('',(#5342),#5373);
#5342 = B_SPLINE_CURVE_WITH_KNOTS('',8,(#5343,#5344,#5345,#5346,#5347,
    #5348,#5349,#5350,#5351,#5352,#5353,#5354,#5355,#5356,#5357,#5358,
    #5359,#5360,#5361,#5362,#5363,#5364,#5365,#5366,#5367,#5368,#5369,
    #5370,#5371,#5372),.UNSPECIFIED.,.F.,.F.,(9,7,7,7,9),(0.,
    0.190586134903,0.320768088224,0.854098076214,1.),.UNSPECIFIED.);
#5343 = CARTESIAN_POINT('',(-3.14159265359,-0.98511429617));
#5344 = CARTESIAN_POINT('',(-3.160829686771,-0.98511429617));
#5345 = CARTESIAN_POINT('',(-3.180071405306,-0.982753309991));
#5346 = CARTESIAN_POINT('',(-3.199227028839,-0.978029252699));
#5347 = CARTESIAN_POINT('',(-3.218222812634,-0.971007478039));
#5348 = CARTESIAN_POINT('',(-3.236998800729,-0.961801935498));
#5349 = CARTESIAN_POINT('',(-3.255506332777,-0.950559109612));
#5350 = CARTESIAN_POINT('',(-3.273706304576,-0.937444741501));
#5351 = CARTESIAN_POINT('',(-3.303768934083,-0.912516237091));
#5352 = CARTESIAN_POINT('',(-3.315816344843,-0.901603606313));
#5353 = CARTESIAN_POINT('',(-3.327704824599,-0.889946746622));
#5354 = CARTESIAN_POINT('',(-3.339431007537,-0.877596340737));
#5355 = CARTESIAN_POINT('',(-3.350993530185,-0.864601453092));
#5356 = CARTESIAN_POINT('',(-3.362392809614,-0.851008535151));
#5357 = CARTESIAN_POINT('',(-3.373630821645,-0.836860430719));
#5358 = CARTESIAN_POINT('',(-3.430103705994,-0.76211554337));
#5359 = CARTESIAN_POINT('',(-3.472685773504,-0.693572864515));
#5360 = CARTESIAN_POINT('',(-3.512979604695,-0.618971730887));
#5361 = CARTESIAN_POINT('',(-3.551264079065,-0.53992665432));
#5362 = CARTESIAN_POINT('',(-3.587805502022,-0.457662335712));
#5363 = CARTESIAN_POINT('',(-3.622836130824,-0.372949788453));
#5364 = CARTESIAN_POINT('',(-3.656609008205,-0.286203832579));
#5365 = CARTESIAN_POINT('',(-3.698368020427,-0.173181129613));
#5366 = CARTESIAN_POINT('',(-3.707256947994,-0.148774106984));
#5367 = CARTESIAN_POINT('',(-3.716068199627,-0.124245326157));
#5368 = CARTESIAN_POINT('',(-3.724805008738,-9.960174402486E-02));
#5369 = CARTESIAN_POINT('',(-3.733470430981,-7.484977061604E-02));
#5370 = CARTESIAN_POINT('',(-3.742067344249,-4.999526909068E-02));
#5371 = CARTESIAN_POINT('',(-3.750598448672,-2.504355574283E-02));
#5372 = CARTESIAN_POINT('',(-3.759066266621,6.000000000173E-07));
#5373 = ( GEOMETRIC_REPRESENTATION_CONTEXT(2) 
PARAMETRIC_REPRESENTATION_CONTEXT() REPRESENTATION_CONTEXT('2D SPACE',''
  ) );
#5374 = PCURVE('',#4142,#5375);
#5375 = DEFINITIONAL_REPRESENTATION('',(#5376),#5407);
#5376 = B_SPLINE_CURVE_WITH_KNOTS('',8,(#5377,#5378,#5379,#5380,#5381,
    #5382,#5383,#5384,#5385,#5386,#5387,#5388,#5389,#5390,#5391,#5392,
    #5393,#5394,#5395,#5396,#5397,#5398,#5399,#5400,#5401,#5402,#5403,
    #5404,#5405,#5406),.UNSPECIFIED.,.F.,.F.,(9,7,7,7,9),(0.,
    0.190586134903,0.320768088224,0.854098076214,1.),.UNSPECIFIED.);
#5377 = CARTESIAN_POINT('',(-6.28318530718,8.428594202815));
#5378 = CARTESIAN_POINT('',(-6.275856913587,8.428594202815));
#5379 = CARTESIAN_POINT('',(-6.268526731627,8.430955188994));
#5380 = CARTESIAN_POINT('',(-6.261239414421,8.435679246285));
#5381 = CARTESIAN_POINT('',(-6.254033107736,8.442701020946));
#5382 = CARTESIAN_POINT('',(-6.246939667756,8.451906563487));
#5383 = CARTESIAN_POINT('',(-6.239984997178,8.463149389373));
#5384 = CARTESIAN_POINT('',(-6.233189499631,8.476263757484));
#5385 = CARTESIAN_POINT('',(-6.222046210007,8.501192261894));
#5386 = CARTESIAN_POINT('',(-6.217603618453,8.512104892672));
#5387 = CARTESIAN_POINT('',(-6.213244304912,8.523761752362));
#5388 = CARTESIAN_POINT('',(-6.208970517475,8.536112158248));
#5389 = CARTESIAN_POINT('',(-6.204783461361,8.549107045893));
#5390 = CARTESIAN_POINT('',(-6.200683435102,8.562699963834));
#5391 = CARTESIAN_POINT('',(-6.196669966728,8.576848068266));
#5392 = CARTESIAN_POINT('',(-6.17664963387,8.651592955615));
#5393 = CARTESIAN_POINT('',(-6.162048150395,8.72013563447));
#5394 = CARTESIAN_POINT('',(-6.148751012583,8.794736768097));
#5395 = CARTESIAN_POINT('',(-6.136630140212,8.873781844666));
#5396 = CARTESIAN_POINT('',(-6.12555301518,8.956046163272));
#5397 = CARTESIAN_POINT('',(-6.115401248979,9.040758710532));
#5398 = CARTESIAN_POINT('',(-6.106059516244,9.127504666406));
#5399 = CARTESIAN_POINT('',(-6.095059553138,9.240527369372));
#5400 = CARTESIAN_POINT('',(-6.092751407056,9.264934392001));
#5401 = CARTESIAN_POINT('',(-6.090496279959,9.289463172828));
#5402 = CARTESIAN_POINT('',(-6.088292579477,9.31410675496));
#5403 = CARTESIAN_POINT('',(-6.08613879499,9.338858728369));
#5404 = CARTESIAN_POINT('',(-6.084033497633,9.363713229894));
#5405 = CARTESIAN_POINT('',(-6.081975340288,9.388664943242));
#5406 = CARTESIAN_POINT('',(-6.079963057591,9.413709098985));
#5407 = ( GEOMETRIC_REPRESENTATION_CONTEXT(2) 
PARAMETRIC_REPRESENTATION_CONTEXT() REPRESENTATION_CONTEXT('2D SPACE',''
  ) );
#5408 = ORIENTED_EDGE('',*,*,#5409,.F.);
#5409 = EDGE_CURVE('',#4179,#5306,#5410,.T.);
#5410 = SURFACE_CURVE('',#5411,(#5435,#5462),.PCURVE_S1.);
#5411 = B_SPLINE_CURVE_WITH_KNOTS('',8,(#5412,#5413,#5414,#5415,#5416,
    #5417,#5418,#5419,#5420,#5421,#5422,#5423,#5424,#5425,#5426,#5427,
    #5428,#5429,#5430,#5431,#5432,#5433,#5434),.UNSPECIFIED.,.F.,.F.,(9,
    7,7,9),(0.,0.601592783001,0.780214609776,1.),.UNSPECIFIED.);
#5412 = CARTESIAN_POINT('',(11.238624420504,-81.6840921155,2.));
#5413 = CARTESIAN_POINT('',(11.15775297621,-81.7979792676,2.103278209424
    ));
#5414 = CARTESIAN_POINT('',(11.079165704101,-81.91827913878,
    2.204690523767));
#5415 = CARTESIAN_POINT('',(11.002802765527,-82.04600801918,
    2.304247166687));
#5416 = CARTESIAN_POINT('',(10.928898013181,-82.18226256174,
    2.401584175176));
#5417 = CARTESIAN_POINT('',(10.857923478235,-82.32813043517,
    2.496006618258));
#5418 = CARTESIAN_POINT('',(10.790681787937,-82.48501137473,
    2.586331769899));
#5419 = CARTESIAN_POINT('',(10.728197565523,-82.65434553944,
    2.671009857875));
#5420 = CARTESIAN_POINT('',(10.655524058862,-82.89397502614,
    2.770213247326));
#5421 = CARTESIAN_POINT('',(10.639470883537,-82.95014325038,
    2.792181065151));
#5422 = CARTESIAN_POINT('',(10.624050797798,-83.00767332788,
    2.813332781746));
#5423 = CARTESIAN_POINT('',(10.609322436991,-83.066606931,2.833581460985
    ));
#5424 = CARTESIAN_POINT('',(10.595353933473,-83.12697201248,
    2.852826325961));
#5425 = CARTESIAN_POINT('',(10.582221612573,-83.18878036862,
    2.870954526154));
#5426 = CARTESIAN_POINT('',(10.570008083434,-83.25202390901,
    2.887843935844));
#5427 = CARTESIAN_POINT('',(10.545008389524,-83.39621302353,
    2.922467332282));
#5428 = CARTESIAN_POINT('',(10.532729411912,-83.47793361898,
    2.939512081695));
#5429 = CARTESIAN_POINT('',(10.522143301633,-83.56168300518,
    2.954236752759));
#5430 = CARTESIAN_POINT('',(10.513429372249,-83.64724040793,
    2.966377186803));
#5431 = CARTESIAN_POINT('',(10.506753470397,-83.73430372603,
    2.975688914768));
#5432 = CARTESIAN_POINT('',(10.502250251219,-83.82247699468,
    2.98197384877));
#5433 = CARTESIAN_POINT('',(10.5,-83.91125427934,2.98511429617));
#5434 = CARTESIAN_POINT('',(10.5,-84.,2.98511429617));
#5435 = PCURVE('',#3823,#5436);
#5436 = DEFINITIONAL_REPRESENTATION('',(#5437),#5461);
#5437 = B_SPLINE_CURVE_WITH_KNOTS('',8,(#5438,#5439,#5440,#5441,#5442,
    #5443,#5444,#5445,#5446,#5447,#5448,#5449,#5450,#5451,#5452,#5453,
    #5454,#5455,#5456,#5457,#5458,#5459,#5460),.UNSPECIFIED.,.F.,.F.,(9,
    7,7,9),(0.,0.601592783001,0.780214609776,1.),.UNSPECIFIED.);
#5438 = CARTESIAN_POINT('',(-2.524119243428,5.440092820663E-14));
#5439 = CARTESIAN_POINT('',(-2.559039217938,-0.103278209424));
#5440 = CARTESIAN_POINT('',(-2.594935809916,-0.204690523767));
#5441 = CARTESIAN_POINT('',(-2.632089002245,-0.304247166687));
#5442 = CARTESIAN_POINT('',(-2.67077121713,-0.401584175176));
#5443 = CARTESIAN_POINT('',(-2.711237693651,-0.496006618258));
#5444 = CARTESIAN_POINT('',(-2.753819586485,-0.586331769899));
#5445 = CARTESIAN_POINT('',(-2.798864697485,-0.671009857875));
#5446 = CARTESIAN_POINT('',(-2.861466479341,-0.770213247326));
#5447 = CARTESIAN_POINT('',(-2.876068900586,-0.792181065151));
#5448 = CARTESIAN_POINT('',(-2.890955689712,-0.813332781746));
#5449 = CARTESIAN_POINT('',(-2.906137746153,-0.833581460985));
#5450 = CARTESIAN_POINT('',(-2.921622873366,-0.852826325961));
#5451 = CARTESIAN_POINT('',(-2.937415403695,-0.870954526154));
#5452 = CARTESIAN_POINT('',(-2.953515485551,-0.887843935844));
#5453 = CARTESIAN_POINT('',(-2.990100562292,-0.922467332282));
#5454 = CARTESIAN_POINT('',(-3.010754787011,-0.939512081695));
#5455 = CARTESIAN_POINT('',(-3.031849034722,-0.954236752759));
#5456 = CARTESIAN_POINT('',(-3.05333613735,-0.966377186803));
#5457 = CARTESIAN_POINT('',(-3.075151923694,-0.975688914768));
#5458 = CARTESIAN_POINT('',(-3.09721191499,-0.98197384877));
#5459 = CARTESIAN_POINT('',(-3.119406223426,-0.98511429617));
#5460 = CARTESIAN_POINT('',(-3.14159265359,-0.98511429617));
#5461 = ( GEOMETRIC_REPRESENTATION_CONTEXT(2) 
PARAMETRIC_REPRESENTATION_CONTEXT() REPRESENTATION_CONTEXT('2D SPACE',''
  ) );
#5462 = PCURVE('',#4142,#5463);
#5463 = DEFINITIONAL_REPRESENTATION('',(#5464),#5488);
#5464 = B_SPLINE_CURVE_WITH_KNOTS('',8,(#5465,#5466,#5467,#5468,#5469,
    #5470,#5471,#5472,#5473,#5474,#5475,#5476,#5477,#5478,#5479,#5480,
    #5481,#5482,#5483,#5484,#5485,#5486,#5487),.UNSPECIFIED.,.F.,.F.,(9,
    7,7,9),(0.,0.601592783001,0.780214609776,1.),.UNSPECIFIED.);
#5465 = CARTESIAN_POINT('',(-0.203222201379,9.413708498985));
#5466 = CARTESIAN_POINT('',(-0.194923855397,9.31043028956));
#5467 = CARTESIAN_POINT('',(-0.185869056604,9.209017975217));
#5468 = CARTESIAN_POINT('',(-0.175949637483,9.109461332298));
#5469 = CARTESIAN_POINT('',(-0.165039913452,9.012124323808));
#5470 = CARTESIAN_POINT('',(-0.153006610304,8.917701880728));
#5471 = CARTESIAN_POINT('',(-0.139682474448,8.827376729085));
#5472 = CARTESIAN_POINT('',(-0.124897204294,8.74269864111));
#5473 = CARTESIAN_POINT('',(-0.103438151683,8.643495251658));
#5474 = CARTESIAN_POINT('',(-9.837484061351E-02,8.621527433833));
#5475 = CARTESIAN_POINT('',(-9.315543768985E-02,8.600375717239));
#5476 = CARTESIAN_POINT('',(-8.777560093059E-02,8.580127038));
#5477 = CARTESIAN_POINT('',(-8.22324969707E-02,8.560882173023));
#5478 = CARTESIAN_POINT('',(-7.652517275974E-02,8.54275397283));
#5479 = CARTESIAN_POINT('',(-7.065505073278E-02,8.52586456314));
#5480 = CARTESIAN_POINT('',(-5.720877007749E-02,8.491241166703));
#5481 = CARTESIAN_POINT('',(-4.954613062648E-02,8.47419641729));
#5482 = CARTESIAN_POINT('',(-4.165489535682E-02,8.459471746226));
#5483 = CARTESIAN_POINT('',(-3.355977865053E-02,8.447331312182));
#5484 = CARTESIAN_POINT('',(-2.529531232295E-02,8.438019584216));
#5485 = CARTESIAN_POINT('',(-1.690695954715E-02,8.431734650215));
#5486 = CARTESIAN_POINT('',(-8.451973395735E-03,8.428594202815));
#5487 = CARTESIAN_POINT('',(0.,8.428594202815));
#5488 = ( GEOMETRIC_REPRESENTATION_CONTEXT(2) 
PARAMETRIC_REPRESENTATION_CONTEXT() REPRESENTATION_CONTEXT('2D SPACE',''
  ) );
#5489 = ADVANCED_FACE('',(#5490),#3885,.F.);
#5490 = FACE_BOUND('',#5491,.F.);
#5491 = EDGE_LOOP('',(#5492,#5515,#5516,#5539));
#5492 = ORIENTED_EDGE('',*,*,#5493,.F.);
#5493 = EDGE_CURVE('',#3868,#5494,#5496,.T.);
#5494 = VERTEX_POINT('',#5495);
#5495 = CARTESIAN_POINT('',(-79.,-64.8,16.1));
#5496 = SURFACE_CURVE('',#5497,(#5501,#5508),.PCURVE_S1.);
#5497 = LINE('',#5498,#5499);
#5498 = CARTESIAN_POINT('',(-79.,-64.8,2.));
#5499 = VECTOR('',#5500,1.);
#5500 = DIRECTION('',(0.,0.,1.));
#5501 = PCURVE('',#3885,#5502);
#5502 = DEFINITIONAL_REPRESENTATION('',(#5503),#5507);
#5503 = LINE('',#5504,#5505);
#5504 = CARTESIAN_POINT('',(0.,0.));
#5505 = VECTOR('',#5506,1.);
#5506 = DIRECTION('',(1.,0.));
#5507 = ( GEOMETRIC_REPRESENTATION_CONTEXT(2) 
PARAMETRIC_REPRESENTATION_CONTEXT() REPRESENTATION_CONTEXT('2D SPACE',''
  ) );
#5508 = PCURVE('',#3967,#5509);
#5509 = DEFINITIONAL_REPRESENTATION('',(#5510),#5514);
#5510 = LINE('',#5511,#5512);
#5511 = CARTESIAN_POINT('',(0.,0.));
#5512 = VECTOR('',#5513,1.);
#5513 = DIRECTION('',(1.,0.));
#5514 = ( GEOMETRIC_REPRESENTATION_CONTEXT(2) 
PARAMETRIC_REPRESENTATION_CONTEXT() REPRESENTATION_CONTEXT('2D SPACE',''
  ) );
#5515 = ORIENTED_EDGE('',*,*,#3867,.T.);
#5516 = ORIENTED_EDGE('',*,*,#5517,.T.);
#5517 = EDGE_CURVE('',#3870,#5518,#5520,.T.);
#5518 = VERTEX_POINT('',#5519);
#5519 = CARTESIAN_POINT('',(-79.,-56.8,16.1));
#5520 = SURFACE_CURVE('',#5521,(#5525,#5532),.PCURVE_S1.);
#5521 = LINE('',#5522,#5523);
#5522 = CARTESIAN_POINT('',(-79.,-56.8,2.));
#5523 = VECTOR('',#5524,1.);
#5524 = DIRECTION('',(0.,0.,1.));
#5525 = PCURVE('',#3885,#5526);
#5526 = DEFINITIONAL_REPRESENTATION('',(#5527),#5531);
#5527 = LINE('',#5528,#5529);
#5528 = CARTESIAN_POINT('',(0.,-8.));
#5529 = VECTOR('',#5530,1.);
#5530 = DIRECTION('',(1.,0.));
#5531 = ( GEOMETRIC_REPRESENTATION_CONTEXT(2) 
PARAMETRIC_REPRESENTATION_CONTEXT() REPRESENTATION_CONTEXT('2D SPACE',''
  ) );
#5532 = PCURVE('',#3913,#5533);
#5533 = DEFINITIONAL_REPRESENTATION('',(#5534),#5538);
#5534 = LINE('',#5535,#5536);
#5535 = CARTESIAN_POINT('',(0.,0.));
#5536 = VECTOR('',#5537,1.);
#5537 = DIRECTION('',(1.,0.));
#5538 = ( GEOMETRIC_REPRESENTATION_CONTEXT(2) 
PARAMETRIC_REPRESENTATION_CONTEXT() REPRESENTATION_CONTEXT('2D SPACE',''
  ) );
#5539 = ORIENTED_EDGE('',*,*,#5540,.F.);
#5540 = EDGE_CURVE('',#5494,#5518,#5541,.T.);
#5541 = SURFACE_CURVE('',#5542,(#5546,#5553),.PCURVE_S1.);
#5542 = LINE('',#5543,#5544);
#5543 = CARTESIAN_POINT('',(-79.,-64.8,16.1));
#5544 = VECTOR('',#5545,1.);
#5545 = DIRECTION('',(0.,1.,0.));
#5546 = PCURVE('',#3885,#5547);
#5547 = DEFINITIONAL_REPRESENTATION('',(#5548),#5552);
#5548 = LINE('',#5549,#5550);
#5549 = CARTESIAN_POINT('',(14.1,0.));
#5550 = VECTOR('',#5551,1.);
#5551 = DIRECTION('',(0.,-1.));
#5552 = ( GEOMETRIC_REPRESENTATION_CONTEXT(2) 
PARAMETRIC_REPRESENTATION_CONTEXT() REPRESENTATION_CONTEXT('2D SPACE',''
  ) );
#5553 = PCURVE('',#5554,#5559);
#5554 = PLANE('',#5555);
#5555 = AXIS2_PLACEMENT_3D('',#5556,#5557,#5558);
#5556 = CARTESIAN_POINT('',(-79.,-64.8,16.1));
#5557 = DIRECTION('',(0.,0.,1.));
#5558 = DIRECTION('',(1.,0.,0.));
#5559 = DEFINITIONAL_REPRESENTATION('',(#5560),#5564);
#5560 = LINE('',#5561,#5562);
#5561 = CARTESIAN_POINT('',(0.,0.));
#5562 = VECTOR('',#5563,1.);
#5563 = DIRECTION('',(0.,1.));
#5564 = ( GEOMETRIC_REPRESENTATION_CONTEXT(2) 
PARAMETRIC_REPRESENTATION_CONTEXT() REPRESENTATION_CONTEXT('2D SPACE',''
  ) );
#5565 = ADVANCED_FACE('',(#5566),#3913,.T.);
#5566 = FACE_BOUND('',#5567,.T.);
#5567 = EDGE_LOOP('',(#5568,#5591,#5592,#5593,#5616,#5642));
#5568 = ORIENTED_EDGE('',*,*,#5569,.F.);
#5569 = EDGE_CURVE('',#3898,#5570,#5572,.T.);
#5570 = VERTEX_POINT('',#5571);
#5571 = CARTESIAN_POINT('',(-71.,-56.8,13.));
#5572 = SURFACE_CURVE('',#5573,(#5577,#5584),.PCURVE_S1.);
#5573 = LINE('',#5574,#5575);
#5574 = CARTESIAN_POINT('',(-71.,-56.8,2.));
#5575 = VECTOR('',#5576,1.);
#5576 = DIRECTION('',(0.,0.,1.));
#5577 = PCURVE('',#3913,#5578);
#5578 = DEFINITIONAL_REPRESENTATION('',(#5579),#5583);
#5579 = LINE('',#5580,#5581);
#5580 = CARTESIAN_POINT('',(0.,8.));
#5581 = VECTOR('',#5582,1.);
#5582 = DIRECTION('',(1.,0.));
#5583 = ( GEOMETRIC_REPRESENTATION_CONTEXT(2) 
PARAMETRIC_REPRESENTATION_CONTEXT() REPRESENTATION_CONTEXT('2D SPACE',''
  ) );
#5584 = PCURVE('',#3941,#5585);
#5585 = DEFINITIONAL_REPRESENTATION('',(#5586),#5590);
#5586 = LINE('',#5587,#5588);
#5587 = CARTESIAN_POINT('',(0.,-8.));
#5588 = VECTOR('',#5589,1.);
#5589 = DIRECTION('',(1.,0.));
#5590 = ( GEOMETRIC_REPRESENTATION_CONTEXT(2) 
PARAMETRIC_REPRESENTATION_CONTEXT() REPRESENTATION_CONTEXT('2D SPACE',''
  ) );
#5591 = ORIENTED_EDGE('',*,*,#3897,.F.);
#5592 = ORIENTED_EDGE('',*,*,#5517,.T.);
#5593 = ORIENTED_EDGE('',*,*,#5594,.T.);
#5594 = EDGE_CURVE('',#5518,#5595,#5597,.T.);
#5595 = VERTEX_POINT('',#5596);
#5596 = CARTESIAN_POINT('',(-77.,-56.8,16.1));
#5597 = SURFACE_CURVE('',#5598,(#5602,#5609),.PCURVE_S1.);
#5598 = LINE('',#5599,#5600);
#5599 = CARTESIAN_POINT('',(-79.,-56.8,16.1));
#5600 = VECTOR('',#5601,1.);
#5601 = DIRECTION('',(1.,0.,0.));
#5602 = PCURVE('',#3913,#5603);
#5603 = DEFINITIONAL_REPRESENTATION('',(#5604),#5608);
#5604 = LINE('',#5605,#5606);
#5605 = CARTESIAN_POINT('',(14.1,0.));
#5606 = VECTOR('',#5607,1.);
#5607 = DIRECTION('',(0.,1.));
#5608 = ( GEOMETRIC_REPRESENTATION_CONTEXT(2) 
PARAMETRIC_REPRESENTATION_CONTEXT() REPRESENTATION_CONTEXT('2D SPACE',''
  ) );
#5609 = PCURVE('',#5554,#5610);
#5610 = DEFINITIONAL_REPRESENTATION('',(#5611),#5615);
#5611 = LINE('',#5612,#5613);
#5612 = CARTESIAN_POINT('',(0.,8.));
#5613 = VECTOR('',#5614,1.);
#5614 = DIRECTION('',(1.,0.));
#5615 = ( GEOMETRIC_REPRESENTATION_CONTEXT(2) 
PARAMETRIC_REPRESENTATION_CONTEXT() REPRESENTATION_CONTEXT('2D SPACE',''
  ) );
#5616 = ORIENTED_EDGE('',*,*,#5617,.T.);
#5617 = EDGE_CURVE('',#5595,#5618,#5620,.T.);
#5618 = VERTEX_POINT('',#5619);
#5619 = CARTESIAN_POINT('',(-77.,-56.8,13.));
#5620 = SURFACE_CURVE('',#5621,(#5625,#5631),.PCURVE_S1.);
#5621 = LINE('',#5622,#5623);
#5622 = CARTESIAN_POINT('',(-77.,-56.8,7.5));
#5623 = VECTOR('',#5624,1.);
#5624 = DIRECTION('',(0.,0.,-1.));
#5625 = PCURVE('',#3913,#5626);
#5626 = DEFINITIONAL_REPRESENTATION('',(#5627),#5630);
#5627 = B_SPLINE_CURVE_WITH_KNOTS('',1,(#5628,#5629),.UNSPECIFIED.,.F.,
  .F.,(2,2),(-8.6,-5.5),.PIECEWISE_BEZIER_KNOTS.);
#5628 = CARTESIAN_POINT('',(14.1,2.));
#5629 = CARTESIAN_POINT('',(11.,2.));
#5630 = ( GEOMETRIC_REPRESENTATION_CONTEXT(2) 
PARAMETRIC_REPRESENTATION_CONTEXT() REPRESENTATION_CONTEXT('2D SPACE',''
  ) );
#5631 = PCURVE('',#5632,#5637);
#5632 = PLANE('',#5633);
#5633 = AXIS2_PLACEMENT_3D('',#5634,#5635,#5636);
#5634 = CARTESIAN_POINT('',(-77.,-62.8,13.));
#5635 = DIRECTION('',(1.,0.,0.));
#5636 = DIRECTION('',(0.,0.,1.));
#5637 = DEFINITIONAL_REPRESENTATION('',(#5638),#5641);
#5638 = B_SPLINE_CURVE_WITH_KNOTS('',1,(#5639,#5640),.UNSPECIFIED.,.F.,
  .F.,(2,2),(-8.6,-5.5),.PIECEWISE_BEZIER_KNOTS.);
#5639 = CARTESIAN_POINT('',(3.1,-6.));
#5640 = CARTESIAN_POINT('',(0.,-6.));
#5641 = ( GEOMETRIC_REPRESENTATION_CONTEXT(2) 
PARAMETRIC_REPRESENTATION_CONTEXT() REPRESENTATION_CONTEXT('2D SPACE',''
  ) );
#5642 = ORIENTED_EDGE('',*,*,#5643,.T.);
#5643 = EDGE_CURVE('',#5618,#5570,#5644,.T.);
#5644 = SURFACE_CURVE('',#5645,(#5649,#5655),.PCURVE_S1.);
#5645 = LINE('',#5646,#5647);
#5646 = CARTESIAN_POINT('',(-78.,-56.8,13.));
#5647 = VECTOR('',#5648,1.);
#5648 = DIRECTION('',(1.,0.,0.));
#5649 = PCURVE('',#3913,#5650);
#5650 = DEFINITIONAL_REPRESENTATION('',(#5651),#5654);
#5651 = B_SPLINE_CURVE_WITH_KNOTS('',1,(#5652,#5653),.UNSPECIFIED.,.F.,
  .F.,(2,2),(1.,7.),.PIECEWISE_BEZIER_KNOTS.);
#5652 = CARTESIAN_POINT('',(11.,2.));
#5653 = CARTESIAN_POINT('',(11.,8.));
#5654 = ( GEOMETRIC_REPRESENTATION_CONTEXT(2) 
PARAMETRIC_REPRESENTATION_CONTEXT() REPRESENTATION_CONTEXT('2D SPACE',''
  ) );
#5655 = PCURVE('',#5656,#5661);
#5656 = PLANE('',#5657);
#5657 = AXIS2_PLACEMENT_3D('',#5658,#5659,#5660);
#5658 = CARTESIAN_POINT('',(-77.,-62.8,13.));
#5659 = DIRECTION('',(0.,0.,1.));
#5660 = DIRECTION('',(1.,0.,0.));
#5661 = DEFINITIONAL_REPRESENTATION('',(#5662),#5665);
#5662 = B_SPLINE_CURVE_WITH_KNOTS('',1,(#5663,#5664),.UNSPECIFIED.,.F.,
  .F.,(2,2),(1.,7.),.PIECEWISE_BEZIER_KNOTS.);
#5663 = CARTESIAN_POINT('',(0.,6.));
#5664 = CARTESIAN_POINT('',(6.,6.));
#5665 = ( GEOMETRIC_REPRESENTATION_CONTEXT(2) 
PARAMETRIC_REPRESENTATION_CONTEXT() REPRESENTATION_CONTEXT('2D SPACE',''
  ) );
#5666 = ADVANCED_FACE('',(#5667),#3967,.F.);
#5667 = FACE_BOUND('',#5668,.F.);
#5668 = EDGE_LOOP('',(#5669,#5670,#5671,#5694));
#5669 = ORIENTED_EDGE('',*,*,#3953,.F.);
#5670 = ORIENTED_EDGE('',*,*,#5493,.T.);
#5671 = ORIENTED_EDGE('',*,*,#5672,.T.);
#5672 = EDGE_CURVE('',#5494,#5673,#5675,.T.);
#5673 = VERTEX_POINT('',#5674);
#5674 = CARTESIAN_POINT('',(-71.,-64.8,16.1));
#5675 = SURFACE_CURVE('',#5676,(#5680,#5687),.PCURVE_S1.);
#5676 = LINE('',#5677,#5678);
#5677 = CARTESIAN_POINT('',(-79.,-64.8,16.1));
#5678 = VECTOR('',#5679,1.);
#5679 = DIRECTION('',(1.,0.,0.));
#5680 = PCURVE('',#3967,#5681);
#5681 = DEFINITIONAL_REPRESENTATION('',(#5682),#5686);
#5682 = LINE('',#5683,#5684);
#5683 = CARTESIAN_POINT('',(14.1,0.));
#5684 = VECTOR('',#5685,1.);
#5685 = DIRECTION('',(0.,1.));
#5686 = ( GEOMETRIC_REPRESENTATION_CONTEXT(2) 
PARAMETRIC_REPRESENTATION_CONTEXT() REPRESENTATION_CONTEXT('2D SPACE',''
  ) );
#5687 = PCURVE('',#5554,#5688);
#5688 = DEFINITIONAL_REPRESENTATION('',(#5689),#5693);
#5689 = LINE('',#5690,#5691);
#5690 = CARTESIAN_POINT('',(0.,0.));
#5691 = VECTOR('',#5692,1.);
#5692 = DIRECTION('',(1.,0.));
#5693 = ( GEOMETRIC_REPRESENTATION_CONTEXT(2) 
PARAMETRIC_REPRESENTATION_CONTEXT() REPRESENTATION_CONTEXT('2D SPACE',''
  ) );
#5694 = ORIENTED_EDGE('',*,*,#5695,.F.);
#5695 = EDGE_CURVE('',#3926,#5673,#5696,.T.);
#5696 = SURFACE_CURVE('',#5697,(#5701,#5708),.PCURVE_S1.);
#5697 = LINE('',#5698,#5699);
#5698 = CARTESIAN_POINT('',(-71.,-64.8,2.));
#5699 = VECTOR('',#5700,1.);
#5700 = DIRECTION('',(0.,0.,1.));
#5701 = PCURVE('',#3967,#5702);
#5702 = DEFINITIONAL_REPRESENTATION('',(#5703),#5707);
#5703 = LINE('',#5704,#5705);
#5704 = CARTESIAN_POINT('',(0.,8.));
#5705 = VECTOR('',#5706,1.);
#5706 = DIRECTION('',(1.,0.));
#5707 = ( GEOMETRIC_REPRESENTATION_CONTEXT(2) 
PARAMETRIC_REPRESENTATION_CONTEXT() REPRESENTATION_CONTEXT('2D SPACE',''
  ) );
#5708 = PCURVE('',#3941,#5709);
#5709 = DEFINITIONAL_REPRESENTATION('',(#5710),#5714);
#5710 = LINE('',#5711,#5712);
#5711 = CARTESIAN_POINT('',(0.,0.));
#5712 = VECTOR('',#5713,1.);
#5713 = DIRECTION('',(1.,0.));
#5714 = ( GEOMETRIC_REPRESENTATION_CONTEXT(2) 
PARAMETRIC_REPRESENTATION_CONTEXT() REPRESENTATION_CONTEXT('2D SPACE',''
  ) );
#5715 = ADVANCED_FACE('',(#5716),#3941,.T.);
#5716 = FACE_BOUND('',#5717,.T.);
#5717 = EDGE_LOOP('',(#5718,#5741,#5742,#5743,#5744,#5765));
#5718 = ORIENTED_EDGE('',*,*,#5719,.F.);
#5719 = EDGE_CURVE('',#5673,#5720,#5722,.T.);
#5720 = VERTEX_POINT('',#5721);
#5721 = CARTESIAN_POINT('',(-71.,-62.8,16.1));
#5722 = SURFACE_CURVE('',#5723,(#5727,#5734),.PCURVE_S1.);
#5723 = LINE('',#5724,#5725);
#5724 = CARTESIAN_POINT('',(-71.,-64.8,16.1));
#5725 = VECTOR('',#5726,1.);
#5726 = DIRECTION('',(0.,1.,0.));
#5727 = PCURVE('',#3941,#5728);
#5728 = DEFINITIONAL_REPRESENTATION('',(#5729),#5733);
#5729 = LINE('',#5730,#5731);
#5730 = CARTESIAN_POINT('',(14.1,0.));
#5731 = VECTOR('',#5732,1.);
#5732 = DIRECTION('',(0.,-1.));
#5733 = ( GEOMETRIC_REPRESENTATION_CONTEXT(2) 
PARAMETRIC_REPRESENTATION_CONTEXT() REPRESENTATION_CONTEXT('2D SPACE',''
  ) );
#5734 = PCURVE('',#5554,#5735);
#5735 = DEFINITIONAL_REPRESENTATION('',(#5736),#5740);
#5736 = LINE('',#5737,#5738);
#5737 = CARTESIAN_POINT('',(8.,0.));
#5738 = VECTOR('',#5739,1.);
#5739 = DIRECTION('',(0.,1.));
#5740 = ( GEOMETRIC_REPRESENTATION_CONTEXT(2) 
PARAMETRIC_REPRESENTATION_CONTEXT() REPRESENTATION_CONTEXT('2D SPACE',''
  ) );
#5741 = ORIENTED_EDGE('',*,*,#5695,.F.);
#5742 = ORIENTED_EDGE('',*,*,#3925,.T.);
#5743 = ORIENTED_EDGE('',*,*,#5569,.T.);
#5744 = ORIENTED_EDGE('',*,*,#5745,.T.);
#5745 = EDGE_CURVE('',#5570,#5746,#5748,.T.);
#5746 = VERTEX_POINT('',#5747);
#5747 = CARTESIAN_POINT('',(-71.,-62.8,13.));
#5748 = SURFACE_CURVE('',#5749,(#5753,#5759),.PCURVE_S1.);
#5749 = LINE('',#5750,#5751);
#5750 = CARTESIAN_POINT('',(-71.,-63.8,13.));
#5751 = VECTOR('',#5752,1.);
#5752 = DIRECTION('',(0.,-1.,0.));
#5753 = PCURVE('',#3941,#5754);
#5754 = DEFINITIONAL_REPRESENTATION('',(#5755),#5758);
#5755 = B_SPLINE_CURVE_WITH_KNOTS('',1,(#5756,#5757),.UNSPECIFIED.,.F.,
  .F.,(2,2),(-7.,-1.),.PIECEWISE_BEZIER_KNOTS.);
#5756 = CARTESIAN_POINT('',(11.,-8.));
#5757 = CARTESIAN_POINT('',(11.,-2.));
#5758 = ( GEOMETRIC_REPRESENTATION_CONTEXT(2) 
PARAMETRIC_REPRESENTATION_CONTEXT() REPRESENTATION_CONTEXT('2D SPACE',''
  ) );
#5759 = PCURVE('',#5656,#5760);
#5760 = DEFINITIONAL_REPRESENTATION('',(#5761),#5764);
#5761 = B_SPLINE_CURVE_WITH_KNOTS('',1,(#5762,#5763),.UNSPECIFIED.,.F.,
  .F.,(2,2),(-7.,-1.),.PIECEWISE_BEZIER_KNOTS.);
#5762 = CARTESIAN_POINT('',(6.,6.));
#5763 = CARTESIAN_POINT('',(6.,0.));
#5764 = ( GEOMETRIC_REPRESENTATION_CONTEXT(2) 
PARAMETRIC_REPRESENTATION_CONTEXT() REPRESENTATION_CONTEXT('2D SPACE',''
  ) );
#5765 = ORIENTED_EDGE('',*,*,#5766,.T.);
#5766 = EDGE_CURVE('',#5746,#5720,#5767,.T.);
#5767 = SURFACE_CURVE('',#5768,(#5772,#5778),.PCURVE_S1.);
#5768 = LINE('',#5769,#5770);
#5769 = CARTESIAN_POINT('',(-71.,-62.8,7.5));
#5770 = VECTOR('',#5771,1.);
#5771 = DIRECTION('',(0.,0.,1.));
#5772 = PCURVE('',#3941,#5773);
#5773 = DEFINITIONAL_REPRESENTATION('',(#5774),#5777);
#5774 = B_SPLINE_CURVE_WITH_KNOTS('',1,(#5775,#5776),.UNSPECIFIED.,.F.,
  .F.,(2,2),(5.5,8.6),.PIECEWISE_BEZIER_KNOTS.);
#5775 = CARTESIAN_POINT('',(11.,-2.));
#5776 = CARTESIAN_POINT('',(14.1,-2.));
#5777 = ( GEOMETRIC_REPRESENTATION_CONTEXT(2) 
PARAMETRIC_REPRESENTATION_CONTEXT() REPRESENTATION_CONTEXT('2D SPACE',''
  ) );
#5778 = PCURVE('',#5779,#5784);
#5779 = PLANE('',#5780);
#5780 = AXIS2_PLACEMENT_3D('',#5781,#5782,#5783);
#5781 = CARTESIAN_POINT('',(-77.,-62.8,13.));
#5782 = DIRECTION('',(0.,1.,0.));
#5783 = DIRECTION('',(0.,0.,1.));
#5784 = DEFINITIONAL_REPRESENTATION('',(#5785),#5788);
#5785 = B_SPLINE_CURVE_WITH_KNOTS('',1,(#5786,#5787),.UNSPECIFIED.,.F.,
  .F.,(2,2),(5.5,8.6),.PIECEWISE_BEZIER_KNOTS.);
#5786 = CARTESIAN_POINT('',(0.,6.));
#5787 = CARTESIAN_POINT('',(3.1,6.));
#5788 = ( GEOMETRIC_REPRESENTATION_CONTEXT(2) 
PARAMETRIC_REPRESENTATION_CONTEXT() REPRESENTATION_CONTEXT('2D SPACE',''
  ) );
#5789 = ADVANCED_FACE('',(#5790),#3999,.F.);
#5790 = FACE_BOUND('',#5791,.F.);
#5791 = EDGE_LOOP('',(#5792,#5822,#5843,#5844,#5867,#5893));
#5792 = ORIENTED_EDGE('',*,*,#5793,.F.);
#5793 = EDGE_CURVE('',#5794,#5796,#5798,.T.);
#5794 = VERTEX_POINT('',#5795);
#5795 = CARTESIAN_POINT('',(-6.4,-64.8,16.1));
#5796 = VERTEX_POINT('',#5797);
#5797 = CARTESIAN_POINT('',(-6.4,-62.8,16.1));
#5798 = SURFACE_CURVE('',#5799,(#5803,#5810),.PCURVE_S1.);
#5799 = LINE('',#5800,#5801);
#5800 = CARTESIAN_POINT('',(-6.4,-64.8,16.1));
#5801 = VECTOR('',#5802,1.);
#5802 = DIRECTION('',(0.,1.,0.));
#5803 = PCURVE('',#3999,#5804);
#5804 = DEFINITIONAL_REPRESENTATION('',(#5805),#5809);
#5805 = LINE('',#5806,#5807);
#5806 = CARTESIAN_POINT('',(14.1,0.));
#5807 = VECTOR('',#5808,1.);
#5808 = DIRECTION('',(0.,-1.));
#5809 = ( GEOMETRIC_REPRESENTATION_CONTEXT(2) 
PARAMETRIC_REPRESENTATION_CONTEXT() REPRESENTATION_CONTEXT('2D SPACE',''
  ) );
#5810 = PCURVE('',#5811,#5816);
#5811 = PLANE('',#5812);
#5812 = AXIS2_PLACEMENT_3D('',#5813,#5814,#5815);
#5813 = CARTESIAN_POINT('',(-6.4,-64.8,16.1));
#5814 = DIRECTION('',(0.,0.,1.));
#5815 = DIRECTION('',(1.,0.,0.));
#5816 = DEFINITIONAL_REPRESENTATION('',(#5817),#5821);
#5817 = LINE('',#5818,#5819);
#5818 = CARTESIAN_POINT('',(0.,0.));
#5819 = VECTOR('',#5820,1.);
#5820 = DIRECTION('',(0.,1.));
#5821 = ( GEOMETRIC_REPRESENTATION_CONTEXT(2) 
PARAMETRIC_REPRESENTATION_CONTEXT() REPRESENTATION_CONTEXT('2D SPACE',''
  ) );
#5822 = ORIENTED_EDGE('',*,*,#5823,.F.);
#5823 = EDGE_CURVE('',#3982,#5794,#5824,.T.);
#5824 = SURFACE_CURVE('',#5825,(#5829,#5836),.PCURVE_S1.);
#5825 = LINE('',#5826,#5827);
#5826 = CARTESIAN_POINT('',(-6.4,-64.8,2.));
#5827 = VECTOR('',#5828,1.);
#5828 = DIRECTION('',(0.,0.,1.));
#5829 = PCURVE('',#3999,#5830);
#5830 = DEFINITIONAL_REPRESENTATION('',(#5831),#5835);
#5831 = LINE('',#5832,#5833);
#5832 = CARTESIAN_POINT('',(0.,0.));
#5833 = VECTOR('',#5834,1.);
#5834 = DIRECTION('',(1.,0.));
#5835 = ( GEOMETRIC_REPRESENTATION_CONTEXT(2) 
PARAMETRIC_REPRESENTATION_CONTEXT() REPRESENTATION_CONTEXT('2D SPACE',''
  ) );
#5836 = PCURVE('',#4081,#5837);
#5837 = DEFINITIONAL_REPRESENTATION('',(#5838),#5842);
#5838 = LINE('',#5839,#5840);
#5839 = CARTESIAN_POINT('',(0.,0.));
#5840 = VECTOR('',#5841,1.);
#5841 = DIRECTION('',(1.,0.));
#5842 = ( GEOMETRIC_REPRESENTATION_CONTEXT(2) 
PARAMETRIC_REPRESENTATION_CONTEXT() REPRESENTATION_CONTEXT('2D SPACE',''
  ) );
#5843 = ORIENTED_EDGE('',*,*,#3981,.T.);
#5844 = ORIENTED_EDGE('',*,*,#5845,.T.);
#5845 = EDGE_CURVE('',#3984,#5846,#5848,.T.);
#5846 = VERTEX_POINT('',#5847);
#5847 = CARTESIAN_POINT('',(-6.4,-56.8,13.));
#5848 = SURFACE_CURVE('',#5849,(#5853,#5860),.PCURVE_S1.);
#5849 = LINE('',#5850,#5851);
#5850 = CARTESIAN_POINT('',(-6.4,-56.8,2.));
#5851 = VECTOR('',#5852,1.);
#5852 = DIRECTION('',(0.,0.,1.));
#5853 = PCURVE('',#3999,#5854);
#5854 = DEFINITIONAL_REPRESENTATION('',(#5855),#5859);
#5855 = LINE('',#5856,#5857);
#5856 = CARTESIAN_POINT('',(0.,-8.));
#5857 = VECTOR('',#5858,1.);
#5858 = DIRECTION('',(1.,0.));
#5859 = ( GEOMETRIC_REPRESENTATION_CONTEXT(2) 
PARAMETRIC_REPRESENTATION_CONTEXT() REPRESENTATION_CONTEXT('2D SPACE',''
  ) );
#5860 = PCURVE('',#4027,#5861);
#5861 = DEFINITIONAL_REPRESENTATION('',(#5862),#5866);
#5862 = LINE('',#5863,#5864);
#5863 = CARTESIAN_POINT('',(0.,0.));
#5864 = VECTOR('',#5865,1.);
#5865 = DIRECTION('',(1.,0.));
#5866 = ( GEOMETRIC_REPRESENTATION_CONTEXT(2) 
PARAMETRIC_REPRESENTATION_CONTEXT() REPRESENTATION_CONTEXT('2D SPACE',''
  ) );
#5867 = ORIENTED_EDGE('',*,*,#5868,.T.);
#5868 = EDGE_CURVE('',#5846,#5869,#5871,.T.);
#5869 = VERTEX_POINT('',#5870);
#5870 = CARTESIAN_POINT('',(-6.4,-62.8,13.));
#5871 = SURFACE_CURVE('',#5872,(#5876,#5882),.PCURVE_S1.);
#5872 = LINE('',#5873,#5874);
#5873 = CARTESIAN_POINT('',(-6.4,-63.8,13.));
#5874 = VECTOR('',#5875,1.);
#5875 = DIRECTION('',(0.,-1.,0.));
#5876 = PCURVE('',#3999,#5877);
#5877 = DEFINITIONAL_REPRESENTATION('',(#5878),#5881);
#5878 = B_SPLINE_CURVE_WITH_KNOTS('',1,(#5879,#5880),.UNSPECIFIED.,.F.,
  .F.,(2,2),(-7.,-1.),.PIECEWISE_BEZIER_KNOTS.);
#5879 = CARTESIAN_POINT('',(11.,-8.));
#5880 = CARTESIAN_POINT('',(11.,-2.));
#5881 = ( GEOMETRIC_REPRESENTATION_CONTEXT(2) 
PARAMETRIC_REPRESENTATION_CONTEXT() REPRESENTATION_CONTEXT('2D SPACE',''
  ) );
#5882 = PCURVE('',#5883,#5888);
#5883 = PLANE('',#5884);
#5884 = AXIS2_PLACEMENT_3D('',#5885,#5886,#5887);
#5885 = CARTESIAN_POINT('',(-77.,-62.8,13.));
#5886 = DIRECTION('',(0.,0.,1.));
#5887 = DIRECTION('',(1.,0.,0.));
#5888 = DEFINITIONAL_REPRESENTATION('',(#5889),#5892);
#5889 = B_SPLINE_CURVE_WITH_KNOTS('',1,(#5890,#5891),.UNSPECIFIED.,.F.,
  .F.,(2,2),(-7.,-1.),.PIECEWISE_BEZIER_KNOTS.);
#5890 = CARTESIAN_POINT('',(70.6,6.));
#5891 = CARTESIAN_POINT('',(70.6,0.));
#5892 = ( GEOMETRIC_REPRESENTATION_CONTEXT(2) 
PARAMETRIC_REPRESENTATION_CONTEXT() REPRESENTATION_CONTEXT('2D SPACE',''
  ) );
#5893 = ORIENTED_EDGE('',*,*,#5894,.T.);
#5894 = EDGE_CURVE('',#5869,#5796,#5895,.T.);
#5895 = SURFACE_CURVE('',#5896,(#5900,#5906),.PCURVE_S1.);
#5896 = LINE('',#5897,#5898);
#5897 = CARTESIAN_POINT('',(-6.4,-62.8,7.5));
#5898 = VECTOR('',#5899,1.);
#5899 = DIRECTION('',(0.,0.,1.));
#5900 = PCURVE('',#3999,#5901);
#5901 = DEFINITIONAL_REPRESENTATION('',(#5902),#5905);
#5902 = B_SPLINE_CURVE_WITH_KNOTS('',1,(#5903,#5904),.UNSPECIFIED.,.F.,
  .F.,(2,2),(5.5,8.6),.PIECEWISE_BEZIER_KNOTS.);
#5903 = CARTESIAN_POINT('',(11.,-2.));
#5904 = CARTESIAN_POINT('',(14.1,-2.));
#5905 = ( GEOMETRIC_REPRESENTATION_CONTEXT(2) 
PARAMETRIC_REPRESENTATION_CONTEXT() REPRESENTATION_CONTEXT('2D SPACE',''
  ) );
#5906 = PCURVE('',#5907,#5912);
#5907 = PLANE('',#5908);
#5908 = AXIS2_PLACEMENT_3D('',#5909,#5910,#5911);
#5909 = CARTESIAN_POINT('',(-77.,-62.8,13.));
#5910 = DIRECTION('',(0.,1.,0.));
#5911 = DIRECTION('',(0.,0.,1.));
#5912 = DEFINITIONAL_REPRESENTATION('',(#5913),#5916);
#5913 = B_SPLINE_CURVE_WITH_KNOTS('',1,(#5914,#5915),.UNSPECIFIED.,.F.,
  .F.,(2,2),(5.5,8.6),.PIECEWISE_BEZIER_KNOTS.);
#5914 = CARTESIAN_POINT('',(0.,70.6));
#5915 = CARTESIAN_POINT('',(3.1,70.6));
#5916 = ( GEOMETRIC_REPRESENTATION_CONTEXT(2) 
PARAMETRIC_REPRESENTATION_CONTEXT() REPRESENTATION_CONTEXT('2D SPACE',''
  ) );
#5917 = ADVANCED_FACE('',(#5918),#4027,.T.);
#5918 = FACE_BOUND('',#5919,.T.);
#5919 = EDGE_LOOP('',(#5920,#5943,#5944,#5945,#5966,#5992));
#5920 = ORIENTED_EDGE('',*,*,#5921,.F.);
#5921 = EDGE_CURVE('',#4012,#5922,#5924,.T.);
#5922 = VERTEX_POINT('',#5923);
#5923 = CARTESIAN_POINT('',(1.6,-56.8,16.1));
#5924 = SURFACE_CURVE('',#5925,(#5929,#5936),.PCURVE_S1.);
#5925 = LINE('',#5926,#5927);
#5926 = CARTESIAN_POINT('',(1.6,-56.8,2.));
#5927 = VECTOR('',#5928,1.);
#5928 = DIRECTION('',(0.,0.,1.));
#5929 = PCURVE('',#4027,#5930);
#5930 = DEFINITIONAL_REPRESENTATION('',(#5931),#5935);
#5931 = LINE('',#5932,#5933);
#5932 = CARTESIAN_POINT('',(0.,8.));
#5933 = VECTOR('',#5934,1.);
#5934 = DIRECTION('',(1.,0.));
#5935 = ( GEOMETRIC_REPRESENTATION_CONTEXT(2) 
PARAMETRIC_REPRESENTATION_CONTEXT() REPRESENTATION_CONTEXT('2D SPACE',''
  ) );
#5936 = PCURVE('',#4055,#5937);
#5937 = DEFINITIONAL_REPRESENTATION('',(#5938),#5942);
#5938 = LINE('',#5939,#5940);
#5939 = CARTESIAN_POINT('',(0.,-8.));
#5940 = VECTOR('',#5941,1.);
#5941 = DIRECTION('',(1.,0.));
#5942 = ( GEOMETRIC_REPRESENTATION_CONTEXT(2) 
PARAMETRIC_REPRESENTATION_CONTEXT() REPRESENTATION_CONTEXT('2D SPACE',''
  ) );
#5943 = ORIENTED_EDGE('',*,*,#4011,.F.);
#5944 = ORIENTED_EDGE('',*,*,#5845,.T.);
#5945 = ORIENTED_EDGE('',*,*,#5946,.T.);
#5946 = EDGE_CURVE('',#5846,#5947,#5949,.T.);
#5947 = VERTEX_POINT('',#5948);
#5948 = CARTESIAN_POINT('',(-0.4,-56.8,13.));
#5949 = SURFACE_CURVE('',#5950,(#5954,#5960),.PCURVE_S1.);
#5950 = LINE('',#5951,#5952);
#5951 = CARTESIAN_POINT('',(-41.7,-56.8,13.));
#5952 = VECTOR('',#5953,1.);
#5953 = DIRECTION('',(1.,0.,0.));
#5954 = PCURVE('',#4027,#5955);
#5955 = DEFINITIONAL_REPRESENTATION('',(#5956),#5959);
#5956 = B_SPLINE_CURVE_WITH_KNOTS('',1,(#5957,#5958),.UNSPECIFIED.,.F.,
  .F.,(2,2),(35.3,41.3),.PIECEWISE_BEZIER_KNOTS.);
#5957 = CARTESIAN_POINT('',(11.,0.));
#5958 = CARTESIAN_POINT('',(11.,6.));
#5959 = ( GEOMETRIC_REPRESENTATION_CONTEXT(2) 
PARAMETRIC_REPRESENTATION_CONTEXT() REPRESENTATION_CONTEXT('2D SPACE',''
  ) );
#5960 = PCURVE('',#5883,#5961);
#5961 = DEFINITIONAL_REPRESENTATION('',(#5962),#5965);
#5962 = B_SPLINE_CURVE_WITH_KNOTS('',1,(#5963,#5964),.UNSPECIFIED.,.F.,
  .F.,(2,2),(35.3,41.3),.PIECEWISE_BEZIER_KNOTS.);
#5963 = CARTESIAN_POINT('',(70.6,6.));
#5964 = CARTESIAN_POINT('',(76.6,6.));
#5965 = ( GEOMETRIC_REPRESENTATION_CONTEXT(2) 
PARAMETRIC_REPRESENTATION_CONTEXT() REPRESENTATION_CONTEXT('2D SPACE',''
  ) );
#5966 = ORIENTED_EDGE('',*,*,#5967,.F.);
#5967 = EDGE_CURVE('',#5968,#5947,#5970,.T.);
#5968 = VERTEX_POINT('',#5969);
#5969 = CARTESIAN_POINT('',(-0.4,-56.8,16.1));
#5970 = SURFACE_CURVE('',#5971,(#5975,#5981),.PCURVE_S1.);
#5971 = LINE('',#5972,#5973);
#5972 = CARTESIAN_POINT('',(-0.4,-56.8,7.5));
#5973 = VECTOR('',#5974,1.);
#5974 = DIRECTION('',(0.,0.,-1.));
#5975 = PCURVE('',#4027,#5976);
#5976 = DEFINITIONAL_REPRESENTATION('',(#5977),#5980);
#5977 = B_SPLINE_CURVE_WITH_KNOTS('',1,(#5978,#5979),.UNSPECIFIED.,.F.,
  .F.,(2,2),(-8.6,-5.5),.PIECEWISE_BEZIER_KNOTS.);
#5978 = CARTESIAN_POINT('',(14.1,6.));
#5979 = CARTESIAN_POINT('',(11.,6.));
#5980 = ( GEOMETRIC_REPRESENTATION_CONTEXT(2) 
PARAMETRIC_REPRESENTATION_CONTEXT() REPRESENTATION_CONTEXT('2D SPACE',''
  ) );
#5981 = PCURVE('',#5982,#5987);
#5982 = PLANE('',#5983);
#5983 = AXIS2_PLACEMENT_3D('',#5984,#5985,#5986);
#5984 = CARTESIAN_POINT('',(-0.4,-62.8,13.));
#5985 = DIRECTION('',(1.,0.,0.));
#5986 = DIRECTION('',(0.,0.,1.));
#5987 = DEFINITIONAL_REPRESENTATION('',(#5988),#5991);
#5988 = B_SPLINE_CURVE_WITH_KNOTS('',1,(#5989,#5990),.UNSPECIFIED.,.F.,
  .F.,(2,2),(-8.6,-5.5),.PIECEWISE_BEZIER_KNOTS.);
#5989 = CARTESIAN_POINT('',(3.1,-6.));
#5990 = CARTESIAN_POINT('',(0.,-6.));
#5991 = ( GEOMETRIC_REPRESENTATION_CONTEXT(2) 
PARAMETRIC_REPRESENTATION_CONTEXT() REPRESENTATION_CONTEXT('2D SPACE',''
  ) );
#5992 = ORIENTED_EDGE('',*,*,#5993,.T.);
#5993 = EDGE_CURVE('',#5968,#5922,#5994,.T.);
#5994 = SURFACE_CURVE('',#5995,(#5999,#6006),.PCURVE_S1.);
#5995 = LINE('',#5996,#5997);
#5996 = CARTESIAN_POINT('',(-6.4,-56.8,16.1));
#5997 = VECTOR('',#5998,1.);
#5998 = DIRECTION('',(1.,0.,0.));
#5999 = PCURVE('',#4027,#6000);
#6000 = DEFINITIONAL_REPRESENTATION('',(#6001),#6005);
#6001 = LINE('',#6002,#6003);
#6002 = CARTESIAN_POINT('',(14.1,0.));
#6003 = VECTOR('',#6004,1.);
#6004 = DIRECTION('',(0.,1.));
#6005 = ( GEOMETRIC_REPRESENTATION_CONTEXT(2) 
PARAMETRIC_REPRESENTATION_CONTEXT() REPRESENTATION_CONTEXT('2D SPACE',''
  ) );
#6006 = PCURVE('',#5811,#6007);
#6007 = DEFINITIONAL_REPRESENTATION('',(#6008),#6012);
#6008 = LINE('',#6009,#6010);
#6009 = CARTESIAN_POINT('',(0.,8.));
#6010 = VECTOR('',#6011,1.);
#6011 = DIRECTION('',(1.,0.));
#6012 = ( GEOMETRIC_REPRESENTATION_CONTEXT(2) 
PARAMETRIC_REPRESENTATION_CONTEXT() REPRESENTATION_CONTEXT('2D SPACE',''
  ) );
#6013 = ADVANCED_FACE('',(#6014),#4081,.F.);
#6014 = FACE_BOUND('',#6015,.F.);
#6015 = EDGE_LOOP('',(#6016,#6017,#6018,#6041));
#6016 = ORIENTED_EDGE('',*,*,#4067,.F.);
#6017 = ORIENTED_EDGE('',*,*,#5823,.T.);
#6018 = ORIENTED_EDGE('',*,*,#6019,.T.);
#6019 = EDGE_CURVE('',#5794,#6020,#6022,.T.);
#6020 = VERTEX_POINT('',#6021);
#6021 = CARTESIAN_POINT('',(1.6,-64.8,16.1));
#6022 = SURFACE_CURVE('',#6023,(#6027,#6034),.PCURVE_S1.);
#6023 = LINE('',#6024,#6025);
#6024 = CARTESIAN_POINT('',(-6.4,-64.8,16.1));
#6025 = VECTOR('',#6026,1.);
#6026 = DIRECTION('',(1.,0.,0.));
#6027 = PCURVE('',#4081,#6028);
#6028 = DEFINITIONAL_REPRESENTATION('',(#6029),#6033);
#6029 = LINE('',#6030,#6031);
#6030 = CARTESIAN_POINT('',(14.1,0.));
#6031 = VECTOR('',#6032,1.);
#6032 = DIRECTION('',(0.,1.));
#6033 = ( GEOMETRIC_REPRESENTATION_CONTEXT(2) 
PARAMETRIC_REPRESENTATION_CONTEXT() REPRESENTATION_CONTEXT('2D SPACE',''
  ) );
#6034 = PCURVE('',#5811,#6035);
#6035 = DEFINITIONAL_REPRESENTATION('',(#6036),#6040);
#6036 = LINE('',#6037,#6038);
#6037 = CARTESIAN_POINT('',(0.,0.));
#6038 = VECTOR('',#6039,1.);
#6039 = DIRECTION('',(1.,0.));
#6040 = ( GEOMETRIC_REPRESENTATION_CONTEXT(2) 
PARAMETRIC_REPRESENTATION_CONTEXT() REPRESENTATION_CONTEXT('2D SPACE',''
  ) );
#6041 = ORIENTED_EDGE('',*,*,#6042,.F.);
#6042 = EDGE_CURVE('',#4040,#6020,#6043,.T.);
#6043 = SURFACE_CURVE('',#6044,(#6048,#6055),.PCURVE_S1.);
#6044 = LINE('',#6045,#6046);
#6045 = CARTESIAN_POINT('',(1.6,-64.8,2.));
#6046 = VECTOR('',#6047,1.);
#6047 = DIRECTION('',(0.,0.,1.));
#6048 = PCURVE('',#4081,#6049);
#6049 = DEFINITIONAL_REPRESENTATION('',(#6050),#6054);
#6050 = LINE('',#6051,#6052);
#6051 = CARTESIAN_POINT('',(0.,8.));
#6052 = VECTOR('',#6053,1.);
#6053 = DIRECTION('',(1.,0.));
#6054 = ( GEOMETRIC_REPRESENTATION_CONTEXT(2) 
PARAMETRIC_REPRESENTATION_CONTEXT() REPRESENTATION_CONTEXT('2D SPACE',''
  ) );
#6055 = PCURVE('',#4055,#6056);
#6056 = DEFINITIONAL_REPRESENTATION('',(#6057),#6061);
#6057 = LINE('',#6058,#6059);
#6058 = CARTESIAN_POINT('',(0.,0.));
#6059 = VECTOR('',#6060,1.);
#6060 = DIRECTION('',(1.,0.));
#6061 = ( GEOMETRIC_REPRESENTATION_CONTEXT(2) 
PARAMETRIC_REPRESENTATION_CONTEXT() REPRESENTATION_CONTEXT('2D SPACE',''
  ) );
#6062 = ADVANCED_FACE('',(#6063),#4055,.T.);
#6063 = FACE_BOUND('',#6064,.T.);
#6064 = EDGE_LOOP('',(#6065,#6066,#6067,#6068));
#6065 = ORIENTED_EDGE('',*,*,#6042,.F.);
#6066 = ORIENTED_EDGE('',*,*,#4039,.T.);
#6067 = ORIENTED_EDGE('',*,*,#5921,.T.);
#6068 = ORIENTED_EDGE('',*,*,#6069,.F.);
#6069 = EDGE_CURVE('',#6020,#5922,#6070,.T.);
#6070 = SURFACE_CURVE('',#6071,(#6075,#6082),.PCURVE_S1.);
#6071 = LINE('',#6072,#6073);
#6072 = CARTESIAN_POINT('',(1.6,-64.8,16.1));
#6073 = VECTOR('',#6074,1.);
#6074 = DIRECTION('',(0.,1.,0.));
#6075 = PCURVE('',#4055,#6076);
#6076 = DEFINITIONAL_REPRESENTATION('',(#6077),#6081);
#6077 = LINE('',#6078,#6079);
#6078 = CARTESIAN_POINT('',(14.1,0.));
#6079 = VECTOR('',#6080,1.);
#6080 = DIRECTION('',(0.,-1.));
#6081 = ( GEOMETRIC_REPRESENTATION_CONTEXT(2) 
PARAMETRIC_REPRESENTATION_CONTEXT() REPRESENTATION_CONTEXT('2D SPACE',''
  ) );
#6082 = PCURVE('',#5811,#6083);
#6083 = DEFINITIONAL_REPRESENTATION('',(#6084),#6088);
#6084 = LINE('',#6085,#6086);
#6085 = CARTESIAN_POINT('',(8.,0.));
#6086 = VECTOR('',#6087,1.);
#6087 = DIRECTION('',(0.,1.));
#6088 = ( GEOMETRIC_REPRESENTATION_CONTEXT(2) 
PARAMETRIC_REPRESENTATION_CONTEXT() REPRESENTATION_CONTEXT('2D SPACE',''
  ) );
#6089 = ADVANCED_FACE('',(#6090),#4142,.T.);
#6090 = FACE_BOUND('',#6091,.F.);
#6091 = EDGE_LOOP('',(#6092,#6115,#6142,#6143,#6144,#6145,#6146,#6147,
    #6148));
#6092 = ORIENTED_EDGE('',*,*,#6093,.F.);
#6093 = EDGE_CURVE('',#6094,#5306,#6096,.T.);
#6094 = VERTEX_POINT('',#6095);
#6095 = CARTESIAN_POINT('',(2.16,-84.,11.413708498985));
#6096 = SEAM_CURVE('',#6097,(#6101,#6108),.PCURVE_S1.);
#6097 = LINE('',#6098,#6099);
#6098 = CARTESIAN_POINT('',(2.16,-84.,11.413708498985));
#6099 = VECTOR('',#6100,1.);
#6100 = DIRECTION('',(0.703361078239,0.,-0.710832746586));
#6101 = PCURVE('',#4142,#6102);
#6102 = DEFINITIONAL_REPRESENTATION('',(#6103),#6107);
#6103 = LINE('',#6104,#6105);
#6104 = CARTESIAN_POINT('',(-0.,0.));
#6105 = VECTOR('',#6106,1.);
#6106 = DIRECTION('',(-0.,1.));
#6107 = ( GEOMETRIC_REPRESENTATION_CONTEXT(2) 
PARAMETRIC_REPRESENTATION_CONTEXT() REPRESENTATION_CONTEXT('2D SPACE',''
  ) );
#6108 = PCURVE('',#4142,#6109);
#6109 = DEFINITIONAL_REPRESENTATION('',(#6110),#6114);
#6110 = LINE('',#6111,#6112);
#6111 = CARTESIAN_POINT('',(-6.28318530718,0.));
#6112 = VECTOR('',#6113,1.);
#6113 = DIRECTION('',(-0.,1.));
#6114 = ( GEOMETRIC_REPRESENTATION_CONTEXT(2) 
PARAMETRIC_REPRESENTATION_CONTEXT() REPRESENTATION_CONTEXT('2D SPACE',''
  ) );
#6115 = ORIENTED_EDGE('',*,*,#6116,.T.);
#6116 = EDGE_CURVE('',#6094,#6094,#6117,.T.);
#6117 = SURFACE_CURVE('',#6118,(#6123,#6130),.PCURVE_S1.);
#6118 = CIRCLE('',#6119,2.16);
#6119 = AXIS2_PLACEMENT_3D('',#6120,#6121,#6122);
#6120 = CARTESIAN_POINT('',(0.,-84.,11.413708498985));
#6121 = DIRECTION('',(0.,0.,1.));
#6122 = DIRECTION('',(1.,0.,-0.));
#6123 = PCURVE('',#4142,#6124);
#6124 = DEFINITIONAL_REPRESENTATION('',(#6125),#6129);
#6125 = LINE('',#6126,#6127);
#6126 = CARTESIAN_POINT('',(-0.,0.));
#6127 = VECTOR('',#6128,1.);
#6128 = DIRECTION('',(-1.,0.));
#6129 = ( GEOMETRIC_REPRESENTATION_CONTEXT(2) 
PARAMETRIC_REPRESENTATION_CONTEXT() REPRESENTATION_CONTEXT('2D SPACE',''
  ) );
#6130 = PCURVE('',#6131,#6136);
#6131 = PLANE('',#6132);
#6132 = AXIS2_PLACEMENT_3D('',#6133,#6134,#6135);
#6133 = CARTESIAN_POINT('',(0.,-84.,11.413708498985));
#6134 = DIRECTION('',(0.,0.,1.));
#6135 = DIRECTION('',(1.,0.,-0.));
#6136 = DEFINITIONAL_REPRESENTATION('',(#6137),#6141);
#6137 = CIRCLE('',#6138,2.16);
#6138 = AXIS2_PLACEMENT_2D('',#6139,#6140);
#6139 = CARTESIAN_POINT('',(0.,0.));
#6140 = DIRECTION('',(1.,-0.));
#6141 = ( GEOMETRIC_REPRESENTATION_CONTEXT(2) 
PARAMETRIC_REPRESENTATION_CONTEXT() REPRESENTATION_CONTEXT('2D SPACE',''
  ) );
#6142 = ORIENTED_EDGE('',*,*,#6093,.T.);
#6143 = ORIENTED_EDGE('',*,*,#5305,.T.);
#6144 = ORIENTED_EDGE('',*,*,#4121,.T.);
#6145 = ORIENTED_EDGE('',*,*,#5143,.T.);
#6146 = ORIENTED_EDGE('',*,*,#5040,.T.);
#6147 = ORIENTED_EDGE('',*,*,#4178,.T.);
#6148 = ORIENTED_EDGE('',*,*,#5409,.T.);
#6149 = ADVANCED_FACE('',(#6150),#4247,.T.);
#6150 = FACE_BOUND('',#6151,.F.);
#6151 = EDGE_LOOP('',(#6152,#6175,#6202,#6203));
#6152 = ORIENTED_EDGE('',*,*,#6153,.T.);
#6153 = EDGE_CURVE('',#4231,#6154,#6156,.T.);
#6154 = VERTEX_POINT('',#6155);
#6155 = CARTESIAN_POINT('',(9.5,-44.5,8.));
#6156 = SEAM_CURVE('',#6157,(#6161,#6168),.PCURVE_S1.);
#6157 = LINE('',#6158,#6159);
#6158 = CARTESIAN_POINT('',(9.5,-44.5,2.));
#6159 = VECTOR('',#6160,1.);
#6160 = DIRECTION('',(0.,0.,1.));
#6161 = PCURVE('',#4247,#6162);
#6162 = DEFINITIONAL_REPRESENTATION('',(#6163),#6167);
#6163 = LINE('',#6164,#6165);
#6164 = CARTESIAN_POINT('',(-0.,0.));
#6165 = VECTOR('',#6166,1.);
#6166 = DIRECTION('',(-0.,-1.));
#6167 = ( GEOMETRIC_REPRESENTATION_CONTEXT(2) 
PARAMETRIC_REPRESENTATION_CONTEXT() REPRESENTATION_CONTEXT('2D SPACE',''
  ) );
#6168 = PCURVE('',#4247,#6169);
#6169 = DEFINITIONAL_REPRESENTATION('',(#6170),#6174);
#6170 = LINE('',#6171,#6172);
#6171 = CARTESIAN_POINT('',(-6.28318530718,0.));
#6172 = VECTOR('',#6173,1.);
#6173 = DIRECTION('',(-0.,-1.));
#6174 = ( GEOMETRIC_REPRESENTATION_CONTEXT(2) 
PARAMETRIC_REPRESENTATION_CONTEXT() REPRESENTATION_CONTEXT('2D SPACE',''
  ) );
#6175 = ORIENTED_EDGE('',*,*,#6176,.T.);
#6176 = EDGE_CURVE('',#6154,#6154,#6177,.T.);
#6177 = SURFACE_CURVE('',#6178,(#6183,#6190),.PCURVE_S1.);
#6178 = CIRCLE('',#6179,3.);
#6179 = AXIS2_PLACEMENT_3D('',#6180,#6181,#6182);
#6180 = CARTESIAN_POINT('',(6.5,-44.5,8.));
#6181 = DIRECTION('',(0.,0.,1.));
#6182 = DIRECTION('',(1.,0.,0.));
#6183 = PCURVE('',#4247,#6184);
#6184 = DEFINITIONAL_REPRESENTATION('',(#6185),#6189);
#6185 = LINE('',#6186,#6187);
#6186 = CARTESIAN_POINT('',(-0.,-6.));
#6187 = VECTOR('',#6188,1.);
#6188 = DIRECTION('',(-1.,0.));
#6189 = ( GEOMETRIC_REPRESENTATION_CONTEXT(2) 
PARAMETRIC_REPRESENTATION_CONTEXT() REPRESENTATION_CONTEXT('2D SPACE',''
  ) );
#6190 = PCURVE('',#6191,#6196);
#6191 = PLANE('',#6192);
#6192 = AXIS2_PLACEMENT_3D('',#6193,#6194,#6195);
#6193 = CARTESIAN_POINT('',(6.5,-44.5,8.));
#6194 = DIRECTION('',(0.,0.,1.));
#6195 = DIRECTION('',(1.,0.,-0.));
#6196 = DEFINITIONAL_REPRESENTATION('',(#6197),#6201);
#6197 = CIRCLE('',#6198,3.);
#6198 = AXIS2_PLACEMENT_2D('',#6199,#6200);
#6199 = CARTESIAN_POINT('',(0.,0.));
#6200 = DIRECTION('',(1.,0.));
#6201 = ( GEOMETRIC_REPRESENTATION_CONTEXT(2) 
PARAMETRIC_REPRESENTATION_CONTEXT() REPRESENTATION_CONTEXT('2D SPACE',''
  ) );
#6202 = ORIENTED_EDGE('',*,*,#6153,.F.);
#6203 = ORIENTED_EDGE('',*,*,#4230,.F.);
#6204 = ADVANCED_FACE('',(#6205),#4278,.T.);
#6205 = FACE_BOUND('',#6206,.F.);
#6206 = EDGE_LOOP('',(#6207,#6230,#6257,#6258));
#6207 = ORIENTED_EDGE('',*,*,#6208,.T.);
#6208 = EDGE_CURVE('',#4262,#6209,#6211,.T.);
#6209 = VERTEX_POINT('',#6210);
#6210 = CARTESIAN_POINT('',(58.5,-44.5,8.));
#6211 = SEAM_CURVE('',#6212,(#6216,#6223),.PCURVE_S1.);
#6212 = LINE('',#6213,#6214);
#6213 = CARTESIAN_POINT('',(58.5,-44.5,2.));
#6214 = VECTOR('',#6215,1.);
#6215 = DIRECTION('',(0.,0.,1.));
#6216 = PCURVE('',#4278,#6217);
#6217 = DEFINITIONAL_REPRESENTATION('',(#6218),#6222);
#6218 = LINE('',#6219,#6220);
#6219 = CARTESIAN_POINT('',(-0.,0.));
#6220 = VECTOR('',#6221,1.);
#6221 = DIRECTION('',(-0.,-1.));
#6222 = ( GEOMETRIC_REPRESENTATION_CONTEXT(2) 
PARAMETRIC_REPRESENTATION_CONTEXT() REPRESENTATION_CONTEXT('2D SPACE',''
  ) );
#6223 = PCURVE('',#4278,#6224);
#6224 = DEFINITIONAL_REPRESENTATION('',(#6225),#6229);
#6225 = LINE('',#6226,#6227);
#6226 = CARTESIAN_POINT('',(-6.28318530718,0.));
#6227 = VECTOR('',#6228,1.);
#6228 = DIRECTION('',(-0.,-1.));
#6229 = ( GEOMETRIC_REPRESENTATION_CONTEXT(2) 
PARAMETRIC_REPRESENTATION_CONTEXT() REPRESENTATION_CONTEXT('2D SPACE',''
  ) );
#6230 = ORIENTED_EDGE('',*,*,#6231,.T.);
#6231 = EDGE_CURVE('',#6209,#6209,#6232,.T.);
#6232 = SURFACE_CURVE('',#6233,(#6238,#6245),.PCURVE_S1.);
#6233 = CIRCLE('',#6234,3.);
#6234 = AXIS2_PLACEMENT_3D('',#6235,#6236,#6237);
#6235 = CARTESIAN_POINT('',(55.5,-44.5,8.));
#6236 = DIRECTION('',(0.,0.,1.));
#6237 = DIRECTION('',(1.,0.,0.));
#6238 = PCURVE('',#4278,#6239);
#6239 = DEFINITIONAL_REPRESENTATION('',(#6240),#6244);
#6240 = LINE('',#6241,#6242);
#6241 = CARTESIAN_POINT('',(-0.,-6.));
#6242 = VECTOR('',#6243,1.);
#6243 = DIRECTION('',(-1.,0.));
#6244 = ( GEOMETRIC_REPRESENTATION_CONTEXT(2) 
PARAMETRIC_REPRESENTATION_CONTEXT() REPRESENTATION_CONTEXT('2D SPACE',''
  ) );
#6245 = PCURVE('',#6246,#6251);
#6246 = PLANE('',#6247);
#6247 = AXIS2_PLACEMENT_3D('',#6248,#6249,#6250);
#6248 = CARTESIAN_POINT('',(55.5,-44.5,8.));
#6249 = DIRECTION('',(0.,0.,1.));
#6250 = DIRECTION('',(1.,0.,-0.));
#6251 = DEFINITIONAL_REPRESENTATION('',(#6252),#6256);
#6252 = CIRCLE('',#6253,3.);
#6253 = AXIS2_PLACEMENT_2D('',#6254,#6255);
#6254 = CARTESIAN_POINT('',(0.,0.));
#6255 = DIRECTION('',(1.,0.));
#6256 = ( GEOMETRIC_REPRESENTATION_CONTEXT(2) 
PARAMETRIC_REPRESENTATION_CONTEXT() REPRESENTATION_CONTEXT('2D SPACE',''
  ) );
#6257 = ORIENTED_EDGE('',*,*,#6208,.F.);
#6258 = ORIENTED_EDGE('',*,*,#4261,.F.);
#6259 = ADVANCED_FACE('',(#6260),#4320,.F.);
#6260 = FACE_BOUND('',#6261,.F.);
#6261 = EDGE_LOOP('',(#6262,#6285,#6286,#6309));
#6262 = ORIENTED_EDGE('',*,*,#6263,.F.);
#6263 = EDGE_CURVE('',#4303,#6264,#6266,.T.);
#6264 = VERTEX_POINT('',#6265);
#6265 = CARTESIAN_POINT('',(-79.,56.8,16.1));
#6266 = SURFACE_CURVE('',#6267,(#6271,#6278),.PCURVE_S1.);
#6267 = LINE('',#6268,#6269);
#6268 = CARTESIAN_POINT('',(-79.,56.8,2.));
#6269 = VECTOR('',#6270,1.);
#6270 = DIRECTION('',(0.,0.,1.));
#6271 = PCURVE('',#4320,#6272);
#6272 = DEFINITIONAL_REPRESENTATION('',(#6273),#6277);
#6273 = LINE('',#6274,#6275);
#6274 = CARTESIAN_POINT('',(0.,0.));
#6275 = VECTOR('',#6276,1.);
#6276 = DIRECTION('',(1.,0.));
#6277 = ( GEOMETRIC_REPRESENTATION_CONTEXT(2) 
PARAMETRIC_REPRESENTATION_CONTEXT() REPRESENTATION_CONTEXT('2D SPACE',''
  ) );
#6278 = PCURVE('',#4402,#6279);
#6279 = DEFINITIONAL_REPRESENTATION('',(#6280),#6284);
#6280 = LINE('',#6281,#6282);
#6281 = CARTESIAN_POINT('',(0.,0.));
#6282 = VECTOR('',#6283,1.);
#6283 = DIRECTION('',(1.,0.));
#6284 = ( GEOMETRIC_REPRESENTATION_CONTEXT(2) 
PARAMETRIC_REPRESENTATION_CONTEXT() REPRESENTATION_CONTEXT('2D SPACE',''
  ) );
#6285 = ORIENTED_EDGE('',*,*,#4302,.T.);
#6286 = ORIENTED_EDGE('',*,*,#6287,.T.);
#6287 = EDGE_CURVE('',#4305,#6288,#6290,.T.);
#6288 = VERTEX_POINT('',#6289);
#6289 = CARTESIAN_POINT('',(-79.,64.8,16.1));
#6290 = SURFACE_CURVE('',#6291,(#6295,#6302),.PCURVE_S1.);
#6291 = LINE('',#6292,#6293);
#6292 = CARTESIAN_POINT('',(-79.,64.8,2.));
#6293 = VECTOR('',#6294,1.);
#6294 = DIRECTION('',(0.,0.,1.));
#6295 = PCURVE('',#4320,#6296);
#6296 = DEFINITIONAL_REPRESENTATION('',(#6297),#6301);
#6297 = LINE('',#6298,#6299);
#6298 = CARTESIAN_POINT('',(0.,-8.));
#6299 = VECTOR('',#6300,1.);
#6300 = DIRECTION('',(1.,0.));
#6301 = ( GEOMETRIC_REPRESENTATION_CONTEXT(2) 
PARAMETRIC_REPRESENTATION_CONTEXT() REPRESENTATION_CONTEXT('2D SPACE',''
  ) );
#6302 = PCURVE('',#4348,#6303);
#6303 = DEFINITIONAL_REPRESENTATION('',(#6304),#6308);
#6304 = LINE('',#6305,#6306);
#6305 = CARTESIAN_POINT('',(0.,0.));
#6306 = VECTOR('',#6307,1.);
#6307 = DIRECTION('',(1.,0.));
#6308 = ( GEOMETRIC_REPRESENTATION_CONTEXT(2) 
PARAMETRIC_REPRESENTATION_CONTEXT() REPRESENTATION_CONTEXT('2D SPACE',''
  ) );
#6309 = ORIENTED_EDGE('',*,*,#6310,.F.);
#6310 = EDGE_CURVE('',#6264,#6288,#6311,.T.);
#6311 = SURFACE_CURVE('',#6312,(#6316,#6323),.PCURVE_S1.);
#6312 = LINE('',#6313,#6314);
#6313 = CARTESIAN_POINT('',(-79.,56.8,16.1));
#6314 = VECTOR('',#6315,1.);
#6315 = DIRECTION('',(0.,1.,0.));
#6316 = PCURVE('',#4320,#6317);
#6317 = DEFINITIONAL_REPRESENTATION('',(#6318),#6322);
#6318 = LINE('',#6319,#6320);
#6319 = CARTESIAN_POINT('',(14.1,0.));
#6320 = VECTOR('',#6321,1.);
#6321 = DIRECTION('',(0.,-1.));
#6322 = ( GEOMETRIC_REPRESENTATION_CONTEXT(2) 
PARAMETRIC_REPRESENTATION_CONTEXT() REPRESENTATION_CONTEXT('2D SPACE',''
  ) );
#6323 = PCURVE('',#6324,#6329);
#6324 = PLANE('',#6325);
#6325 = AXIS2_PLACEMENT_3D('',#6326,#6327,#6328);
#6326 = CARTESIAN_POINT('',(-79.,56.8,16.1));
#6327 = DIRECTION('',(0.,0.,1.));
#6328 = DIRECTION('',(1.,0.,0.));
#6329 = DEFINITIONAL_REPRESENTATION('',(#6330),#6334);
#6330 = LINE('',#6331,#6332);
#6331 = CARTESIAN_POINT('',(0.,0.));
#6332 = VECTOR('',#6333,1.);
#6333 = DIRECTION('',(0.,1.));
#6334 = ( GEOMETRIC_REPRESENTATION_CONTEXT(2) 
PARAMETRIC_REPRESENTATION_CONTEXT() REPRESENTATION_CONTEXT('2D SPACE',''
  ) );
#6335 = ADVANCED_FACE('',(#6336),#4348,.T.);
#6336 = FACE_BOUND('',#6337,.T.);
#6337 = EDGE_LOOP('',(#6338,#6339,#6340,#6363));
#6338 = ORIENTED_EDGE('',*,*,#4332,.F.);
#6339 = ORIENTED_EDGE('',*,*,#6287,.T.);
#6340 = ORIENTED_EDGE('',*,*,#6341,.T.);
#6341 = EDGE_CURVE('',#6288,#6342,#6344,.T.);
#6342 = VERTEX_POINT('',#6343);
#6343 = CARTESIAN_POINT('',(-71.,64.8,16.1));
#6344 = SURFACE_CURVE('',#6345,(#6349,#6356),.PCURVE_S1.);
#6345 = LINE('',#6346,#6347);
#6346 = CARTESIAN_POINT('',(-79.,64.8,16.1));
#6347 = VECTOR('',#6348,1.);
#6348 = DIRECTION('',(1.,0.,0.));
#6349 = PCURVE('',#4348,#6350);
#6350 = DEFINITIONAL_REPRESENTATION('',(#6351),#6355);
#6351 = LINE('',#6352,#6353);
#6352 = CARTESIAN_POINT('',(14.1,0.));
#6353 = VECTOR('',#6354,1.);
#6354 = DIRECTION('',(0.,1.));
#6355 = ( GEOMETRIC_REPRESENTATION_CONTEXT(2) 
PARAMETRIC_REPRESENTATION_CONTEXT() REPRESENTATION_CONTEXT('2D SPACE',''
  ) );
#6356 = PCURVE('',#6324,#6357);
#6357 = DEFINITIONAL_REPRESENTATION('',(#6358),#6362);
#6358 = LINE('',#6359,#6360);
#6359 = CARTESIAN_POINT('',(0.,8.));
#6360 = VECTOR('',#6361,1.);
#6361 = DIRECTION('',(1.,0.));
#6362 = ( GEOMETRIC_REPRESENTATION_CONTEXT(2) 
PARAMETRIC_REPRESENTATION_CONTEXT() REPRESENTATION_CONTEXT('2D SPACE',''
  ) );
#6363 = ORIENTED_EDGE('',*,*,#6364,.F.);
#6364 = EDGE_CURVE('',#4333,#6342,#6365,.T.);
#6365 = SURFACE_CURVE('',#6366,(#6370,#6377),.PCURVE_S1.);
#6366 = LINE('',#6367,#6368);
#6367 = CARTESIAN_POINT('',(-71.,64.8,2.));
#6368 = VECTOR('',#6369,1.);
#6369 = DIRECTION('',(0.,0.,1.));
#6370 = PCURVE('',#4348,#6371);
#6371 = DEFINITIONAL_REPRESENTATION('',(#6372),#6376);
#6372 = LINE('',#6373,#6374);
#6373 = CARTESIAN_POINT('',(0.,8.));
#6374 = VECTOR('',#6375,1.);
#6375 = DIRECTION('',(1.,0.));
#6376 = ( GEOMETRIC_REPRESENTATION_CONTEXT(2) 
PARAMETRIC_REPRESENTATION_CONTEXT() REPRESENTATION_CONTEXT('2D SPACE',''
  ) );
#6377 = PCURVE('',#4376,#6378);
#6378 = DEFINITIONAL_REPRESENTATION('',(#6379),#6383);
#6379 = LINE('',#6380,#6381);
#6380 = CARTESIAN_POINT('',(0.,-8.));
#6381 = VECTOR('',#6382,1.);
#6382 = DIRECTION('',(1.,0.));
#6383 = ( GEOMETRIC_REPRESENTATION_CONTEXT(2) 
PARAMETRIC_REPRESENTATION_CONTEXT() REPRESENTATION_CONTEXT('2D SPACE',''
  ) );
#6384 = ADVANCED_FACE('',(#6385),#4402,.F.);
#6385 = FACE_BOUND('',#6386,.F.);
#6386 = EDGE_LOOP('',(#6387,#6410,#6411,#6412,#6435,#6461));
#6387 = ORIENTED_EDGE('',*,*,#6388,.F.);
#6388 = EDGE_CURVE('',#4361,#6389,#6391,.T.);
#6389 = VERTEX_POINT('',#6390);
#6390 = CARTESIAN_POINT('',(-71.,56.8,13.));
#6391 = SURFACE_CURVE('',#6392,(#6396,#6403),.PCURVE_S1.);
#6392 = LINE('',#6393,#6394);
#6393 = CARTESIAN_POINT('',(-71.,56.8,2.));
#6394 = VECTOR('',#6395,1.);
#6395 = DIRECTION('',(0.,0.,1.));
#6396 = PCURVE('',#4402,#6397);
#6397 = DEFINITIONAL_REPRESENTATION('',(#6398),#6402);
#6398 = LINE('',#6399,#6400);
#6399 = CARTESIAN_POINT('',(0.,8.));
#6400 = VECTOR('',#6401,1.);
#6401 = DIRECTION('',(1.,0.));
#6402 = ( GEOMETRIC_REPRESENTATION_CONTEXT(2) 
PARAMETRIC_REPRESENTATION_CONTEXT() REPRESENTATION_CONTEXT('2D SPACE',''
  ) );
#6403 = PCURVE('',#4376,#6404);
#6404 = DEFINITIONAL_REPRESENTATION('',(#6405),#6409);
#6405 = LINE('',#6406,#6407);
#6406 = CARTESIAN_POINT('',(0.,0.));
#6407 = VECTOR('',#6408,1.);
#6408 = DIRECTION('',(1.,0.));
#6409 = ( GEOMETRIC_REPRESENTATION_CONTEXT(2) 
PARAMETRIC_REPRESENTATION_CONTEXT() REPRESENTATION_CONTEXT('2D SPACE',''
  ) );
#6410 = ORIENTED_EDGE('',*,*,#4388,.F.);
#6411 = ORIENTED_EDGE('',*,*,#6263,.T.);
#6412 = ORIENTED_EDGE('',*,*,#6413,.T.);
#6413 = EDGE_CURVE('',#6264,#6414,#6416,.T.);
#6414 = VERTEX_POINT('',#6415);
#6415 = CARTESIAN_POINT('',(-77.,56.8,16.1));
#6416 = SURFACE_CURVE('',#6417,(#6421,#6428),.PCURVE_S1.);
#6417 = LINE('',#6418,#6419);
#6418 = CARTESIAN_POINT('',(-79.,56.8,16.1));
#6419 = VECTOR('',#6420,1.);
#6420 = DIRECTION('',(1.,0.,0.));
#6421 = PCURVE('',#4402,#6422);
#6422 = DEFINITIONAL_REPRESENTATION('',(#6423),#6427);
#6423 = LINE('',#6424,#6425);
#6424 = CARTESIAN_POINT('',(14.1,0.));
#6425 = VECTOR('',#6426,1.);
#6426 = DIRECTION('',(0.,1.));
#6427 = ( GEOMETRIC_REPRESENTATION_CONTEXT(2) 
PARAMETRIC_REPRESENTATION_CONTEXT() REPRESENTATION_CONTEXT('2D SPACE',''
  ) );
#6428 = PCURVE('',#6324,#6429);
#6429 = DEFINITIONAL_REPRESENTATION('',(#6430),#6434);
#6430 = LINE('',#6431,#6432);
#6431 = CARTESIAN_POINT('',(0.,0.));
#6432 = VECTOR('',#6433,1.);
#6433 = DIRECTION('',(1.,0.));
#6434 = ( GEOMETRIC_REPRESENTATION_CONTEXT(2) 
PARAMETRIC_REPRESENTATION_CONTEXT() REPRESENTATION_CONTEXT('2D SPACE',''
  ) );
#6435 = ORIENTED_EDGE('',*,*,#6436,.T.);
#6436 = EDGE_CURVE('',#6414,#6437,#6439,.T.);
#6437 = VERTEX_POINT('',#6438);
#6438 = CARTESIAN_POINT('',(-77.,56.8,13.));
#6439 = SURFACE_CURVE('',#6440,(#6444,#6450),.PCURVE_S1.);
#6440 = LINE('',#6441,#6442);
#6441 = CARTESIAN_POINT('',(-77.,56.8,7.5));
#6442 = VECTOR('',#6443,1.);
#6443 = DIRECTION('',(0.,0.,-1.));
#6444 = PCURVE('',#4402,#6445);
#6445 = DEFINITIONAL_REPRESENTATION('',(#6446),#6449);
#6446 = B_SPLINE_CURVE_WITH_KNOTS('',1,(#6447,#6448),.UNSPECIFIED.,.F.,
  .F.,(2,2),(-8.6,-5.5),.PIECEWISE_BEZIER_KNOTS.);
#6447 = CARTESIAN_POINT('',(14.1,2.));
#6448 = CARTESIAN_POINT('',(11.,2.));
#6449 = ( GEOMETRIC_REPRESENTATION_CONTEXT(2) 
PARAMETRIC_REPRESENTATION_CONTEXT() REPRESENTATION_CONTEXT('2D SPACE',''
  ) );
#6450 = PCURVE('',#6451,#6456);
#6451 = PLANE('',#6452);
#6452 = AXIS2_PLACEMENT_3D('',#6453,#6454,#6455);
#6453 = CARTESIAN_POINT('',(-77.,-62.8,13.));
#6454 = DIRECTION('',(1.,0.,0.));
#6455 = DIRECTION('',(0.,0.,1.));
#6456 = DEFINITIONAL_REPRESENTATION('',(#6457),#6460);
#6457 = B_SPLINE_CURVE_WITH_KNOTS('',1,(#6458,#6459),.UNSPECIFIED.,.F.,
  .F.,(2,2),(-8.6,-5.5),.PIECEWISE_BEZIER_KNOTS.);
#6458 = CARTESIAN_POINT('',(3.1,-119.6));
#6459 = CARTESIAN_POINT('',(0.,-119.6));
#6460 = ( GEOMETRIC_REPRESENTATION_CONTEXT(2) 
PARAMETRIC_REPRESENTATION_CONTEXT() REPRESENTATION_CONTEXT('2D SPACE',''
  ) );
#6461 = ORIENTED_EDGE('',*,*,#6462,.T.);
#6462 = EDGE_CURVE('',#6437,#6389,#6463,.T.);
#6463 = SURFACE_CURVE('',#6464,(#6468,#6474),.PCURVE_S1.);
#6464 = LINE('',#6465,#6466);
#6465 = CARTESIAN_POINT('',(-78.,56.8,13.));
#6466 = VECTOR('',#6467,1.);
#6467 = DIRECTION('',(1.,0.,0.));
#6468 = PCURVE('',#4402,#6469);
#6469 = DEFINITIONAL_REPRESENTATION('',(#6470),#6473);
#6470 = B_SPLINE_CURVE_WITH_KNOTS('',1,(#6471,#6472),.UNSPECIFIED.,.F.,
  .F.,(2,2),(1.,7.),.PIECEWISE_BEZIER_KNOTS.);
#6471 = CARTESIAN_POINT('',(11.,2.));
#6472 = CARTESIAN_POINT('',(11.,8.));
#6473 = ( GEOMETRIC_REPRESENTATION_CONTEXT(2) 
PARAMETRIC_REPRESENTATION_CONTEXT() REPRESENTATION_CONTEXT('2D SPACE',''
  ) );
#6474 = PCURVE('',#6475,#6480);
#6475 = PLANE('',#6476);
#6476 = AXIS2_PLACEMENT_3D('',#6477,#6478,#6479);
#6477 = CARTESIAN_POINT('',(-77.,-62.8,13.));
#6478 = DIRECTION('',(0.,0.,1.));
#6479 = DIRECTION('',(1.,0.,0.));
#6480 = DEFINITIONAL_REPRESENTATION('',(#6481),#6484);
#6481 = B_SPLINE_CURVE_WITH_KNOTS('',1,(#6482,#6483),.UNSPECIFIED.,.F.,
  .F.,(2,2),(1.,7.),.PIECEWISE_BEZIER_KNOTS.);
#6482 = CARTESIAN_POINT('',(0.,119.6));
#6483 = CARTESIAN_POINT('',(6.,119.6));
#6484 = ( GEOMETRIC_REPRESENTATION_CONTEXT(2) 
PARAMETRIC_REPRESENTATION_CONTEXT() REPRESENTATION_CONTEXT('2D SPACE',''
  ) );
#6485 = ADVANCED_FACE('',(#6486),#4376,.T.);
#6486 = FACE_BOUND('',#6487,.T.);
#6487 = EDGE_LOOP('',(#6488,#6489,#6490,#6491,#6514,#6540));
#6488 = ORIENTED_EDGE('',*,*,#6388,.F.);
#6489 = ORIENTED_EDGE('',*,*,#4360,.T.);
#6490 = ORIENTED_EDGE('',*,*,#6364,.T.);
#6491 = ORIENTED_EDGE('',*,*,#6492,.F.);
#6492 = EDGE_CURVE('',#6493,#6342,#6495,.T.);
#6493 = VERTEX_POINT('',#6494);
#6494 = CARTESIAN_POINT('',(-71.,62.8,16.1));
#6495 = SURFACE_CURVE('',#6496,(#6500,#6507),.PCURVE_S1.);
#6496 = LINE('',#6497,#6498);
#6497 = CARTESIAN_POINT('',(-71.,56.8,16.1));
#6498 = VECTOR('',#6499,1.);
#6499 = DIRECTION('',(0.,1.,0.));
#6500 = PCURVE('',#4376,#6501);
#6501 = DEFINITIONAL_REPRESENTATION('',(#6502),#6506);
#6502 = LINE('',#6503,#6504);
#6503 = CARTESIAN_POINT('',(14.1,0.));
#6504 = VECTOR('',#6505,1.);
#6505 = DIRECTION('',(0.,-1.));
#6506 = ( GEOMETRIC_REPRESENTATION_CONTEXT(2) 
PARAMETRIC_REPRESENTATION_CONTEXT() REPRESENTATION_CONTEXT('2D SPACE',''
  ) );
#6507 = PCURVE('',#6324,#6508);
#6508 = DEFINITIONAL_REPRESENTATION('',(#6509),#6513);
#6509 = LINE('',#6510,#6511);
#6510 = CARTESIAN_POINT('',(8.,0.));
#6511 = VECTOR('',#6512,1.);
#6512 = DIRECTION('',(0.,1.));
#6513 = ( GEOMETRIC_REPRESENTATION_CONTEXT(2) 
PARAMETRIC_REPRESENTATION_CONTEXT() REPRESENTATION_CONTEXT('2D SPACE',''
  ) );
#6514 = ORIENTED_EDGE('',*,*,#6515,.F.);
#6515 = EDGE_CURVE('',#6516,#6493,#6518,.T.);
#6516 = VERTEX_POINT('',#6517);
#6517 = CARTESIAN_POINT('',(-71.,62.8,13.));
#6518 = SURFACE_CURVE('',#6519,(#6523,#6529),.PCURVE_S1.);
#6519 = LINE('',#6520,#6521);
#6520 = CARTESIAN_POINT('',(-71.,62.8,7.5));
#6521 = VECTOR('',#6522,1.);
#6522 = DIRECTION('',(0.,0.,1.));
#6523 = PCURVE('',#4376,#6524);
#6524 = DEFINITIONAL_REPRESENTATION('',(#6525),#6528);
#6525 = B_SPLINE_CURVE_WITH_KNOTS('',1,(#6526,#6527),.UNSPECIFIED.,.F.,
  .F.,(2,2),(5.5,8.6),.PIECEWISE_BEZIER_KNOTS.);
#6526 = CARTESIAN_POINT('',(11.,-6.));
#6527 = CARTESIAN_POINT('',(14.1,-6.));
#6528 = ( GEOMETRIC_REPRESENTATION_CONTEXT(2) 
PARAMETRIC_REPRESENTATION_CONTEXT() REPRESENTATION_CONTEXT('2D SPACE',''
  ) );
#6529 = PCURVE('',#6530,#6535);
#6530 = PLANE('',#6531);
#6531 = AXIS2_PLACEMENT_3D('',#6532,#6533,#6534);
#6532 = CARTESIAN_POINT('',(-77.,62.8,13.));
#6533 = DIRECTION('',(0.,1.,0.));
#6534 = DIRECTION('',(0.,0.,1.));
#6535 = DEFINITIONAL_REPRESENTATION('',(#6536),#6539);
#6536 = B_SPLINE_CURVE_WITH_KNOTS('',1,(#6537,#6538),.UNSPECIFIED.,.F.,
  .F.,(2,2),(5.5,8.6),.PIECEWISE_BEZIER_KNOTS.);
#6537 = CARTESIAN_POINT('',(0.,6.));
#6538 = CARTESIAN_POINT('',(3.1,6.));
#6539 = ( GEOMETRIC_REPRESENTATION_CONTEXT(2) 
PARAMETRIC_REPRESENTATION_CONTEXT() REPRESENTATION_CONTEXT('2D SPACE',''
  ) );
#6540 = ORIENTED_EDGE('',*,*,#6541,.T.);
#6541 = EDGE_CURVE('',#6516,#6389,#6542,.T.);
#6542 = SURFACE_CURVE('',#6543,(#6547,#6553),.PCURVE_S1.);
#6543 = LINE('',#6544,#6545);
#6544 = CARTESIAN_POINT('',(-71.,-3.,13.));
#6545 = VECTOR('',#6546,1.);
#6546 = DIRECTION('',(0.,-1.,0.));
#6547 = PCURVE('',#4376,#6548);
#6548 = DEFINITIONAL_REPRESENTATION('',(#6549),#6552);
#6549 = B_SPLINE_CURVE_WITH_KNOTS('',1,(#6550,#6551),.UNSPECIFIED.,.F.,
  .F.,(2,2),(-65.8,-59.8),.PIECEWISE_BEZIER_KNOTS.);
#6550 = CARTESIAN_POINT('',(11.,-6.));
#6551 = CARTESIAN_POINT('',(11.,0.));
#6552 = ( GEOMETRIC_REPRESENTATION_CONTEXT(2) 
PARAMETRIC_REPRESENTATION_CONTEXT() REPRESENTATION_CONTEXT('2D SPACE',''
  ) );
#6553 = PCURVE('',#6475,#6554);
#6554 = DEFINITIONAL_REPRESENTATION('',(#6555),#6558);
#6555 = B_SPLINE_CURVE_WITH_KNOTS('',1,(#6556,#6557),.UNSPECIFIED.,.F.,
  .F.,(2,2),(-65.8,-59.8),.PIECEWISE_BEZIER_KNOTS.);
#6556 = CARTESIAN_POINT('',(6.,125.6));
#6557 = CARTESIAN_POINT('',(6.,119.6));
#6558 = ( GEOMETRIC_REPRESENTATION_CONTEXT(2) 
PARAMETRIC_REPRESENTATION_CONTEXT() REPRESENTATION_CONTEXT('2D SPACE',''
  ) );
#6559 = ADVANCED_FACE('',(#6560),#4434,.F.);
#6560 = FACE_BOUND('',#6561,.F.);
#6561 = EDGE_LOOP('',(#6562,#6585,#6586,#6609,#6637,#6663));
#6562 = ORIENTED_EDGE('',*,*,#6563,.F.);
#6563 = EDGE_CURVE('',#4417,#6564,#6566,.T.);
#6564 = VERTEX_POINT('',#6565);
#6565 = CARTESIAN_POINT('',(-6.4,56.8,13.));
#6566 = SURFACE_CURVE('',#6567,(#6571,#6578),.PCURVE_S1.);
#6567 = LINE('',#6568,#6569);
#6568 = CARTESIAN_POINT('',(-6.4,56.8,2.));
#6569 = VECTOR('',#6570,1.);
#6570 = DIRECTION('',(0.,0.,1.));
#6571 = PCURVE('',#4434,#6572);
#6572 = DEFINITIONAL_REPRESENTATION('',(#6573),#6577);
#6573 = LINE('',#6574,#6575);
#6574 = CARTESIAN_POINT('',(0.,0.));
#6575 = VECTOR('',#6576,1.);
#6576 = DIRECTION('',(1.,0.));
#6577 = ( GEOMETRIC_REPRESENTATION_CONTEXT(2) 
PARAMETRIC_REPRESENTATION_CONTEXT() REPRESENTATION_CONTEXT('2D SPACE',''
  ) );
#6578 = PCURVE('',#4516,#6579);
#6579 = DEFINITIONAL_REPRESENTATION('',(#6580),#6584);
#6580 = LINE('',#6581,#6582);
#6581 = CARTESIAN_POINT('',(0.,0.));
#6582 = VECTOR('',#6583,1.);
#6583 = DIRECTION('',(1.,0.));
#6584 = ( GEOMETRIC_REPRESENTATION_CONTEXT(2) 
PARAMETRIC_REPRESENTATION_CONTEXT() REPRESENTATION_CONTEXT('2D SPACE',''
  ) );
#6585 = ORIENTED_EDGE('',*,*,#4416,.T.);
#6586 = ORIENTED_EDGE('',*,*,#6587,.T.);
#6587 = EDGE_CURVE('',#4419,#6588,#6590,.T.);
#6588 = VERTEX_POINT('',#6589);
#6589 = CARTESIAN_POINT('',(-6.4,64.8,16.1));
#6590 = SURFACE_CURVE('',#6591,(#6595,#6602),.PCURVE_S1.);
#6591 = LINE('',#6592,#6593);
#6592 = CARTESIAN_POINT('',(-6.4,64.8,2.));
#6593 = VECTOR('',#6594,1.);
#6594 = DIRECTION('',(0.,0.,1.));
#6595 = PCURVE('',#4434,#6596);
#6596 = DEFINITIONAL_REPRESENTATION('',(#6597),#6601);
#6597 = LINE('',#6598,#6599);
#6598 = CARTESIAN_POINT('',(0.,-8.));
#6599 = VECTOR('',#6600,1.);
#6600 = DIRECTION('',(1.,0.));
#6601 = ( GEOMETRIC_REPRESENTATION_CONTEXT(2) 
PARAMETRIC_REPRESENTATION_CONTEXT() REPRESENTATION_CONTEXT('2D SPACE',''
  ) );
#6602 = PCURVE('',#4462,#6603);
#6603 = DEFINITIONAL_REPRESENTATION('',(#6604),#6608);
#6604 = LINE('',#6605,#6606);
#6605 = CARTESIAN_POINT('',(0.,0.));
#6606 = VECTOR('',#6607,1.);
#6607 = DIRECTION('',(1.,0.));
#6608 = ( GEOMETRIC_REPRESENTATION_CONTEXT(2) 
PARAMETRIC_REPRESENTATION_CONTEXT() REPRESENTATION_CONTEXT('2D SPACE',''
  ) );
#6609 = ORIENTED_EDGE('',*,*,#6610,.F.);
#6610 = EDGE_CURVE('',#6611,#6588,#6613,.T.);
#6611 = VERTEX_POINT('',#6612);
#6612 = CARTESIAN_POINT('',(-6.4,62.8,16.1));
#6613 = SURFACE_CURVE('',#6614,(#6618,#6625),.PCURVE_S1.);
#6614 = LINE('',#6615,#6616);
#6615 = CARTESIAN_POINT('',(-6.4,56.8,16.1));
#6616 = VECTOR('',#6617,1.);
#6617 = DIRECTION('',(0.,1.,0.));
#6618 = PCURVE('',#4434,#6619);
#6619 = DEFINITIONAL_REPRESENTATION('',(#6620),#6624);
#6620 = LINE('',#6621,#6622);
#6621 = CARTESIAN_POINT('',(14.1,0.));
#6622 = VECTOR('',#6623,1.);
#6623 = DIRECTION('',(0.,-1.));
#6624 = ( GEOMETRIC_REPRESENTATION_CONTEXT(2) 
PARAMETRIC_REPRESENTATION_CONTEXT() REPRESENTATION_CONTEXT('2D SPACE',''
  ) );
#6625 = PCURVE('',#6626,#6631);
#6626 = PLANE('',#6627);
#6627 = AXIS2_PLACEMENT_3D('',#6628,#6629,#6630);
#6628 = CARTESIAN_POINT('',(-6.4,56.8,16.1));
#6629 = DIRECTION('',(0.,0.,1.));
#6630 = DIRECTION('',(1.,0.,0.));
#6631 = DEFINITIONAL_REPRESENTATION('',(#6632),#6636);
#6632 = LINE('',#6633,#6634);
#6633 = CARTESIAN_POINT('',(0.,0.));
#6634 = VECTOR('',#6635,1.);
#6635 = DIRECTION('',(0.,1.));
#6636 = ( GEOMETRIC_REPRESENTATION_CONTEXT(2) 
PARAMETRIC_REPRESENTATION_CONTEXT() REPRESENTATION_CONTEXT('2D SPACE',''
  ) );
#6637 = ORIENTED_EDGE('',*,*,#6638,.F.);
#6638 = EDGE_CURVE('',#6639,#6611,#6641,.T.);
#6639 = VERTEX_POINT('',#6640);
#6640 = CARTESIAN_POINT('',(-6.4,62.8,13.));
#6641 = SURFACE_CURVE('',#6642,(#6646,#6652),.PCURVE_S1.);
#6642 = LINE('',#6643,#6644);
#6643 = CARTESIAN_POINT('',(-6.4,62.8,7.5));
#6644 = VECTOR('',#6645,1.);
#6645 = DIRECTION('',(0.,0.,1.));
#6646 = PCURVE('',#4434,#6647);
#6647 = DEFINITIONAL_REPRESENTATION('',(#6648),#6651);
#6648 = B_SPLINE_CURVE_WITH_KNOTS('',1,(#6649,#6650),.UNSPECIFIED.,.F.,
  .F.,(2,2),(5.5,8.6),.PIECEWISE_BEZIER_KNOTS.);
#6649 = CARTESIAN_POINT('',(11.,-6.));
#6650 = CARTESIAN_POINT('',(14.1,-6.));
#6651 = ( GEOMETRIC_REPRESENTATION_CONTEXT(2) 
PARAMETRIC_REPRESENTATION_CONTEXT() REPRESENTATION_CONTEXT('2D SPACE',''
  ) );
#6652 = PCURVE('',#6653,#6658);
#6653 = PLANE('',#6654);
#6654 = AXIS2_PLACEMENT_3D('',#6655,#6656,#6657);
#6655 = CARTESIAN_POINT('',(-77.,62.8,13.));
#6656 = DIRECTION('',(0.,1.,0.));
#6657 = DIRECTION('',(0.,0.,1.));
#6658 = DEFINITIONAL_REPRESENTATION('',(#6659),#6662);
#6659 = B_SPLINE_CURVE_WITH_KNOTS('',1,(#6660,#6661),.UNSPECIFIED.,.F.,
  .F.,(2,2),(5.5,8.6),.PIECEWISE_BEZIER_KNOTS.);
#6660 = CARTESIAN_POINT('',(0.,70.6));
#6661 = CARTESIAN_POINT('',(3.1,70.6));
#6662 = ( GEOMETRIC_REPRESENTATION_CONTEXT(2) 
PARAMETRIC_REPRESENTATION_CONTEXT() REPRESENTATION_CONTEXT('2D SPACE',''
  ) );
#6663 = ORIENTED_EDGE('',*,*,#6664,.T.);
#6664 = EDGE_CURVE('',#6639,#6564,#6665,.T.);
#6665 = SURFACE_CURVE('',#6666,(#6670,#6676),.PCURVE_S1.);
#6666 = LINE('',#6667,#6668);
#6667 = CARTESIAN_POINT('',(-6.4,-3.,13.));
#6668 = VECTOR('',#6669,1.);
#6669 = DIRECTION('',(0.,-1.,0.));
#6670 = PCURVE('',#4434,#6671);
#6671 = DEFINITIONAL_REPRESENTATION('',(#6672),#6675);
#6672 = B_SPLINE_CURVE_WITH_KNOTS('',1,(#6673,#6674),.UNSPECIFIED.,.F.,
  .F.,(2,2),(-65.8,-59.8),.PIECEWISE_BEZIER_KNOTS.);
#6673 = CARTESIAN_POINT('',(11.,-6.));
#6674 = CARTESIAN_POINT('',(11.,0.));
#6675 = ( GEOMETRIC_REPRESENTATION_CONTEXT(2) 
PARAMETRIC_REPRESENTATION_CONTEXT() REPRESENTATION_CONTEXT('2D SPACE',''
  ) );
#6676 = PCURVE('',#6677,#6682);
#6677 = PLANE('',#6678);
#6678 = AXIS2_PLACEMENT_3D('',#6679,#6680,#6681);
#6679 = CARTESIAN_POINT('',(-77.,-62.8,13.));
#6680 = DIRECTION('',(0.,0.,1.));
#6681 = DIRECTION('',(1.,0.,0.));
#6682 = DEFINITIONAL_REPRESENTATION('',(#6683),#6686);
#6683 = B_SPLINE_CURVE_WITH_KNOTS('',1,(#6684,#6685),.UNSPECIFIED.,.F.,
  .F.,(2,2),(-65.8,-59.8),.PIECEWISE_BEZIER_KNOTS.);
#6684 = CARTESIAN_POINT('',(70.6,125.6));
#6685 = CARTESIAN_POINT('',(70.6,119.6));
#6686 = ( GEOMETRIC_REPRESENTATION_CONTEXT(2) 
PARAMETRIC_REPRESENTATION_CONTEXT() REPRESENTATION_CONTEXT('2D SPACE',''
  ) );
#6687 = ADVANCED_FACE('',(#6688),#4462,.T.);
#6688 = FACE_BOUND('',#6689,.T.);
#6689 = EDGE_LOOP('',(#6690,#6691,#6692,#6715));
#6690 = ORIENTED_EDGE('',*,*,#4446,.F.);
#6691 = ORIENTED_EDGE('',*,*,#6587,.T.);
#6692 = ORIENTED_EDGE('',*,*,#6693,.T.);
#6693 = EDGE_CURVE('',#6588,#6694,#6696,.T.);
#6694 = VERTEX_POINT('',#6695);
#6695 = CARTESIAN_POINT('',(1.6,64.8,16.1));
#6696 = SURFACE_CURVE('',#6697,(#6701,#6708),.PCURVE_S1.);
#6697 = LINE('',#6698,#6699);
#6698 = CARTESIAN_POINT('',(-6.4,64.8,16.1));
#6699 = VECTOR('',#6700,1.);
#6700 = DIRECTION('',(1.,0.,0.));
#6701 = PCURVE('',#4462,#6702);
#6702 = DEFINITIONAL_REPRESENTATION('',(#6703),#6707);
#6703 = LINE('',#6704,#6705);
#6704 = CARTESIAN_POINT('',(14.1,0.));
#6705 = VECTOR('',#6706,1.);
#6706 = DIRECTION('',(0.,1.));
#6707 = ( GEOMETRIC_REPRESENTATION_CONTEXT(2) 
PARAMETRIC_REPRESENTATION_CONTEXT() REPRESENTATION_CONTEXT('2D SPACE',''
  ) );
#6708 = PCURVE('',#6626,#6709);
#6709 = DEFINITIONAL_REPRESENTATION('',(#6710),#6714);
#6710 = LINE('',#6711,#6712);
#6711 = CARTESIAN_POINT('',(0.,8.));
#6712 = VECTOR('',#6713,1.);
#6713 = DIRECTION('',(1.,0.));
#6714 = ( GEOMETRIC_REPRESENTATION_CONTEXT(2) 
PARAMETRIC_REPRESENTATION_CONTEXT() REPRESENTATION_CONTEXT('2D SPACE',''
  ) );
#6715 = ORIENTED_EDGE('',*,*,#6716,.F.);
#6716 = EDGE_CURVE('',#4447,#6694,#6717,.T.);
#6717 = SURFACE_CURVE('',#6718,(#6722,#6729),.PCURVE_S1.);
#6718 = LINE('',#6719,#6720);
#6719 = CARTESIAN_POINT('',(1.6,64.8,2.));
#6720 = VECTOR('',#6721,1.);
#6721 = DIRECTION('',(0.,0.,1.));
#6722 = PCURVE('',#4462,#6723);
#6723 = DEFINITIONAL_REPRESENTATION('',(#6724),#6728);
#6724 = LINE('',#6725,#6726);
#6725 = CARTESIAN_POINT('',(0.,8.));
#6726 = VECTOR('',#6727,1.);
#6727 = DIRECTION('',(1.,0.));
#6728 = ( GEOMETRIC_REPRESENTATION_CONTEXT(2) 
PARAMETRIC_REPRESENTATION_CONTEXT() REPRESENTATION_CONTEXT('2D SPACE',''
  ) );
#6729 = PCURVE('',#4490,#6730);
#6730 = DEFINITIONAL_REPRESENTATION('',(#6731),#6735);
#6731 = LINE('',#6732,#6733);
#6732 = CARTESIAN_POINT('',(0.,-8.));
#6733 = VECTOR('',#6734,1.);
#6734 = DIRECTION('',(1.,0.));
#6735 = ( GEOMETRIC_REPRESENTATION_CONTEXT(2) 
PARAMETRIC_REPRESENTATION_CONTEXT() REPRESENTATION_CONTEXT('2D SPACE',''
  ) );
#6736 = ADVANCED_FACE('',(#6737),#4516,.F.);
#6737 = FACE_BOUND('',#6738,.F.);
#6738 = EDGE_LOOP('',(#6739,#6762,#6763,#6764,#6785,#6811));
#6739 = ORIENTED_EDGE('',*,*,#6740,.F.);
#6740 = EDGE_CURVE('',#4475,#6741,#6743,.T.);
#6741 = VERTEX_POINT('',#6742);
#6742 = CARTESIAN_POINT('',(1.6,56.8,16.1));
#6743 = SURFACE_CURVE('',#6744,(#6748,#6755),.PCURVE_S1.);
#6744 = LINE('',#6745,#6746);
#6745 = CARTESIAN_POINT('',(1.6,56.8,2.));
#6746 = VECTOR('',#6747,1.);
#6747 = DIRECTION('',(0.,0.,1.));
#6748 = PCURVE('',#4516,#6749);
#6749 = DEFINITIONAL_REPRESENTATION('',(#6750),#6754);
#6750 = LINE('',#6751,#6752);
#6751 = CARTESIAN_POINT('',(0.,8.));
#6752 = VECTOR('',#6753,1.);
#6753 = DIRECTION('',(1.,0.));
#6754 = ( GEOMETRIC_REPRESENTATION_CONTEXT(2) 
PARAMETRIC_REPRESENTATION_CONTEXT() REPRESENTATION_CONTEXT('2D SPACE',''
  ) );
#6755 = PCURVE('',#4490,#6756);
#6756 = DEFINITIONAL_REPRESENTATION('',(#6757),#6761);
#6757 = LINE('',#6758,#6759);
#6758 = CARTESIAN_POINT('',(0.,0.));
#6759 = VECTOR('',#6760,1.);
#6760 = DIRECTION('',(1.,0.));
#6761 = ( GEOMETRIC_REPRESENTATION_CONTEXT(2) 
PARAMETRIC_REPRESENTATION_CONTEXT() REPRESENTATION_CONTEXT('2D SPACE',''
  ) );
#6762 = ORIENTED_EDGE('',*,*,#4502,.F.);
#6763 = ORIENTED_EDGE('',*,*,#6563,.T.);
#6764 = ORIENTED_EDGE('',*,*,#6765,.T.);
#6765 = EDGE_CURVE('',#6564,#6766,#6768,.T.);
#6766 = VERTEX_POINT('',#6767);
#6767 = CARTESIAN_POINT('',(-0.4,56.8,13.));
#6768 = SURFACE_CURVE('',#6769,(#6773,#6779),.PCURVE_S1.);
#6769 = LINE('',#6770,#6771);
#6770 = CARTESIAN_POINT('',(-41.7,56.8,13.));
#6771 = VECTOR('',#6772,1.);
#6772 = DIRECTION('',(1.,0.,0.));
#6773 = PCURVE('',#4516,#6774);
#6774 = DEFINITIONAL_REPRESENTATION('',(#6775),#6778);
#6775 = B_SPLINE_CURVE_WITH_KNOTS('',1,(#6776,#6777),.UNSPECIFIED.,.F.,
  .F.,(2,2),(35.3,41.3),.PIECEWISE_BEZIER_KNOTS.);
#6776 = CARTESIAN_POINT('',(11.,0.));
#6777 = CARTESIAN_POINT('',(11.,6.));
#6778 = ( GEOMETRIC_REPRESENTATION_CONTEXT(2) 
PARAMETRIC_REPRESENTATION_CONTEXT() REPRESENTATION_CONTEXT('2D SPACE',''
  ) );
#6779 = PCURVE('',#6677,#6780);
#6780 = DEFINITIONAL_REPRESENTATION('',(#6781),#6784);
#6781 = B_SPLINE_CURVE_WITH_KNOTS('',1,(#6782,#6783),.UNSPECIFIED.,.F.,
  .F.,(2,2),(35.3,41.3),.PIECEWISE_BEZIER_KNOTS.);
#6782 = CARTESIAN_POINT('',(70.6,119.6));
#6783 = CARTESIAN_POINT('',(76.6,119.6));
#6784 = ( GEOMETRIC_REPRESENTATION_CONTEXT(2) 
PARAMETRIC_REPRESENTATION_CONTEXT() REPRESENTATION_CONTEXT('2D SPACE',''
  ) );
#6785 = ORIENTED_EDGE('',*,*,#6786,.F.);
#6786 = EDGE_CURVE('',#6787,#6766,#6789,.T.);
#6787 = VERTEX_POINT('',#6788);
#6788 = CARTESIAN_POINT('',(-0.4,56.8,16.1));
#6789 = SURFACE_CURVE('',#6790,(#6794,#6800),.PCURVE_S1.);
#6790 = LINE('',#6791,#6792);
#6791 = CARTESIAN_POINT('',(-0.4,56.8,7.5));
#6792 = VECTOR('',#6793,1.);
#6793 = DIRECTION('',(0.,0.,-1.));
#6794 = PCURVE('',#4516,#6795);
#6795 = DEFINITIONAL_REPRESENTATION('',(#6796),#6799);
#6796 = B_SPLINE_CURVE_WITH_KNOTS('',1,(#6797,#6798),.UNSPECIFIED.,.F.,
  .F.,(2,2),(-8.6,-5.5),.PIECEWISE_BEZIER_KNOTS.);
#6797 = CARTESIAN_POINT('',(14.1,6.));
#6798 = CARTESIAN_POINT('',(11.,6.));
#6799 = ( GEOMETRIC_REPRESENTATION_CONTEXT(2) 
PARAMETRIC_REPRESENTATION_CONTEXT() REPRESENTATION_CONTEXT('2D SPACE',''
  ) );
#6800 = PCURVE('',#6801,#6806);
#6801 = PLANE('',#6802);
#6802 = AXIS2_PLACEMENT_3D('',#6803,#6804,#6805);
#6803 = CARTESIAN_POINT('',(-0.4,-62.8,13.));
#6804 = DIRECTION('',(1.,0.,0.));
#6805 = DIRECTION('',(0.,0.,1.));
#6806 = DEFINITIONAL_REPRESENTATION('',(#6807),#6810);
#6807 = B_SPLINE_CURVE_WITH_KNOTS('',1,(#6808,#6809),.UNSPECIFIED.,.F.,
  .F.,(2,2),(-8.6,-5.5),.PIECEWISE_BEZIER_KNOTS.);
#6808 = CARTESIAN_POINT('',(3.1,-119.6));
#6809 = CARTESIAN_POINT('',(0.,-119.6));
#6810 = ( GEOMETRIC_REPRESENTATION_CONTEXT(2) 
PARAMETRIC_REPRESENTATION_CONTEXT() REPRESENTATION_CONTEXT('2D SPACE',''
  ) );
#6811 = ORIENTED_EDGE('',*,*,#6812,.T.);
#6812 = EDGE_CURVE('',#6787,#6741,#6813,.T.);
#6813 = SURFACE_CURVE('',#6814,(#6818,#6825),.PCURVE_S1.);
#6814 = LINE('',#6815,#6816);
#6815 = CARTESIAN_POINT('',(-6.4,56.8,16.1));
#6816 = VECTOR('',#6817,1.);
#6817 = DIRECTION('',(1.,0.,0.));
#6818 = PCURVE('',#4516,#6819);
#6819 = DEFINITIONAL_REPRESENTATION('',(#6820),#6824);
#6820 = LINE('',#6821,#6822);
#6821 = CARTESIAN_POINT('',(14.1,0.));
#6822 = VECTOR('',#6823,1.);
#6823 = DIRECTION('',(0.,1.));
#6824 = ( GEOMETRIC_REPRESENTATION_CONTEXT(2) 
PARAMETRIC_REPRESENTATION_CONTEXT() REPRESENTATION_CONTEXT('2D SPACE',''
  ) );
#6825 = PCURVE('',#6626,#6826);
#6826 = DEFINITIONAL_REPRESENTATION('',(#6827),#6831);
#6827 = LINE('',#6828,#6829);
#6828 = CARTESIAN_POINT('',(0.,0.));
#6829 = VECTOR('',#6830,1.);
#6830 = DIRECTION('',(1.,0.));
#6831 = ( GEOMETRIC_REPRESENTATION_CONTEXT(2) 
PARAMETRIC_REPRESENTATION_CONTEXT() REPRESENTATION_CONTEXT('2D SPACE',''
  ) );
#6832 = ADVANCED_FACE('',(#6833),#4490,.T.);
#6833 = FACE_BOUND('',#6834,.T.);
#6834 = EDGE_LOOP('',(#6835,#6836,#6837,#6838));
#6835 = ORIENTED_EDGE('',*,*,#6740,.F.);
#6836 = ORIENTED_EDGE('',*,*,#4474,.T.);
#6837 = ORIENTED_EDGE('',*,*,#6716,.T.);
#6838 = ORIENTED_EDGE('',*,*,#6839,.F.);
#6839 = EDGE_CURVE('',#6741,#6694,#6840,.T.);
#6840 = SURFACE_CURVE('',#6841,(#6845,#6852),.PCURVE_S1.);
#6841 = LINE('',#6842,#6843);
#6842 = CARTESIAN_POINT('',(1.6,56.8,16.1));
#6843 = VECTOR('',#6844,1.);
#6844 = DIRECTION('',(0.,1.,0.));
#6845 = PCURVE('',#4490,#6846);
#6846 = DEFINITIONAL_REPRESENTATION('',(#6847),#6851);
#6847 = LINE('',#6848,#6849);
#6848 = CARTESIAN_POINT('',(14.1,0.));
#6849 = VECTOR('',#6850,1.);
#6850 = DIRECTION('',(0.,-1.));
#6851 = ( GEOMETRIC_REPRESENTATION_CONTEXT(2) 
PARAMETRIC_REPRESENTATION_CONTEXT() REPRESENTATION_CONTEXT('2D SPACE',''
  ) );
#6852 = PCURVE('',#6626,#6853);
#6853 = DEFINITIONAL_REPRESENTATION('',(#6854),#6858);
#6854 = LINE('',#6855,#6856);
#6855 = CARTESIAN_POINT('',(8.,0.));
#6856 = VECTOR('',#6857,1.);
#6857 = DIRECTION('',(0.,1.));
#6858 = ( GEOMETRIC_REPRESENTATION_CONTEXT(2) 
PARAMETRIC_REPRESENTATION_CONTEXT() REPRESENTATION_CONTEXT('2D SPACE',''
  ) );
#6859 = ADVANCED_FACE('',(#6860),#4547,.T.);
#6860 = FACE_BOUND('',#6861,.F.);
#6861 = EDGE_LOOP('',(#6862,#6885,#6912,#6913));
#6862 = ORIENTED_EDGE('',*,*,#6863,.T.);
#6863 = EDGE_CURVE('',#4531,#6864,#6866,.T.);
#6864 = VERTEX_POINT('',#6865);
#6865 = CARTESIAN_POINT('',(9.5,13.5,8.));
#6866 = SEAM_CURVE('',#6867,(#6871,#6878),.PCURVE_S1.);
#6867 = LINE('',#6868,#6869);
#6868 = CARTESIAN_POINT('',(9.5,13.5,2.));
#6869 = VECTOR('',#6870,1.);
#6870 = DIRECTION('',(0.,0.,1.));
#6871 = PCURVE('',#4547,#6872);
#6872 = DEFINITIONAL_REPRESENTATION('',(#6873),#6877);
#6873 = LINE('',#6874,#6875);
#6874 = CARTESIAN_POINT('',(-0.,0.));
#6875 = VECTOR('',#6876,1.);
#6876 = DIRECTION('',(-0.,-1.));
#6877 = ( GEOMETRIC_REPRESENTATION_CONTEXT(2) 
PARAMETRIC_REPRESENTATION_CONTEXT() REPRESENTATION_CONTEXT('2D SPACE',''
  ) );
#6878 = PCURVE('',#4547,#6879);
#6879 = DEFINITIONAL_REPRESENTATION('',(#6880),#6884);
#6880 = LINE('',#6881,#6882);
#6881 = CARTESIAN_POINT('',(-6.28318530718,0.));
#6882 = VECTOR('',#6883,1.);
#6883 = DIRECTION('',(-0.,-1.));
#6884 = ( GEOMETRIC_REPRESENTATION_CONTEXT(2) 
PARAMETRIC_REPRESENTATION_CONTEXT() REPRESENTATION_CONTEXT('2D SPACE',''
  ) );
#6885 = ORIENTED_EDGE('',*,*,#6886,.T.);
#6886 = EDGE_CURVE('',#6864,#6864,#6887,.T.);
#6887 = SURFACE_CURVE('',#6888,(#6893,#6900),.PCURVE_S1.);
#6888 = CIRCLE('',#6889,3.);
#6889 = AXIS2_PLACEMENT_3D('',#6890,#6891,#6892);
#6890 = CARTESIAN_POINT('',(6.5,13.5,8.));
#6891 = DIRECTION('',(0.,0.,1.));
#6892 = DIRECTION('',(1.,0.,0.));
#6893 = PCURVE('',#4547,#6894);
#6894 = DEFINITIONAL_REPRESENTATION('',(#6895),#6899);
#6895 = LINE('',#6896,#6897);
#6896 = CARTESIAN_POINT('',(-0.,-6.));
#6897 = VECTOR('',#6898,1.);
#6898 = DIRECTION('',(-1.,0.));
#6899 = ( GEOMETRIC_REPRESENTATION_CONTEXT(2) 
PARAMETRIC_REPRESENTATION_CONTEXT() REPRESENTATION_CONTEXT('2D SPACE',''
  ) );
#6900 = PCURVE('',#6901,#6906);
#6901 = PLANE('',#6902);
#6902 = AXIS2_PLACEMENT_3D('',#6903,#6904,#6905);
#6903 = CARTESIAN_POINT('',(6.5,13.5,8.));
#6904 = DIRECTION('',(0.,0.,1.));
#6905 = DIRECTION('',(1.,0.,-0.));
#6906 = DEFINITIONAL_REPRESENTATION('',(#6907),#6911);
#6907 = CIRCLE('',#6908,3.);
#6908 = AXIS2_PLACEMENT_2D('',#6909,#6910);
#6909 = CARTESIAN_POINT('',(0.,0.));
#6910 = DIRECTION('',(1.,0.));
#6911 = ( GEOMETRIC_REPRESENTATION_CONTEXT(2) 
PARAMETRIC_REPRESENTATION_CONTEXT() REPRESENTATION_CONTEXT('2D SPACE',''
  ) );
#6912 = ORIENTED_EDGE('',*,*,#6863,.F.);
#6913 = ORIENTED_EDGE('',*,*,#4530,.F.);
#6914 = ADVANCED_FACE('',(#6915),#4578,.T.);
#6915 = FACE_BOUND('',#6916,.F.);
#6916 = EDGE_LOOP('',(#6917,#6940,#6967,#6968));
#6917 = ORIENTED_EDGE('',*,*,#6918,.T.);
#6918 = EDGE_CURVE('',#4562,#6919,#6921,.T.);
#6919 = VERTEX_POINT('',#6920);
#6920 = CARTESIAN_POINT('',(58.5,13.5,8.));
#6921 = SEAM_CURVE('',#6922,(#6926,#6933),.PCURVE_S1.);
#6922 = LINE('',#6923,#6924);
#6923 = CARTESIAN_POINT('',(58.5,13.5,2.));
#6924 = VECTOR('',#6925,1.);
#6925 = DIRECTION('',(0.,0.,1.));
#6926 = PCURVE('',#4578,#6927);
#6927 = DEFINITIONAL_REPRESENTATION('',(#6928),#6932);
#6928 = LINE('',#6929,#6930);
#6929 = CARTESIAN_POINT('',(-0.,0.));
#6930 = VECTOR('',#6931,1.);
#6931 = DIRECTION('',(-0.,-1.));
#6932 = ( GEOMETRIC_REPRESENTATION_CONTEXT(2) 
PARAMETRIC_REPRESENTATION_CONTEXT() REPRESENTATION_CONTEXT('2D SPACE',''
  ) );
#6933 = PCURVE('',#4578,#6934);
#6934 = DEFINITIONAL_REPRESENTATION('',(#6935),#6939);
#6935 = LINE('',#6936,#6937);
#6936 = CARTESIAN_POINT('',(-6.28318530718,0.));
#6937 = VECTOR('',#6938,1.);
#6938 = DIRECTION('',(-0.,-1.));
#6939 = ( GEOMETRIC_REPRESENTATION_CONTEXT(2) 
PARAMETRIC_REPRESENTATION_CONTEXT() REPRESENTATION_CONTEXT('2D SPACE',''
  ) );
#6940 = ORIENTED_EDGE('',*,*,#6941,.T.);
#6941 = EDGE_CURVE('',#6919,#6919,#6942,.T.);
#6942 = SURFACE_CURVE('',#6943,(#6948,#6955),.PCURVE_S1.);
#6943 = CIRCLE('',#6944,3.);
#6944 = AXIS2_PLACEMENT_3D('',#6945,#6946,#6947);
#6945 = CARTESIAN_POINT('',(55.5,13.5,8.));
#6946 = DIRECTION('',(0.,0.,1.));
#6947 = DIRECTION('',(1.,0.,0.));
#6948 = PCURVE('',#4578,#6949);
#6949 = DEFINITIONAL_REPRESENTATION('',(#6950),#6954);
#6950 = LINE('',#6951,#6952);
#6951 = CARTESIAN_POINT('',(-0.,-6.));
#6952 = VECTOR('',#6953,1.);
#6953 = DIRECTION('',(-1.,0.));
#6954 = ( GEOMETRIC_REPRESENTATION_CONTEXT(2) 
PARAMETRIC_REPRESENTATION_CONTEXT() REPRESENTATION_CONTEXT('2D SPACE',''
  ) );
#6955 = PCURVE('',#6956,#6961);
#6956 = PLANE('',#6957);
#6957 = AXIS2_PLACEMENT_3D('',#6958,#6959,#6960);
#6958 = CARTESIAN_POINT('',(55.5,13.5,8.));
#6959 = DIRECTION('',(0.,0.,1.));
#6960 = DIRECTION('',(1.,0.,-0.));
#6961 = DEFINITIONAL_REPRESENTATION('',(#6962),#6966);
#6962 = CIRCLE('',#6963,3.);
#6963 = AXIS2_PLACEMENT_2D('',#6964,#6965);
#6964 = CARTESIAN_POINT('',(0.,0.));
#6965 = DIRECTION('',(1.,0.));
#6966 = ( GEOMETRIC_REPRESENTATION_CONTEXT(2) 
PARAMETRIC_REPRESENTATION_CONTEXT() REPRESENTATION_CONTEXT('2D SPACE',''
  ) );
#6967 = ORIENTED_EDGE('',*,*,#6918,.F.);
#6968 = ORIENTED_EDGE('',*,*,#4561,.F.);
#6969 = ADVANCED_FACE('',(#6970),#4620,.F.);
#6970 = FACE_BOUND('',#6971,.F.);
#6971 = EDGE_LOOP('',(#6972,#6995,#6996,#7019));
#6972 = ORIENTED_EDGE('',*,*,#6973,.F.);
#6973 = EDGE_CURVE('',#4603,#6974,#6976,.T.);
#6974 = VERTEX_POINT('',#6975);
#6975 = CARTESIAN_POINT('',(-16.75,67.75,10.));
#6976 = SURFACE_CURVE('',#6977,(#6981,#6988),.PCURVE_S1.);
#6977 = LINE('',#6978,#6979);
#6978 = CARTESIAN_POINT('',(-16.75,67.75,2.));
#6979 = VECTOR('',#6980,1.);
#6980 = DIRECTION('',(0.,0.,1.));
#6981 = PCURVE('',#4620,#6982);
#6982 = DEFINITIONAL_REPRESENTATION('',(#6983),#6987);
#6983 = LINE('',#6984,#6985);
#6984 = CARTESIAN_POINT('',(0.,0.));
#6985 = VECTOR('',#6986,1.);
#6986 = DIRECTION('',(1.,0.));
#6987 = ( GEOMETRIC_REPRESENTATION_CONTEXT(2) 
PARAMETRIC_REPRESENTATION_CONTEXT() REPRESENTATION_CONTEXT('2D SPACE',''
  ) );
#6988 = PCURVE('',#4926,#6989);
#6989 = DEFINITIONAL_REPRESENTATION('',(#6990),#6994);
#6990 = LINE('',#6991,#6992);
#6991 = CARTESIAN_POINT('',(0.,0.));
#6992 = VECTOR('',#6993,1.);
#6993 = DIRECTION('',(1.,0.));
#6994 = ( GEOMETRIC_REPRESENTATION_CONTEXT(2) 
PARAMETRIC_REPRESENTATION_CONTEXT() REPRESENTATION_CONTEXT('2D SPACE',''
  ) );
#6995 = ORIENTED_EDGE('',*,*,#4602,.T.);
#6996 = ORIENTED_EDGE('',*,*,#6997,.T.);
#6997 = EDGE_CURVE('',#4605,#6998,#7000,.T.);
#6998 = VERTEX_POINT('',#6999);
#6999 = CARTESIAN_POINT('',(-16.75,101.25,10.));
#7000 = SURFACE_CURVE('',#7001,(#7005,#7012),.PCURVE_S1.);
#7001 = LINE('',#7002,#7003);
#7002 = CARTESIAN_POINT('',(-16.75,101.25,2.));
#7003 = VECTOR('',#7004,1.);
#7004 = DIRECTION('',(0.,0.,1.));
#7005 = PCURVE('',#4620,#7006);
#7006 = DEFINITIONAL_REPRESENTATION('',(#7007),#7011);
#7007 = LINE('',#7008,#7009);
#7008 = CARTESIAN_POINT('',(0.,-33.5));
#7009 = VECTOR('',#7010,1.);
#7010 = DIRECTION('',(1.,0.));
#7011 = ( GEOMETRIC_REPRESENTATION_CONTEXT(2) 
PARAMETRIC_REPRESENTATION_CONTEXT() REPRESENTATION_CONTEXT('2D SPACE',''
  ) );
#7012 = PCURVE('',#4648,#7013);
#7013 = DEFINITIONAL_REPRESENTATION('',(#7014),#7018);
#7014 = LINE('',#7015,#7016);
#7015 = CARTESIAN_POINT('',(0.,0.));
#7016 = VECTOR('',#7017,1.);
#7017 = DIRECTION('',(1.,0.));
#7018 = ( GEOMETRIC_REPRESENTATION_CONTEXT(2) 
PARAMETRIC_REPRESENTATION_CONTEXT() REPRESENTATION_CONTEXT('2D SPACE',''
  ) );
#7019 = ORIENTED_EDGE('',*,*,#7020,.F.);
#7020 = EDGE_CURVE('',#6974,#6998,#7021,.T.);
#7021 = SURFACE_CURVE('',#7022,(#7026,#7033),.PCURVE_S1.);
#7022 = LINE('',#7023,#7024);
#7023 = CARTESIAN_POINT('',(-16.75,67.75,10.));
#7024 = VECTOR('',#7025,1.);
#7025 = DIRECTION('',(0.,1.,0.));
#7026 = PCURVE('',#4620,#7027);
#7027 = DEFINITIONAL_REPRESENTATION('',(#7028),#7032);
#7028 = LINE('',#7029,#7030);
#7029 = CARTESIAN_POINT('',(8.,0.));
#7030 = VECTOR('',#7031,1.);
#7031 = DIRECTION('',(0.,-1.));
#7032 = ( GEOMETRIC_REPRESENTATION_CONTEXT(2) 
PARAMETRIC_REPRESENTATION_CONTEXT() REPRESENTATION_CONTEXT('2D SPACE',''
  ) );
#7033 = PCURVE('',#7034,#7039);
#7034 = PLANE('',#7035);
#7035 = AXIS2_PLACEMENT_3D('',#7036,#7037,#7038);
#7036 = CARTESIAN_POINT('',(-16.75,67.75,10.));
#7037 = DIRECTION('',(0.,0.,1.));
#7038 = DIRECTION('',(1.,0.,0.));
#7039 = DEFINITIONAL_REPRESENTATION('',(#7040),#7044);
#7040 = LINE('',#7041,#7042);
#7041 = CARTESIAN_POINT('',(0.,0.));
#7042 = VECTOR('',#7043,1.);
#7043 = DIRECTION('',(0.,1.));
#7044 = ( GEOMETRIC_REPRESENTATION_CONTEXT(2) 
PARAMETRIC_REPRESENTATION_CONTEXT() REPRESENTATION_CONTEXT('2D SPACE',''
  ) );
#7045 = ADVANCED_FACE('',(#7046),#4648,.T.);
#7046 = FACE_BOUND('',#7047,.T.);
#7047 = EDGE_LOOP('',(#7048,#7049,#7050,#7073));
#7048 = ORIENTED_EDGE('',*,*,#4632,.F.);
#7049 = ORIENTED_EDGE('',*,*,#6997,.T.);
#7050 = ORIENTED_EDGE('',*,*,#7051,.T.);
#7051 = EDGE_CURVE('',#6998,#7052,#7054,.T.);
#7052 = VERTEX_POINT('',#7053);
#7053 = CARTESIAN_POINT('',(16.75,101.25,10.));
#7054 = SURFACE_CURVE('',#7055,(#7059,#7066),.PCURVE_S1.);
#7055 = LINE('',#7056,#7057);
#7056 = CARTESIAN_POINT('',(-16.75,101.25,10.));
#7057 = VECTOR('',#7058,1.);
#7058 = DIRECTION('',(1.,0.,0.));
#7059 = PCURVE('',#4648,#7060);
#7060 = DEFINITIONAL_REPRESENTATION('',(#7061),#7065);
#7061 = LINE('',#7062,#7063);
#7062 = CARTESIAN_POINT('',(8.,0.));
#7063 = VECTOR('',#7064,1.);
#7064 = DIRECTION('',(0.,1.));
#7065 = ( GEOMETRIC_REPRESENTATION_CONTEXT(2) 
PARAMETRIC_REPRESENTATION_CONTEXT() REPRESENTATION_CONTEXT('2D SPACE',''
  ) );
#7066 = PCURVE('',#7034,#7067);
#7067 = DEFINITIONAL_REPRESENTATION('',(#7068),#7072);
#7068 = LINE('',#7069,#7070);
#7069 = CARTESIAN_POINT('',(0.,33.5));
#7070 = VECTOR('',#7071,1.);
#7071 = DIRECTION('',(1.,0.));
#7072 = ( GEOMETRIC_REPRESENTATION_CONTEXT(2) 
PARAMETRIC_REPRESENTATION_CONTEXT() REPRESENTATION_CONTEXT('2D SPACE',''
  ) );
#7073 = ORIENTED_EDGE('',*,*,#7074,.F.);
#7074 = EDGE_CURVE('',#4633,#7052,#7075,.T.);
#7075 = SURFACE_CURVE('',#7076,(#7080,#7087),.PCURVE_S1.);
#7076 = LINE('',#7077,#7078);
#7077 = CARTESIAN_POINT('',(16.75,101.25,2.));
#7078 = VECTOR('',#7079,1.);
#7079 = DIRECTION('',(0.,0.,1.));
#7080 = PCURVE('',#4648,#7081);
#7081 = DEFINITIONAL_REPRESENTATION('',(#7082),#7086);
#7082 = LINE('',#7083,#7084);
#7083 = CARTESIAN_POINT('',(0.,33.5));
#7084 = VECTOR('',#7085,1.);
#7085 = DIRECTION('',(1.,0.));
#7086 = ( GEOMETRIC_REPRESENTATION_CONTEXT(2) 
PARAMETRIC_REPRESENTATION_CONTEXT() REPRESENTATION_CONTEXT('2D SPACE',''
  ) );
#7087 = PCURVE('',#4676,#7088);
#7088 = DEFINITIONAL_REPRESENTATION('',(#7089),#7093);
#7089 = LINE('',#7090,#7091);
#7090 = CARTESIAN_POINT('',(0.,-33.5));
#7091 = VECTOR('',#7092,1.);
#7092 = DIRECTION('',(1.,0.));
#7093 = ( GEOMETRIC_REPRESENTATION_CONTEXT(2) 
PARAMETRIC_REPRESENTATION_CONTEXT() REPRESENTATION_CONTEXT('2D SPACE',''
  ) );
#7094 = ADVANCED_FACE('',(#7095),#4926,.F.);
#7095 = FACE_BOUND('',#7096,.F.);
#7096 = EDGE_LOOP('',(#7097,#7098,#7099,#7122));
#7097 = ORIENTED_EDGE('',*,*,#4912,.F.);
#7098 = ORIENTED_EDGE('',*,*,#6973,.T.);
#7099 = ORIENTED_EDGE('',*,*,#7100,.T.);
#7100 = EDGE_CURVE('',#6974,#7101,#7103,.T.);
#7101 = VERTEX_POINT('',#7102);
#7102 = CARTESIAN_POINT('',(8.65,67.75,10.));
#7103 = SURFACE_CURVE('',#7104,(#7108,#7115),.PCURVE_S1.);
#7104 = LINE('',#7105,#7106);
#7105 = CARTESIAN_POINT('',(-16.75,67.75,10.));
#7106 = VECTOR('',#7107,1.);
#7107 = DIRECTION('',(1.,0.,0.));
#7108 = PCURVE('',#4926,#7109);
#7109 = DEFINITIONAL_REPRESENTATION('',(#7110),#7114);
#7110 = LINE('',#7111,#7112);
#7111 = CARTESIAN_POINT('',(8.,0.));
#7112 = VECTOR('',#7113,1.);
#7113 = DIRECTION('',(0.,1.));
#7114 = ( GEOMETRIC_REPRESENTATION_CONTEXT(2) 
PARAMETRIC_REPRESENTATION_CONTEXT() REPRESENTATION_CONTEXT('2D SPACE',''
  ) );
#7115 = PCURVE('',#7034,#7116);
#7116 = DEFINITIONAL_REPRESENTATION('',(#7117),#7121);
#7117 = LINE('',#7118,#7119);
#7118 = CARTESIAN_POINT('',(0.,0.));
#7119 = VECTOR('',#7120,1.);
#7120 = DIRECTION('',(1.,0.));
#7121 = ( GEOMETRIC_REPRESENTATION_CONTEXT(2) 
PARAMETRIC_REPRESENTATION_CONTEXT() REPRESENTATION_CONTEXT('2D SPACE',''
  ) );
#7122 = ORIENTED_EDGE('',*,*,#7123,.T.);
#7123 = EDGE_CURVE('',#7101,#4885,#7124,.T.);
#7124 = SURFACE_CURVE('',#7125,(#7129,#7135),.PCURVE_S1.);
#7125 = LINE('',#7126,#7127);
#7126 = CARTESIAN_POINT('',(8.65,67.75,2.));
#7127 = VECTOR('',#7128,1.);
#7128 = DIRECTION('',(0.,0.,-1.));
#7129 = PCURVE('',#4926,#7130);
#7130 = DEFINITIONAL_REPRESENTATION('',(#7131),#7134);
#7131 = B_SPLINE_CURVE_WITH_KNOTS('',1,(#7132,#7133),.UNSPECIFIED.,.F.,
  .F.,(2,2),(-8.,0.),.PIECEWISE_BEZIER_KNOTS.);
#7132 = CARTESIAN_POINT('',(8.,25.4));
#7133 = CARTESIAN_POINT('',(0.,25.4));
#7134 = ( GEOMETRIC_REPRESENTATION_CONTEXT(2) 
PARAMETRIC_REPRESENTATION_CONTEXT() REPRESENTATION_CONTEXT('2D SPACE',''
  ) );
#7135 = PCURVE('',#4900,#7136);
#7136 = DEFINITIONAL_REPRESENTATION('',(#7137),#7140);
#7137 = B_SPLINE_CURVE_WITH_KNOTS('',1,(#7138,#7139),.UNSPECIFIED.,.F.,
  .F.,(2,2),(-8.,0.),.PIECEWISE_BEZIER_KNOTS.);
#7138 = CARTESIAN_POINT('',(8.,-1.4));
#7139 = CARTESIAN_POINT('',(0.,-1.4));
#7140 = ( GEOMETRIC_REPRESENTATION_CONTEXT(2) 
PARAMETRIC_REPRESENTATION_CONTEXT() REPRESENTATION_CONTEXT('2D SPACE',''
  ) );
#7141 = ADVANCED_FACE('',(#7142),#4676,.T.);
#7142 = FACE_BOUND('',#7143,.T.);
#7143 = EDGE_LOOP('',(#7144,#7167,#7168,#7169));
#7144 = ORIENTED_EDGE('',*,*,#7145,.F.);
#7145 = EDGE_CURVE('',#4661,#7146,#7148,.T.);
#7146 = VERTEX_POINT('',#7147);
#7147 = CARTESIAN_POINT('',(16.75,67.75,10.));
#7148 = SURFACE_CURVE('',#7149,(#7153,#7160),.PCURVE_S1.);
#7149 = LINE('',#7150,#7151);
#7150 = CARTESIAN_POINT('',(16.75,67.75,2.));
#7151 = VECTOR('',#7152,1.);
#7152 = DIRECTION('',(0.,0.,1.));
#7153 = PCURVE('',#4676,#7154);
#7154 = DEFINITIONAL_REPRESENTATION('',(#7155),#7159);
#7155 = LINE('',#7156,#7157);
#7156 = CARTESIAN_POINT('',(0.,0.));
#7157 = VECTOR('',#7158,1.);
#7158 = DIRECTION('',(1.,0.));
#7159 = ( GEOMETRIC_REPRESENTATION_CONTEXT(2) 
PARAMETRIC_REPRESENTATION_CONTEXT() REPRESENTATION_CONTEXT('2D SPACE',''
  ) );
#7160 = PCURVE('',#4704,#7161);
#7161 = DEFINITIONAL_REPRESENTATION('',(#7162),#7166);
#7162 = LINE('',#7163,#7164);
#7163 = CARTESIAN_POINT('',(0.,33.5));
#7164 = VECTOR('',#7165,1.);
#7165 = DIRECTION('',(1.,0.));
#7166 = ( GEOMETRIC_REPRESENTATION_CONTEXT(2) 
PARAMETRIC_REPRESENTATION_CONTEXT() REPRESENTATION_CONTEXT('2D SPACE',''
  ) );
#7167 = ORIENTED_EDGE('',*,*,#4660,.T.);
#7168 = ORIENTED_EDGE('',*,*,#7074,.T.);
#7169 = ORIENTED_EDGE('',*,*,#7170,.F.);
#7170 = EDGE_CURVE('',#7146,#7052,#7171,.T.);
#7171 = SURFACE_CURVE('',#7172,(#7176,#7183),.PCURVE_S1.);
#7172 = LINE('',#7173,#7174);
#7173 = CARTESIAN_POINT('',(16.75,67.75,10.));
#7174 = VECTOR('',#7175,1.);
#7175 = DIRECTION('',(0.,1.,0.));
#7176 = PCURVE('',#4676,#7177);
#7177 = DEFINITIONAL_REPRESENTATION('',(#7178),#7182);
#7178 = LINE('',#7179,#7180);
#7179 = CARTESIAN_POINT('',(8.,0.));
#7180 = VECTOR('',#7181,1.);
#7181 = DIRECTION('',(0.,-1.));
#7182 = ( GEOMETRIC_REPRESENTATION_CONTEXT(2) 
PARAMETRIC_REPRESENTATION_CONTEXT() REPRESENTATION_CONTEXT('2D SPACE',''
  ) );
#7183 = PCURVE('',#7034,#7184);
#7184 = DEFINITIONAL_REPRESENTATION('',(#7185),#7189);
#7185 = LINE('',#7186,#7187);
#7186 = CARTESIAN_POINT('',(33.5,0.));
#7187 = VECTOR('',#7188,1.);
#7188 = DIRECTION('',(0.,1.));
#7189 = ( GEOMETRIC_REPRESENTATION_CONTEXT(2) 
PARAMETRIC_REPRESENTATION_CONTEXT() REPRESENTATION_CONTEXT('2D SPACE',''
  ) );
#7190 = ADVANCED_FACE('',(#7191),#4900,.T.);
#7191 = FACE_BOUND('',#7192,.T.);
#7192 = EDGE_LOOP('',(#7193,#7194,#7195,#7216));
#7193 = ORIENTED_EDGE('',*,*,#7123,.T.);
#7194 = ORIENTED_EDGE('',*,*,#4884,.T.);
#7195 = ORIENTED_EDGE('',*,*,#7196,.F.);
#7196 = EDGE_CURVE('',#7197,#4857,#7199,.T.);
#7197 = VERTEX_POINT('',#7198);
#7198 = CARTESIAN_POINT('',(8.65,69.35,10.));
#7199 = SURFACE_CURVE('',#7200,(#7204,#7210),.PCURVE_S1.);
#7200 = LINE('',#7201,#7202);
#7201 = CARTESIAN_POINT('',(8.65,69.35,2.));
#7202 = VECTOR('',#7203,1.);
#7203 = DIRECTION('',(0.,0.,-1.));
#7204 = PCURVE('',#4900,#7205);
#7205 = DEFINITIONAL_REPRESENTATION('',(#7206),#7209);
#7206 = B_SPLINE_CURVE_WITH_KNOTS('',1,(#7207,#7208),.UNSPECIFIED.,.F.,
  .F.,(2,2),(-8.,0.),.PIECEWISE_BEZIER_KNOTS.);
#7207 = CARTESIAN_POINT('',(8.,-3.));
#7208 = CARTESIAN_POINT('',(0.,-3.));
#7209 = ( GEOMETRIC_REPRESENTATION_CONTEXT(2) 
PARAMETRIC_REPRESENTATION_CONTEXT() REPRESENTATION_CONTEXT('2D SPACE',''
  ) );
#7210 = PCURVE('',#4872,#7211);
#7211 = DEFINITIONAL_REPRESENTATION('',(#7212),#7215);
#7212 = B_SPLINE_CURVE_WITH_KNOTS('',1,(#7213,#7214),.UNSPECIFIED.,.F.,
  .F.,(2,2),(-8.,0.),.PIECEWISE_BEZIER_KNOTS.);
#7213 = CARTESIAN_POINT('',(8.,23.8));
#7214 = CARTESIAN_POINT('',(0.,23.8));
#7215 = ( GEOMETRIC_REPRESENTATION_CONTEXT(2) 
PARAMETRIC_REPRESENTATION_CONTEXT() REPRESENTATION_CONTEXT('2D SPACE',''
  ) );
#7216 = ORIENTED_EDGE('',*,*,#7217,.F.);
#7217 = EDGE_CURVE('',#7101,#7197,#7218,.T.);
#7218 = SURFACE_CURVE('',#7219,(#7223,#7229),.PCURVE_S1.);
#7219 = LINE('',#7220,#7221);
#7220 = CARTESIAN_POINT('',(8.65,67.05,10.));
#7221 = VECTOR('',#7222,1.);
#7222 = DIRECTION('',(0.,1.,0.));
#7223 = PCURVE('',#4900,#7224);
#7224 = DEFINITIONAL_REPRESENTATION('',(#7225),#7228);
#7225 = B_SPLINE_CURVE_WITH_KNOTS('',1,(#7226,#7227),.UNSPECIFIED.,.F.,
  .F.,(2,2),(0.7,3.3),.PIECEWISE_BEZIER_KNOTS.);
#7226 = CARTESIAN_POINT('',(8.,-1.4));
#7227 = CARTESIAN_POINT('',(8.,-4.));
#7228 = ( GEOMETRIC_REPRESENTATION_CONTEXT(2) 
PARAMETRIC_REPRESENTATION_CONTEXT() REPRESENTATION_CONTEXT('2D SPACE',''
  ) );
#7229 = PCURVE('',#7034,#7230);
#7230 = DEFINITIONAL_REPRESENTATION('',(#7231),#7234);
#7231 = B_SPLINE_CURVE_WITH_KNOTS('',1,(#7232,#7233),.UNSPECIFIED.,.F.,
  .F.,(2,2),(0.7,3.3),.PIECEWISE_BEZIER_KNOTS.);
#7232 = CARTESIAN_POINT('',(25.4,0.));
#7233 = CARTESIAN_POINT('',(25.4,2.6));
#7234 = ( GEOMETRIC_REPRESENTATION_CONTEXT(2) 
PARAMETRIC_REPRESENTATION_CONTEXT() REPRESENTATION_CONTEXT('2D SPACE',''
  ) );
#7235 = ADVANCED_FACE('',(#7236),#4704,.F.);
#7236 = FACE_BOUND('',#7237,.F.);
#7237 = EDGE_LOOP('',(#7238,#7239,#7260,#7281));
#7238 = ORIENTED_EDGE('',*,*,#4688,.F.);
#7239 = ORIENTED_EDGE('',*,*,#7240,.F.);
#7240 = EDGE_CURVE('',#7241,#4689,#7243,.T.);
#7241 = VERTEX_POINT('',#7242);
#7242 = CARTESIAN_POINT('',(13.15,67.75,10.));
#7243 = SURFACE_CURVE('',#7244,(#7248,#7254),.PCURVE_S1.);
#7244 = LINE('',#7245,#7246);
#7245 = CARTESIAN_POINT('',(13.15,67.75,2.));
#7246 = VECTOR('',#7247,1.);
#7247 = DIRECTION('',(0.,0.,-1.));
#7248 = PCURVE('',#4704,#7249);
#7249 = DEFINITIONAL_REPRESENTATION('',(#7250),#7253);
#7250 = B_SPLINE_CURVE_WITH_KNOTS('',1,(#7251,#7252),.UNSPECIFIED.,.F.,
  .F.,(2,2),(-8.,0.),.PIECEWISE_BEZIER_KNOTS.);
#7251 = CARTESIAN_POINT('',(8.,29.9));
#7252 = CARTESIAN_POINT('',(0.,29.9));
#7253 = ( GEOMETRIC_REPRESENTATION_CONTEXT(2) 
PARAMETRIC_REPRESENTATION_CONTEXT() REPRESENTATION_CONTEXT('2D SPACE',''
  ) );
#7254 = PCURVE('',#4732,#7255);
#7255 = DEFINITIONAL_REPRESENTATION('',(#7256),#7259);
#7256 = B_SPLINE_CURVE_WITH_KNOTS('',1,(#7257,#7258),.UNSPECIFIED.,.F.,
  .F.,(2,2),(-8.,0.),.PIECEWISE_BEZIER_KNOTS.);
#7257 = CARTESIAN_POINT('',(8.,-1.4));
#7258 = CARTESIAN_POINT('',(0.,-1.4));
#7259 = ( GEOMETRIC_REPRESENTATION_CONTEXT(2) 
PARAMETRIC_REPRESENTATION_CONTEXT() REPRESENTATION_CONTEXT('2D SPACE',''
  ) );
#7260 = ORIENTED_EDGE('',*,*,#7261,.T.);
#7261 = EDGE_CURVE('',#7241,#7146,#7262,.T.);
#7262 = SURFACE_CURVE('',#7263,(#7267,#7274),.PCURVE_S1.);
#7263 = LINE('',#7264,#7265);
#7264 = CARTESIAN_POINT('',(-16.75,67.75,10.));
#7265 = VECTOR('',#7266,1.);
#7266 = DIRECTION('',(1.,0.,0.));
#7267 = PCURVE('',#4704,#7268);
#7268 = DEFINITIONAL_REPRESENTATION('',(#7269),#7273);
#7269 = LINE('',#7270,#7271);
#7270 = CARTESIAN_POINT('',(8.,0.));
#7271 = VECTOR('',#7272,1.);
#7272 = DIRECTION('',(0.,1.));
#7273 = ( GEOMETRIC_REPRESENTATION_CONTEXT(2) 
PARAMETRIC_REPRESENTATION_CONTEXT() REPRESENTATION_CONTEXT('2D SPACE',''
  ) );
#7274 = PCURVE('',#7034,#7275);
#7275 = DEFINITIONAL_REPRESENTATION('',(#7276),#7280);
#7276 = LINE('',#7277,#7278);
#7277 = CARTESIAN_POINT('',(0.,0.));
#7278 = VECTOR('',#7279,1.);
#7279 = DIRECTION('',(1.,0.));
#7280 = ( GEOMETRIC_REPRESENTATION_CONTEXT(2) 
PARAMETRIC_REPRESENTATION_CONTEXT() REPRESENTATION_CONTEXT('2D SPACE',''
  ) );
#7281 = ORIENTED_EDGE('',*,*,#7145,.F.);
#7282 = ADVANCED_FACE('',(#7283),#4872,.T.);
#7283 = FACE_BOUND('',#7284,.T.);
#7284 = EDGE_LOOP('',(#7285,#7286,#7287,#7310));
#7285 = ORIENTED_EDGE('',*,*,#7196,.T.);
#7286 = ORIENTED_EDGE('',*,*,#4856,.F.);
#7287 = ORIENTED_EDGE('',*,*,#7288,.T.);
#7288 = EDGE_CURVE('',#4829,#7289,#7291,.T.);
#7289 = VERTEX_POINT('',#7290);
#7290 = CARTESIAN_POINT('',(-15.15,69.35,10.));
#7291 = SURFACE_CURVE('',#7292,(#7296,#7303),.PCURVE_S1.);
#7292 = LINE('',#7293,#7294);
#7293 = CARTESIAN_POINT('',(-15.15,69.35,2.));
#7294 = VECTOR('',#7295,1.);
#7295 = DIRECTION('',(0.,0.,1.));
#7296 = PCURVE('',#4872,#7297);
#7297 = DEFINITIONAL_REPRESENTATION('',(#7298),#7302);
#7298 = LINE('',#7299,#7300);
#7299 = CARTESIAN_POINT('',(0.,0.));
#7300 = VECTOR('',#7301,1.);
#7301 = DIRECTION('',(1.,0.));
#7302 = ( GEOMETRIC_REPRESENTATION_CONTEXT(2) 
PARAMETRIC_REPRESENTATION_CONTEXT() REPRESENTATION_CONTEXT('2D SPACE',''
  ) );
#7303 = PCURVE('',#4844,#7304);
#7304 = DEFINITIONAL_REPRESENTATION('',(#7305),#7309);
#7305 = LINE('',#7306,#7307);
#7306 = CARTESIAN_POINT('',(0.,0.));
#7307 = VECTOR('',#7308,1.);
#7308 = DIRECTION('',(1.,0.));
#7309 = ( GEOMETRIC_REPRESENTATION_CONTEXT(2) 
PARAMETRIC_REPRESENTATION_CONTEXT() REPRESENTATION_CONTEXT('2D SPACE',''
  ) );
#7310 = ORIENTED_EDGE('',*,*,#7311,.F.);
#7311 = EDGE_CURVE('',#7197,#7289,#7312,.T.);
#7312 = SURFACE_CURVE('',#7313,(#7317,#7323),.PCURVE_S1.);
#7313 = LINE('',#7314,#7315);
#7314 = CARTESIAN_POINT('',(-15.95,69.35,10.));
#7315 = VECTOR('',#7316,1.);
#7316 = DIRECTION('',(-1.,0.,0.));
#7317 = PCURVE('',#4872,#7318);
#7318 = DEFINITIONAL_REPRESENTATION('',(#7319),#7322);
#7319 = B_SPLINE_CURVE_WITH_KNOTS('',1,(#7320,#7321),.UNSPECIFIED.,.F.,
  .F.,(2,2),(-31.1,-0.8),.PIECEWISE_BEZIER_KNOTS.);
#7320 = CARTESIAN_POINT('',(8.,30.3));
#7321 = CARTESIAN_POINT('',(8.,0.));
#7322 = ( GEOMETRIC_REPRESENTATION_CONTEXT(2) 
PARAMETRIC_REPRESENTATION_CONTEXT() REPRESENTATION_CONTEXT('2D SPACE',''
  ) );
#7323 = PCURVE('',#7034,#7324);
#7324 = DEFINITIONAL_REPRESENTATION('',(#7325),#7328);
#7325 = B_SPLINE_CURVE_WITH_KNOTS('',1,(#7326,#7327),.UNSPECIFIED.,.F.,
  .F.,(2,2),(-31.1,-0.8),.PIECEWISE_BEZIER_KNOTS.);
#7326 = CARTESIAN_POINT('',(31.9,1.6));
#7327 = CARTESIAN_POINT('',(1.6,1.6));
#7328 = ( GEOMETRIC_REPRESENTATION_CONTEXT(2) 
PARAMETRIC_REPRESENTATION_CONTEXT() REPRESENTATION_CONTEXT('2D SPACE',''
  ) );
#7329 = ADVANCED_FACE('',(#7330),#4732,.F.);
#7330 = FACE_BOUND('',#7331,.F.);
#7331 = EDGE_LOOP('',(#7332,#7333,#7334,#7355));
#7332 = ORIENTED_EDGE('',*,*,#7240,.T.);
#7333 = ORIENTED_EDGE('',*,*,#4716,.T.);
#7334 = ORIENTED_EDGE('',*,*,#7335,.F.);
#7335 = EDGE_CURVE('',#7336,#4717,#7338,.T.);
#7336 = VERTEX_POINT('',#7337);
#7337 = CARTESIAN_POINT('',(13.15,69.35,10.));
#7338 = SURFACE_CURVE('',#7339,(#7343,#7349),.PCURVE_S1.);
#7339 = LINE('',#7340,#7341);
#7340 = CARTESIAN_POINT('',(13.15,69.35,2.));
#7341 = VECTOR('',#7342,1.);
#7342 = DIRECTION('',(0.,0.,-1.));
#7343 = PCURVE('',#4732,#7344);
#7344 = DEFINITIONAL_REPRESENTATION('',(#7345),#7348);
#7345 = B_SPLINE_CURVE_WITH_KNOTS('',1,(#7346,#7347),.UNSPECIFIED.,.F.,
  .F.,(2,2),(-8.,0.),.PIECEWISE_BEZIER_KNOTS.);
#7346 = CARTESIAN_POINT('',(8.,-3.));
#7347 = CARTESIAN_POINT('',(0.,-3.));
#7348 = ( GEOMETRIC_REPRESENTATION_CONTEXT(2) 
PARAMETRIC_REPRESENTATION_CONTEXT() REPRESENTATION_CONTEXT('2D SPACE',''
  ) );
#7349 = PCURVE('',#4760,#7350);
#7350 = DEFINITIONAL_REPRESENTATION('',(#7351),#7354);
#7351 = B_SPLINE_CURVE_WITH_KNOTS('',1,(#7352,#7353),.UNSPECIFIED.,.F.,
  .F.,(2,2),(-8.,0.),.PIECEWISE_BEZIER_KNOTS.);
#7352 = CARTESIAN_POINT('',(8.,28.3));
#7353 = CARTESIAN_POINT('',(0.,28.3));
#7354 = ( GEOMETRIC_REPRESENTATION_CONTEXT(2) 
PARAMETRIC_REPRESENTATION_CONTEXT() REPRESENTATION_CONTEXT('2D SPACE',''
  ) );
#7355 = ORIENTED_EDGE('',*,*,#7356,.F.);
#7356 = EDGE_CURVE('',#7241,#7336,#7357,.T.);
#7357 = SURFACE_CURVE('',#7358,(#7362,#7368),.PCURVE_S1.);
#7358 = LINE('',#7359,#7360);
#7359 = CARTESIAN_POINT('',(13.15,67.05,10.));
#7360 = VECTOR('',#7361,1.);
#7361 = DIRECTION('',(0.,1.,0.));
#7362 = PCURVE('',#4732,#7363);
#7363 = DEFINITIONAL_REPRESENTATION('',(#7364),#7367);
#7364 = B_SPLINE_CURVE_WITH_KNOTS('',1,(#7365,#7366),.UNSPECIFIED.,.F.,
  .F.,(2,2),(0.7,3.3),.PIECEWISE_BEZIER_KNOTS.);
#7365 = CARTESIAN_POINT('',(8.,-1.4));
#7366 = CARTESIAN_POINT('',(8.,-4.));
#7367 = ( GEOMETRIC_REPRESENTATION_CONTEXT(2) 
PARAMETRIC_REPRESENTATION_CONTEXT() REPRESENTATION_CONTEXT('2D SPACE',''
  ) );
#7368 = PCURVE('',#7034,#7369);
#7369 = DEFINITIONAL_REPRESENTATION('',(#7370),#7373);
#7370 = B_SPLINE_CURVE_WITH_KNOTS('',1,(#7371,#7372),.UNSPECIFIED.,.F.,
  .F.,(2,2),(0.7,3.3),.PIECEWISE_BEZIER_KNOTS.);
#7371 = CARTESIAN_POINT('',(29.9,0.));
#7372 = CARTESIAN_POINT('',(29.9,2.6));
#7373 = ( GEOMETRIC_REPRESENTATION_CONTEXT(2) 
PARAMETRIC_REPRESENTATION_CONTEXT() REPRESENTATION_CONTEXT('2D SPACE',''
  ) );
#7374 = ADVANCED_FACE('',(#7375),#4844,.T.);
#7375 = FACE_BOUND('',#7376,.T.);
#7376 = EDGE_LOOP('',(#7377,#7378,#7379,#7402));
#7377 = ORIENTED_EDGE('',*,*,#7288,.F.);
#7378 = ORIENTED_EDGE('',*,*,#4828,.T.);
#7379 = ORIENTED_EDGE('',*,*,#7380,.T.);
#7380 = EDGE_CURVE('',#4801,#7381,#7383,.T.);
#7381 = VERTEX_POINT('',#7382);
#7382 = CARTESIAN_POINT('',(-15.15,99.65,10.));
#7383 = SURFACE_CURVE('',#7384,(#7388,#7395),.PCURVE_S1.);
#7384 = LINE('',#7385,#7386);
#7385 = CARTESIAN_POINT('',(-15.15,99.65,2.));
#7386 = VECTOR('',#7387,1.);
#7387 = DIRECTION('',(0.,0.,1.));
#7388 = PCURVE('',#4844,#7389);
#7389 = DEFINITIONAL_REPRESENTATION('',(#7390),#7394);
#7390 = LINE('',#7391,#7392);
#7391 = CARTESIAN_POINT('',(0.,-30.3));
#7392 = VECTOR('',#7393,1.);
#7393 = DIRECTION('',(1.,0.));
#7394 = ( GEOMETRIC_REPRESENTATION_CONTEXT(2) 
PARAMETRIC_REPRESENTATION_CONTEXT() REPRESENTATION_CONTEXT('2D SPACE',''
  ) );
#7395 = PCURVE('',#4816,#7396);
#7396 = DEFINITIONAL_REPRESENTATION('',(#7397),#7401);
#7397 = LINE('',#7398,#7399);
#7398 = CARTESIAN_POINT('',(0.,0.));
#7399 = VECTOR('',#7400,1.);
#7400 = DIRECTION('',(1.,0.));
#7401 = ( GEOMETRIC_REPRESENTATION_CONTEXT(2) 
PARAMETRIC_REPRESENTATION_CONTEXT() REPRESENTATION_CONTEXT('2D SPACE',''
  ) );
#7402 = ORIENTED_EDGE('',*,*,#7403,.F.);
#7403 = EDGE_CURVE('',#7289,#7381,#7404,.T.);
#7404 = SURFACE_CURVE('',#7405,(#7409,#7415),.PCURVE_S1.);
#7405 = LINE('',#7406,#7407);
#7406 = CARTESIAN_POINT('',(-15.15,68.55,10.));
#7407 = VECTOR('',#7408,1.);
#7408 = DIRECTION('',(0.,1.,0.));
#7409 = PCURVE('',#4844,#7410);
#7410 = DEFINITIONAL_REPRESENTATION('',(#7411),#7414);
#7411 = B_SPLINE_CURVE_WITH_KNOTS('',1,(#7412,#7413),.UNSPECIFIED.,.F.,
  .F.,(2,2),(0.8,31.1),.PIECEWISE_BEZIER_KNOTS.);
#7412 = CARTESIAN_POINT('',(8.,0.));
#7413 = CARTESIAN_POINT('',(8.,-30.3));
#7414 = ( GEOMETRIC_REPRESENTATION_CONTEXT(2) 
PARAMETRIC_REPRESENTATION_CONTEXT() REPRESENTATION_CONTEXT('2D SPACE',''
  ) );
#7415 = PCURVE('',#7034,#7416);
#7416 = DEFINITIONAL_REPRESENTATION('',(#7417),#7420);
#7417 = B_SPLINE_CURVE_WITH_KNOTS('',1,(#7418,#7419),.UNSPECIFIED.,.F.,
  .F.,(2,2),(0.8,31.1),.PIECEWISE_BEZIER_KNOTS.);
#7418 = CARTESIAN_POINT('',(1.6,1.6));
#7419 = CARTESIAN_POINT('',(1.6,31.9));
#7420 = ( GEOMETRIC_REPRESENTATION_CONTEXT(2) 
PARAMETRIC_REPRESENTATION_CONTEXT() REPRESENTATION_CONTEXT('2D SPACE',''
  ) );
#7421 = ADVANCED_FACE('',(#7422),#4760,.T.);
#7422 = FACE_BOUND('',#7423,.T.);
#7423 = EDGE_LOOP('',(#7424,#7447,#7448,#7449));
#7424 = ORIENTED_EDGE('',*,*,#7425,.F.);
#7425 = EDGE_CURVE('',#4745,#7426,#7428,.T.);
#7426 = VERTEX_POINT('',#7427);
#7427 = CARTESIAN_POINT('',(15.15,69.35,10.));
#7428 = SURFACE_CURVE('',#7429,(#7433,#7440),.PCURVE_S1.);
#7429 = LINE('',#7430,#7431);
#7430 = CARTESIAN_POINT('',(15.15,69.35,2.));
#7431 = VECTOR('',#7432,1.);
#7432 = DIRECTION('',(0.,0.,1.));
#7433 = PCURVE('',#4760,#7434);
#7434 = DEFINITIONAL_REPRESENTATION('',(#7435),#7439);
#7435 = LINE('',#7436,#7437);
#7436 = CARTESIAN_POINT('',(0.,30.3));
#7437 = VECTOR('',#7438,1.);
#7438 = DIRECTION('',(1.,0.));
#7439 = ( GEOMETRIC_REPRESENTATION_CONTEXT(2) 
PARAMETRIC_REPRESENTATION_CONTEXT() REPRESENTATION_CONTEXT('2D SPACE',''
  ) );
#7440 = PCURVE('',#4788,#7441);
#7441 = DEFINITIONAL_REPRESENTATION('',(#7442),#7446);
#7442 = LINE('',#7443,#7444);
#7443 = CARTESIAN_POINT('',(0.,0.));
#7444 = VECTOR('',#7445,1.);
#7445 = DIRECTION('',(1.,0.));
#7446 = ( GEOMETRIC_REPRESENTATION_CONTEXT(2) 
PARAMETRIC_REPRESENTATION_CONTEXT() REPRESENTATION_CONTEXT('2D SPACE',''
  ) );
#7447 = ORIENTED_EDGE('',*,*,#4744,.F.);
#7448 = ORIENTED_EDGE('',*,*,#7335,.F.);
#7449 = ORIENTED_EDGE('',*,*,#7450,.F.);
#7450 = EDGE_CURVE('',#7426,#7336,#7451,.T.);
#7451 = SURFACE_CURVE('',#7452,(#7456,#7462),.PCURVE_S1.);
#7452 = LINE('',#7453,#7454);
#7453 = CARTESIAN_POINT('',(-15.95,69.35,10.));
#7454 = VECTOR('',#7455,1.);
#7455 = DIRECTION('',(-1.,0.,0.));
#7456 = PCURVE('',#4760,#7457);
#7457 = DEFINITIONAL_REPRESENTATION('',(#7458),#7461);
#7458 = B_SPLINE_CURVE_WITH_KNOTS('',1,(#7459,#7460),.UNSPECIFIED.,.F.,
  .F.,(2,2),(-31.1,-0.8),.PIECEWISE_BEZIER_KNOTS.);
#7459 = CARTESIAN_POINT('',(8.,30.3));
#7460 = CARTESIAN_POINT('',(8.,0.));
#7461 = ( GEOMETRIC_REPRESENTATION_CONTEXT(2) 
PARAMETRIC_REPRESENTATION_CONTEXT() REPRESENTATION_CONTEXT('2D SPACE',''
  ) );
#7462 = PCURVE('',#7034,#7463);
#7463 = DEFINITIONAL_REPRESENTATION('',(#7464),#7467);
#7464 = B_SPLINE_CURVE_WITH_KNOTS('',1,(#7465,#7466),.UNSPECIFIED.,.F.,
  .F.,(2,2),(-31.1,-0.8),.PIECEWISE_BEZIER_KNOTS.);
#7465 = CARTESIAN_POINT('',(31.9,1.6));
#7466 = CARTESIAN_POINT('',(1.6,1.6));
#7467 = ( GEOMETRIC_REPRESENTATION_CONTEXT(2) 
PARAMETRIC_REPRESENTATION_CONTEXT() REPRESENTATION_CONTEXT('2D SPACE',''
  ) );
#7468 = ADVANCED_FACE('',(#7469),#4816,.F.);
#7469 = FACE_BOUND('',#7470,.F.);
#7470 = EDGE_LOOP('',(#7471,#7494,#7495,#7496));
#7471 = ORIENTED_EDGE('',*,*,#7472,.F.);
#7472 = EDGE_CURVE('',#4773,#7473,#7475,.T.);
#7473 = VERTEX_POINT('',#7474);
#7474 = CARTESIAN_POINT('',(15.15,99.65,10.));
#7475 = SURFACE_CURVE('',#7476,(#7480,#7487),.PCURVE_S1.);
#7476 = LINE('',#7477,#7478);
#7477 = CARTESIAN_POINT('',(15.15,99.65,2.));
#7478 = VECTOR('',#7479,1.);
#7479 = DIRECTION('',(0.,0.,1.));
#7480 = PCURVE('',#4816,#7481);
#7481 = DEFINITIONAL_REPRESENTATION('',(#7482),#7486);
#7482 = LINE('',#7483,#7484);
#7483 = CARTESIAN_POINT('',(0.,30.3));
#7484 = VECTOR('',#7485,1.);
#7485 = DIRECTION('',(1.,0.));
#7486 = ( GEOMETRIC_REPRESENTATION_CONTEXT(2) 
PARAMETRIC_REPRESENTATION_CONTEXT() REPRESENTATION_CONTEXT('2D SPACE',''
  ) );
#7487 = PCURVE('',#4788,#7488);
#7488 = DEFINITIONAL_REPRESENTATION('',(#7489),#7493);
#7489 = LINE('',#7490,#7491);
#7490 = CARTESIAN_POINT('',(0.,-30.3));
#7491 = VECTOR('',#7492,1.);
#7492 = DIRECTION('',(1.,0.));
#7493 = ( GEOMETRIC_REPRESENTATION_CONTEXT(2) 
PARAMETRIC_REPRESENTATION_CONTEXT() REPRESENTATION_CONTEXT('2D SPACE',''
  ) );
#7494 = ORIENTED_EDGE('',*,*,#4800,.F.);
#7495 = ORIENTED_EDGE('',*,*,#7380,.T.);
#7496 = ORIENTED_EDGE('',*,*,#7497,.F.);
#7497 = EDGE_CURVE('',#7473,#7381,#7498,.T.);
#7498 = SURFACE_CURVE('',#7499,(#7503,#7509),.PCURVE_S1.);
#7499 = LINE('',#7500,#7501);
#7500 = CARTESIAN_POINT('',(-15.95,99.65,10.));
#7501 = VECTOR('',#7502,1.);
#7502 = DIRECTION('',(-1.,0.,0.));
#7503 = PCURVE('',#4816,#7504);
#7504 = DEFINITIONAL_REPRESENTATION('',(#7505),#7508);
#7505 = B_SPLINE_CURVE_WITH_KNOTS('',1,(#7506,#7507),.UNSPECIFIED.,.F.,
  .F.,(2,2),(-31.1,-0.8),.PIECEWISE_BEZIER_KNOTS.);
#7506 = CARTESIAN_POINT('',(8.,30.3));
#7507 = CARTESIAN_POINT('',(8.,0.));
#7508 = ( GEOMETRIC_REPRESENTATION_CONTEXT(2) 
PARAMETRIC_REPRESENTATION_CONTEXT() REPRESENTATION_CONTEXT('2D SPACE',''
  ) );
#7509 = PCURVE('',#7034,#7510);
#7510 = DEFINITIONAL_REPRESENTATION('',(#7511),#7514);
#7511 = B_SPLINE_CURVE_WITH_KNOTS('',1,(#7512,#7513),.UNSPECIFIED.,.F.,
  .F.,(2,2),(-31.1,-0.8),.PIECEWISE_BEZIER_KNOTS.);
#7512 = CARTESIAN_POINT('',(31.9,31.9));
#7513 = CARTESIAN_POINT('',(1.6,31.9));
#7514 = ( GEOMETRIC_REPRESENTATION_CONTEXT(2) 
PARAMETRIC_REPRESENTATION_CONTEXT() REPRESENTATION_CONTEXT('2D SPACE',''
  ) );
#7515 = ADVANCED_FACE('',(#7516),#4788,.F.);
#7516 = FACE_BOUND('',#7517,.F.);
#7517 = EDGE_LOOP('',(#7518,#7519,#7520,#7521));
#7518 = ORIENTED_EDGE('',*,*,#7425,.F.);
#7519 = ORIENTED_EDGE('',*,*,#4772,.T.);
#7520 = ORIENTED_EDGE('',*,*,#7472,.T.);
#7521 = ORIENTED_EDGE('',*,*,#7522,.F.);
#7522 = EDGE_CURVE('',#7426,#7473,#7523,.T.);
#7523 = SURFACE_CURVE('',#7524,(#7528,#7534),.PCURVE_S1.);
#7524 = LINE('',#7525,#7526);
#7525 = CARTESIAN_POINT('',(15.15,68.55,10.));
#7526 = VECTOR('',#7527,1.);
#7527 = DIRECTION('',(0.,1.,0.));
#7528 = PCURVE('',#4788,#7529);
#7529 = DEFINITIONAL_REPRESENTATION('',(#7530),#7533);
#7530 = B_SPLINE_CURVE_WITH_KNOTS('',1,(#7531,#7532),.UNSPECIFIED.,.F.,
  .F.,(2,2),(0.8,31.1),.PIECEWISE_BEZIER_KNOTS.);
#7531 = CARTESIAN_POINT('',(8.,0.));
#7532 = CARTESIAN_POINT('',(8.,-30.3));
#7533 = ( GEOMETRIC_REPRESENTATION_CONTEXT(2) 
PARAMETRIC_REPRESENTATION_CONTEXT() REPRESENTATION_CONTEXT('2D SPACE',''
  ) );
#7534 = PCURVE('',#7034,#7535);
#7535 = DEFINITIONAL_REPRESENTATION('',(#7536),#7539);
#7536 = B_SPLINE_CURVE_WITH_KNOTS('',1,(#7537,#7538),.UNSPECIFIED.,.F.,
  .F.,(2,2),(0.8,31.1),.PIECEWISE_BEZIER_KNOTS.);
#7537 = CARTESIAN_POINT('',(31.9,1.6));
#7538 = CARTESIAN_POINT('',(31.9,31.9));
#7539 = ( GEOMETRIC_REPRESENTATION_CONTEXT(2) 
PARAMETRIC_REPRESENTATION_CONTEXT() REPRESENTATION_CONTEXT('2D SPACE',''
  ) );
#7540 = ADVANCED_FACE('',(#7541),#5264,.F.);
#7541 = FACE_BOUND('',#7542,.F.);
#7542 = EDGE_LOOP('',(#7543));
#7543 = ORIENTED_EDGE('',*,*,#5249,.T.);
#7544 = ADVANCED_FACE('',(#7545),#5554,.T.);
#7545 = FACE_BOUND('',#7546,.T.);
#7546 = EDGE_LOOP('',(#7547,#7548,#7549,#7550,#7551,#7572));
#7547 = ORIENTED_EDGE('',*,*,#5594,.F.);
#7548 = ORIENTED_EDGE('',*,*,#5540,.F.);
#7549 = ORIENTED_EDGE('',*,*,#5672,.T.);
#7550 = ORIENTED_EDGE('',*,*,#5719,.T.);
#7551 = ORIENTED_EDGE('',*,*,#7552,.T.);
#7552 = EDGE_CURVE('',#5720,#7553,#7555,.T.);
#7553 = VERTEX_POINT('',#7554);
#7554 = CARTESIAN_POINT('',(-77.,-62.8,16.1));
#7555 = SURFACE_CURVE('',#7556,(#7560,#7566),.PCURVE_S1.);
#7556 = LINE('',#7557,#7558);
#7557 = CARTESIAN_POINT('',(-78.,-62.8,16.1));
#7558 = VECTOR('',#7559,1.);
#7559 = DIRECTION('',(-1.,0.,0.));
#7560 = PCURVE('',#5554,#7561);
#7561 = DEFINITIONAL_REPRESENTATION('',(#7562),#7565);
#7562 = B_SPLINE_CURVE_WITH_KNOTS('',1,(#7563,#7564),.UNSPECIFIED.,.F.,
  .F.,(2,2),(-7.,-1.),.PIECEWISE_BEZIER_KNOTS.);
#7563 = CARTESIAN_POINT('',(8.,2.));
#7564 = CARTESIAN_POINT('',(2.,2.));
#7565 = ( GEOMETRIC_REPRESENTATION_CONTEXT(2) 
PARAMETRIC_REPRESENTATION_CONTEXT() REPRESENTATION_CONTEXT('2D SPACE',''
  ) );
#7566 = PCURVE('',#5779,#7567);
#7567 = DEFINITIONAL_REPRESENTATION('',(#7568),#7571);
#7568 = B_SPLINE_CURVE_WITH_KNOTS('',1,(#7569,#7570),.UNSPECIFIED.,.F.,
  .F.,(2,2),(-7.,-1.),.PIECEWISE_BEZIER_KNOTS.);
#7569 = CARTESIAN_POINT('',(3.1,6.));
#7570 = CARTESIAN_POINT('',(3.1,0.));
#7571 = ( GEOMETRIC_REPRESENTATION_CONTEXT(2) 
PARAMETRIC_REPRESENTATION_CONTEXT() REPRESENTATION_CONTEXT('2D SPACE',''
  ) );
#7572 = ORIENTED_EDGE('',*,*,#7573,.T.);
#7573 = EDGE_CURVE('',#7553,#5595,#7574,.T.);
#7574 = SURFACE_CURVE('',#7575,(#7579,#7585),.PCURVE_S1.);
#7575 = LINE('',#7576,#7577);
#7576 = CARTESIAN_POINT('',(-77.,-63.8,16.1));
#7577 = VECTOR('',#7578,1.);
#7578 = DIRECTION('',(0.,1.,0.));
#7579 = PCURVE('',#5554,#7580);
#7580 = DEFINITIONAL_REPRESENTATION('',(#7581),#7584);
#7581 = B_SPLINE_CURVE_WITH_KNOTS('',1,(#7582,#7583),.UNSPECIFIED.,.F.,
  .F.,(2,2),(1.,7.),.PIECEWISE_BEZIER_KNOTS.);
#7582 = CARTESIAN_POINT('',(2.,2.));
#7583 = CARTESIAN_POINT('',(2.,8.));
#7584 = ( GEOMETRIC_REPRESENTATION_CONTEXT(2) 
PARAMETRIC_REPRESENTATION_CONTEXT() REPRESENTATION_CONTEXT('2D SPACE',''
  ) );
#7585 = PCURVE('',#5632,#7586);
#7586 = DEFINITIONAL_REPRESENTATION('',(#7587),#7590);
#7587 = B_SPLINE_CURVE_WITH_KNOTS('',1,(#7588,#7589),.UNSPECIFIED.,.F.,
  .F.,(2,2),(1.,7.),.PIECEWISE_BEZIER_KNOTS.);
#7588 = CARTESIAN_POINT('',(3.1,0.));
#7589 = CARTESIAN_POINT('',(3.1,-6.));
#7590 = ( GEOMETRIC_REPRESENTATION_CONTEXT(2) 
PARAMETRIC_REPRESENTATION_CONTEXT() REPRESENTATION_CONTEXT('2D SPACE',''
  ) );
#7591 = ADVANCED_FACE('',(#7592),#5656,.T.);
#7592 = FACE_BOUND('',#7593,.T.);
#7593 = EDGE_LOOP('',(#7594,#7617,#7638,#7639));
#7594 = ORIENTED_EDGE('',*,*,#7595,.F.);
#7595 = EDGE_CURVE('',#7596,#5618,#7598,.T.);
#7596 = VERTEX_POINT('',#7597);
#7597 = CARTESIAN_POINT('',(-77.,-62.8,13.));
#7598 = SURFACE_CURVE('',#7599,(#7603,#7610),.PCURVE_S1.);
#7599 = LINE('',#7600,#7601);
#7600 = CARTESIAN_POINT('',(-77.,-62.8,13.));
#7601 = VECTOR('',#7602,1.);
#7602 = DIRECTION('',(0.,1.,0.));
#7603 = PCURVE('',#5656,#7604);
#7604 = DEFINITIONAL_REPRESENTATION('',(#7605),#7609);
#7605 = LINE('',#7606,#7607);
#7606 = CARTESIAN_POINT('',(0.,0.));
#7607 = VECTOR('',#7608,1.);
#7608 = DIRECTION('',(0.,1.));
#7609 = ( GEOMETRIC_REPRESENTATION_CONTEXT(2) 
PARAMETRIC_REPRESENTATION_CONTEXT() REPRESENTATION_CONTEXT('2D SPACE',''
  ) );
#7610 = PCURVE('',#5632,#7611);
#7611 = DEFINITIONAL_REPRESENTATION('',(#7612),#7616);
#7612 = LINE('',#7613,#7614);
#7613 = CARTESIAN_POINT('',(0.,0.));
#7614 = VECTOR('',#7615,1.);
#7615 = DIRECTION('',(0.,-1.));
#7616 = ( GEOMETRIC_REPRESENTATION_CONTEXT(2) 
PARAMETRIC_REPRESENTATION_CONTEXT() REPRESENTATION_CONTEXT('2D SPACE',''
  ) );
#7617 = ORIENTED_EDGE('',*,*,#7618,.T.);
#7618 = EDGE_CURVE('',#7596,#5746,#7619,.T.);
#7619 = SURFACE_CURVE('',#7620,(#7624,#7631),.PCURVE_S1.);
#7620 = LINE('',#7621,#7622);
#7621 = CARTESIAN_POINT('',(-77.,-62.8,13.));
#7622 = VECTOR('',#7623,1.);
#7623 = DIRECTION('',(1.,0.,0.));
#7624 = PCURVE('',#5656,#7625);
#7625 = DEFINITIONAL_REPRESENTATION('',(#7626),#7630);
#7626 = LINE('',#7627,#7628);
#7627 = CARTESIAN_POINT('',(0.,0.));
#7628 = VECTOR('',#7629,1.);
#7629 = DIRECTION('',(1.,0.));
#7630 = ( GEOMETRIC_REPRESENTATION_CONTEXT(2) 
PARAMETRIC_REPRESENTATION_CONTEXT() REPRESENTATION_CONTEXT('2D SPACE',''
  ) );
#7631 = PCURVE('',#5779,#7632);
#7632 = DEFINITIONAL_REPRESENTATION('',(#7633),#7637);
#7633 = LINE('',#7634,#7635);
#7634 = CARTESIAN_POINT('',(0.,0.));
#7635 = VECTOR('',#7636,1.);
#7636 = DIRECTION('',(0.,1.));
#7637 = ( GEOMETRIC_REPRESENTATION_CONTEXT(2) 
PARAMETRIC_REPRESENTATION_CONTEXT() REPRESENTATION_CONTEXT('2D SPACE',''
  ) );
#7638 = ORIENTED_EDGE('',*,*,#5745,.F.);
#7639 = ORIENTED_EDGE('',*,*,#5643,.F.);
#7640 = ADVANCED_FACE('',(#7641),#5632,.T.);
#7641 = FACE_BOUND('',#7642,.T.);
#7642 = EDGE_LOOP('',(#7643,#7664,#7665,#7666));
#7643 = ORIENTED_EDGE('',*,*,#7644,.F.);
#7644 = EDGE_CURVE('',#7596,#7553,#7645,.T.);
#7645 = SURFACE_CURVE('',#7646,(#7650,#7657),.PCURVE_S1.);
#7646 = LINE('',#7647,#7648);
#7647 = CARTESIAN_POINT('',(-77.,-62.8,13.));
#7648 = VECTOR('',#7649,1.);
#7649 = DIRECTION('',(0.,0.,1.));
#7650 = PCURVE('',#5632,#7651);
#7651 = DEFINITIONAL_REPRESENTATION('',(#7652),#7656);
#7652 = LINE('',#7653,#7654);
#7653 = CARTESIAN_POINT('',(0.,0.));
#7654 = VECTOR('',#7655,1.);
#7655 = DIRECTION('',(1.,0.));
#7656 = ( GEOMETRIC_REPRESENTATION_CONTEXT(2) 
PARAMETRIC_REPRESENTATION_CONTEXT() REPRESENTATION_CONTEXT('2D SPACE',''
  ) );
#7657 = PCURVE('',#5779,#7658);
#7658 = DEFINITIONAL_REPRESENTATION('',(#7659),#7663);
#7659 = LINE('',#7660,#7661);
#7660 = CARTESIAN_POINT('',(0.,0.));
#7661 = VECTOR('',#7662,1.);
#7662 = DIRECTION('',(1.,0.));
#7663 = ( GEOMETRIC_REPRESENTATION_CONTEXT(2) 
PARAMETRIC_REPRESENTATION_CONTEXT() REPRESENTATION_CONTEXT('2D SPACE',''
  ) );
#7664 = ORIENTED_EDGE('',*,*,#7595,.T.);
#7665 = ORIENTED_EDGE('',*,*,#5617,.F.);
#7666 = ORIENTED_EDGE('',*,*,#7573,.F.);
#7667 = ADVANCED_FACE('',(#7668),#5779,.T.);
#7668 = FACE_BOUND('',#7669,.T.);
#7669 = EDGE_LOOP('',(#7670,#7671,#7672,#7673));
#7670 = ORIENTED_EDGE('',*,*,#7618,.F.);
#7671 = ORIENTED_EDGE('',*,*,#7644,.T.);
#7672 = ORIENTED_EDGE('',*,*,#7552,.F.);
#7673 = ORIENTED_EDGE('',*,*,#5766,.F.);
#7674 = ADVANCED_FACE('',(#7675),#5811,.T.);
#7675 = FACE_BOUND('',#7676,.T.);
#7676 = EDGE_LOOP('',(#7677,#7678,#7679,#7680,#7681,#7702));
#7677 = ORIENTED_EDGE('',*,*,#5793,.F.);
#7678 = ORIENTED_EDGE('',*,*,#6019,.T.);
#7679 = ORIENTED_EDGE('',*,*,#6069,.T.);
#7680 = ORIENTED_EDGE('',*,*,#5993,.F.);
#7681 = ORIENTED_EDGE('',*,*,#7682,.F.);
#7682 = EDGE_CURVE('',#7683,#5968,#7685,.T.);
#7683 = VERTEX_POINT('',#7684);
#7684 = CARTESIAN_POINT('',(-0.4,-62.8,16.1));
#7685 = SURFACE_CURVE('',#7686,(#7690,#7696),.PCURVE_S1.);
#7686 = LINE('',#7687,#7688);
#7687 = CARTESIAN_POINT('',(-0.4,-63.8,16.1));
#7688 = VECTOR('',#7689,1.);
#7689 = DIRECTION('',(0.,1.,0.));
#7690 = PCURVE('',#5811,#7691);
#7691 = DEFINITIONAL_REPRESENTATION('',(#7692),#7695);
#7692 = B_SPLINE_CURVE_WITH_KNOTS('',1,(#7693,#7694),.UNSPECIFIED.,.F.,
  .F.,(2,2),(1.,7.),.PIECEWISE_BEZIER_KNOTS.);
#7693 = CARTESIAN_POINT('',(6.,2.));
#7694 = CARTESIAN_POINT('',(6.,8.));
#7695 = ( GEOMETRIC_REPRESENTATION_CONTEXT(2) 
PARAMETRIC_REPRESENTATION_CONTEXT() REPRESENTATION_CONTEXT('2D SPACE',''
  ) );
#7696 = PCURVE('',#5982,#7697);
#7697 = DEFINITIONAL_REPRESENTATION('',(#7698),#7701);
#7698 = B_SPLINE_CURVE_WITH_KNOTS('',1,(#7699,#7700),.UNSPECIFIED.,.F.,
  .F.,(2,2),(1.,7.),.PIECEWISE_BEZIER_KNOTS.);
#7699 = CARTESIAN_POINT('',(3.1,0.));
#7700 = CARTESIAN_POINT('',(3.1,-6.));
#7701 = ( GEOMETRIC_REPRESENTATION_CONTEXT(2) 
PARAMETRIC_REPRESENTATION_CONTEXT() REPRESENTATION_CONTEXT('2D SPACE',''
  ) );
#7702 = ORIENTED_EDGE('',*,*,#7703,.T.);
#7703 = EDGE_CURVE('',#7683,#5796,#7704,.T.);
#7704 = SURFACE_CURVE('',#7705,(#7709,#7715),.PCURVE_S1.);
#7705 = LINE('',#7706,#7707);
#7706 = CARTESIAN_POINT('',(-41.7,-62.8,16.1));
#7707 = VECTOR('',#7708,1.);
#7708 = DIRECTION('',(-1.,0.,0.));
#7709 = PCURVE('',#5811,#7710);
#7710 = DEFINITIONAL_REPRESENTATION('',(#7711),#7714);
#7711 = B_SPLINE_CURVE_WITH_KNOTS('',1,(#7712,#7713),.UNSPECIFIED.,.F.,
  .F.,(2,2),(-41.3,-35.3),.PIECEWISE_BEZIER_KNOTS.);
#7712 = CARTESIAN_POINT('',(6.,2.));
#7713 = CARTESIAN_POINT('',(0.,2.));
#7714 = ( GEOMETRIC_REPRESENTATION_CONTEXT(2) 
PARAMETRIC_REPRESENTATION_CONTEXT() REPRESENTATION_CONTEXT('2D SPACE',''
  ) );
#7715 = PCURVE('',#5907,#7716);
#7716 = DEFINITIONAL_REPRESENTATION('',(#7717),#7720);
#7717 = B_SPLINE_CURVE_WITH_KNOTS('',1,(#7718,#7719),.UNSPECIFIED.,.F.,
  .F.,(2,2),(-41.3,-35.3),.PIECEWISE_BEZIER_KNOTS.);
#7718 = CARTESIAN_POINT('',(3.1,76.6));
#7719 = CARTESIAN_POINT('',(3.1,70.6));
#7720 = ( GEOMETRIC_REPRESENTATION_CONTEXT(2) 
PARAMETRIC_REPRESENTATION_CONTEXT() REPRESENTATION_CONTEXT('2D SPACE',''
  ) );
#7721 = ADVANCED_FACE('',(#7722),#5907,.T.);
#7722 = FACE_BOUND('',#7723,.T.);
#7723 = EDGE_LOOP('',(#7724,#7747,#7748,#7749));
#7724 = ORIENTED_EDGE('',*,*,#7725,.F.);
#7725 = EDGE_CURVE('',#5869,#7726,#7728,.T.);
#7726 = VERTEX_POINT('',#7727);
#7727 = CARTESIAN_POINT('',(-0.4,-62.8,13.));
#7728 = SURFACE_CURVE('',#7729,(#7733,#7740),.PCURVE_S1.);
#7729 = LINE('',#7730,#7731);
#7730 = CARTESIAN_POINT('',(-77.,-62.8,13.));
#7731 = VECTOR('',#7732,1.);
#7732 = DIRECTION('',(1.,0.,0.));
#7733 = PCURVE('',#5907,#7734);
#7734 = DEFINITIONAL_REPRESENTATION('',(#7735),#7739);
#7735 = LINE('',#7736,#7737);
#7736 = CARTESIAN_POINT('',(0.,0.));
#7737 = VECTOR('',#7738,1.);
#7738 = DIRECTION('',(0.,1.));
#7739 = ( GEOMETRIC_REPRESENTATION_CONTEXT(2) 
PARAMETRIC_REPRESENTATION_CONTEXT() REPRESENTATION_CONTEXT('2D SPACE',''
  ) );
#7740 = PCURVE('',#5883,#7741);
#7741 = DEFINITIONAL_REPRESENTATION('',(#7742),#7746);
#7742 = LINE('',#7743,#7744);
#7743 = CARTESIAN_POINT('',(0.,0.));
#7744 = VECTOR('',#7745,1.);
#7745 = DIRECTION('',(1.,0.));
#7746 = ( GEOMETRIC_REPRESENTATION_CONTEXT(2) 
PARAMETRIC_REPRESENTATION_CONTEXT() REPRESENTATION_CONTEXT('2D SPACE',''
  ) );
#7747 = ORIENTED_EDGE('',*,*,#5894,.T.);
#7748 = ORIENTED_EDGE('',*,*,#7703,.F.);
#7749 = ORIENTED_EDGE('',*,*,#7750,.F.);
#7750 = EDGE_CURVE('',#7726,#7683,#7751,.T.);
#7751 = SURFACE_CURVE('',#7752,(#7756,#7763),.PCURVE_S1.);
#7752 = LINE('',#7753,#7754);
#7753 = CARTESIAN_POINT('',(-0.4,-62.8,13.));
#7754 = VECTOR('',#7755,1.);
#7755 = DIRECTION('',(0.,0.,1.));
#7756 = PCURVE('',#5907,#7757);
#7757 = DEFINITIONAL_REPRESENTATION('',(#7758),#7762);
#7758 = LINE('',#7759,#7760);
#7759 = CARTESIAN_POINT('',(0.,76.6));
#7760 = VECTOR('',#7761,1.);
#7761 = DIRECTION('',(1.,0.));
#7762 = ( GEOMETRIC_REPRESENTATION_CONTEXT(2) 
PARAMETRIC_REPRESENTATION_CONTEXT() REPRESENTATION_CONTEXT('2D SPACE',''
  ) );
#7763 = PCURVE('',#5982,#7764);
#7764 = DEFINITIONAL_REPRESENTATION('',(#7765),#7769);
#7765 = LINE('',#7766,#7767);
#7766 = CARTESIAN_POINT('',(0.,0.));
#7767 = VECTOR('',#7768,1.);
#7768 = DIRECTION('',(1.,0.));
#7769 = ( GEOMETRIC_REPRESENTATION_CONTEXT(2) 
PARAMETRIC_REPRESENTATION_CONTEXT() REPRESENTATION_CONTEXT('2D SPACE',''
  ) );
#7770 = ADVANCED_FACE('',(#7771),#5883,.T.);
#7771 = FACE_BOUND('',#7772,.T.);
#7772 = EDGE_LOOP('',(#7773,#7774,#7775,#7796));
#7773 = ORIENTED_EDGE('',*,*,#5868,.T.);
#7774 = ORIENTED_EDGE('',*,*,#7725,.T.);
#7775 = ORIENTED_EDGE('',*,*,#7776,.T.);
#7776 = EDGE_CURVE('',#7726,#5947,#7777,.T.);
#7777 = SURFACE_CURVE('',#7778,(#7782,#7789),.PCURVE_S1.);
#7778 = LINE('',#7779,#7780);
#7779 = CARTESIAN_POINT('',(-0.4,-62.8,13.));
#7780 = VECTOR('',#7781,1.);
#7781 = DIRECTION('',(0.,1.,0.));
#7782 = PCURVE('',#5883,#7783);
#7783 = DEFINITIONAL_REPRESENTATION('',(#7784),#7788);
#7784 = LINE('',#7785,#7786);
#7785 = CARTESIAN_POINT('',(76.6,0.));
#7786 = VECTOR('',#7787,1.);
#7787 = DIRECTION('',(0.,1.));
#7788 = ( GEOMETRIC_REPRESENTATION_CONTEXT(2) 
PARAMETRIC_REPRESENTATION_CONTEXT() REPRESENTATION_CONTEXT('2D SPACE',''
  ) );
#7789 = PCURVE('',#5982,#7790);
#7790 = DEFINITIONAL_REPRESENTATION('',(#7791),#7795);
#7791 = LINE('',#7792,#7793);
#7792 = CARTESIAN_POINT('',(0.,0.));
#7793 = VECTOR('',#7794,1.);
#7794 = DIRECTION('',(0.,-1.));
#7795 = ( GEOMETRIC_REPRESENTATION_CONTEXT(2) 
PARAMETRIC_REPRESENTATION_CONTEXT() REPRESENTATION_CONTEXT('2D SPACE',''
  ) );
#7796 = ORIENTED_EDGE('',*,*,#5946,.F.);
#7797 = ADVANCED_FACE('',(#7798),#5982,.F.);
#7798 = FACE_BOUND('',#7799,.F.);
#7799 = EDGE_LOOP('',(#7800,#7801,#7802,#7803));
#7800 = ORIENTED_EDGE('',*,*,#7750,.F.);
#7801 = ORIENTED_EDGE('',*,*,#7776,.T.);
#7802 = ORIENTED_EDGE('',*,*,#5967,.F.);
#7803 = ORIENTED_EDGE('',*,*,#7682,.F.);
#7804 = ADVANCED_FACE('',(#7805),#6131,.T.);
#7805 = FACE_BOUND('',#7806,.F.);
#7806 = EDGE_LOOP('',(#7807));
#7807 = ORIENTED_EDGE('',*,*,#6116,.F.);
#7808 = ADVANCED_FACE('',(#7809,#7812),#6191,.T.);
#7809 = FACE_BOUND('',#7810,.T.);
#7810 = EDGE_LOOP('',(#7811));
#7811 = ORIENTED_EDGE('',*,*,#6176,.T.);
#7812 = FACE_BOUND('',#7813,.T.);
#7813 = EDGE_LOOP('',(#7814));
#7814 = ORIENTED_EDGE('',*,*,#7815,.F.);
#7815 = EDGE_CURVE('',#7816,#7816,#7818,.T.);
#7816 = VERTEX_POINT('',#7817);
#7817 = CARTESIAN_POINT('',(7.7,-44.5,8.));
#7818 = SURFACE_CURVE('',#7819,(#7824,#7831),.PCURVE_S1.);
#7819 = CIRCLE('',#7820,1.2);
#7820 = AXIS2_PLACEMENT_3D('',#7821,#7822,#7823);
#7821 = CARTESIAN_POINT('',(6.5,-44.5,8.));
#7822 = DIRECTION('',(0.,0.,1.));
#7823 = DIRECTION('',(1.,0.,0.));
#7824 = PCURVE('',#6191,#7825);
#7825 = DEFINITIONAL_REPRESENTATION('',(#7826),#7830);
#7826 = CIRCLE('',#7827,1.2);
#7827 = AXIS2_PLACEMENT_2D('',#7828,#7829);
#7828 = CARTESIAN_POINT('',(0.,0.));
#7829 = DIRECTION('',(1.,0.));
#7830 = ( GEOMETRIC_REPRESENTATION_CONTEXT(2) 
PARAMETRIC_REPRESENTATION_CONTEXT() REPRESENTATION_CONTEXT('2D SPACE',''
  ) );
#7831 = PCURVE('',#7832,#7837);
#7832 = CYLINDRICAL_SURFACE('',#7833,1.2);
#7833 = AXIS2_PLACEMENT_3D('',#7834,#7835,#7836);
#7834 = CARTESIAN_POINT('',(6.5,-44.5,8.));
#7835 = DIRECTION('',(-0.,-0.,-1.));
#7836 = DIRECTION('',(1.,0.,0.));
#7837 = DEFINITIONAL_REPRESENTATION('',(#7838),#7842);
#7838 = LINE('',#7839,#7840);
#7839 = CARTESIAN_POINT('',(-0.,0.));
#7840 = VECTOR('',#7841,1.);
#7841 = DIRECTION('',(-1.,0.));
#7842 = ( GEOMETRIC_REPRESENTATION_CONTEXT(2) 
PARAMETRIC_REPRESENTATION_CONTEXT() REPRESENTATION_CONTEXT('2D SPACE',''
  ) );
#7843 = ADVANCED_FACE('',(#7844,#7847),#6246,.T.);
#7844 = FACE_BOUND('',#7845,.T.);
#7845 = EDGE_LOOP('',(#7846));
#7846 = ORIENTED_EDGE('',*,*,#6231,.T.);
#7847 = FACE_BOUND('',#7848,.T.);
#7848 = EDGE_LOOP('',(#7849));
#7849 = ORIENTED_EDGE('',*,*,#7850,.F.);
#7850 = EDGE_CURVE('',#7851,#7851,#7853,.T.);
#7851 = VERTEX_POINT('',#7852);
#7852 = CARTESIAN_POINT('',(56.7,-44.5,8.));
#7853 = SURFACE_CURVE('',#7854,(#7859,#7866),.PCURVE_S1.);
#7854 = CIRCLE('',#7855,1.2);
#7855 = AXIS2_PLACEMENT_3D('',#7856,#7857,#7858);
#7856 = CARTESIAN_POINT('',(55.5,-44.5,8.));
#7857 = DIRECTION('',(0.,0.,1.));
#7858 = DIRECTION('',(1.,0.,0.));
#7859 = PCURVE('',#6246,#7860);
#7860 = DEFINITIONAL_REPRESENTATION('',(#7861),#7865);
#7861 = CIRCLE('',#7862,1.2);
#7862 = AXIS2_PLACEMENT_2D('',#7863,#7864);
#7863 = CARTESIAN_POINT('',(0.,0.));
#7864 = DIRECTION('',(1.,0.));
#7865 = ( GEOMETRIC_REPRESENTATION_CONTEXT(2) 
PARAMETRIC_REPRESENTATION_CONTEXT() REPRESENTATION_CONTEXT('2D SPACE',''
  ) );
#7866 = PCURVE('',#7867,#7872);
#7867 = CYLINDRICAL_SURFACE('',#7868,1.2);
#7868 = AXIS2_PLACEMENT_3D('',#7869,#7870,#7871);
#7869 = CARTESIAN_POINT('',(55.5,-44.5,8.));
#7870 = DIRECTION('',(-0.,-0.,-1.));
#7871 = DIRECTION('',(1.,0.,0.));
#7872 = DEFINITIONAL_REPRESENTATION('',(#7873),#7877);
#7873 = LINE('',#7874,#7875);
#7874 = CARTESIAN_POINT('',(-0.,0.));
#7875 = VECTOR('',#7876,1.);
#7876 = DIRECTION('',(-1.,0.));
#7877 = ( GEOMETRIC_REPRESENTATION_CONTEXT(2) 
PARAMETRIC_REPRESENTATION_CONTEXT() REPRESENTATION_CONTEXT('2D SPACE',''
  ) );
#7878 = ADVANCED_FACE('',(#7879),#6324,.T.);
#7879 = FACE_BOUND('',#7880,.T.);
#7880 = EDGE_LOOP('',(#7881,#7882,#7883,#7884,#7905,#7924));
#7881 = ORIENTED_EDGE('',*,*,#6341,.F.);
#7882 = ORIENTED_EDGE('',*,*,#6310,.F.);
#7883 = ORIENTED_EDGE('',*,*,#6413,.T.);
#7884 = ORIENTED_EDGE('',*,*,#7885,.T.);
#7885 = EDGE_CURVE('',#6414,#7886,#7888,.T.);
#7886 = VERTEX_POINT('',#7887);
#7887 = CARTESIAN_POINT('',(-77.,62.8,16.1));
#7888 = SURFACE_CURVE('',#7889,(#7893,#7899),.PCURVE_S1.);
#7889 = LINE('',#7890,#7891);
#7890 = CARTESIAN_POINT('',(-77.,-3.,16.1));
#7891 = VECTOR('',#7892,1.);
#7892 = DIRECTION('',(0.,1.,0.));
#7893 = PCURVE('',#6324,#7894);
#7894 = DEFINITIONAL_REPRESENTATION('',(#7895),#7898);
#7895 = B_SPLINE_CURVE_WITH_KNOTS('',1,(#7896,#7897),.UNSPECIFIED.,.F.,
  .F.,(2,2),(59.8,65.8),.PIECEWISE_BEZIER_KNOTS.);
#7896 = CARTESIAN_POINT('',(2.,0.));
#7897 = CARTESIAN_POINT('',(2.,6.));
#7898 = ( GEOMETRIC_REPRESENTATION_CONTEXT(2) 
PARAMETRIC_REPRESENTATION_CONTEXT() REPRESENTATION_CONTEXT('2D SPACE',''
  ) );
#7899 = PCURVE('',#6451,#7900);
#7900 = DEFINITIONAL_REPRESENTATION('',(#7901),#7904);
#7901 = B_SPLINE_CURVE_WITH_KNOTS('',1,(#7902,#7903),.UNSPECIFIED.,.F.,
  .F.,(2,2),(59.8,65.8),.PIECEWISE_BEZIER_KNOTS.);
#7902 = CARTESIAN_POINT('',(3.1,-119.6));
#7903 = CARTESIAN_POINT('',(3.1,-125.6));
#7904 = ( GEOMETRIC_REPRESENTATION_CONTEXT(2) 
PARAMETRIC_REPRESENTATION_CONTEXT() REPRESENTATION_CONTEXT('2D SPACE',''
  ) );
#7905 = ORIENTED_EDGE('',*,*,#7906,.F.);
#7906 = EDGE_CURVE('',#6493,#7886,#7907,.T.);
#7907 = SURFACE_CURVE('',#7908,(#7912,#7918),.PCURVE_S1.);
#7908 = LINE('',#7909,#7910);
#7909 = CARTESIAN_POINT('',(-78.,62.8,16.1));
#7910 = VECTOR('',#7911,1.);
#7911 = DIRECTION('',(-1.,0.,0.));
#7912 = PCURVE('',#6324,#7913);
#7913 = DEFINITIONAL_REPRESENTATION('',(#7914),#7917);
#7914 = B_SPLINE_CURVE_WITH_KNOTS('',1,(#7915,#7916),.UNSPECIFIED.,.F.,
  .F.,(2,2),(-7.,-1.),.PIECEWISE_BEZIER_KNOTS.);
#7915 = CARTESIAN_POINT('',(8.,6.));
#7916 = CARTESIAN_POINT('',(2.,6.));
#7917 = ( GEOMETRIC_REPRESENTATION_CONTEXT(2) 
PARAMETRIC_REPRESENTATION_CONTEXT() REPRESENTATION_CONTEXT('2D SPACE',''
  ) );
#7918 = PCURVE('',#6530,#7919);
#7919 = DEFINITIONAL_REPRESENTATION('',(#7920),#7923);
#7920 = B_SPLINE_CURVE_WITH_KNOTS('',1,(#7921,#7922),.UNSPECIFIED.,.F.,
  .F.,(2,2),(-7.,-1.),.PIECEWISE_BEZIER_KNOTS.);
#7921 = CARTESIAN_POINT('',(3.1,6.));
#7922 = CARTESIAN_POINT('',(3.1,0.));
#7923 = ( GEOMETRIC_REPRESENTATION_CONTEXT(2) 
PARAMETRIC_REPRESENTATION_CONTEXT() REPRESENTATION_CONTEXT('2D SPACE',''
  ) );
#7924 = ORIENTED_EDGE('',*,*,#6492,.T.);
#7925 = ADVANCED_FACE('',(#7926),#6475,.T.);
#7926 = FACE_BOUND('',#7927,.T.);
#7927 = EDGE_LOOP('',(#7928,#7951,#7952,#7953));
#7928 = ORIENTED_EDGE('',*,*,#7929,.F.);
#7929 = EDGE_CURVE('',#6437,#7930,#7932,.T.);
#7930 = VERTEX_POINT('',#7931);
#7931 = CARTESIAN_POINT('',(-77.,62.8,13.));
#7932 = SURFACE_CURVE('',#7933,(#7937,#7944),.PCURVE_S1.);
#7933 = LINE('',#7934,#7935);
#7934 = CARTESIAN_POINT('',(-77.,-62.8,13.));
#7935 = VECTOR('',#7936,1.);
#7936 = DIRECTION('',(0.,1.,0.));
#7937 = PCURVE('',#6475,#7938);
#7938 = DEFINITIONAL_REPRESENTATION('',(#7939),#7943);
#7939 = LINE('',#7940,#7941);
#7940 = CARTESIAN_POINT('',(0.,0.));
#7941 = VECTOR('',#7942,1.);
#7942 = DIRECTION('',(0.,1.));
#7943 = ( GEOMETRIC_REPRESENTATION_CONTEXT(2) 
PARAMETRIC_REPRESENTATION_CONTEXT() REPRESENTATION_CONTEXT('2D SPACE',''
  ) );
#7944 = PCURVE('',#6451,#7945);
#7945 = DEFINITIONAL_REPRESENTATION('',(#7946),#7950);
#7946 = LINE('',#7947,#7948);
#7947 = CARTESIAN_POINT('',(0.,0.));
#7948 = VECTOR('',#7949,1.);
#7949 = DIRECTION('',(0.,-1.));
#7950 = ( GEOMETRIC_REPRESENTATION_CONTEXT(2) 
PARAMETRIC_REPRESENTATION_CONTEXT() REPRESENTATION_CONTEXT('2D SPACE',''
  ) );
#7951 = ORIENTED_EDGE('',*,*,#6462,.T.);
#7952 = ORIENTED_EDGE('',*,*,#6541,.F.);
#7953 = ORIENTED_EDGE('',*,*,#7954,.F.);
#7954 = EDGE_CURVE('',#7930,#6516,#7955,.T.);
#7955 = SURFACE_CURVE('',#7956,(#7960,#7967),.PCURVE_S1.);
#7956 = LINE('',#7957,#7958);
#7957 = CARTESIAN_POINT('',(-77.,62.8,13.));
#7958 = VECTOR('',#7959,1.);
#7959 = DIRECTION('',(1.,0.,0.));
#7960 = PCURVE('',#6475,#7961);
#7961 = DEFINITIONAL_REPRESENTATION('',(#7962),#7966);
#7962 = LINE('',#7963,#7964);
#7963 = CARTESIAN_POINT('',(0.,125.6));
#7964 = VECTOR('',#7965,1.);
#7965 = DIRECTION('',(1.,0.));
#7966 = ( GEOMETRIC_REPRESENTATION_CONTEXT(2) 
PARAMETRIC_REPRESENTATION_CONTEXT() REPRESENTATION_CONTEXT('2D SPACE',''
  ) );
#7967 = PCURVE('',#6530,#7968);
#7968 = DEFINITIONAL_REPRESENTATION('',(#7969),#7973);
#7969 = LINE('',#7970,#7971);
#7970 = CARTESIAN_POINT('',(0.,0.));
#7971 = VECTOR('',#7972,1.);
#7972 = DIRECTION('',(0.,1.));
#7973 = ( GEOMETRIC_REPRESENTATION_CONTEXT(2) 
PARAMETRIC_REPRESENTATION_CONTEXT() REPRESENTATION_CONTEXT('2D SPACE',''
  ) );
#7974 = ADVANCED_FACE('',(#7975),#6451,.T.);
#7975 = FACE_BOUND('',#7976,.T.);
#7976 = EDGE_LOOP('',(#7977,#7978,#7979,#8000));
#7977 = ORIENTED_EDGE('',*,*,#6436,.T.);
#7978 = ORIENTED_EDGE('',*,*,#7929,.T.);
#7979 = ORIENTED_EDGE('',*,*,#7980,.T.);
#7980 = EDGE_CURVE('',#7930,#7886,#7981,.T.);
#7981 = SURFACE_CURVE('',#7982,(#7986,#7993),.PCURVE_S1.);
#7982 = LINE('',#7983,#7984);
#7983 = CARTESIAN_POINT('',(-77.,62.8,13.));
#7984 = VECTOR('',#7985,1.);
#7985 = DIRECTION('',(0.,0.,1.));
#7986 = PCURVE('',#6451,#7987);
#7987 = DEFINITIONAL_REPRESENTATION('',(#7988),#7992);
#7988 = LINE('',#7989,#7990);
#7989 = CARTESIAN_POINT('',(0.,-125.6));
#7990 = VECTOR('',#7991,1.);
#7991 = DIRECTION('',(1.,0.));
#7992 = ( GEOMETRIC_REPRESENTATION_CONTEXT(2) 
PARAMETRIC_REPRESENTATION_CONTEXT() REPRESENTATION_CONTEXT('2D SPACE',''
  ) );
#7993 = PCURVE('',#6530,#7994);
#7994 = DEFINITIONAL_REPRESENTATION('',(#7995),#7999);
#7995 = LINE('',#7996,#7997);
#7996 = CARTESIAN_POINT('',(0.,0.));
#7997 = VECTOR('',#7998,1.);
#7998 = DIRECTION('',(1.,0.));
#7999 = ( GEOMETRIC_REPRESENTATION_CONTEXT(2) 
PARAMETRIC_REPRESENTATION_CONTEXT() REPRESENTATION_CONTEXT('2D SPACE',''
  ) );
#8000 = ORIENTED_EDGE('',*,*,#7885,.F.);
#8001 = ADVANCED_FACE('',(#8002),#6530,.F.);
#8002 = FACE_BOUND('',#8003,.F.);
#8003 = EDGE_LOOP('',(#8004,#8005,#8006,#8007));
#8004 = ORIENTED_EDGE('',*,*,#7954,.F.);
#8005 = ORIENTED_EDGE('',*,*,#7980,.T.);
#8006 = ORIENTED_EDGE('',*,*,#7906,.F.);
#8007 = ORIENTED_EDGE('',*,*,#6515,.F.);
#8008 = ADVANCED_FACE('',(#8009),#6677,.T.);
#8009 = FACE_BOUND('',#8010,.T.);
#8010 = EDGE_LOOP('',(#8011,#8034,#8035,#8036));
#8011 = ORIENTED_EDGE('',*,*,#8012,.F.);
#8012 = EDGE_CURVE('',#6639,#8013,#8015,.T.);
#8013 = VERTEX_POINT('',#8014);
#8014 = CARTESIAN_POINT('',(-0.4,62.8,13.));
#8015 = SURFACE_CURVE('',#8016,(#8020,#8027),.PCURVE_S1.);
#8016 = LINE('',#8017,#8018);
#8017 = CARTESIAN_POINT('',(-77.,62.8,13.));
#8018 = VECTOR('',#8019,1.);
#8019 = DIRECTION('',(1.,0.,0.));
#8020 = PCURVE('',#6677,#8021);
#8021 = DEFINITIONAL_REPRESENTATION('',(#8022),#8026);
#8022 = LINE('',#8023,#8024);
#8023 = CARTESIAN_POINT('',(0.,125.6));
#8024 = VECTOR('',#8025,1.);
#8025 = DIRECTION('',(1.,0.));
#8026 = ( GEOMETRIC_REPRESENTATION_CONTEXT(2) 
PARAMETRIC_REPRESENTATION_CONTEXT() REPRESENTATION_CONTEXT('2D SPACE',''
  ) );
#8027 = PCURVE('',#6653,#8028);
#8028 = DEFINITIONAL_REPRESENTATION('',(#8029),#8033);
#8029 = LINE('',#8030,#8031);
#8030 = CARTESIAN_POINT('',(0.,0.));
#8031 = VECTOR('',#8032,1.);
#8032 = DIRECTION('',(0.,1.));
#8033 = ( GEOMETRIC_REPRESENTATION_CONTEXT(2) 
PARAMETRIC_REPRESENTATION_CONTEXT() REPRESENTATION_CONTEXT('2D SPACE',''
  ) );
#8034 = ORIENTED_EDGE('',*,*,#6664,.T.);
#8035 = ORIENTED_EDGE('',*,*,#6765,.T.);
#8036 = ORIENTED_EDGE('',*,*,#8037,.T.);
#8037 = EDGE_CURVE('',#6766,#8013,#8038,.T.);
#8038 = SURFACE_CURVE('',#8039,(#8043,#8050),.PCURVE_S1.);
#8039 = LINE('',#8040,#8041);
#8040 = CARTESIAN_POINT('',(-0.4,-62.8,13.));
#8041 = VECTOR('',#8042,1.);
#8042 = DIRECTION('',(0.,1.,0.));
#8043 = PCURVE('',#6677,#8044);
#8044 = DEFINITIONAL_REPRESENTATION('',(#8045),#8049);
#8045 = LINE('',#8046,#8047);
#8046 = CARTESIAN_POINT('',(76.6,0.));
#8047 = VECTOR('',#8048,1.);
#8048 = DIRECTION('',(0.,1.));
#8049 = ( GEOMETRIC_REPRESENTATION_CONTEXT(2) 
PARAMETRIC_REPRESENTATION_CONTEXT() REPRESENTATION_CONTEXT('2D SPACE',''
  ) );
#8050 = PCURVE('',#6801,#8051);
#8051 = DEFINITIONAL_REPRESENTATION('',(#8052),#8056);
#8052 = LINE('',#8053,#8054);
#8053 = CARTESIAN_POINT('',(0.,0.));
#8054 = VECTOR('',#8055,1.);
#8055 = DIRECTION('',(0.,-1.));
#8056 = ( GEOMETRIC_REPRESENTATION_CONTEXT(2) 
PARAMETRIC_REPRESENTATION_CONTEXT() REPRESENTATION_CONTEXT('2D SPACE',''
  ) );
#8057 = ADVANCED_FACE('',(#8058),#6653,.F.);
#8058 = FACE_BOUND('',#8059,.F.);
#8059 = EDGE_LOOP('',(#8060,#8061,#8062,#8083));
#8060 = ORIENTED_EDGE('',*,*,#8012,.F.);
#8061 = ORIENTED_EDGE('',*,*,#6638,.T.);
#8062 = ORIENTED_EDGE('',*,*,#8063,.F.);
#8063 = EDGE_CURVE('',#8064,#6611,#8066,.T.);
#8064 = VERTEX_POINT('',#8065);
#8065 = CARTESIAN_POINT('',(-0.4,62.8,16.1));
#8066 = SURFACE_CURVE('',#8067,(#8071,#8077),.PCURVE_S1.);
#8067 = LINE('',#8068,#8069);
#8068 = CARTESIAN_POINT('',(-41.7,62.8,16.1));
#8069 = VECTOR('',#8070,1.);
#8070 = DIRECTION('',(-1.,0.,0.));
#8071 = PCURVE('',#6653,#8072);
#8072 = DEFINITIONAL_REPRESENTATION('',(#8073),#8076);
#8073 = B_SPLINE_CURVE_WITH_KNOTS('',1,(#8074,#8075),.UNSPECIFIED.,.F.,
  .F.,(2,2),(-41.3,-35.3),.PIECEWISE_BEZIER_KNOTS.);
#8074 = CARTESIAN_POINT('',(3.1,76.6));
#8075 = CARTESIAN_POINT('',(3.1,70.6));
#8076 = ( GEOMETRIC_REPRESENTATION_CONTEXT(2) 
PARAMETRIC_REPRESENTATION_CONTEXT() REPRESENTATION_CONTEXT('2D SPACE',''
  ) );
#8077 = PCURVE('',#6626,#8078);
#8078 = DEFINITIONAL_REPRESENTATION('',(#8079),#8082);
#8079 = B_SPLINE_CURVE_WITH_KNOTS('',1,(#8080,#8081),.UNSPECIFIED.,.F.,
  .F.,(2,2),(-41.3,-35.3),.PIECEWISE_BEZIER_KNOTS.);
#8080 = CARTESIAN_POINT('',(6.,6.));
#8081 = CARTESIAN_POINT('',(0.,6.));
#8082 = ( GEOMETRIC_REPRESENTATION_CONTEXT(2) 
PARAMETRIC_REPRESENTATION_CONTEXT() REPRESENTATION_CONTEXT('2D SPACE',''
  ) );
#8083 = ORIENTED_EDGE('',*,*,#8084,.F.);
#8084 = EDGE_CURVE('',#8013,#8064,#8085,.T.);
#8085 = SURFACE_CURVE('',#8086,(#8090,#8097),.PCURVE_S1.);
#8086 = LINE('',#8087,#8088);
#8087 = CARTESIAN_POINT('',(-0.4,62.8,13.));
#8088 = VECTOR('',#8089,1.);
#8089 = DIRECTION('',(0.,0.,1.));
#8090 = PCURVE('',#6653,#8091);
#8091 = DEFINITIONAL_REPRESENTATION('',(#8092),#8096);
#8092 = LINE('',#8093,#8094);
#8093 = CARTESIAN_POINT('',(0.,76.6));
#8094 = VECTOR('',#8095,1.);
#8095 = DIRECTION('',(1.,0.));
#8096 = ( GEOMETRIC_REPRESENTATION_CONTEXT(2) 
PARAMETRIC_REPRESENTATION_CONTEXT() REPRESENTATION_CONTEXT('2D SPACE',''
  ) );
#8097 = PCURVE('',#6801,#8098);
#8098 = DEFINITIONAL_REPRESENTATION('',(#8099),#8103);
#8099 = LINE('',#8100,#8101);
#8100 = CARTESIAN_POINT('',(0.,-125.6));
#8101 = VECTOR('',#8102,1.);
#8102 = DIRECTION('',(1.,0.));
#8103 = ( GEOMETRIC_REPRESENTATION_CONTEXT(2) 
PARAMETRIC_REPRESENTATION_CONTEXT() REPRESENTATION_CONTEXT('2D SPACE',''
  ) );
#8104 = ADVANCED_FACE('',(#8105),#6626,.T.);
#8105 = FACE_BOUND('',#8106,.T.);
#8106 = EDGE_LOOP('',(#8107,#8108,#8109,#8128,#8129,#8130));
#8107 = ORIENTED_EDGE('',*,*,#6610,.F.);
#8108 = ORIENTED_EDGE('',*,*,#8063,.F.);
#8109 = ORIENTED_EDGE('',*,*,#8110,.F.);
#8110 = EDGE_CURVE('',#6787,#8064,#8111,.T.);
#8111 = SURFACE_CURVE('',#8112,(#8116,#8122),.PCURVE_S1.);
#8112 = LINE('',#8113,#8114);
#8113 = CARTESIAN_POINT('',(-0.4,-3.,16.1));
#8114 = VECTOR('',#8115,1.);
#8115 = DIRECTION('',(0.,1.,0.));
#8116 = PCURVE('',#6626,#8117);
#8117 = DEFINITIONAL_REPRESENTATION('',(#8118),#8121);
#8118 = B_SPLINE_CURVE_WITH_KNOTS('',1,(#8119,#8120),.UNSPECIFIED.,.F.,
  .F.,(2,2),(59.8,65.8),.PIECEWISE_BEZIER_KNOTS.);
#8119 = CARTESIAN_POINT('',(6.,0.));
#8120 = CARTESIAN_POINT('',(6.,6.));
#8121 = ( GEOMETRIC_REPRESENTATION_CONTEXT(2) 
PARAMETRIC_REPRESENTATION_CONTEXT() REPRESENTATION_CONTEXT('2D SPACE',''
  ) );
#8122 = PCURVE('',#6801,#8123);
#8123 = DEFINITIONAL_REPRESENTATION('',(#8124),#8127);
#8124 = B_SPLINE_CURVE_WITH_KNOTS('',1,(#8125,#8126),.UNSPECIFIED.,.F.,
  .F.,(2,2),(59.8,65.8),.PIECEWISE_BEZIER_KNOTS.);
#8125 = CARTESIAN_POINT('',(3.1,-119.6));
#8126 = CARTESIAN_POINT('',(3.1,-125.6));
#8127 = ( GEOMETRIC_REPRESENTATION_CONTEXT(2) 
PARAMETRIC_REPRESENTATION_CONTEXT() REPRESENTATION_CONTEXT('2D SPACE',''
  ) );
#8128 = ORIENTED_EDGE('',*,*,#6812,.T.);
#8129 = ORIENTED_EDGE('',*,*,#6839,.T.);
#8130 = ORIENTED_EDGE('',*,*,#6693,.F.);
#8131 = ADVANCED_FACE('',(#8132),#6801,.F.);
#8132 = FACE_BOUND('',#8133,.F.);
#8133 = EDGE_LOOP('',(#8134,#8135,#8136,#8137));
#8134 = ORIENTED_EDGE('',*,*,#6786,.T.);
#8135 = ORIENTED_EDGE('',*,*,#8037,.T.);
#8136 = ORIENTED_EDGE('',*,*,#8084,.T.);
#8137 = ORIENTED_EDGE('',*,*,#8110,.F.);
#8138 = ADVANCED_FACE('',(#8139,#8142),#6901,.T.);
#8139 = FACE_BOUND('',#8140,.T.);
#8140 = EDGE_LOOP('',(#8141));
#8141 = ORIENTED_EDGE('',*,*,#6886,.T.);
#8142 = FACE_BOUND('',#8143,.T.);
#8143 = EDGE_LOOP('',(#8144));
#8144 = ORIENTED_EDGE('',*,*,#8145,.F.);
#8145 = EDGE_CURVE('',#8146,#8146,#8148,.T.);
#8146 = VERTEX_POINT('',#8147);
#8147 = CARTESIAN_POINT('',(7.7,13.5,8.));
#8148 = SURFACE_CURVE('',#8149,(#8154,#8161),.PCURVE_S1.);
#8149 = CIRCLE('',#8150,1.2);
#8150 = AXIS2_PLACEMENT_3D('',#8151,#8152,#8153);
#8151 = CARTESIAN_POINT('',(6.5,13.5,8.));
#8152 = DIRECTION('',(0.,0.,1.));
#8153 = DIRECTION('',(1.,0.,0.));
#8154 = PCURVE('',#6901,#8155);
#8155 = DEFINITIONAL_REPRESENTATION('',(#8156),#8160);
#8156 = CIRCLE('',#8157,1.2);
#8157 = AXIS2_PLACEMENT_2D('',#8158,#8159);
#8158 = CARTESIAN_POINT('',(0.,0.));
#8159 = DIRECTION('',(1.,0.));
#8160 = ( GEOMETRIC_REPRESENTATION_CONTEXT(2) 
PARAMETRIC_REPRESENTATION_CONTEXT() REPRESENTATION_CONTEXT('2D SPACE',''
  ) );
#8161 = PCURVE('',#8162,#8167);
#8162 = CYLINDRICAL_SURFACE('',#8163,1.2);
#8163 = AXIS2_PLACEMENT_3D('',#8164,#8165,#8166);
#8164 = CARTESIAN_POINT('',(6.5,13.5,8.));
#8165 = DIRECTION('',(-0.,-0.,-1.));
#8166 = DIRECTION('',(1.,0.,0.));
#8167 = DEFINITIONAL_REPRESENTATION('',(#8168),#8172);
#8168 = LINE('',#8169,#8170);
#8169 = CARTESIAN_POINT('',(-0.,0.));
#8170 = VECTOR('',#8171,1.);
#8171 = DIRECTION('',(-1.,0.));
#8172 = ( GEOMETRIC_REPRESENTATION_CONTEXT(2) 
PARAMETRIC_REPRESENTATION_CONTEXT() REPRESENTATION_CONTEXT('2D SPACE',''
  ) );
#8173 = ADVANCED_FACE('',(#8174,#8177),#6956,.T.);
#8174 = FACE_BOUND('',#8175,.T.);
#8175 = EDGE_LOOP('',(#8176));
#8176 = ORIENTED_EDGE('',*,*,#6941,.T.);
#8177 = FACE_BOUND('',#8178,.T.);
#8178 = EDGE_LOOP('',(#8179));
#8179 = ORIENTED_EDGE('',*,*,#8180,.F.);
#8180 = EDGE_CURVE('',#8181,#8181,#8183,.T.);
#8181 = VERTEX_POINT('',#8182);
#8182 = CARTESIAN_POINT('',(56.7,13.5,8.));
#8183 = SURFACE_CURVE('',#8184,(#8189,#8196),.PCURVE_S1.);
#8184 = CIRCLE('',#8185,1.2);
#8185 = AXIS2_PLACEMENT_3D('',#8186,#8187,#8188);
#8186 = CARTESIAN_POINT('',(55.5,13.5,8.));
#8187 = DIRECTION('',(0.,0.,1.));
#8188 = DIRECTION('',(1.,0.,0.));
#8189 = PCURVE('',#6956,#8190);
#8190 = DEFINITIONAL_REPRESENTATION('',(#8191),#8195);
#8191 = CIRCLE('',#8192,1.2);
#8192 = AXIS2_PLACEMENT_2D('',#8193,#8194);
#8193 = CARTESIAN_POINT('',(0.,0.));
#8194 = DIRECTION('',(1.,0.));
#8195 = ( GEOMETRIC_REPRESENTATION_CONTEXT(2) 
PARAMETRIC_REPRESENTATION_CONTEXT() REPRESENTATION_CONTEXT('2D SPACE',''
  ) );
#8196 = PCURVE('',#8197,#8202);
#8197 = CYLINDRICAL_SURFACE('',#8198,1.2);
#8198 = AXIS2_PLACEMENT_3D('',#8199,#8200,#8201);
#8199 = CARTESIAN_POINT('',(55.5,13.5,8.));
#8200 = DIRECTION('',(-0.,-0.,-1.));
#8201 = DIRECTION('',(1.,0.,0.));
#8202 = DEFINITIONAL_REPRESENTATION('',(#8203),#8207);
#8203 = LINE('',#8204,#8205);
#8204 = CARTESIAN_POINT('',(-0.,0.));
#8205 = VECTOR('',#8206,1.);
#8206 = DIRECTION('',(-1.,0.));
#8207 = ( GEOMETRIC_REPRESENTATION_CONTEXT(2) 
PARAMETRIC_REPRESENTATION_CONTEXT() REPRESENTATION_CONTEXT('2D SPACE',''
  ) );
#8208 = ADVANCED_FACE('',(#8209),#7034,.T.);
#8209 = FACE_BOUND('',#8210,.T.);
#8210 = EDGE_LOOP('',(#8211,#8212,#8213,#8214,#8215,#8216,#8217,#8218,
    #8219,#8220,#8221,#8222));
#8211 = ORIENTED_EDGE('',*,*,#7051,.F.);
#8212 = ORIENTED_EDGE('',*,*,#7020,.F.);
#8213 = ORIENTED_EDGE('',*,*,#7100,.T.);
#8214 = ORIENTED_EDGE('',*,*,#7217,.T.);
#8215 = ORIENTED_EDGE('',*,*,#7311,.T.);
#8216 = ORIENTED_EDGE('',*,*,#7403,.T.);
#8217 = ORIENTED_EDGE('',*,*,#7497,.F.);
#8218 = ORIENTED_EDGE('',*,*,#7522,.F.);
#8219 = ORIENTED_EDGE('',*,*,#7450,.T.);
#8220 = ORIENTED_EDGE('',*,*,#7356,.F.);
#8221 = ORIENTED_EDGE('',*,*,#7261,.T.);
#8222 = ORIENTED_EDGE('',*,*,#7170,.T.);
#8223 = ADVANCED_FACE('',(#8224),#7832,.T.);
#8224 = FACE_BOUND('',#8225,.F.);
#8225 = EDGE_LOOP('',(#8226,#8249,#8276,#8277));
#8226 = ORIENTED_EDGE('',*,*,#8227,.T.);
#8227 = EDGE_CURVE('',#7816,#8228,#8230,.T.);
#8228 = VERTEX_POINT('',#8229);
#8229 = CARTESIAN_POINT('',(7.7,-44.5,10.6));
#8230 = SEAM_CURVE('',#8231,(#8235,#8242),.PCURVE_S1.);
#8231 = LINE('',#8232,#8233);
#8232 = CARTESIAN_POINT('',(7.7,-44.5,8.));
#8233 = VECTOR('',#8234,1.);
#8234 = DIRECTION('',(0.,0.,1.));
#8235 = PCURVE('',#7832,#8236);
#8236 = DEFINITIONAL_REPRESENTATION('',(#8237),#8241);
#8237 = LINE('',#8238,#8239);
#8238 = CARTESIAN_POINT('',(-0.,0.));
#8239 = VECTOR('',#8240,1.);
#8240 = DIRECTION('',(-0.,-1.));
#8241 = ( GEOMETRIC_REPRESENTATION_CONTEXT(2) 
PARAMETRIC_REPRESENTATION_CONTEXT() REPRESENTATION_CONTEXT('2D SPACE',''
  ) );
#8242 = PCURVE('',#7832,#8243);
#8243 = DEFINITIONAL_REPRESENTATION('',(#8244),#8248);
#8244 = LINE('',#8245,#8246);
#8245 = CARTESIAN_POINT('',(-6.28318530718,0.));
#8246 = VECTOR('',#8247,1.);
#8247 = DIRECTION('',(-0.,-1.));
#8248 = ( GEOMETRIC_REPRESENTATION_CONTEXT(2) 
PARAMETRIC_REPRESENTATION_CONTEXT() REPRESENTATION_CONTEXT('2D SPACE',''
  ) );
#8249 = ORIENTED_EDGE('',*,*,#8250,.T.);
#8250 = EDGE_CURVE('',#8228,#8228,#8251,.T.);
#8251 = SURFACE_CURVE('',#8252,(#8257,#8264),.PCURVE_S1.);
#8252 = CIRCLE('',#8253,1.2);
#8253 = AXIS2_PLACEMENT_3D('',#8254,#8255,#8256);
#8254 = CARTESIAN_POINT('',(6.5,-44.5,10.6));
#8255 = DIRECTION('',(0.,0.,1.));
#8256 = DIRECTION('',(1.,0.,-0.));
#8257 = PCURVE('',#7832,#8258);
#8258 = DEFINITIONAL_REPRESENTATION('',(#8259),#8263);
#8259 = LINE('',#8260,#8261);
#8260 = CARTESIAN_POINT('',(-0.,-2.6));
#8261 = VECTOR('',#8262,1.);
#8262 = DIRECTION('',(-1.,0.));
#8263 = ( GEOMETRIC_REPRESENTATION_CONTEXT(2) 
PARAMETRIC_REPRESENTATION_CONTEXT() REPRESENTATION_CONTEXT('2D SPACE',''
  ) );
#8264 = PCURVE('',#8265,#8270);
#8265 = CONICAL_SURFACE('',#8266,1.2,0.785398163397);
#8266 = AXIS2_PLACEMENT_3D('',#8267,#8268,#8269);
#8267 = CARTESIAN_POINT('',(6.5,-44.5,10.6));
#8268 = DIRECTION('',(-0.,-0.,-1.));
#8269 = DIRECTION('',(1.,0.,0.));
#8270 = DEFINITIONAL_REPRESENTATION('',(#8271),#8275);
#8271 = LINE('',#8272,#8273);
#8272 = CARTESIAN_POINT('',(-0.,-0.));
#8273 = VECTOR('',#8274,1.);
#8274 = DIRECTION('',(-1.,-0.));
#8275 = ( GEOMETRIC_REPRESENTATION_CONTEXT(2) 
PARAMETRIC_REPRESENTATION_CONTEXT() REPRESENTATION_CONTEXT('2D SPACE',''
  ) );
#8276 = ORIENTED_EDGE('',*,*,#8227,.F.);
#8277 = ORIENTED_EDGE('',*,*,#7815,.F.);
#8278 = ADVANCED_FACE('',(#8279),#7867,.T.);
#8279 = FACE_BOUND('',#8280,.F.);
#8280 = EDGE_LOOP('',(#8281,#8304,#8331,#8332));
#8281 = ORIENTED_EDGE('',*,*,#8282,.T.);
#8282 = EDGE_CURVE('',#7851,#8283,#8285,.T.);
#8283 = VERTEX_POINT('',#8284);
#8284 = CARTESIAN_POINT('',(56.7,-44.5,10.6));
#8285 = SEAM_CURVE('',#8286,(#8290,#8297),.PCURVE_S1.);
#8286 = LINE('',#8287,#8288);
#8287 = CARTESIAN_POINT('',(56.7,-44.5,8.));
#8288 = VECTOR('',#8289,1.);
#8289 = DIRECTION('',(0.,0.,1.));
#8290 = PCURVE('',#7867,#8291);
#8291 = DEFINITIONAL_REPRESENTATION('',(#8292),#8296);
#8292 = LINE('',#8293,#8294);
#8293 = CARTESIAN_POINT('',(-0.,0.));
#8294 = VECTOR('',#8295,1.);
#8295 = DIRECTION('',(-0.,-1.));
#8296 = ( GEOMETRIC_REPRESENTATION_CONTEXT(2) 
PARAMETRIC_REPRESENTATION_CONTEXT() REPRESENTATION_CONTEXT('2D SPACE',''
  ) );
#8297 = PCURVE('',#7867,#8298);
#8298 = DEFINITIONAL_REPRESENTATION('',(#8299),#8303);
#8299 = LINE('',#8300,#8301);
#8300 = CARTESIAN_POINT('',(-6.28318530718,0.));
#8301 = VECTOR('',#8302,1.);
#8302 = DIRECTION('',(-0.,-1.));
#8303 = ( GEOMETRIC_REPRESENTATION_CONTEXT(2) 
PARAMETRIC_REPRESENTATION_CONTEXT() REPRESENTATION_CONTEXT('2D SPACE',''
  ) );
#8304 = ORIENTED_EDGE('',*,*,#8305,.T.);
#8305 = EDGE_CURVE('',#8283,#8283,#8306,.T.);
#8306 = SURFACE_CURVE('',#8307,(#8312,#8319),.PCURVE_S1.);
#8307 = CIRCLE('',#8308,1.2);
#8308 = AXIS2_PLACEMENT_3D('',#8309,#8310,#8311);
#8309 = CARTESIAN_POINT('',(55.5,-44.5,10.6));
#8310 = DIRECTION('',(0.,0.,1.));
#8311 = DIRECTION('',(1.,0.,-0.));
#8312 = PCURVE('',#7867,#8313);
#8313 = DEFINITIONAL_REPRESENTATION('',(#8314),#8318);
#8314 = LINE('',#8315,#8316);
#8315 = CARTESIAN_POINT('',(-0.,-2.6));
#8316 = VECTOR('',#8317,1.);
#8317 = DIRECTION('',(-1.,0.));
#8318 = ( GEOMETRIC_REPRESENTATION_CONTEXT(2) 
PARAMETRIC_REPRESENTATION_CONTEXT() REPRESENTATION_CONTEXT('2D SPACE',''
  ) );
#8319 = PCURVE('',#8320,#8325);
#8320 = CONICAL_SURFACE('',#8321,1.2,0.785398163397);
#8321 = AXIS2_PLACEMENT_3D('',#8322,#8323,#8324);
#8322 = CARTESIAN_POINT('',(55.5,-44.5,10.6));
#8323 = DIRECTION('',(-0.,-0.,-1.));
#8324 = DIRECTION('',(1.,0.,0.));
#8325 = DEFINITIONAL_REPRESENTATION('',(#8326),#8330);
#8326 = LINE('',#8327,#8328);
#8327 = CARTESIAN_POINT('',(-0.,-0.));
#8328 = VECTOR('',#8329,1.);
#8329 = DIRECTION('',(-1.,-0.));
#8330 = ( GEOMETRIC_REPRESENTATION_CONTEXT(2) 
PARAMETRIC_REPRESENTATION_CONTEXT() REPRESENTATION_CONTEXT('2D SPACE',''
  ) );
#8331 = ORIENTED_EDGE('',*,*,#8282,.F.);
#8332 = ORIENTED_EDGE('',*,*,#7850,.F.);
#8333 = ADVANCED_FACE('',(#8334),#8162,.T.);
#8334 = FACE_BOUND('',#8335,.F.);
#8335 = EDGE_LOOP('',(#8336,#8359,#8386,#8387));
#8336 = ORIENTED_EDGE('',*,*,#8337,.T.);
#8337 = EDGE_CURVE('',#8146,#8338,#8340,.T.);
#8338 = VERTEX_POINT('',#8339);
#8339 = CARTESIAN_POINT('',(7.7,13.5,10.6));
#8340 = SEAM_CURVE('',#8341,(#8345,#8352),.PCURVE_S1.);
#8341 = LINE('',#8342,#8343);
#8342 = CARTESIAN_POINT('',(7.7,13.5,8.));
#8343 = VECTOR('',#8344,1.);
#8344 = DIRECTION('',(0.,0.,1.));
#8345 = PCURVE('',#8162,#8346);
#8346 = DEFINITIONAL_REPRESENTATION('',(#8347),#8351);
#8347 = LINE('',#8348,#8349);
#8348 = CARTESIAN_POINT('',(-0.,0.));
#8349 = VECTOR('',#8350,1.);
#8350 = DIRECTION('',(-0.,-1.));
#8351 = ( GEOMETRIC_REPRESENTATION_CONTEXT(2) 
PARAMETRIC_REPRESENTATION_CONTEXT() REPRESENTATION_CONTEXT('2D SPACE',''
  ) );
#8352 = PCURVE('',#8162,#8353);
#8353 = DEFINITIONAL_REPRESENTATION('',(#8354),#8358);
#8354 = LINE('',#8355,#8356);
#8355 = CARTESIAN_POINT('',(-6.28318530718,0.));
#8356 = VECTOR('',#8357,1.);
#8357 = DIRECTION('',(-0.,-1.));
#8358 = ( GEOMETRIC_REPRESENTATION_CONTEXT(2) 
PARAMETRIC_REPRESENTATION_CONTEXT() REPRESENTATION_CONTEXT('2D SPACE',''
  ) );
#8359 = ORIENTED_EDGE('',*,*,#8360,.T.);
#8360 = EDGE_CURVE('',#8338,#8338,#8361,.T.);
#8361 = SURFACE_CURVE('',#8362,(#8367,#8374),.PCURVE_S1.);
#8362 = CIRCLE('',#8363,1.2);
#8363 = AXIS2_PLACEMENT_3D('',#8364,#8365,#8366);
#8364 = CARTESIAN_POINT('',(6.5,13.5,10.6));
#8365 = DIRECTION('',(0.,0.,1.));
#8366 = DIRECTION('',(1.,0.,-0.));
#8367 = PCURVE('',#8162,#8368);
#8368 = DEFINITIONAL_REPRESENTATION('',(#8369),#8373);
#8369 = LINE('',#8370,#8371);
#8370 = CARTESIAN_POINT('',(-0.,-2.6));
#8371 = VECTOR('',#8372,1.);
#8372 = DIRECTION('',(-1.,0.));
#8373 = ( GEOMETRIC_REPRESENTATION_CONTEXT(2) 
PARAMETRIC_REPRESENTATION_CONTEXT() REPRESENTATION_CONTEXT('2D SPACE',''
  ) );
#8374 = PCURVE('',#8375,#8380);
#8375 = CONICAL_SURFACE('',#8376,1.2,0.785398163397);
#8376 = AXIS2_PLACEMENT_3D('',#8377,#8378,#8379);
#8377 = CARTESIAN_POINT('',(6.5,13.5,10.6));
#8378 = DIRECTION('',(-0.,-0.,-1.));
#8379 = DIRECTION('',(1.,0.,0.));
#8380 = DEFINITIONAL_REPRESENTATION('',(#8381),#8385);
#8381 = LINE('',#8382,#8383);
#8382 = CARTESIAN_POINT('',(-0.,-0.));
#8383 = VECTOR('',#8384,1.);
#8384 = DIRECTION('',(-1.,-0.));
#8385 = ( GEOMETRIC_REPRESENTATION_CONTEXT(2) 
PARAMETRIC_REPRESENTATION_CONTEXT() REPRESENTATION_CONTEXT('2D SPACE',''
  ) );
#8386 = ORIENTED_EDGE('',*,*,#8337,.F.);
#8387 = ORIENTED_EDGE('',*,*,#8145,.F.);
#8388 = ADVANCED_FACE('',(#8389),#8197,.T.);
#8389 = FACE_BOUND('',#8390,.F.);
#8390 = EDGE_LOOP('',(#8391,#8414,#8441,#8442));
#8391 = ORIENTED_EDGE('',*,*,#8392,.T.);
#8392 = EDGE_CURVE('',#8181,#8393,#8395,.T.);
#8393 = VERTEX_POINT('',#8394);
#8394 = CARTESIAN_POINT('',(56.7,13.5,10.6));
#8395 = SEAM_CURVE('',#8396,(#8400,#8407),.PCURVE_S1.);
#8396 = LINE('',#8397,#8398);
#8397 = CARTESIAN_POINT('',(56.7,13.5,8.));
#8398 = VECTOR('',#8399,1.);
#8399 = DIRECTION('',(0.,0.,1.));
#8400 = PCURVE('',#8197,#8401);
#8401 = DEFINITIONAL_REPRESENTATION('',(#8402),#8406);
#8402 = LINE('',#8403,#8404);
#8403 = CARTESIAN_POINT('',(-0.,0.));
#8404 = VECTOR('',#8405,1.);
#8405 = DIRECTION('',(-0.,-1.));
#8406 = ( GEOMETRIC_REPRESENTATION_CONTEXT(2) 
PARAMETRIC_REPRESENTATION_CONTEXT() REPRESENTATION_CONTEXT('2D SPACE',''
  ) );
#8407 = PCURVE('',#8197,#8408);
#8408 = DEFINITIONAL_REPRESENTATION('',(#8409),#8413);
#8409 = LINE('',#8410,#8411);
#8410 = CARTESIAN_POINT('',(-6.28318530718,0.));
#8411 = VECTOR('',#8412,1.);
#8412 = DIRECTION('',(-0.,-1.));
#8413 = ( GEOMETRIC_REPRESENTATION_CONTEXT(2) 
PARAMETRIC_REPRESENTATION_CONTEXT() REPRESENTATION_CONTEXT('2D SPACE',''
  ) );
#8414 = ORIENTED_EDGE('',*,*,#8415,.T.);
#8415 = EDGE_CURVE('',#8393,#8393,#8416,.T.);
#8416 = SURFACE_CURVE('',#8417,(#8422,#8429),.PCURVE_S1.);
#8417 = CIRCLE('',#8418,1.2);
#8418 = AXIS2_PLACEMENT_3D('',#8419,#8420,#8421);
#8419 = CARTESIAN_POINT('',(55.5,13.5,10.6));
#8420 = DIRECTION('',(0.,0.,1.));
#8421 = DIRECTION('',(1.,0.,-0.));
#8422 = PCURVE('',#8197,#8423);
#8423 = DEFINITIONAL_REPRESENTATION('',(#8424),#8428);
#8424 = LINE('',#8425,#8426);
#8425 = CARTESIAN_POINT('',(-0.,-2.6));
#8426 = VECTOR('',#8427,1.);
#8427 = DIRECTION('',(-1.,0.));
#8428 = ( GEOMETRIC_REPRESENTATION_CONTEXT(2) 
PARAMETRIC_REPRESENTATION_CONTEXT() REPRESENTATION_CONTEXT('2D SPACE',''
  ) );
#8429 = PCURVE('',#8430,#8435);
#8430 = CONICAL_SURFACE('',#8431,1.2,0.785398163397);
#8431 = AXIS2_PLACEMENT_3D('',#8432,#8433,#8434);
#8432 = CARTESIAN_POINT('',(55.5,13.5,10.6));
#8433 = DIRECTION('',(-0.,-0.,-1.));
#8434 = DIRECTION('',(1.,0.,0.));
#8435 = DEFINITIONAL_REPRESENTATION('',(#8436),#8440);
#8436 = LINE('',#8437,#8438);
#8437 = CARTESIAN_POINT('',(-0.,-0.));
#8438 = VECTOR('',#8439,1.);
#8439 = DIRECTION('',(-1.,-0.));
#8440 = ( GEOMETRIC_REPRESENTATION_CONTEXT(2) 
PARAMETRIC_REPRESENTATION_CONTEXT() REPRESENTATION_CONTEXT('2D SPACE',''
  ) );
#8441 = ORIENTED_EDGE('',*,*,#8392,.F.);
#8442 = ORIENTED_EDGE('',*,*,#8180,.F.);
#8443 = ADVANCED_FACE('',(#8444),#8265,.T.);
#8444 = FACE_BOUND('',#8445,.T.);
#8445 = EDGE_LOOP('',(#8446,#8467,#8468,#8469));
#8446 = ORIENTED_EDGE('',*,*,#8447,.F.);
#8447 = EDGE_CURVE('',#8228,#8448,#8450,.T.);
#8448 = VERTEX_POINT('',#8449);
#8449 = CARTESIAN_POINT('',(7.3,-44.5,11.));
#8450 = SEAM_CURVE('',#8451,(#8455,#8461),.PCURVE_S1.);
#8451 = LINE('',#8452,#8453);
#8452 = CARTESIAN_POINT('',(7.7,-44.5,10.6));
#8453 = VECTOR('',#8454,1.);
#8454 = DIRECTION('',(-0.707106781187,0.,0.707106781187));
#8455 = PCURVE('',#8265,#8456);
#8456 = DEFINITIONAL_REPRESENTATION('',(#8457),#8460);
#8457 = B_SPLINE_CURVE_WITH_KNOTS('',1,(#8458,#8459),.UNSPECIFIED.,.F.,
  .F.,(2,2),(0.,0.565685424949),.PIECEWISE_BEZIER_KNOTS.);
#8458 = CARTESIAN_POINT('',(0.,0.));
#8459 = CARTESIAN_POINT('',(0.,-0.4));
#8460 = ( GEOMETRIC_REPRESENTATION_CONTEXT(2) 
PARAMETRIC_REPRESENTATION_CONTEXT() REPRESENTATION_CONTEXT('2D SPACE',''
  ) );
#8461 = PCURVE('',#8265,#8462);
#8462 = DEFINITIONAL_REPRESENTATION('',(#8463),#8466);
#8463 = B_SPLINE_CURVE_WITH_KNOTS('',1,(#8464,#8465),.UNSPECIFIED.,.F.,
  .F.,(2,2),(0.,0.565685424949),.PIECEWISE_BEZIER_KNOTS.);
#8464 = CARTESIAN_POINT('',(-6.28318530718,0.));
#8465 = CARTESIAN_POINT('',(-6.28318530718,-0.4));
#8466 = ( GEOMETRIC_REPRESENTATION_CONTEXT(2) 
PARAMETRIC_REPRESENTATION_CONTEXT() REPRESENTATION_CONTEXT('2D SPACE',''
  ) );
#8467 = ORIENTED_EDGE('',*,*,#8250,.T.);
#8468 = ORIENTED_EDGE('',*,*,#8447,.T.);
#8469 = ORIENTED_EDGE('',*,*,#8470,.F.);
#8470 = EDGE_CURVE('',#8448,#8448,#8471,.T.);
#8471 = SURFACE_CURVE('',#8472,(#8477,#8484),.PCURVE_S1.);
#8472 = CIRCLE('',#8473,0.8);
#8473 = AXIS2_PLACEMENT_3D('',#8474,#8475,#8476);
#8474 = CARTESIAN_POINT('',(6.5,-44.5,11.));
#8475 = DIRECTION('',(0.,0.,1.));
#8476 = DIRECTION('',(1.,0.,-0.));
#8477 = PCURVE('',#8265,#8478);
#8478 = DEFINITIONAL_REPRESENTATION('',(#8479),#8483);
#8479 = LINE('',#8480,#8481);
#8480 = CARTESIAN_POINT('',(-0.,-0.4));
#8481 = VECTOR('',#8482,1.);
#8482 = DIRECTION('',(-1.,-0.));
#8483 = ( GEOMETRIC_REPRESENTATION_CONTEXT(2) 
PARAMETRIC_REPRESENTATION_CONTEXT() REPRESENTATION_CONTEXT('2D SPACE',''
  ) );
#8484 = PCURVE('',#8485,#8490);
#8485 = PLANE('',#8486);
#8486 = AXIS2_PLACEMENT_3D('',#8487,#8488,#8489);
#8487 = CARTESIAN_POINT('',(6.5,-44.5,11.));
#8488 = DIRECTION('',(0.,0.,1.));
#8489 = DIRECTION('',(1.,0.,-0.));
#8490 = DEFINITIONAL_REPRESENTATION('',(#8491),#8495);
#8491 = CIRCLE('',#8492,0.8);
#8492 = AXIS2_PLACEMENT_2D('',#8493,#8494);
#8493 = CARTESIAN_POINT('',(0.,0.));
#8494 = DIRECTION('',(1.,0.));
#8495 = ( GEOMETRIC_REPRESENTATION_CONTEXT(2) 
PARAMETRIC_REPRESENTATION_CONTEXT() REPRESENTATION_CONTEXT('2D SPACE',''
  ) );
#8496 = ADVANCED_FACE('',(#8497),#8320,.T.);
#8497 = FACE_BOUND('',#8498,.T.);
#8498 = EDGE_LOOP('',(#8499,#8520,#8521,#8522));
#8499 = ORIENTED_EDGE('',*,*,#8500,.F.);
#8500 = EDGE_CURVE('',#8283,#8501,#8503,.T.);
#8501 = VERTEX_POINT('',#8502);
#8502 = CARTESIAN_POINT('',(56.3,-44.5,11.));
#8503 = SEAM_CURVE('',#8504,(#8508,#8514),.PCURVE_S1.);
#8504 = LINE('',#8505,#8506);
#8505 = CARTESIAN_POINT('',(56.7,-44.5,10.6));
#8506 = VECTOR('',#8507,1.);
#8507 = DIRECTION('',(-0.707106781187,0.,0.707106781187));
#8508 = PCURVE('',#8320,#8509);
#8509 = DEFINITIONAL_REPRESENTATION('',(#8510),#8513);
#8510 = B_SPLINE_CURVE_WITH_KNOTS('',1,(#8511,#8512),.UNSPECIFIED.,.F.,
  .F.,(2,2),(0.,0.565685424949),.PIECEWISE_BEZIER_KNOTS.);
#8511 = CARTESIAN_POINT('',(0.,0.));
#8512 = CARTESIAN_POINT('',(0.,-0.4));
#8513 = ( GEOMETRIC_REPRESENTATION_CONTEXT(2) 
PARAMETRIC_REPRESENTATION_CONTEXT() REPRESENTATION_CONTEXT('2D SPACE',''
  ) );
#8514 = PCURVE('',#8320,#8515);
#8515 = DEFINITIONAL_REPRESENTATION('',(#8516),#8519);
#8516 = B_SPLINE_CURVE_WITH_KNOTS('',1,(#8517,#8518),.UNSPECIFIED.,.F.,
  .F.,(2,2),(0.,0.565685424949),.PIECEWISE_BEZIER_KNOTS.);
#8517 = CARTESIAN_POINT('',(-6.28318530718,0.));
#8518 = CARTESIAN_POINT('',(-6.28318530718,-0.4));
#8519 = ( GEOMETRIC_REPRESENTATION_CONTEXT(2) 
PARAMETRIC_REPRESENTATION_CONTEXT() REPRESENTATION_CONTEXT('2D SPACE',''
  ) );
#8520 = ORIENTED_EDGE('',*,*,#8305,.T.);
#8521 = ORIENTED_EDGE('',*,*,#8500,.T.);
#8522 = ORIENTED_EDGE('',*,*,#8523,.F.);
#8523 = EDGE_CURVE('',#8501,#8501,#8524,.T.);
#8524 = SURFACE_CURVE('',#8525,(#8530,#8537),.PCURVE_S1.);
#8525 = CIRCLE('',#8526,0.8);
#8526 = AXIS2_PLACEMENT_3D('',#8527,#8528,#8529);
#8527 = CARTESIAN_POINT('',(55.5,-44.5,11.));
#8528 = DIRECTION('',(0.,0.,1.));
#8529 = DIRECTION('',(1.,0.,-0.));
#8530 = PCURVE('',#8320,#8531);
#8531 = DEFINITIONAL_REPRESENTATION('',(#8532),#8536);
#8532 = LINE('',#8533,#8534);
#8533 = CARTESIAN_POINT('',(-0.,-0.4));
#8534 = VECTOR('',#8535,1.);
#8535 = DIRECTION('',(-1.,-0.));
#8536 = ( GEOMETRIC_REPRESENTATION_CONTEXT(2) 
PARAMETRIC_REPRESENTATION_CONTEXT() REPRESENTATION_CONTEXT('2D SPACE',''
  ) );
#8537 = PCURVE('',#8538,#8543);
#8538 = PLANE('',#8539);
#8539 = AXIS2_PLACEMENT_3D('',#8540,#8541,#8542);
#8540 = CARTESIAN_POINT('',(55.5,-44.5,11.));
#8541 = DIRECTION('',(0.,0.,1.));
#8542 = DIRECTION('',(1.,0.,-0.));
#8543 = DEFINITIONAL_REPRESENTATION('',(#8544),#8548);
#8544 = CIRCLE('',#8545,0.8);
#8545 = AXIS2_PLACEMENT_2D('',#8546,#8547);
#8546 = CARTESIAN_POINT('',(0.,0.));
#8547 = DIRECTION('',(1.,0.));
#8548 = ( GEOMETRIC_REPRESENTATION_CONTEXT(2) 
PARAMETRIC_REPRESENTATION_CONTEXT() REPRESENTATION_CONTEXT('2D SPACE',''
  ) );
#8549 = ADVANCED_FACE('',(#8550),#8375,.T.);
#8550 = FACE_BOUND('',#8551,.T.);
#8551 = EDGE_LOOP('',(#8552,#8573,#8574,#8575));
#8552 = ORIENTED_EDGE('',*,*,#8553,.F.);
#8553 = EDGE_CURVE('',#8338,#8554,#8556,.T.);
#8554 = VERTEX_POINT('',#8555);
#8555 = CARTESIAN_POINT('',(7.3,13.5,11.));
#8556 = SEAM_CURVE('',#8557,(#8561,#8567),.PCURVE_S1.);
#8557 = LINE('',#8558,#8559);
#8558 = CARTESIAN_POINT('',(7.7,13.5,10.6));
#8559 = VECTOR('',#8560,1.);
#8560 = DIRECTION('',(-0.707106781187,0.,0.707106781187));
#8561 = PCURVE('',#8375,#8562);
#8562 = DEFINITIONAL_REPRESENTATION('',(#8563),#8566);
#8563 = B_SPLINE_CURVE_WITH_KNOTS('',1,(#8564,#8565),.UNSPECIFIED.,.F.,
  .F.,(2,2),(0.,0.565685424949),.PIECEWISE_BEZIER_KNOTS.);
#8564 = CARTESIAN_POINT('',(0.,0.));
#8565 = CARTESIAN_POINT('',(0.,-0.4));
#8566 = ( GEOMETRIC_REPRESENTATION_CONTEXT(2) 
PARAMETRIC_REPRESENTATION_CONTEXT() REPRESENTATION_CONTEXT('2D SPACE',''
  ) );
#8567 = PCURVE('',#8375,#8568);
#8568 = DEFINITIONAL_REPRESENTATION('',(#8569),#8572);
#8569 = B_SPLINE_CURVE_WITH_KNOTS('',1,(#8570,#8571),.UNSPECIFIED.,.F.,
  .F.,(2,2),(0.,0.565685424949),.PIECEWISE_BEZIER_KNOTS.);
#8570 = CARTESIAN_POINT('',(-6.28318530718,0.));
#8571 = CARTESIAN_POINT('',(-6.28318530718,-0.4));
#8572 = ( GEOMETRIC_REPRESENTATION_CONTEXT(2) 
PARAMETRIC_REPRESENTATION_CONTEXT() REPRESENTATION_CONTEXT('2D SPACE',''
  ) );
#8573 = ORIENTED_EDGE('',*,*,#8360,.T.);
#8574 = ORIENTED_EDGE('',*,*,#8553,.T.);
#8575 = ORIENTED_EDGE('',*,*,#8576,.F.);
#8576 = EDGE_CURVE('',#8554,#8554,#8577,.T.);
#8577 = SURFACE_CURVE('',#8578,(#8583,#8590),.PCURVE_S1.);
#8578 = CIRCLE('',#8579,0.8);
#8579 = AXIS2_PLACEMENT_3D('',#8580,#8581,#8582);
#8580 = CARTESIAN_POINT('',(6.5,13.5,11.));
#8581 = DIRECTION('',(0.,0.,1.));
#8582 = DIRECTION('',(1.,0.,-0.));
#8583 = PCURVE('',#8375,#8584);
#8584 = DEFINITIONAL_REPRESENTATION('',(#8585),#8589);
#8585 = LINE('',#8586,#8587);
#8586 = CARTESIAN_POINT('',(-0.,-0.4));
#8587 = VECTOR('',#8588,1.);
#8588 = DIRECTION('',(-1.,-0.));
#8589 = ( GEOMETRIC_REPRESENTATION_CONTEXT(2) 
PARAMETRIC_REPRESENTATION_CONTEXT() REPRESENTATION_CONTEXT('2D SPACE',''
  ) );
#8590 = PCURVE('',#8591,#8596);
#8591 = PLANE('',#8592);
#8592 = AXIS2_PLACEMENT_3D('',#8593,#8594,#8595);
#8593 = CARTESIAN_POINT('',(6.5,13.5,11.));
#8594 = DIRECTION('',(0.,0.,1.));
#8595 = DIRECTION('',(1.,0.,-0.));
#8596 = DEFINITIONAL_REPRESENTATION('',(#8597),#8601);
#8597 = CIRCLE('',#8598,0.8);
#8598 = AXIS2_PLACEMENT_2D('',#8599,#8600);
#8599 = CARTESIAN_POINT('',(0.,0.));
#8600 = DIRECTION('',(1.,0.));
#8601 = ( GEOMETRIC_REPRESENTATION_CONTEXT(2) 
PARAMETRIC_REPRESENTATION_CONTEXT() REPRESENTATION_CONTEXT('2D SPACE',''
  ) );
#8602 = ADVANCED_FACE('',(#8603),#8430,.T.);
#8603 = FACE_BOUND('',#8604,.T.);
#8604 = EDGE_LOOP('',(#8605,#8626,#8627,#8628));
#8605 = ORIENTED_EDGE('',*,*,#8606,.F.);
#8606 = EDGE_CURVE('',#8393,#8607,#8609,.T.);
#8607 = VERTEX_POINT('',#8608);
#8608 = CARTESIAN_POINT('',(56.3,13.5,11.));
#8609 = SEAM_CURVE('',#8610,(#8614,#8620),.PCURVE_S1.);
#8610 = LINE('',#8611,#8612);
#8611 = CARTESIAN_POINT('',(56.7,13.5,10.6));
#8612 = VECTOR('',#8613,1.);
#8613 = DIRECTION('',(-0.707106781187,0.,0.707106781187));
#8614 = PCURVE('',#8430,#8615);
#8615 = DEFINITIONAL_REPRESENTATION('',(#8616),#8619);
#8616 = B_SPLINE_CURVE_WITH_KNOTS('',1,(#8617,#8618),.UNSPECIFIED.,.F.,
  .F.,(2,2),(0.,0.565685424949),.PIECEWISE_BEZIER_KNOTS.);
#8617 = CARTESIAN_POINT('',(0.,0.));
#8618 = CARTESIAN_POINT('',(0.,-0.4));
#8619 = ( GEOMETRIC_REPRESENTATION_CONTEXT(2) 
PARAMETRIC_REPRESENTATION_CONTEXT() REPRESENTATION_CONTEXT('2D SPACE',''
  ) );
#8620 = PCURVE('',#8430,#8621);
#8621 = DEFINITIONAL_REPRESENTATION('',(#8622),#8625);
#8622 = B_SPLINE_CURVE_WITH_KNOTS('',1,(#8623,#8624),.UNSPECIFIED.,.F.,
  .F.,(2,2),(0.,0.565685424949),.PIECEWISE_BEZIER_KNOTS.);
#8623 = CARTESIAN_POINT('',(-6.28318530718,0.));
#8624 = CARTESIAN_POINT('',(-6.28318530718,-0.4));
#8625 = ( GEOMETRIC_REPRESENTATION_CONTEXT(2) 
PARAMETRIC_REPRESENTATION_CONTEXT() REPRESENTATION_CONTEXT('2D SPACE',''
  ) );
#8626 = ORIENTED_EDGE('',*,*,#8415,.T.);
#8627 = ORIENTED_EDGE('',*,*,#8606,.T.);
#8628 = ORIENTED_EDGE('',*,*,#8629,.F.);
#8629 = EDGE_CURVE('',#8607,#8607,#8630,.T.);
#8630 = SURFACE_CURVE('',#8631,(#8636,#8643),.PCURVE_S1.);
#8631 = CIRCLE('',#8632,0.8);
#8632 = AXIS2_PLACEMENT_3D('',#8633,#8634,#8635);
#8633 = CARTESIAN_POINT('',(55.5,13.5,11.));
#8634 = DIRECTION('',(0.,0.,1.));
#8635 = DIRECTION('',(1.,0.,-0.));
#8636 = PCURVE('',#8430,#8637);
#8637 = DEFINITIONAL_REPRESENTATION('',(#8638),#8642);
#8638 = LINE('',#8639,#8640);
#8639 = CARTESIAN_POINT('',(-0.,-0.4));
#8640 = VECTOR('',#8641,1.);
#8641 = DIRECTION('',(-1.,-0.));
#8642 = ( GEOMETRIC_REPRESENTATION_CONTEXT(2) 
PARAMETRIC_REPRESENTATION_CONTEXT() REPRESENTATION_CONTEXT('2D SPACE',''
  ) );
#8643 = PCURVE('',#8644,#8649);
#8644 = PLANE('',#8645);
#8645 = AXIS2_PLACEMENT_3D('',#8646,#8647,#8648);
#8646 = CARTESIAN_POINT('',(55.5,13.5,11.));
#8647 = DIRECTION('',(0.,0.,1.));
#8648 = DIRECTION('',(1.,0.,-0.));
#8649 = DEFINITIONAL_REPRESENTATION('',(#8650),#8654);
#8650 = CIRCLE('',#8651,0.8);
#8651 = AXIS2_PLACEMENT_2D('',#8652,#8653);
#8652 = CARTESIAN_POINT('',(0.,0.));
#8653 = DIRECTION('',(1.,0.));
#8654 = ( GEOMETRIC_REPRESENTATION_CONTEXT(2) 
PARAMETRIC_REPRESENTATION_CONTEXT() REPRESENTATION_CONTEXT('2D SPACE',''
  ) );
#8655 = ADVANCED_FACE('',(#8656),#8485,.T.);
#8656 = FACE_BOUND('',#8657,.T.);
#8657 = EDGE_LOOP('',(#8658));
#8658 = ORIENTED_EDGE('',*,*,#8470,.T.);
#8659 = ADVANCED_FACE('',(#8660),#8538,.T.);
#8660 = FACE_BOUND('',#8661,.T.);
#8661 = EDGE_LOOP('',(#8662));
#8662 = ORIENTED_EDGE('',*,*,#8523,.T.);
#8663 = ADVANCED_FACE('',(#8664),#8591,.T.);
#8664 = FACE_BOUND('',#8665,.T.);
#8665 = EDGE_LOOP('',(#8666));
#8666 = ORIENTED_EDGE('',*,*,#8576,.T.);
#8667 = ADVANCED_FACE('',(#8668),#8644,.T.);
#8668 = FACE_BOUND('',#8669,.T.);
#8669 = EDGE_LOOP('',(#8670));
#8670 = ORIENTED_EDGE('',*,*,#8629,.T.);
#8671 = ( GEOMETRIC_REPRESENTATION_CONTEXT(3) 
GLOBAL_UNCERTAINTY_ASSIGNED_CONTEXT((#8675)) 
GLOBAL_UNIT_ASSIGNED_CONTEXT((#8672,#8673,#8674)) REPRESENTATION_CONTEXT
('Context #1','3D Context with UNIT and UNCERTAINTY') );
#8672 = ( LENGTH_UNIT() NAMED_UNIT(*) SI_UNIT(.MILLI.,.METRE.) );
#8673 = ( NAMED_UNIT(*) PLANE_ANGLE_UNIT() SI_UNIT($,.RADIAN.) );
#8674 = ( NAMED_UNIT(*) SI_UNIT($,.STERADIAN.) SOLID_ANGLE_UNIT() );
#8675 = UNCERTAINTY_MEASURE_WITH_UNIT(LENGTH_MEASURE(1.E-07),#8672,
  'distance_accuracy_value','confusion accuracy');
#8676 = PRODUCT_RELATED_PRODUCT_CATEGORY('part',$,(#7));
ENDSEC;
END-ISO-10303-21;
