ISO-10303-21;
HEADER;
FILE_DESCRIPTION(('Open CASCADE Model'),'2;1');
FILE_NAME('Open CASCADE Shape Model','2026-10-01T14:05:13',('Author'),(
    'Open CASCADE'),'Open CASCADE STEP processor 7.9','Open CASCADE 7.9'
  ,'Unknown');
FILE_SCHEMA(('AUTOMOTIVE_DESIGN { 1 0 10303 214 1 1 1 1 }'));
ENDSEC;
DATA;
#1 = APPLICATION_PROTOCOL_DEFINITION('international standard',
  'automotive_design',2000,#2);
#2 = APPLICATION_CONTEXT(
  'core data for automotive mechanical design processes');
#3 = SHAPE_DEFINITION_REPRESENTATION(#4,#10);
#4 = PRODUCT_DEFINITION_SHAPE('','',#5);
#5 = PRODUCT_DEFINITION('design','',#6,#9);
#6 = PRODUCT_DEFINITION_FORMATION('','',#7);
#7 = PRODUCT('Open CASCADE STEP translator 7.9 3',
  'Open CASCADE STEP translator 7.9 3','',(#8));
#8 = PRODUCT_CONTEXT('',#2,'mechanical');
#9 = PRODUCT_DEFINITION_CONTEXT('part definition',#2,'design');
#10 = ADVANCED_BREP_SHAPE_REPRESENTATION('',(#11,#15),#7992);
#11 = AXIS2_PLACEMENT_3D('',#12,#13,#14);
#12 = CARTESIAN_POINT('',(0.,0.,0.));
#13 = DIRECTION('',(0.,0.,1.));
#14 = DIRECTION('',(1.,0.,-0.));
#15 = MANIFOLD_SOLID_BREP('',#16);
#16 = CLOSED_SHELL('',(#17,#1284,#1358,#1462,#1511,#1616,#1663,#1762,
    #1811,#1918,#1971,#2047,#2094,#2141,#2195,#2249,#2296,#2343,#2375,
    #2451,#2498,#2545,#2599,#2653,#2700,#2747,#2779,#2855,#2902,#2949,
    #3003,#3057,#3104,#3151,#3183,#3259,#3306,#3353,#3407,#3461,#3508,
    #3555,#3587,#3612,#5930,#5937,#5944,#5951,#6520,#7057,#7106,#7155,
    #7182,#7237,#7292,#7347,#7402,#7429,#7476,#7503,#7530,#7537,#7584,
    #7611,#7638,#7645,#7692,#7719,#7746,#7753,#7800,#7827,#7854,#7861,
    #7908,#7935,#7962,#7969,#7976,#7980,#7984,#7988));
#17 = ADVANCED_FACE('',(#18,#332,#570,#808,#1046),#32,.T.);
#18 = FACE_BOUND('',#19,.F.);
#19 = EDGE_LOOP('',(#20,#53,#86,#109,#136,#137,#165,#191,#220,#246,#279,
    #305));
#20 = ORIENTED_EDGE('',*,*,#21,.F.);
#21 = EDGE_CURVE('',#22,#24,#26,.T.);
#22 = VERTEX_POINT('',#23);
#23 = CARTESIAN_POINT('',(107.12259332185,9.,8.));
#24 = VERTEX_POINT('',#25);
#25 = CARTESIAN_POINT('',(107.12259332185,9.,2.));
#26 = SURFACE_CURVE('',#27,(#31,#42),.PCURVE_S1.);
#27 = LINE('',#28,#29);
#28 = CARTESIAN_POINT('',(107.12259332185,9.,2.));
#29 = VECTOR('',#30,1.);
#30 = DIRECTION('',(-0.,-0.,-1.));
#31 = PCURVE('',#32,#37);
#32 = CYLINDRICAL_SURFACE('',#33,107.5);
#33 = AXIS2_PLACEMENT_3D('',#34,#35,#36);
#34 = CARTESIAN_POINT('',(0.,0.,2.));
#35 = DIRECTION('',(-0.,-0.,-1.));
#36 = DIRECTION('',(1.,0.,0.));
#37 = DEFINITIONAL_REPRESENTATION('',(#38),#41);
#38 = B_SPLINE_CURVE_WITH_KNOTS('',1,(#39,#40),.UNSPECIFIED.,.F.,.F.,(2,
    2),(-6.7,5.999999999062E-07),.PIECEWISE_BEZIER_KNOTS.);
#39 = CARTESIAN_POINT('',(-8.381904271814E-02,-6.7));
#40 = CARTESIAN_POINT('',(-8.381904271814E-02,5.999999999062E-07));
#41 = ( GEOMETRIC_REPRESENTATION_CONTEXT(2) 
PARAMETRIC_REPRESENTATION_CONTEXT() REPRESENTATION_CONTEXT('2D SPACE',''
  ) );
#42 = PCURVE('',#43,#48);
#43 = PLANE('',#44);
#44 = AXIS2_PLACEMENT_3D('',#45,#46,#47);
#45 = CARTESIAN_POINT('',(105.85,9.,1.));
#46 = DIRECTION('',(0.,1.,0.));
#47 = DIRECTION('',(0.,0.,1.));
#48 = DEFINITIONAL_REPRESENTATION('',(#49),#52);
#49 = B_SPLINE_CURVE_WITH_KNOTS('',1,(#50,#51),.UNSPECIFIED.,.F.,.F.,(2,
    2),(-6.7,5.999999999062E-07),.PIECEWISE_BEZIER_KNOTS.);
#50 = CARTESIAN_POINT('',(7.7,1.272593321857));
#51 = CARTESIAN_POINT('',(0.9999994,1.272593321857));
#52 = ( GEOMETRIC_REPRESENTATION_CONTEXT(2) 
PARAMETRIC_REPRESENTATION_CONTEXT() REPRESENTATION_CONTEXT('2D SPACE',''
  ) );
#53 = ORIENTED_EDGE('',*,*,#54,.T.);
#54 = EDGE_CURVE('',#22,#55,#57,.T.);
#55 = VERTEX_POINT('',#56);
#56 = CARTESIAN_POINT('',(107.5,0.,8.));
#57 = SURFACE_CURVE('',#58,(#63,#70),.PCURVE_S1.);
#58 = CIRCLE('',#59,107.5);
#59 = AXIS2_PLACEMENT_3D('',#60,#61,#62);
#60 = CARTESIAN_POINT('',(0.,0.,8.));
#61 = DIRECTION('',(0.,0.,-1.));
#62 = DIRECTION('',(1.,0.,0.));
#63 = PCURVE('',#32,#64);
#64 = DEFINITIONAL_REPRESENTATION('',(#65),#69);
#65 = LINE('',#66,#67);
#66 = CARTESIAN_POINT('',(-6.28318530718,-6.));
#67 = VECTOR('',#68,1.);
#68 = DIRECTION('',(1.,-0.));
#69 = ( GEOMETRIC_REPRESENTATION_CONTEXT(2) 
PARAMETRIC_REPRESENTATION_CONTEXT() REPRESENTATION_CONTEXT('2D SPACE',''
  ) );
#70 = PCURVE('',#71,#76);
#71 = PLANE('',#72);
#72 = AXIS2_PLACEMENT_3D('',#73,#74,#75);
#73 = CARTESIAN_POINT('',(105.85,-9.,8.));
#74 = DIRECTION('',(0.,0.,1.));
#75 = DIRECTION('',(1.,0.,0.));
#76 = DEFINITIONAL_REPRESENTATION('',(#77),#85);
#77 = ( BOUNDED_CURVE() B_SPLINE_CURVE(2,(#78,#79,#80,#81,#82,#83,#84),
.UNSPECIFIED.,.T.,.F.) B_SPLINE_CURVE_WITH_KNOTS((1,2,2,2,2,1),(
    -2.094395102393,0.,2.094395102393,4.188790204786,6.28318530718,
8.377580409573),.UNSPECIFIED.) CURVE() GEOMETRIC_REPRESENTATION_ITEM() 
RATIONAL_B_SPLINE_CURVE((1.,0.5,1.,0.5,1.,0.5,1.)) REPRESENTATION_ITEM(
  '') );
#78 = CARTESIAN_POINT('',(1.65,9.));
#79 = CARTESIAN_POINT('',(1.65,-177.1954618136));
#80 = CARTESIAN_POINT('',(-159.6,-84.09773090682));
#81 = CARTESIAN_POINT('',(-320.85,9.));
#82 = CARTESIAN_POINT('',(-159.6,102.09773090682));
#83 = CARTESIAN_POINT('',(1.65,195.19546181365));
#84 = CARTESIAN_POINT('',(1.65,9.));
#85 = ( GEOMETRIC_REPRESENTATION_CONTEXT(2) 
PARAMETRIC_REPRESENTATION_CONTEXT() REPRESENTATION_CONTEXT('2D SPACE',''
  ) );
#86 = ORIENTED_EDGE('',*,*,#87,.T.);
#87 = EDGE_CURVE('',#55,#88,#90,.T.);
#88 = VERTEX_POINT('',#89);
#89 = CARTESIAN_POINT('',(107.5,0.,43.8));
#90 = SEAM_CURVE('',#91,(#95,#102),.PCURVE_S1.);
#91 = LINE('',#92,#93);
#92 = CARTESIAN_POINT('',(107.5,0.,2.));
#93 = VECTOR('',#94,1.);
#94 = DIRECTION('',(0.,0.,1.));
#95 = PCURVE('',#32,#96);
#96 = DEFINITIONAL_REPRESENTATION('',(#97),#101);
#97 = LINE('',#98,#99);
#98 = CARTESIAN_POINT('',(-6.28318530718,0.));
#99 = VECTOR('',#100,1.);
#100 = DIRECTION('',(-0.,-1.));
#101 = ( GEOMETRIC_REPRESENTATION_CONTEXT(2) 
PARAMETRIC_REPRESENTATION_CONTEXT() REPRESENTATION_CONTEXT('2D SPACE',''
  ) );
#102 = PCURVE('',#32,#103);
#103 = DEFINITIONAL_REPRESENTATION('',(#104),#108);
#104 = LINE('',#105,#106);
#105 = CARTESIAN_POINT('',(-0.,0.));
#106 = VECTOR('',#107,1.);
#107 = DIRECTION('',(-0.,-1.));
#108 = ( GEOMETRIC_REPRESENTATION_CONTEXT(2) 
PARAMETRIC_REPRESENTATION_CONTEXT() REPRESENTATION_CONTEXT('2D SPACE',''
  ) );
#109 = ORIENTED_EDGE('',*,*,#110,.T.);
#110 = EDGE_CURVE('',#88,#88,#111,.T.);
#111 = SURFACE_CURVE('',#112,(#117,#124),.PCURVE_S1.);
#112 = CIRCLE('',#113,107.5);
#113 = AXIS2_PLACEMENT_3D('',#114,#115,#116);
#114 = CARTESIAN_POINT('',(0.,0.,43.8));
#115 = DIRECTION('',(0.,0.,1.));
#116 = DIRECTION('',(1.,0.,-0.));
#117 = PCURVE('',#32,#118);
#118 = DEFINITIONAL_REPRESENTATION('',(#119),#123);
#119 = LINE('',#120,#121);
#120 = CARTESIAN_POINT('',(-0.,-41.8));
#121 = VECTOR('',#122,1.);
#122 = DIRECTION('',(-1.,0.));
#123 = ( GEOMETRIC_REPRESENTATION_CONTEXT(2) 
PARAMETRIC_REPRESENTATION_CONTEXT() REPRESENTATION_CONTEXT('2D SPACE',''
  ) );
#124 = PCURVE('',#125,#130);
#125 = CONICAL_SURFACE('',#126,107.5,0.785398163397);
#126 = AXIS2_PLACEMENT_3D('',#127,#128,#129);
#127 = CARTESIAN_POINT('',(0.,0.,43.8));
#128 = DIRECTION('',(-0.,-0.,-1.));
#129 = DIRECTION('',(1.,0.,0.));
#130 = DEFINITIONAL_REPRESENTATION('',(#131),#135);
#131 = LINE('',#132,#133);
#132 = CARTESIAN_POINT('',(-0.,-0.));
#133 = VECTOR('',#134,1.);
#134 = DIRECTION('',(-1.,-0.));
#135 = ( GEOMETRIC_REPRESENTATION_CONTEXT(2) 
PARAMETRIC_REPRESENTATION_CONTEXT() REPRESENTATION_CONTEXT('2D SPACE',''
  ) );
#136 = ORIENTED_EDGE('',*,*,#87,.F.);
#137 = ORIENTED_EDGE('',*,*,#138,.T.);
#138 = EDGE_CURVE('',#55,#139,#141,.T.);
#139 = VERTEX_POINT('',#140);
#140 = CARTESIAN_POINT('',(107.12259332185,-9.,8.));
#141 = SURFACE_CURVE('',#142,(#147,#154),.PCURVE_S1.);
#142 = CIRCLE('',#143,107.5);
#143 = AXIS2_PLACEMENT_3D('',#144,#145,#146);
#144 = CARTESIAN_POINT('',(0.,0.,8.));
#145 = DIRECTION('',(0.,0.,-1.));
#146 = DIRECTION('',(1.,0.,0.));
#147 = PCURVE('',#32,#148);
#148 = DEFINITIONAL_REPRESENTATION('',(#149),#153);
#149 = LINE('',#150,#151);
#150 = CARTESIAN_POINT('',(-6.28318530718,-6.));
#151 = VECTOR('',#152,1.);
#152 = DIRECTION('',(1.,-0.));
#153 = ( GEOMETRIC_REPRESENTATION_CONTEXT(2) 
PARAMETRIC_REPRESENTATION_CONTEXT() REPRESENTATION_CONTEXT('2D SPACE',''
  ) );
#154 = PCURVE('',#71,#155);
#155 = DEFINITIONAL_REPRESENTATION('',(#156),#164);
#156 = ( BOUNDED_CURVE() B_SPLINE_CURVE(2,(#157,#158,#159,#160,#161,#162
,#163),.UNSPECIFIED.,.T.,.F.) B_SPLINE_CURVE_WITH_KNOTS((1,2,2,2,2,1),(
    -2.094395102393,0.,2.094395102393,4.188790204786,6.28318530718,
8.377580409573),.UNSPECIFIED.) CURVE() GEOMETRIC_REPRESENTATION_ITEM() 
RATIONAL_B_SPLINE_CURVE((1.,0.5,1.,0.5,1.,0.5,1.)) REPRESENTATION_ITEM(
  '') );
#157 = CARTESIAN_POINT('',(1.65,9.));
#158 = CARTESIAN_POINT('',(1.65,-177.1954618136));
#159 = CARTESIAN_POINT('',(-159.6,-84.09773090682));
#160 = CARTESIAN_POINT('',(-320.85,9.));
#161 = CARTESIAN_POINT('',(-159.6,102.09773090682));
#162 = CARTESIAN_POINT('',(1.65,195.19546181365));
#163 = CARTESIAN_POINT('',(1.65,9.));
#164 = ( GEOMETRIC_REPRESENTATION_CONTEXT(2) 
PARAMETRIC_REPRESENTATION_CONTEXT() REPRESENTATION_CONTEXT('2D SPACE',''
  ) );
#165 = ORIENTED_EDGE('',*,*,#166,.T.);
#166 = EDGE_CURVE('',#139,#167,#169,.T.);
#167 = VERTEX_POINT('',#168);
#168 = CARTESIAN_POINT('',(107.12259332185,-9.,2.));
#169 = SURFACE_CURVE('',#170,(#174,#180),.PCURVE_S1.);
#170 = LINE('',#171,#172);
#171 = CARTESIAN_POINT('',(107.12259332185,-9.,2.));
#172 = VECTOR('',#173,1.);
#173 = DIRECTION('',(-0.,-0.,-1.));
#174 = PCURVE('',#32,#175);
#175 = DEFINITIONAL_REPRESENTATION('',(#176),#179);
#176 = B_SPLINE_CURVE_WITH_KNOTS('',1,(#177,#178),.UNSPECIFIED.,.F.,.F.,
  (2,2),(-6.7,5.999999999062E-07),.PIECEWISE_BEZIER_KNOTS.);
#177 = CARTESIAN_POINT('',(-6.199366264461,-6.7));
#178 = CARTESIAN_POINT('',(-6.199366264461,5.999999999062E-07));
#179 = ( GEOMETRIC_REPRESENTATION_CONTEXT(2) 
PARAMETRIC_REPRESENTATION_CONTEXT() REPRESENTATION_CONTEXT('2D SPACE',''
  ) );
#180 = PCURVE('',#181,#186);
#181 = PLANE('',#182);
#182 = AXIS2_PLACEMENT_3D('',#183,#184,#185);
#183 = CARTESIAN_POINT('',(105.85,-9.,1.));
#184 = DIRECTION('',(0.,1.,0.));
#185 = DIRECTION('',(0.,0.,1.));
#186 = DEFINITIONAL_REPRESENTATION('',(#187),#190);
#187 = B_SPLINE_CURVE_WITH_KNOTS('',1,(#188,#189),.UNSPECIFIED.,.F.,.F.,
  (2,2),(-6.7,5.999999999062E-07),.PIECEWISE_BEZIER_KNOTS.);
#188 = CARTESIAN_POINT('',(7.7,1.272593321857));
#189 = CARTESIAN_POINT('',(0.9999994,1.272593321857));
#190 = ( GEOMETRIC_REPRESENTATION_CONTEXT(2) 
PARAMETRIC_REPRESENTATION_CONTEXT() REPRESENTATION_CONTEXT('2D SPACE',''
  ) );
#191 = ORIENTED_EDGE('',*,*,#192,.F.);
#192 = EDGE_CURVE('',#193,#167,#195,.T.);
#193 = VERTEX_POINT('',#194);
#194 = CARTESIAN_POINT('',(-107.1225933218,-9.,2.));
#195 = SURFACE_CURVE('',#196,(#201,#208),.PCURVE_S1.);
#196 = CIRCLE('',#197,107.5);
#197 = AXIS2_PLACEMENT_3D('',#198,#199,#200);
#198 = CARTESIAN_POINT('',(0.,0.,2.));
#199 = DIRECTION('',(0.,0.,1.));
#200 = DIRECTION('',(1.,0.,0.));
#201 = PCURVE('',#32,#202);
#202 = DEFINITIONAL_REPRESENTATION('',(#203),#207);
#203 = LINE('',#204,#205);
#204 = CARTESIAN_POINT('',(-0.,0.));
#205 = VECTOR('',#206,1.);
#206 = DIRECTION('',(-1.,0.));
#207 = ( GEOMETRIC_REPRESENTATION_CONTEXT(2) 
PARAMETRIC_REPRESENTATION_CONTEXT() REPRESENTATION_CONTEXT('2D SPACE',''
  ) );
#208 = PCURVE('',#209,#214);
#209 = PLANE('',#210);
#210 = AXIS2_PLACEMENT_3D('',#211,#212,#213);
#211 = CARTESIAN_POINT('',(-9.769246714328E-15,-4.388317696945E-15,2.));
#212 = DIRECTION('',(0.,0.,1.));
#213 = DIRECTION('',(1.,0.,-0.));
#214 = DEFINITIONAL_REPRESENTATION('',(#215),#219);
#215 = CIRCLE('',#216,107.5);
#216 = AXIS2_PLACEMENT_2D('',#217,#218);
#217 = CARTESIAN_POINT('',(9.769246714328E-15,4.388317696945E-15));
#218 = DIRECTION('',(1.,0.));
#219 = ( GEOMETRIC_REPRESENTATION_CONTEXT(2) 
PARAMETRIC_REPRESENTATION_CONTEXT() REPRESENTATION_CONTEXT('2D SPACE',''
  ) );
#220 = ORIENTED_EDGE('',*,*,#221,.F.);
#221 = EDGE_CURVE('',#222,#193,#224,.T.);
#222 = VERTEX_POINT('',#223);
#223 = CARTESIAN_POINT('',(-107.1225933218,-9.,8.));
#224 = SURFACE_CURVE('',#225,(#229,#235),.PCURVE_S1.);
#225 = LINE('',#226,#227);
#226 = CARTESIAN_POINT('',(-107.1225933218,-9.,2.));
#227 = VECTOR('',#228,1.);
#228 = DIRECTION('',(-0.,-0.,-1.));
#229 = PCURVE('',#32,#230);
#230 = DEFINITIONAL_REPRESENTATION('',(#231),#234);
#231 = B_SPLINE_CURVE_WITH_KNOTS('',1,(#232,#233),.UNSPECIFIED.,.F.,.F.,
  (2,2),(-6.7,5.999999999062E-07),.PIECEWISE_BEZIER_KNOTS.);
#232 = CARTESIAN_POINT('',(-3.225411696308,-6.7));
#233 = CARTESIAN_POINT('',(-3.225411696308,5.999999999062E-07));
#234 = ( GEOMETRIC_REPRESENTATION_CONTEXT(2) 
PARAMETRIC_REPRESENTATION_CONTEXT() REPRESENTATION_CONTEXT('2D SPACE',''
  ) );
#235 = PCURVE('',#236,#241);
#236 = PLANE('',#237);
#237 = AXIS2_PLACEMENT_3D('',#238,#239,#240);
#238 = CARTESIAN_POINT('',(-105.85,-9.,1.));
#239 = DIRECTION('',(-1.224646799147E-16,-1.,0.));
#240 = DIRECTION('',(0.,0.,1.));
#241 = DEFINITIONAL_REPRESENTATION('',(#242),#245);
#242 = B_SPLINE_CURVE_WITH_KNOTS('',1,(#243,#244),.UNSPECIFIED.,.F.,.F.,
  (2,2),(-6.7,5.999999999062E-07),.PIECEWISE_BEZIER_KNOTS.);
#243 = CARTESIAN_POINT('',(7.7,1.272593321857));
#244 = CARTESIAN_POINT('',(0.9999994,1.272593321857));
#245 = ( GEOMETRIC_REPRESENTATION_CONTEXT(2) 
PARAMETRIC_REPRESENTATION_CONTEXT() REPRESENTATION_CONTEXT('2D SPACE',''
  ) );
#246 = ORIENTED_EDGE('',*,*,#247,.T.);
#247 = EDGE_CURVE('',#222,#248,#250,.T.);
#248 = VERTEX_POINT('',#249);
#249 = CARTESIAN_POINT('',(-107.1225933218,9.,8.));
#250 = SURFACE_CURVE('',#251,(#256,#263),.PCURVE_S1.);
#251 = CIRCLE('',#252,107.5);
#252 = AXIS2_PLACEMENT_3D('',#253,#254,#255);
#253 = CARTESIAN_POINT('',(0.,0.,8.));
#254 = DIRECTION('',(0.,0.,-1.));
#255 = DIRECTION('',(1.,0.,0.));
#256 = PCURVE('',#32,#257);
#257 = DEFINITIONAL_REPRESENTATION('',(#258),#262);
#258 = LINE('',#259,#260);
#259 = CARTESIAN_POINT('',(-6.28318530718,-6.));
#260 = VECTOR('',#261,1.);
#261 = DIRECTION('',(1.,-0.));
#262 = ( GEOMETRIC_REPRESENTATION_CONTEXT(2) 
PARAMETRIC_REPRESENTATION_CONTEXT() REPRESENTATION_CONTEXT('2D SPACE',''
  ) );
#263 = PCURVE('',#264,#269);
#264 = PLANE('',#265);
#265 = AXIS2_PLACEMENT_3D('',#266,#267,#268);
#266 = CARTESIAN_POINT('',(-105.85,9.,8.));
#267 = DIRECTION('',(0.,0.,1.));
#268 = DIRECTION('',(-1.,1.224646799147E-16,0.));
#269 = DEFINITIONAL_REPRESENTATION('',(#270),#278);
#270 = ( BOUNDED_CURVE() B_SPLINE_CURVE(2,(#271,#272,#273,#274,#275,#276
,#277),.UNSPECIFIED.,.T.,.F.) B_SPLINE_CURVE_WITH_KNOTS((1,2,2,2,2,1),(
    -2.094395102393,0.,2.094395102393,4.188790204786,6.28318530718,
8.377580409573),.UNSPECIFIED.) CURVE() GEOMETRIC_REPRESENTATION_ITEM() 
RATIONAL_B_SPLINE_CURVE((1.,0.5,1.,0.5,1.,0.5,1.)) REPRESENTATION_ITEM(
  '') );
#271 = CARTESIAN_POINT('',(-213.35,9.));
#272 = CARTESIAN_POINT('',(-213.35,195.19546181365));
#273 = CARTESIAN_POINT('',(-52.1,102.09773090682));
#274 = CARTESIAN_POINT('',(109.15,9.));
#275 = CARTESIAN_POINT('',(-52.1,-84.09773090682));
#276 = CARTESIAN_POINT('',(-213.35,-177.1954618136));
#277 = CARTESIAN_POINT('',(-213.35,9.));
#278 = ( GEOMETRIC_REPRESENTATION_CONTEXT(2) 
PARAMETRIC_REPRESENTATION_CONTEXT() REPRESENTATION_CONTEXT('2D SPACE',''
  ) );
#279 = ORIENTED_EDGE('',*,*,#280,.T.);
#280 = EDGE_CURVE('',#248,#281,#283,.T.);
#281 = VERTEX_POINT('',#282);
#282 = CARTESIAN_POINT('',(-107.1225933218,9.,2.));
#283 = SURFACE_CURVE('',#284,(#288,#294),.PCURVE_S1.);
#284 = LINE('',#285,#286);
#285 = CARTESIAN_POINT('',(-107.1225933218,9.,2.));
#286 = VECTOR('',#287,1.);
#287 = DIRECTION('',(-0.,-0.,-1.));
#288 = PCURVE('',#32,#289);
#289 = DEFINITIONAL_REPRESENTATION('',(#290),#293);
#290 = B_SPLINE_CURVE_WITH_KNOTS('',1,(#291,#292),.UNSPECIFIED.,.F.,.F.,
  (2,2),(-6.7,5.999999999062E-07),.PIECEWISE_BEZIER_KNOTS.);
#291 = CARTESIAN_POINT('',(-3.057773610872,-6.7));
#292 = CARTESIAN_POINT('',(-3.057773610872,5.999999999062E-07));
#293 = ( GEOMETRIC_REPRESENTATION_CONTEXT(2) 
PARAMETRIC_REPRESENTATION_CONTEXT() REPRESENTATION_CONTEXT('2D SPACE',''
  ) );
#294 = PCURVE('',#295,#300);
#295 = PLANE('',#296);
#296 = AXIS2_PLACEMENT_3D('',#297,#298,#299);
#297 = CARTESIAN_POINT('',(-105.85,9.,1.));
#298 = DIRECTION('',(-1.224646799147E-16,-1.,0.));
#299 = DIRECTION('',(0.,0.,1.));
#300 = DEFINITIONAL_REPRESENTATION('',(#301),#304);
#301 = B_SPLINE_CURVE_WITH_KNOTS('',1,(#302,#303),.UNSPECIFIED.,.F.,.F.,
  (2,2),(-6.7,5.999999999062E-07),.PIECEWISE_BEZIER_KNOTS.);
#302 = CARTESIAN_POINT('',(7.7,1.272593321857));
#303 = CARTESIAN_POINT('',(0.9999994,1.272593321857));
#304 = ( GEOMETRIC_REPRESENTATION_CONTEXT(2) 
PARAMETRIC_REPRESENTATION_CONTEXT() REPRESENTATION_CONTEXT('2D SPACE',''
  ) );
#305 = ORIENTED_EDGE('',*,*,#306,.F.);
#306 = EDGE_CURVE('',#24,#281,#307,.T.);
#307 = SURFACE_CURVE('',#308,(#313,#320),.PCURVE_S1.);
#308 = CIRCLE('',#309,107.5);
#309 = AXIS2_PLACEMENT_3D('',#310,#311,#312);
#310 = CARTESIAN_POINT('',(0.,0.,2.));
#311 = DIRECTION('',(0.,0.,1.));
#312 = DIRECTION('',(1.,0.,0.));
#313 = PCURVE('',#32,#314);
#314 = DEFINITIONAL_REPRESENTATION('',(#315),#319);
#315 = LINE('',#316,#317);
#316 = CARTESIAN_POINT('',(-0.,0.));
#317 = VECTOR('',#318,1.);
#318 = DIRECTION('',(-1.,0.));
#319 = ( GEOMETRIC_REPRESENTATION_CONTEXT(2) 
PARAMETRIC_REPRESENTATION_CONTEXT() REPRESENTATION_CONTEXT('2D SPACE',''
  ) );
#320 = PCURVE('',#321,#326);
#321 = PLANE('',#322);
#322 = AXIS2_PLACEMENT_3D('',#323,#324,#325);
#323 = CARTESIAN_POINT('',(-9.769246714328E-15,-4.388317696945E-15,2.));
#324 = DIRECTION('',(0.,0.,1.));
#325 = DIRECTION('',(1.,0.,-0.));
#326 = DEFINITIONAL_REPRESENTATION('',(#327),#331);
#327 = CIRCLE('',#328,107.5);
#328 = AXIS2_PLACEMENT_2D('',#329,#330);
#329 = CARTESIAN_POINT('',(9.769246714328E-15,4.388317696945E-15));
#330 = DIRECTION('',(1.,0.));
#331 = ( GEOMETRIC_REPRESENTATION_CONTEXT(2) 
PARAMETRIC_REPRESENTATION_CONTEXT() REPRESENTATION_CONTEXT('2D SPACE',''
  ) );
#332 = FACE_BOUND('',#333,.F.);
#333 = EDGE_LOOP('',(#334,#369,#395,#428,#454,#487,#513,#546));
#334 = ORIENTED_EDGE('',*,*,#335,.F.);
#335 = EDGE_CURVE('',#336,#338,#340,.T.);
#336 = VERTEX_POINT('',#337);
#337 = CARTESIAN_POINT('',(68.613309704238,82.755445327968,14.));
#338 = VERTEX_POINT('',#339);
#339 = CARTESIAN_POINT('',(82.755445327968,68.613309704238,14.));
#340 = SURFACE_CURVE('',#341,(#346,#353),.PCURVE_S1.);
#341 = CIRCLE('',#342,107.5);
#342 = AXIS2_PLACEMENT_3D('',#343,#344,#345);
#343 = CARTESIAN_POINT('',(0.,0.,14.));
#344 = DIRECTION('',(0.,0.,-1.));
#345 = DIRECTION('',(1.,0.,0.));
#346 = PCURVE('',#32,#347);
#347 = DEFINITIONAL_REPRESENTATION('',(#348),#352);
#348 = LINE('',#349,#350);
#349 = CARTESIAN_POINT('',(-6.28318530718,-12.));
#350 = VECTOR('',#351,1.);
#351 = DIRECTION('',(1.,-0.));
#352 = ( GEOMETRIC_REPRESENTATION_CONTEXT(2) 
PARAMETRIC_REPRESENTATION_CONTEXT() REPRESENTATION_CONTEXT('2D SPACE',''
  ) );
#353 = PCURVE('',#354,#359);
#354 = PLANE('',#355);
#355 = AXIS2_PLACEMENT_3D('',#356,#357,#358);
#356 = CARTESIAN_POINT('',(79.549512883487,65.407377259756,14.));
#357 = DIRECTION('',(0.,0.,1.));
#358 = DIRECTION('',(0.707106781187,0.707106781187,0.));
#359 = DEFINITIONAL_REPRESENTATION('',(#360),#368);
#360 = ( BOUNDED_CURVE() B_SPLINE_CURVE(2,(#361,#362,#363,#364,#365,#366
,#367),.UNSPECIFIED.,.T.,.F.) B_SPLINE_CURVE_WITH_KNOTS((1,2,2,2,2,1),(
    -2.094395102393,0.,2.094395102393,4.188790204786,6.28318530718,
8.377580409573),.UNSPECIFIED.) CURVE() GEOMETRIC_REPRESENTATION_ITEM() 
RATIONAL_B_SPLINE_CURVE((1.,0.5,1.,0.5,1.,0.5,1.)) REPRESENTATION_ITEM(
  '') );
#361 = CARTESIAN_POINT('',(-26.48602102244,-66.01397897755));
#362 = CARTESIAN_POINT('',(-158.146094697,-197.6740526521));
#363 = CARTESIAN_POINT('',(-206.337026326,-17.82304734852));
#364 = CARTESIAN_POINT('',(-254.5279579551,162.0279579551));
#365 = CARTESIAN_POINT('',(-74.67695265147,113.83702632607));
#366 = CARTESIAN_POINT('',(105.17405265215,65.646094697042));
#367 = CARTESIAN_POINT('',(-26.48602102244,-66.01397897755));
#368 = ( GEOMETRIC_REPRESENTATION_CONTEXT(2) 
PARAMETRIC_REPRESENTATION_CONTEXT() REPRESENTATION_CONTEXT('2D SPACE',''
  ) );
#369 = ORIENTED_EDGE('',*,*,#370,.T.);
#370 = EDGE_CURVE('',#336,#371,#373,.T.);
#371 = VERTEX_POINT('',#372);
#372 = CARTESIAN_POINT('',(68.613309704238,82.755445327968,8.));
#373 = SURFACE_CURVE('',#374,(#378,#384),.PCURVE_S1.);
#374 = LINE('',#375,#376);
#375 = CARTESIAN_POINT('',(68.613309704238,82.755445327968,2.));
#376 = VECTOR('',#377,1.);
#377 = DIRECTION('',(-0.,-0.,-1.));
#378 = PCURVE('',#32,#379);
#379 = DEFINITIONAL_REPRESENTATION('',(#380),#383);
#380 = B_SPLINE_CURVE_WITH_KNOTS('',1,(#381,#382),.UNSPECIFIED.,.F.,.F.,
  (2,2),(-12.6,-5.4),.PIECEWISE_BEZIER_KNOTS.);
#381 = CARTESIAN_POINT('',(-0.878556104432,-12.6));
#382 = CARTESIAN_POINT('',(-0.878556104432,-5.4));
#383 = ( GEOMETRIC_REPRESENTATION_CONTEXT(2) 
PARAMETRIC_REPRESENTATION_CONTEXT() REPRESENTATION_CONTEXT('2D SPACE',''
  ) );
#384 = PCURVE('',#385,#390);
#385 = PLANE('',#386);
#386 = AXIS2_PLACEMENT_3D('',#387,#388,#389);
#387 = CARTESIAN_POINT('',(65.407377259756,79.549512883487,6.8));
#388 = DIRECTION('',(-0.707106781187,0.707106781187,0.));
#389 = DIRECTION('',(0.,0.,1.));
#390 = DEFINITIONAL_REPRESENTATION('',(#391),#394);
#391 = B_SPLINE_CURVE_WITH_KNOTS('',1,(#392,#393),.UNSPECIFIED.,.F.,.F.,
  (2,2),(-12.6,-5.4),.PIECEWISE_BEZIER_KNOTS.);
#392 = CARTESIAN_POINT('',(7.8,4.533873143038));
#393 = CARTESIAN_POINT('',(0.6,4.533873143038));
#394 = ( GEOMETRIC_REPRESENTATION_CONTEXT(2) 
PARAMETRIC_REPRESENTATION_CONTEXT() REPRESENTATION_CONTEXT('2D SPACE',''
  ) );
#395 = ORIENTED_EDGE('',*,*,#396,.T.);
#396 = EDGE_CURVE('',#371,#397,#399,.T.);
#397 = VERTEX_POINT('',#398);
#398 = CARTESIAN_POINT('',(82.755445327968,68.613309704238,8.));
#399 = SURFACE_CURVE('',#400,(#405,#412),.PCURVE_S1.);
#400 = CIRCLE('',#401,107.5);
#401 = AXIS2_PLACEMENT_3D('',#402,#403,#404);
#402 = CARTESIAN_POINT('',(0.,0.,8.));
#403 = DIRECTION('',(0.,0.,-1.));
#404 = DIRECTION('',(1.,0.,0.));
#405 = PCURVE('',#32,#406);
#406 = DEFINITIONAL_REPRESENTATION('',(#407),#411);
#407 = LINE('',#408,#409);
#408 = CARTESIAN_POINT('',(-6.28318530718,-6.));
#409 = VECTOR('',#410,1.);
#410 = DIRECTION('',(1.,-0.));
#411 = ( GEOMETRIC_REPRESENTATION_CONTEXT(2) 
PARAMETRIC_REPRESENTATION_CONTEXT() REPRESENTATION_CONTEXT('2D SPACE',''
  ) );
#412 = PCURVE('',#413,#418);
#413 = PLANE('',#414);
#414 = AXIS2_PLACEMENT_3D('',#415,#416,#417);
#415 = CARTESIAN_POINT('',(79.549512883487,65.407377259756,8.));
#416 = DIRECTION('',(0.,0.,1.));
#417 = DIRECTION('',(0.707106781187,0.707106781187,0.));
#418 = DEFINITIONAL_REPRESENTATION('',(#419),#427);
#419 = ( BOUNDED_CURVE() B_SPLINE_CURVE(2,(#420,#421,#422,#423,#424,#425
,#426),.UNSPECIFIED.,.T.,.F.) B_SPLINE_CURVE_WITH_KNOTS((1,2,2,2,2,1),(
    -2.094395102393,0.,2.094395102393,4.188790204786,6.28318530718,
8.377580409573),.UNSPECIFIED.) CURVE() GEOMETRIC_REPRESENTATION_ITEM() 
RATIONAL_B_SPLINE_CURVE((1.,0.5,1.,0.5,1.,0.5,1.)) REPRESENTATION_ITEM(
  '') );
#420 = CARTESIAN_POINT('',(-26.48602102244,-66.01397897755));
#421 = CARTESIAN_POINT('',(-158.146094697,-197.6740526521));
#422 = CARTESIAN_POINT('',(-206.337026326,-17.82304734852));
#423 = CARTESIAN_POINT('',(-254.5279579551,162.0279579551));
#424 = CARTESIAN_POINT('',(-74.67695265147,113.83702632607));
#425 = CARTESIAN_POINT('',(105.17405265215,65.646094697042));
#426 = CARTESIAN_POINT('',(-26.48602102244,-66.01397897755));
#427 = ( GEOMETRIC_REPRESENTATION_CONTEXT(2) 
PARAMETRIC_REPRESENTATION_CONTEXT() REPRESENTATION_CONTEXT('2D SPACE',''
  ) );
#428 = ORIENTED_EDGE('',*,*,#429,.T.);
#429 = EDGE_CURVE('',#397,#430,#432,.T.);
#430 = VERTEX_POINT('',#431);
#431 = CARTESIAN_POINT('',(82.755445327968,68.613309704238,6.8));
#432 = SURFACE_CURVE('',#433,(#437,#443),.PCURVE_S1.);
#433 = LINE('',#434,#435);
#434 = CARTESIAN_POINT('',(82.755445327968,68.613309704238,2.));
#435 = VECTOR('',#436,1.);
#436 = DIRECTION('',(-0.,-0.,-1.));
#437 = PCURVE('',#32,#438);
#438 = DEFINITIONAL_REPRESENTATION('',(#439),#442);
#439 = B_SPLINE_CURVE_WITH_KNOTS('',1,(#440,#441),.UNSPECIFIED.,.F.,.F.,
  (2,2),(-6.12,-4.68),.PIECEWISE_BEZIER_KNOTS.);
#440 = CARTESIAN_POINT('',(-0.692240222363,-6.12));
#441 = CARTESIAN_POINT('',(-0.692240222363,-4.68));
#442 = ( GEOMETRIC_REPRESENTATION_CONTEXT(2) 
PARAMETRIC_REPRESENTATION_CONTEXT() REPRESENTATION_CONTEXT('2D SPACE',''
  ) );
#443 = PCURVE('',#444,#449);
#444 = PLANE('',#445);
#445 = AXIS2_PLACEMENT_3D('',#446,#447,#448);
#446 = CARTESIAN_POINT('',(79.549512883487,65.407377259756,6.8));
#447 = DIRECTION('',(-0.707106781187,0.707106781187,0.));
#448 = DIRECTION('',(0.,0.,1.));
#449 = DEFINITIONAL_REPRESENTATION('',(#450),#453);
#450 = B_SPLINE_CURVE_WITH_KNOTS('',1,(#451,#452),.UNSPECIFIED.,.F.,.F.,
  (2,2),(-6.12,-4.68),.PIECEWISE_BEZIER_KNOTS.);
#451 = CARTESIAN_POINT('',(1.32,4.533873143038));
#452 = CARTESIAN_POINT('',(-0.12,4.533873143038));
#453 = ( GEOMETRIC_REPRESENTATION_CONTEXT(2) 
PARAMETRIC_REPRESENTATION_CONTEXT() REPRESENTATION_CONTEXT('2D SPACE',''
  ) );
#454 = ORIENTED_EDGE('',*,*,#455,.F.);
#455 = EDGE_CURVE('',#456,#430,#458,.T.);
#456 = VERTEX_POINT('',#457);
#457 = CARTESIAN_POINT('',(67.680701669172,83.519893567751,6.8));
#458 = SURFACE_CURVE('',#459,(#464,#471),.PCURVE_S1.);
#459 = CIRCLE('',#460,107.5);
#460 = AXIS2_PLACEMENT_3D('',#461,#462,#463);
#461 = CARTESIAN_POINT('',(0.,0.,6.8));
#462 = DIRECTION('',(0.,0.,-1.));
#463 = DIRECTION('',(1.,0.,0.));
#464 = PCURVE('',#32,#465);
#465 = DEFINITIONAL_REPRESENTATION('',(#466),#470);
#466 = LINE('',#467,#468);
#467 = CARTESIAN_POINT('',(-6.28318530718,-4.8));
#468 = VECTOR('',#469,1.);
#469 = DIRECTION('',(1.,-0.));
#470 = ( GEOMETRIC_REPRESENTATION_CONTEXT(2) 
PARAMETRIC_REPRESENTATION_CONTEXT() REPRESENTATION_CONTEXT('2D SPACE',''
  ) );
#471 = PCURVE('',#472,#477);
#472 = PLANE('',#473);
#473 = AXIS2_PLACEMENT_3D('',#474,#475,#476);
#474 = CARTESIAN_POINT('',(79.549512883487,65.407377259756,6.8));
#475 = DIRECTION('',(0.,0.,1.));
#476 = DIRECTION('',(0.707106781187,0.707106781187,0.));
#477 = DEFINITIONAL_REPRESENTATION('',(#478),#486);
#478 = ( BOUNDED_CURVE() B_SPLINE_CURVE(2,(#479,#480,#481,#482,#483,#484
,#485),.UNSPECIFIED.,.T.,.F.) B_SPLINE_CURVE_WITH_KNOTS((1,2,2,2,2,1),(
    -2.094395102393,0.,2.094395102393,4.188790204786,6.28318530718,
8.377580409573),.UNSPECIFIED.) CURVE() GEOMETRIC_REPRESENTATION_ITEM() 
RATIONAL_B_SPLINE_CURVE((1.,0.5,1.,0.5,1.,0.5,1.)) REPRESENTATION_ITEM(
  '') );
#479 = CARTESIAN_POINT('',(-26.48602102244,-66.01397897755));
#480 = CARTESIAN_POINT('',(-158.146094697,-197.6740526521));
#481 = CARTESIAN_POINT('',(-206.337026326,-17.82304734852));
#482 = CARTESIAN_POINT('',(-254.5279579551,162.0279579551));
#483 = CARTESIAN_POINT('',(-74.67695265147,113.83702632607));
#484 = CARTESIAN_POINT('',(105.17405265215,65.646094697042));
#485 = CARTESIAN_POINT('',(-26.48602102244,-66.01397897755));
#486 = ( GEOMETRIC_REPRESENTATION_CONTEXT(2) 
PARAMETRIC_REPRESENTATION_CONTEXT() REPRESENTATION_CONTEXT('2D SPACE',''
  ) );
#487 = ORIENTED_EDGE('',*,*,#488,.F.);
#488 = EDGE_CURVE('',#489,#456,#491,.T.);
#489 = VERTEX_POINT('',#490);
#490 = CARTESIAN_POINT('',(67.680701669172,83.519893567751,15.2));
#491 = SURFACE_CURVE('',#492,(#496,#502),.PCURVE_S1.);
#492 = LINE('',#493,#494);
#493 = CARTESIAN_POINT('',(67.680701669172,83.519893567751,2.));
#494 = VECTOR('',#495,1.);
#495 = DIRECTION('',(-0.,-0.,-1.));
#496 = PCURVE('',#32,#497);
#497 = DEFINITIONAL_REPRESENTATION('',(#498),#501);
#498 = B_SPLINE_CURVE_WITH_KNOTS('',1,(#499,#500),.UNSPECIFIED.,.F.,.F.,
  (2,2),(-14.04,-3.96),.PIECEWISE_BEZIER_KNOTS.);
#499 = CARTESIAN_POINT('',(-0.889773621857,-14.04));
#500 = CARTESIAN_POINT('',(-0.889773621857,-3.96));
#501 = ( GEOMETRIC_REPRESENTATION_CONTEXT(2) 
PARAMETRIC_REPRESENTATION_CONTEXT() REPRESENTATION_CONTEXT('2D SPACE',''
  ) );
#502 = PCURVE('',#503,#508);
#503 = PLANE('',#504);
#504 = AXIS2_PLACEMENT_3D('',#505,#506,#507);
#505 = CARTESIAN_POINT('',(64.558849122332,80.39804102091,6.8));
#506 = DIRECTION('',(-0.707106781187,0.707106781187,0.));
#507 = DIRECTION('',(0.,0.,1.));
#508 = DEFINITIONAL_REPRESENTATION('',(#509),#512);
#509 = B_SPLINE_CURVE_WITH_KNOTS('',1,(#510,#511),.UNSPECIFIED.,.F.,.F.,
  (2,2),(-14.04,-3.96),.PIECEWISE_BEZIER_KNOTS.);
#510 = CARTESIAN_POINT('',(9.24,4.414966211471));
#511 = CARTESIAN_POINT('',(-0.84,4.414966211471));
#512 = ( GEOMETRIC_REPRESENTATION_CONTEXT(2) 
PARAMETRIC_REPRESENTATION_CONTEXT() REPRESENTATION_CONTEXT('2D SPACE',''
  ) );
#513 = ORIENTED_EDGE('',*,*,#514,.T.);
#514 = EDGE_CURVE('',#489,#515,#517,.T.);
#515 = VERTEX_POINT('',#516);
#516 = CARTESIAN_POINT('',(82.755445327968,68.613309704238,15.2));
#517 = SURFACE_CURVE('',#518,(#523,#530),.PCURVE_S1.);
#518 = CIRCLE('',#519,107.5);
#519 = AXIS2_PLACEMENT_3D('',#520,#521,#522);
#520 = CARTESIAN_POINT('',(0.,0.,15.2));
#521 = DIRECTION('',(0.,0.,-1.));
#522 = DIRECTION('',(1.,0.,0.));
#523 = PCURVE('',#32,#524);
#524 = DEFINITIONAL_REPRESENTATION('',(#525),#529);
#525 = LINE('',#526,#527);
#526 = CARTESIAN_POINT('',(-6.28318530718,-13.2));
#527 = VECTOR('',#528,1.);
#528 = DIRECTION('',(1.,-0.));
#529 = ( GEOMETRIC_REPRESENTATION_CONTEXT(2) 
PARAMETRIC_REPRESENTATION_CONTEXT() REPRESENTATION_CONTEXT('2D SPACE',''
  ) );
#530 = PCURVE('',#531,#536);
#531 = PLANE('',#532);
#532 = AXIS2_PLACEMENT_3D('',#533,#534,#535);
#533 = CARTESIAN_POINT('',(79.549512883487,65.407377259756,15.2));
#534 = DIRECTION('',(0.,0.,1.));
#535 = DIRECTION('',(0.707106781187,0.707106781187,0.));
#536 = DEFINITIONAL_REPRESENTATION('',(#537),#545);
#537 = ( BOUNDED_CURVE() B_SPLINE_CURVE(2,(#538,#539,#540,#541,#542,#543
,#544),.UNSPECIFIED.,.T.,.F.) B_SPLINE_CURVE_WITH_KNOTS((1,2,2,2,2,1),(
    -2.094395102393,0.,2.094395102393,4.188790204786,6.28318530718,
8.377580409573),.UNSPECIFIED.) CURVE() GEOMETRIC_REPRESENTATION_ITEM() 
RATIONAL_B_SPLINE_CURVE((1.,0.5,1.,0.5,1.,0.5,1.)) REPRESENTATION_ITEM(
  '') );
#538 = CARTESIAN_POINT('',(-26.48602102244,-66.01397897755));
#539 = CARTESIAN_POINT('',(-158.146094697,-197.6740526521));
#540 = CARTESIAN_POINT('',(-206.337026326,-17.82304734852));
#541 = CARTESIAN_POINT('',(-254.5279579551,162.0279579551));
#542 = CARTESIAN_POINT('',(-74.67695265147,113.83702632607));
#543 = CARTESIAN_POINT('',(105.17405265215,65.646094697042));
#544 = CARTESIAN_POINT('',(-26.48602102244,-66.01397897755));
#545 = ( GEOMETRIC_REPRESENTATION_CONTEXT(2) 
PARAMETRIC_REPRESENTATION_CONTEXT() REPRESENTATION_CONTEXT('2D SPACE',''
  ) );
#546 = ORIENTED_EDGE('',*,*,#547,.T.);
#547 = EDGE_CURVE('',#515,#338,#548,.T.);
#548 = SURFACE_CURVE('',#549,(#553,#559),.PCURVE_S1.);
#549 = LINE('',#550,#551);
#550 = CARTESIAN_POINT('',(82.755445327968,68.613309704238,2.));
#551 = VECTOR('',#552,1.);
#552 = DIRECTION('',(-0.,-0.,-1.));
#553 = PCURVE('',#32,#554);
#554 = DEFINITIONAL_REPRESENTATION('',(#555),#558);
#555 = B_SPLINE_CURVE_WITH_KNOTS('',1,(#556,#557),.UNSPECIFIED.,.F.,.F.,
  (2,2),(-13.32,-11.88),.PIECEWISE_BEZIER_KNOTS.);
#556 = CARTESIAN_POINT('',(-0.692240222363,-13.32));
#557 = CARTESIAN_POINT('',(-0.692240222363,-11.88));
#558 = ( GEOMETRIC_REPRESENTATION_CONTEXT(2) 
PARAMETRIC_REPRESENTATION_CONTEXT() REPRESENTATION_CONTEXT('2D SPACE',''
  ) );
#559 = PCURVE('',#560,#565);
#560 = PLANE('',#561);
#561 = AXIS2_PLACEMENT_3D('',#562,#563,#564);
#562 = CARTESIAN_POINT('',(79.549512883487,65.407377259756,14.));
#563 = DIRECTION('',(-0.707106781187,0.707106781187,0.));
#564 = DIRECTION('',(0.,0.,1.));
#565 = DEFINITIONAL_REPRESENTATION('',(#566),#569);
#566 = B_SPLINE_CURVE_WITH_KNOTS('',1,(#567,#568),.UNSPECIFIED.,.F.,.F.,
  (2,2),(-13.32,-11.88),.PIECEWISE_BEZIER_KNOTS.);
#567 = CARTESIAN_POINT('',(1.32,4.533873143038));
#568 = CARTESIAN_POINT('',(-0.12,4.533873143038));
#569 = ( GEOMETRIC_REPRESENTATION_CONTEXT(2) 
PARAMETRIC_REPRESENTATION_CONTEXT() REPRESENTATION_CONTEXT('2D SPACE',''
  ) );
#570 = FACE_BOUND('',#571,.F.);
#571 = EDGE_LOOP('',(#572,#607,#633,#666,#692,#725,#751,#784));
#572 = ORIENTED_EDGE('',*,*,#573,.F.);
#573 = EDGE_CURVE('',#574,#576,#578,.T.);
#574 = VERTEX_POINT('',#575);
#575 = CARTESIAN_POINT('',(-82.75544532796,68.613309704238,14.));
#576 = VERTEX_POINT('',#577);
#577 = CARTESIAN_POINT('',(-68.61330970423,82.755445327969,14.));
#578 = SURFACE_CURVE('',#579,(#584,#591),.PCURVE_S1.);
#579 = CIRCLE('',#580,107.5);
#580 = AXIS2_PLACEMENT_3D('',#581,#582,#583);
#581 = CARTESIAN_POINT('',(0.,0.,14.));
#582 = DIRECTION('',(0.,0.,-1.));
#583 = DIRECTION('',(1.,0.,0.));
#584 = PCURVE('',#32,#585);
#585 = DEFINITIONAL_REPRESENTATION('',(#586),#590);
#586 = LINE('',#587,#588);
#587 = CARTESIAN_POINT('',(-6.28318530718,-12.));
#588 = VECTOR('',#589,1.);
#589 = DIRECTION('',(1.,-0.));
#590 = ( GEOMETRIC_REPRESENTATION_CONTEXT(2) 
PARAMETRIC_REPRESENTATION_CONTEXT() REPRESENTATION_CONTEXT('2D SPACE',''
  ) );
#591 = PCURVE('',#592,#597);
#592 = PLANE('',#593);
#593 = AXIS2_PLACEMENT_3D('',#594,#595,#596);
#594 = CARTESIAN_POINT('',(-65.40737725975,79.549512883487,14.));
#595 = DIRECTION('',(0.,0.,1.));
#596 = DIRECTION('',(-0.707106781187,0.707106781187,0.));
#597 = DEFINITIONAL_REPRESENTATION('',(#598),#606);
#598 = ( BOUNDED_CURVE() B_SPLINE_CURVE(2,(#599,#600,#601,#602,#603,#604
,#605),.UNSPECIFIED.,.T.,.F.) B_SPLINE_CURVE_WITH_KNOTS((1,2,2,2,2,1),(
    -2.094395102393,0.,2.094395102393,4.188790204786,6.28318530718,
8.377580409573),.UNSPECIFIED.) CURVE() GEOMETRIC_REPRESENTATION_ITEM() 
RATIONAL_B_SPLINE_CURVE((1.,0.5,1.,0.5,1.,0.5,1.)) REPRESENTATION_ITEM(
  '') );
#599 = CARTESIAN_POINT('',(-178.5139789775,-66.01397897755));
#600 = CARTESIAN_POINT('',(-310.1740526521,65.646094697042));
#601 = CARTESIAN_POINT('',(-130.3230473485,113.83702632607));
#602 = CARTESIAN_POINT('',(49.527957955108,162.0279579551));
#603 = CARTESIAN_POINT('',(1.337026326075,-17.82304734852));
#604 = CARTESIAN_POINT('',(-46.85390530295,-197.6740526521));
#605 = CARTESIAN_POINT('',(-178.5139789775,-66.01397897755));
#606 = ( GEOMETRIC_REPRESENTATION_CONTEXT(2) 
PARAMETRIC_REPRESENTATION_CONTEXT() REPRESENTATION_CONTEXT('2D SPACE',''
  ) );
#607 = ORIENTED_EDGE('',*,*,#608,.T.);
#608 = EDGE_CURVE('',#574,#609,#611,.T.);
#609 = VERTEX_POINT('',#610);
#610 = CARTESIAN_POINT('',(-82.75544532796,68.613309704238,8.));
#611 = SURFACE_CURVE('',#612,(#616,#622),.PCURVE_S1.);
#612 = LINE('',#613,#614);
#613 = CARTESIAN_POINT('',(-82.75544532796,68.613309704238,2.));
#614 = VECTOR('',#615,1.);
#615 = DIRECTION('',(-0.,-0.,-1.));
#616 = PCURVE('',#32,#617);
#617 = DEFINITIONAL_REPRESENTATION('',(#618),#621);
#618 = B_SPLINE_CURVE_WITH_KNOTS('',1,(#619,#620),.UNSPECIFIED.,.F.,.F.,
  (2,2),(-12.6,-5.4),.PIECEWISE_BEZIER_KNOTS.);
#619 = CARTESIAN_POINT('',(-2.449352431227,-12.6));
#620 = CARTESIAN_POINT('',(-2.449352431227,-5.4));
#621 = ( GEOMETRIC_REPRESENTATION_CONTEXT(2) 
PARAMETRIC_REPRESENTATION_CONTEXT() REPRESENTATION_CONTEXT('2D SPACE',''
  ) );
#622 = PCURVE('',#623,#628);
#623 = PLANE('',#624);
#624 = AXIS2_PLACEMENT_3D('',#625,#626,#627);
#625 = CARTESIAN_POINT('',(-79.54951288348,65.407377259756,6.8));
#626 = DIRECTION('',(-0.707106781187,-0.707106781187,0.));
#627 = DIRECTION('',(0.,0.,1.));
#628 = DEFINITIONAL_REPRESENTATION('',(#629),#632);
#629 = B_SPLINE_CURVE_WITH_KNOTS('',1,(#630,#631),.UNSPECIFIED.,.F.,.F.,
  (2,2),(-12.6,-5.4),.PIECEWISE_BEZIER_KNOTS.);
#630 = CARTESIAN_POINT('',(7.8,4.533873143038));
#631 = CARTESIAN_POINT('',(0.6,4.533873143038));
#632 = ( GEOMETRIC_REPRESENTATION_CONTEXT(2) 
PARAMETRIC_REPRESENTATION_CONTEXT() REPRESENTATION_CONTEXT('2D SPACE',''
  ) );
#633 = ORIENTED_EDGE('',*,*,#634,.T.);
#634 = EDGE_CURVE('',#609,#635,#637,.T.);
#635 = VERTEX_POINT('',#636);
#636 = CARTESIAN_POINT('',(-68.61330970423,82.755445327969,8.));
#637 = SURFACE_CURVE('',#638,(#643,#650),.PCURVE_S1.);
#638 = CIRCLE('',#639,107.5);
#639 = AXIS2_PLACEMENT_3D('',#640,#641,#642);
#640 = CARTESIAN_POINT('',(0.,0.,8.));
#641 = DIRECTION('',(0.,0.,-1.));
#642 = DIRECTION('',(1.,0.,0.));
#643 = PCURVE('',#32,#644);
#644 = DEFINITIONAL_REPRESENTATION('',(#645),#649);
#645 = LINE('',#646,#647);
#646 = CARTESIAN_POINT('',(-6.28318530718,-6.));
#647 = VECTOR('',#648,1.);
#648 = DIRECTION('',(1.,-0.));
#649 = ( GEOMETRIC_REPRESENTATION_CONTEXT(2) 
PARAMETRIC_REPRESENTATION_CONTEXT() REPRESENTATION_CONTEXT('2D SPACE',''
  ) );
#650 = PCURVE('',#651,#656);
#651 = PLANE('',#652);
#652 = AXIS2_PLACEMENT_3D('',#653,#654,#655);
#653 = CARTESIAN_POINT('',(-65.40737725975,79.549512883487,8.));
#654 = DIRECTION('',(0.,0.,1.));
#655 = DIRECTION('',(-0.707106781187,0.707106781187,0.));
#656 = DEFINITIONAL_REPRESENTATION('',(#657),#665);
#657 = ( BOUNDED_CURVE() B_SPLINE_CURVE(2,(#658,#659,#660,#661,#662,#663
,#664),.UNSPECIFIED.,.T.,.F.) B_SPLINE_CURVE_WITH_KNOTS((1,2,2,2,2,1),(
    -2.094395102393,0.,2.094395102393,4.188790204786,6.28318530718,
8.377580409573),.UNSPECIFIED.) CURVE() GEOMETRIC_REPRESENTATION_ITEM() 
RATIONAL_B_SPLINE_CURVE((1.,0.5,1.,0.5,1.,0.5,1.)) REPRESENTATION_ITEM(
  '') );
#658 = CARTESIAN_POINT('',(-178.5139789775,-66.01397897755));
#659 = CARTESIAN_POINT('',(-310.1740526521,65.646094697042));
#660 = CARTESIAN_POINT('',(-130.3230473485,113.83702632607));
#661 = CARTESIAN_POINT('',(49.527957955108,162.0279579551));
#662 = CARTESIAN_POINT('',(1.337026326075,-17.82304734852));
#663 = CARTESIAN_POINT('',(-46.85390530295,-197.6740526521));
#664 = CARTESIAN_POINT('',(-178.5139789775,-66.01397897755));
#665 = ( GEOMETRIC_REPRESENTATION_CONTEXT(2) 
PARAMETRIC_REPRESENTATION_CONTEXT() REPRESENTATION_CONTEXT('2D SPACE',''
  ) );
#666 = ORIENTED_EDGE('',*,*,#667,.T.);
#667 = EDGE_CURVE('',#635,#668,#670,.T.);
#668 = VERTEX_POINT('',#669);
#669 = CARTESIAN_POINT('',(-68.61330970423,82.755445327969,6.8));
#670 = SURFACE_CURVE('',#671,(#675,#681),.PCURVE_S1.);
#671 = LINE('',#672,#673);
#672 = CARTESIAN_POINT('',(-68.61330970423,82.755445327968,2.));
#673 = VECTOR('',#674,1.);
#674 = DIRECTION('',(-0.,-0.,-1.));
#675 = PCURVE('',#32,#676);
#676 = DEFINITIONAL_REPRESENTATION('',(#677),#680);
#677 = B_SPLINE_CURVE_WITH_KNOTS('',1,(#678,#679),.UNSPECIFIED.,.F.,.F.,
  (2,2),(-6.12,-4.68),.PIECEWISE_BEZIER_KNOTS.);
#678 = CARTESIAN_POINT('',(-2.263036549158,-6.12));
#679 = CARTESIAN_POINT('',(-2.263036549158,-4.68));
#680 = ( GEOMETRIC_REPRESENTATION_CONTEXT(2) 
PARAMETRIC_REPRESENTATION_CONTEXT() REPRESENTATION_CONTEXT('2D SPACE',''
  ) );
#681 = PCURVE('',#682,#687);
#682 = PLANE('',#683);
#683 = AXIS2_PLACEMENT_3D('',#684,#685,#686);
#684 = CARTESIAN_POINT('',(-65.40737725975,79.549512883487,6.8));
#685 = DIRECTION('',(-0.707106781187,-0.707106781187,0.));
#686 = DIRECTION('',(0.,0.,1.));
#687 = DEFINITIONAL_REPRESENTATION('',(#688),#691);
#688 = B_SPLINE_CURVE_WITH_KNOTS('',1,(#689,#690),.UNSPECIFIED.,.F.,.F.,
  (2,2),(-6.12,-4.68),.PIECEWISE_BEZIER_KNOTS.);
#689 = CARTESIAN_POINT('',(1.32,4.533873143038));
#690 = CARTESIAN_POINT('',(-0.12,4.533873143038));
#691 = ( GEOMETRIC_REPRESENTATION_CONTEXT(2) 
PARAMETRIC_REPRESENTATION_CONTEXT() REPRESENTATION_CONTEXT('2D SPACE',''
  ) );
#692 = ORIENTED_EDGE('',*,*,#693,.F.);
#693 = EDGE_CURVE('',#694,#668,#696,.T.);
#694 = VERTEX_POINT('',#695);
#695 = CARTESIAN_POINT('',(-83.51989356775,67.680701669172,6.8));
#696 = SURFACE_CURVE('',#697,(#702,#709),.PCURVE_S1.);
#697 = CIRCLE('',#698,107.5);
#698 = AXIS2_PLACEMENT_3D('',#699,#700,#701);
#699 = CARTESIAN_POINT('',(0.,0.,6.8));
#700 = DIRECTION('',(0.,0.,-1.));
#701 = DIRECTION('',(1.,0.,0.));
#702 = PCURVE('',#32,#703);
#703 = DEFINITIONAL_REPRESENTATION('',(#704),#708);
#704 = LINE('',#705,#706);
#705 = CARTESIAN_POINT('',(-6.28318530718,-4.8));
#706 = VECTOR('',#707,1.);
#707 = DIRECTION('',(1.,-0.));
#708 = ( GEOMETRIC_REPRESENTATION_CONTEXT(2) 
PARAMETRIC_REPRESENTATION_CONTEXT() REPRESENTATION_CONTEXT('2D SPACE',''
  ) );
#709 = PCURVE('',#710,#715);
#710 = PLANE('',#711);
#711 = AXIS2_PLACEMENT_3D('',#712,#713,#714);
#712 = CARTESIAN_POINT('',(-65.40737725975,79.549512883487,6.8));
#713 = DIRECTION('',(0.,0.,1.));
#714 = DIRECTION('',(-0.707106781187,0.707106781187,0.));
#715 = DEFINITIONAL_REPRESENTATION('',(#716),#724);
#716 = ( BOUNDED_CURVE() B_SPLINE_CURVE(2,(#717,#718,#719,#720,#721,#722
,#723),.UNSPECIFIED.,.T.,.F.) B_SPLINE_CURVE_WITH_KNOTS((1,2,2,2,2,1),(
    -2.094395102393,0.,2.094395102393,4.188790204786,6.28318530718,
8.377580409573),.UNSPECIFIED.) CURVE() GEOMETRIC_REPRESENTATION_ITEM() 
RATIONAL_B_SPLINE_CURVE((1.,0.5,1.,0.5,1.,0.5,1.)) REPRESENTATION_ITEM(
  '') );
#717 = CARTESIAN_POINT('',(-178.5139789775,-66.01397897755));
#718 = CARTESIAN_POINT('',(-310.1740526521,65.646094697042));
#719 = CARTESIAN_POINT('',(-130.3230473485,113.83702632607));
#720 = CARTESIAN_POINT('',(49.527957955108,162.0279579551));
#721 = CARTESIAN_POINT('',(1.337026326075,-17.82304734852));
#722 = CARTESIAN_POINT('',(-46.85390530295,-197.6740526521));
#723 = CARTESIAN_POINT('',(-178.5139789775,-66.01397897755));
#724 = ( GEOMETRIC_REPRESENTATION_CONTEXT(2) 
PARAMETRIC_REPRESENTATION_CONTEXT() REPRESENTATION_CONTEXT('2D SPACE',''
  ) );
#725 = ORIENTED_EDGE('',*,*,#726,.F.);
#726 = EDGE_CURVE('',#727,#694,#729,.T.);
#727 = VERTEX_POINT('',#728);
#728 = CARTESIAN_POINT('',(-83.51989356775,67.680701669172,15.2));
#729 = SURFACE_CURVE('',#730,(#734,#740),.PCURVE_S1.);
#730 = LINE('',#731,#732);
#731 = CARTESIAN_POINT('',(-83.51989356775,67.680701669172,2.));
#732 = VECTOR('',#733,1.);
#733 = DIRECTION('',(-0.,-0.,-1.));
#734 = PCURVE('',#32,#735);
#735 = DEFINITIONAL_REPRESENTATION('',(#736),#739);
#736 = B_SPLINE_CURVE_WITH_KNOTS('',1,(#737,#738),.UNSPECIFIED.,.F.,.F.,
  (2,2),(-14.04,-3.96),.PIECEWISE_BEZIER_KNOTS.);
#737 = CARTESIAN_POINT('',(-2.460569948651,-14.04));
#738 = CARTESIAN_POINT('',(-2.460569948651,-3.96));
#739 = ( GEOMETRIC_REPRESENTATION_CONTEXT(2) 
PARAMETRIC_REPRESENTATION_CONTEXT() REPRESENTATION_CONTEXT('2D SPACE',''
  ) );
#740 = PCURVE('',#741,#746);
#741 = PLANE('',#742);
#742 = AXIS2_PLACEMENT_3D('',#743,#744,#745);
#743 = CARTESIAN_POINT('',(-80.39804102091,64.558849122332,6.8));
#744 = DIRECTION('',(-0.707106781187,-0.707106781187,0.));
#745 = DIRECTION('',(0.,0.,1.));
#746 = DEFINITIONAL_REPRESENTATION('',(#747),#750);
#747 = B_SPLINE_CURVE_WITH_KNOTS('',1,(#748,#749),.UNSPECIFIED.,.F.,.F.,
  (2,2),(-14.04,-3.96),.PIECEWISE_BEZIER_KNOTS.);
#748 = CARTESIAN_POINT('',(9.24,4.414966211471));
#749 = CARTESIAN_POINT('',(-0.84,4.414966211471));
#750 = ( GEOMETRIC_REPRESENTATION_CONTEXT(2) 
PARAMETRIC_REPRESENTATION_CONTEXT() REPRESENTATION_CONTEXT('2D SPACE',''
  ) );
#751 = ORIENTED_EDGE('',*,*,#752,.T.);
#752 = EDGE_CURVE('',#727,#753,#755,.T.);
#753 = VERTEX_POINT('',#754);
#754 = CARTESIAN_POINT('',(-68.61330970423,82.755445327969,15.2));
#755 = SURFACE_CURVE('',#756,(#761,#768),.PCURVE_S1.);
#756 = CIRCLE('',#757,107.5);
#757 = AXIS2_PLACEMENT_3D('',#758,#759,#760);
#758 = CARTESIAN_POINT('',(0.,0.,15.2));
#759 = DIRECTION('',(0.,0.,-1.));
#760 = DIRECTION('',(1.,0.,0.));
#761 = PCURVE('',#32,#762);
#762 = DEFINITIONAL_REPRESENTATION('',(#763),#767);
#763 = LINE('',#764,#765);
#764 = CARTESIAN_POINT('',(-6.28318530718,-13.2));
#765 = VECTOR('',#766,1.);
#766 = DIRECTION('',(1.,-0.));
#767 = ( GEOMETRIC_REPRESENTATION_CONTEXT(2) 
PARAMETRIC_REPRESENTATION_CONTEXT() REPRESENTATION_CONTEXT('2D SPACE',''
  ) );
#768 = PCURVE('',#769,#774);
#769 = PLANE('',#770);
#770 = AXIS2_PLACEMENT_3D('',#771,#772,#773);
#771 = CARTESIAN_POINT('',(-65.40737725975,79.549512883487,15.2));
#772 = DIRECTION('',(0.,0.,1.));
#773 = DIRECTION('',(-0.707106781187,0.707106781187,0.));
#774 = DEFINITIONAL_REPRESENTATION('',(#775),#783);
#775 = ( BOUNDED_CURVE() B_SPLINE_CURVE(2,(#776,#777,#778,#779,#780,#781
,#782),.UNSPECIFIED.,.T.,.F.) B_SPLINE_CURVE_WITH_KNOTS((1,2,2,2,2,1),(
    -2.094395102393,0.,2.094395102393,4.188790204786,6.28318530718,
8.377580409573),.UNSPECIFIED.) CURVE() GEOMETRIC_REPRESENTATION_ITEM() 
RATIONAL_B_SPLINE_CURVE((1.,0.5,1.,0.5,1.,0.5,1.)) REPRESENTATION_ITEM(
  '') );
#776 = CARTESIAN_POINT('',(-178.5139789775,-66.01397897755));
#777 = CARTESIAN_POINT('',(-310.1740526521,65.646094697042));
#778 = CARTESIAN_POINT('',(-130.3230473485,113.83702632607));
#779 = CARTESIAN_POINT('',(49.527957955108,162.0279579551));
#780 = CARTESIAN_POINT('',(1.337026326075,-17.82304734852));
#781 = CARTESIAN_POINT('',(-46.85390530295,-197.6740526521));
#782 = CARTESIAN_POINT('',(-178.5139789775,-66.01397897755));
#783 = ( GEOMETRIC_REPRESENTATION_CONTEXT(2) 
PARAMETRIC_REPRESENTATION_CONTEXT() REPRESENTATION_CONTEXT('2D SPACE',''
  ) );
#784 = ORIENTED_EDGE('',*,*,#785,.T.);
#785 = EDGE_CURVE('',#753,#576,#786,.T.);
#786 = SURFACE_CURVE('',#787,(#791,#797),.PCURVE_S1.);
#787 = LINE('',#788,#789);
#788 = CARTESIAN_POINT('',(-68.61330970423,82.755445327968,2.));
#789 = VECTOR('',#790,1.);
#790 = DIRECTION('',(-0.,-0.,-1.));
#791 = PCURVE('',#32,#792);
#792 = DEFINITIONAL_REPRESENTATION('',(#793),#796);
#793 = B_SPLINE_CURVE_WITH_KNOTS('',1,(#794,#795),.UNSPECIFIED.,.F.,.F.,
  (2,2),(-13.32,-11.88),.PIECEWISE_BEZIER_KNOTS.);
#794 = CARTESIAN_POINT('',(-2.263036549158,-13.32));
#795 = CARTESIAN_POINT('',(-2.263036549158,-11.88));
#796 = ( GEOMETRIC_REPRESENTATION_CONTEXT(2) 
PARAMETRIC_REPRESENTATION_CONTEXT() REPRESENTATION_CONTEXT('2D SPACE',''
  ) );
#797 = PCURVE('',#798,#803);
#798 = PLANE('',#799);
#799 = AXIS2_PLACEMENT_3D('',#800,#801,#802);
#800 = CARTESIAN_POINT('',(-65.40737725975,79.549512883487,14.));
#801 = DIRECTION('',(-0.707106781187,-0.707106781187,0.));
#802 = DIRECTION('',(0.,0.,1.));
#803 = DEFINITIONAL_REPRESENTATION('',(#804),#807);
#804 = B_SPLINE_CURVE_WITH_KNOTS('',1,(#805,#806),.UNSPECIFIED.,.F.,.F.,
  (2,2),(-13.32,-11.88),.PIECEWISE_BEZIER_KNOTS.);
#805 = CARTESIAN_POINT('',(1.32,4.533873143038));
#806 = CARTESIAN_POINT('',(-0.12,4.533873143038));
#807 = ( GEOMETRIC_REPRESENTATION_CONTEXT(2) 
PARAMETRIC_REPRESENTATION_CONTEXT() REPRESENTATION_CONTEXT('2D SPACE',''
  ) );
#808 = FACE_BOUND('',#809,.F.);
#809 = EDGE_LOOP('',(#810,#845,#871,#904,#930,#963,#989,#1022));
#810 = ORIENTED_EDGE('',*,*,#811,.F.);
#811 = EDGE_CURVE('',#812,#814,#816,.T.);
#812 = VERTEX_POINT('',#813);
#813 = CARTESIAN_POINT('',(-68.61330970423,-82.75544532796,14.));
#814 = VERTEX_POINT('',#815);
#815 = CARTESIAN_POINT('',(-82.75544532796,-68.61330970423,14.));
#816 = SURFACE_CURVE('',#817,(#822,#829),.PCURVE_S1.);
#817 = CIRCLE('',#818,107.5);
#818 = AXIS2_PLACEMENT_3D('',#819,#820,#821);
#819 = CARTESIAN_POINT('',(0.,0.,14.));
#820 = DIRECTION('',(0.,0.,-1.));
#821 = DIRECTION('',(1.,0.,0.));
#822 = PCURVE('',#32,#823);
#823 = DEFINITIONAL_REPRESENTATION('',(#824),#828);
#824 = LINE('',#825,#826);
#825 = CARTESIAN_POINT('',(-6.28318530718,-12.));
#826 = VECTOR('',#827,1.);
#827 = DIRECTION('',(1.,-0.));
#828 = ( GEOMETRIC_REPRESENTATION_CONTEXT(2) 
PARAMETRIC_REPRESENTATION_CONTEXT() REPRESENTATION_CONTEXT('2D SPACE',''
  ) );
#829 = PCURVE('',#830,#835);
#830 = PLANE('',#831);
#831 = AXIS2_PLACEMENT_3D('',#832,#833,#834);
#832 = CARTESIAN_POINT('',(-79.54951288348,-65.40737725975,14.));
#833 = DIRECTION('',(0.,0.,1.));
#834 = DIRECTION('',(-0.707106781187,-0.707106781187,0.));
#835 = DEFINITIONAL_REPRESENTATION('',(#836),#844);
#836 = ( BOUNDED_CURVE() B_SPLINE_CURVE(2,(#837,#838,#839,#840,#841,#842
,#843),.UNSPECIFIED.,.T.,.F.) B_SPLINE_CURVE_WITH_KNOTS((1,2,2,2,2,1),(
    -2.094395102393,0.,2.094395102393,4.188790204786,6.28318530718,
8.377580409573),.UNSPECIFIED.) CURVE() GEOMETRIC_REPRESENTATION_ITEM() 
RATIONAL_B_SPLINE_CURVE((1.,0.5,1.,0.5,1.,0.5,1.)) REPRESENTATION_ITEM(
  '') );
#837 = CARTESIAN_POINT('',(-178.5139789775,86.013978977554));
#838 = CARTESIAN_POINT('',(-46.85390530295,217.67405265215));
#839 = CARTESIAN_POINT('',(1.337026326075,37.823047348521));
#840 = CARTESIAN_POINT('',(49.527957955108,-142.0279579551));
#841 = CARTESIAN_POINT('',(-130.3230473485,-93.83702632607));
#842 = CARTESIAN_POINT('',(-310.1740526521,-45.64609469704));
#843 = CARTESIAN_POINT('',(-178.5139789775,86.013978977554));
#844 = ( GEOMETRIC_REPRESENTATION_CONTEXT(2) 
PARAMETRIC_REPRESENTATION_CONTEXT() REPRESENTATION_CONTEXT('2D SPACE',''
  ) );
#845 = ORIENTED_EDGE('',*,*,#846,.T.);
#846 = EDGE_CURVE('',#812,#847,#849,.T.);
#847 = VERTEX_POINT('',#848);
#848 = CARTESIAN_POINT('',(-68.61330970423,-82.75544532796,8.));
#849 = SURFACE_CURVE('',#850,(#854,#860),.PCURVE_S1.);
#850 = LINE('',#851,#852);
#851 = CARTESIAN_POINT('',(-68.61330970423,-82.75544532796,2.));
#852 = VECTOR('',#853,1.);
#853 = DIRECTION('',(-0.,-0.,-1.));
#854 = PCURVE('',#32,#855);
#855 = DEFINITIONAL_REPRESENTATION('',(#856),#859);
#856 = B_SPLINE_CURVE_WITH_KNOTS('',1,(#857,#858),.UNSPECIFIED.,.F.,.F.,
  (2,2),(-12.6,-5.4),.PIECEWISE_BEZIER_KNOTS.);
#857 = CARTESIAN_POINT('',(-4.020148758022,-12.6));
#858 = CARTESIAN_POINT('',(-4.020148758022,-5.4));
#859 = ( GEOMETRIC_REPRESENTATION_CONTEXT(2) 
PARAMETRIC_REPRESENTATION_CONTEXT() REPRESENTATION_CONTEXT('2D SPACE',''
  ) );
#860 = PCURVE('',#861,#866);
#861 = PLANE('',#862);
#862 = AXIS2_PLACEMENT_3D('',#863,#864,#865);
#863 = CARTESIAN_POINT('',(-65.40737725975,-79.54951288348,6.8));
#864 = DIRECTION('',(0.707106781187,-0.707106781187,0.));
#865 = DIRECTION('',(0.,0.,1.));
#866 = DEFINITIONAL_REPRESENTATION('',(#867),#870);
#867 = B_SPLINE_CURVE_WITH_KNOTS('',1,(#868,#869),.UNSPECIFIED.,.F.,.F.,
  (2,2),(-12.6,-5.4),.PIECEWISE_BEZIER_KNOTS.);
#868 = CARTESIAN_POINT('',(7.8,4.533873143038));
#869 = CARTESIAN_POINT('',(0.6,4.533873143038));
#870 = ( GEOMETRIC_REPRESENTATION_CONTEXT(2) 
PARAMETRIC_REPRESENTATION_CONTEXT() REPRESENTATION_CONTEXT('2D SPACE',''
  ) );
#871 = ORIENTED_EDGE('',*,*,#872,.T.);
#872 = EDGE_CURVE('',#847,#873,#875,.T.);
#873 = VERTEX_POINT('',#874);
#874 = CARTESIAN_POINT('',(-82.75544532796,-68.61330970423,8.));
#875 = SURFACE_CURVE('',#876,(#881,#888),.PCURVE_S1.);
#876 = CIRCLE('',#877,107.5);
#877 = AXIS2_PLACEMENT_3D('',#878,#879,#880);
#878 = CARTESIAN_POINT('',(0.,0.,8.));
#879 = DIRECTION('',(0.,0.,-1.));
#880 = DIRECTION('',(1.,0.,0.));
#881 = PCURVE('',#32,#882);
#882 = DEFINITIONAL_REPRESENTATION('',(#883),#887);
#883 = LINE('',#884,#885);
#884 = CARTESIAN_POINT('',(-6.28318530718,-6.));
#885 = VECTOR('',#886,1.);
#886 = DIRECTION('',(1.,-0.));
#887 = ( GEOMETRIC_REPRESENTATION_CONTEXT(2) 
PARAMETRIC_REPRESENTATION_CONTEXT() REPRESENTATION_CONTEXT('2D SPACE',''
  ) );
#888 = PCURVE('',#889,#894);
#889 = PLANE('',#890);
#890 = AXIS2_PLACEMENT_3D('',#891,#892,#893);
#891 = CARTESIAN_POINT('',(-79.54951288348,-65.40737725975,8.));
#892 = DIRECTION('',(0.,0.,1.));
#893 = DIRECTION('',(-0.707106781187,-0.707106781187,0.));
#894 = DEFINITIONAL_REPRESENTATION('',(#895),#903);
#895 = ( BOUNDED_CURVE() B_SPLINE_CURVE(2,(#896,#897,#898,#899,#900,#901
,#902),.UNSPECIFIED.,.T.,.F.) B_SPLINE_CURVE_WITH_KNOTS((1,2,2,2,2,1),(
    -2.094395102393,0.,2.094395102393,4.188790204786,6.28318530718,
8.377580409573),.UNSPECIFIED.) CURVE() GEOMETRIC_REPRESENTATION_ITEM() 
RATIONAL_B_SPLINE_CURVE((1.,0.5,1.,0.5,1.,0.5,1.)) REPRESENTATION_ITEM(
  '') );
#896 = CARTESIAN_POINT('',(-178.5139789775,86.013978977554));
#897 = CARTESIAN_POINT('',(-46.85390530295,217.67405265215));
#898 = CARTESIAN_POINT('',(1.337026326075,37.823047348521));
#899 = CARTESIAN_POINT('',(49.527957955108,-142.0279579551));
#900 = CARTESIAN_POINT('',(-130.3230473485,-93.83702632607));
#901 = CARTESIAN_POINT('',(-310.1740526521,-45.64609469704));
#902 = CARTESIAN_POINT('',(-178.5139789775,86.013978977554));
#903 = ( GEOMETRIC_REPRESENTATION_CONTEXT(2) 
PARAMETRIC_REPRESENTATION_CONTEXT() REPRESENTATION_CONTEXT('2D SPACE',''
  ) );
#904 = ORIENTED_EDGE('',*,*,#905,.T.);
#905 = EDGE_CURVE('',#873,#906,#908,.T.);
#906 = VERTEX_POINT('',#907);
#907 = CARTESIAN_POINT('',(-82.75544532796,-68.61330970423,6.8));
#908 = SURFACE_CURVE('',#909,(#913,#919),.PCURVE_S1.);
#909 = LINE('',#910,#911);
#910 = CARTESIAN_POINT('',(-82.75544532796,-68.61330970423,2.));
#911 = VECTOR('',#912,1.);
#912 = DIRECTION('',(-0.,-0.,-1.));
#913 = PCURVE('',#32,#914);
#914 = DEFINITIONAL_REPRESENTATION('',(#915),#918);
#915 = B_SPLINE_CURVE_WITH_KNOTS('',1,(#916,#917),.UNSPECIFIED.,.F.,.F.,
  (2,2),(-6.12,-4.68),.PIECEWISE_BEZIER_KNOTS.);
#916 = CARTESIAN_POINT('',(-3.833832875953,-6.12));
#917 = CARTESIAN_POINT('',(-3.833832875953,-4.68));
#918 = ( GEOMETRIC_REPRESENTATION_CONTEXT(2) 
PARAMETRIC_REPRESENTATION_CONTEXT() REPRESENTATION_CONTEXT('2D SPACE',''
  ) );
#919 = PCURVE('',#920,#925);
#920 = PLANE('',#921);
#921 = AXIS2_PLACEMENT_3D('',#922,#923,#924);
#922 = CARTESIAN_POINT('',(-79.54951288348,-65.40737725975,6.8));
#923 = DIRECTION('',(0.707106781187,-0.707106781187,0.));
#924 = DIRECTION('',(0.,0.,1.));
#925 = DEFINITIONAL_REPRESENTATION('',(#926),#929);
#926 = B_SPLINE_CURVE_WITH_KNOTS('',1,(#927,#928),.UNSPECIFIED.,.F.,.F.,
  (2,2),(-6.12,-4.68),.PIECEWISE_BEZIER_KNOTS.);
#927 = CARTESIAN_POINT('',(1.32,4.533873143038));
#928 = CARTESIAN_POINT('',(-0.12,4.533873143038));
#929 = ( GEOMETRIC_REPRESENTATION_CONTEXT(2) 
PARAMETRIC_REPRESENTATION_CONTEXT() REPRESENTATION_CONTEXT('2D SPACE',''
  ) );
#930 = ORIENTED_EDGE('',*,*,#931,.F.);
#931 = EDGE_CURVE('',#932,#906,#934,.T.);
#932 = VERTEX_POINT('',#933);
#933 = CARTESIAN_POINT('',(-67.68070166917,-83.51989356775,6.8));
#934 = SURFACE_CURVE('',#935,(#940,#947),.PCURVE_S1.);
#935 = CIRCLE('',#936,107.5);
#936 = AXIS2_PLACEMENT_3D('',#937,#938,#939);
#937 = CARTESIAN_POINT('',(0.,0.,6.8));
#938 = DIRECTION('',(0.,0.,-1.));
#939 = DIRECTION('',(1.,0.,0.));
#940 = PCURVE('',#32,#941);
#941 = DEFINITIONAL_REPRESENTATION('',(#942),#946);
#942 = LINE('',#943,#944);
#943 = CARTESIAN_POINT('',(-6.28318530718,-4.8));
#944 = VECTOR('',#945,1.);
#945 = DIRECTION('',(1.,-0.));
#946 = ( GEOMETRIC_REPRESENTATION_CONTEXT(2) 
PARAMETRIC_REPRESENTATION_CONTEXT() REPRESENTATION_CONTEXT('2D SPACE',''
  ) );
#947 = PCURVE('',#948,#953);
#948 = PLANE('',#949);
#949 = AXIS2_PLACEMENT_3D('',#950,#951,#952);
#950 = CARTESIAN_POINT('',(-79.54951288348,-65.40737725975,6.8));
#951 = DIRECTION('',(0.,0.,1.));
#952 = DIRECTION('',(-0.707106781187,-0.707106781187,0.));
#953 = DEFINITIONAL_REPRESENTATION('',(#954),#962);
#954 = ( BOUNDED_CURVE() B_SPLINE_CURVE(2,(#955,#956,#957,#958,#959,#960
,#961),.UNSPECIFIED.,.T.,.F.) B_SPLINE_CURVE_WITH_KNOTS((1,2,2,2,2,1),(
    -2.094395102393,0.,2.094395102393,4.188790204786,6.28318530718,
8.377580409573),.UNSPECIFIED.) CURVE() GEOMETRIC_REPRESENTATION_ITEM() 
RATIONAL_B_SPLINE_CURVE((1.,0.5,1.,0.5,1.,0.5,1.)) REPRESENTATION_ITEM(
  '') );
#955 = CARTESIAN_POINT('',(-178.5139789775,86.013978977554));
#956 = CARTESIAN_POINT('',(-46.85390530295,217.67405265215));
#957 = CARTESIAN_POINT('',(1.337026326075,37.823047348521));
#958 = CARTESIAN_POINT('',(49.527957955108,-142.0279579551));
#959 = CARTESIAN_POINT('',(-130.3230473485,-93.83702632607));
#960 = CARTESIAN_POINT('',(-310.1740526521,-45.64609469704));
#961 = CARTESIAN_POINT('',(-178.5139789775,86.013978977554));
#962 = ( GEOMETRIC_REPRESENTATION_CONTEXT(2) 
PARAMETRIC_REPRESENTATION_CONTEXT() REPRESENTATION_CONTEXT('2D SPACE',''
  ) );
#963 = ORIENTED_EDGE('',*,*,#964,.F.);
#964 = EDGE_CURVE('',#965,#932,#967,.T.);
#965 = VERTEX_POINT('',#966);
#966 = CARTESIAN_POINT('',(-67.68070166917,-83.51989356775,15.2));
#967 = SURFACE_CURVE('',#968,(#972,#978),.PCURVE_S1.);
#968 = LINE('',#969,#970);
#969 = CARTESIAN_POINT('',(-67.68070166917,-83.51989356775,2.));
#970 = VECTOR('',#971,1.);
#971 = DIRECTION('',(-0.,-0.,-1.));
#972 = PCURVE('',#32,#973);
#973 = DEFINITIONAL_REPRESENTATION('',(#974),#977);
#974 = B_SPLINE_CURVE_WITH_KNOTS('',1,(#975,#976),.UNSPECIFIED.,.F.,.F.,
  (2,2),(-14.04,-3.96),.PIECEWISE_BEZIER_KNOTS.);
#975 = CARTESIAN_POINT('',(-4.031366275446,-14.04));
#976 = CARTESIAN_POINT('',(-4.031366275446,-3.96));
#977 = ( GEOMETRIC_REPRESENTATION_CONTEXT(2) 
PARAMETRIC_REPRESENTATION_CONTEXT() REPRESENTATION_CONTEXT('2D SPACE',''
  ) );
#978 = PCURVE('',#979,#984);
#979 = PLANE('',#980);
#980 = AXIS2_PLACEMENT_3D('',#981,#982,#983);
#981 = CARTESIAN_POINT('',(-64.55884912233,-80.39804102091,6.8));
#982 = DIRECTION('',(0.707106781187,-0.707106781187,0.));
#983 = DIRECTION('',(0.,0.,1.));
#984 = DEFINITIONAL_REPRESENTATION('',(#985),#988);
#985 = B_SPLINE_CURVE_WITH_KNOTS('',1,(#986,#987),.UNSPECIFIED.,.F.,.F.,
  (2,2),(-14.04,-3.96),.PIECEWISE_BEZIER_KNOTS.);
#986 = CARTESIAN_POINT('',(9.24,4.414966211471));
#987 = CARTESIAN_POINT('',(-0.84,4.414966211471));
#988 = ( GEOMETRIC_REPRESENTATION_CONTEXT(2) 
PARAMETRIC_REPRESENTATION_CONTEXT() REPRESENTATION_CONTEXT('2D SPACE',''
  ) );
#989 = ORIENTED_EDGE('',*,*,#990,.T.);
#990 = EDGE_CURVE('',#965,#991,#993,.T.);
#991 = VERTEX_POINT('',#992);
#992 = CARTESIAN_POINT('',(-82.75544532796,-68.61330970423,15.2));
#993 = SURFACE_CURVE('',#994,(#999,#1006),.PCURVE_S1.);
#994 = CIRCLE('',#995,107.5);
#995 = AXIS2_PLACEMENT_3D('',#996,#997,#998);
#996 = CARTESIAN_POINT('',(0.,0.,15.2));
#997 = DIRECTION('',(0.,0.,-1.));
#998 = DIRECTION('',(1.,0.,0.));
#999 = PCURVE('',#32,#1000);
#1000 = DEFINITIONAL_REPRESENTATION('',(#1001),#1005);
#1001 = LINE('',#1002,#1003);
#1002 = CARTESIAN_POINT('',(-6.28318530718,-13.2));
#1003 = VECTOR('',#1004,1.);
#1004 = DIRECTION('',(1.,-0.));
#1005 = ( GEOMETRIC_REPRESENTATION_CONTEXT(2) 
PARAMETRIC_REPRESENTATION_CONTEXT() REPRESENTATION_CONTEXT('2D SPACE',''
  ) );
#1006 = PCURVE('',#1007,#1012);
#1007 = PLANE('',#1008);
#1008 = AXIS2_PLACEMENT_3D('',#1009,#1010,#1011);
#1009 = CARTESIAN_POINT('',(-79.54951288348,-65.40737725975,15.2));
#1010 = DIRECTION('',(0.,0.,1.));
#1011 = DIRECTION('',(-0.707106781187,-0.707106781187,0.));
#1012 = DEFINITIONAL_REPRESENTATION('',(#1013),#1021);
#1013 = ( BOUNDED_CURVE() B_SPLINE_CURVE(2,(#1014,#1015,#1016,#1017,
#1018,#1019,#1020),.UNSPECIFIED.,.T.,.F.) B_SPLINE_CURVE_WITH_KNOTS((1,2
    ,2,2,2,1),(-2.094395102393,0.,2.094395102393,4.188790204786,
6.28318530718,8.377580409573),.UNSPECIFIED.) CURVE() 
GEOMETRIC_REPRESENTATION_ITEM() RATIONAL_B_SPLINE_CURVE((1.,0.5,1.,0.5,
1.,0.5,1.)) REPRESENTATION_ITEM('') );
#1014 = CARTESIAN_POINT('',(-178.5139789775,86.013978977554));
#1015 = CARTESIAN_POINT('',(-46.85390530295,217.67405265215));
#1016 = CARTESIAN_POINT('',(1.337026326075,37.823047348521));
#1017 = CARTESIAN_POINT('',(49.527957955108,-142.0279579551));
#1018 = CARTESIAN_POINT('',(-130.3230473485,-93.83702632607));
#1019 = CARTESIAN_POINT('',(-310.1740526521,-45.64609469704));
#1020 = CARTESIAN_POINT('',(-178.5139789775,86.013978977554));
#1021 = ( GEOMETRIC_REPRESENTATION_CONTEXT(2) 
PARAMETRIC_REPRESENTATION_CONTEXT() REPRESENTATION_CONTEXT('2D SPACE',''
  ) );
#1022 = ORIENTED_EDGE('',*,*,#1023,.T.);
#1023 = EDGE_CURVE('',#991,#814,#1024,.T.);
#1024 = SURFACE_CURVE('',#1025,(#1029,#1035),.PCURVE_S1.);
#1025 = LINE('',#1026,#1027);
#1026 = CARTESIAN_POINT('',(-82.75544532796,-68.61330970423,2.));
#1027 = VECTOR('',#1028,1.);
#1028 = DIRECTION('',(-0.,-0.,-1.));
#1029 = PCURVE('',#32,#1030);
#1030 = DEFINITIONAL_REPRESENTATION('',(#1031),#1034);
#1031 = B_SPLINE_CURVE_WITH_KNOTS('',1,(#1032,#1033),.UNSPECIFIED.,.F.,
  .F.,(2,2),(-13.32,-11.88),.PIECEWISE_BEZIER_KNOTS.);
#1032 = CARTESIAN_POINT('',(-3.833832875953,-13.32));
#1033 = CARTESIAN_POINT('',(-3.833832875953,-11.88));
#1034 = ( GEOMETRIC_REPRESENTATION_CONTEXT(2) 
PARAMETRIC_REPRESENTATION_CONTEXT() REPRESENTATION_CONTEXT('2D SPACE',''
  ) );
#1035 = PCURVE('',#1036,#1041);
#1036 = PLANE('',#1037);
#1037 = AXIS2_PLACEMENT_3D('',#1038,#1039,#1040);
#1038 = CARTESIAN_POINT('',(-79.54951288348,-65.40737725975,14.));
#1039 = DIRECTION('',(0.707106781187,-0.707106781187,0.));
#1040 = DIRECTION('',(0.,0.,1.));
#1041 = DEFINITIONAL_REPRESENTATION('',(#1042),#1045);
#1042 = B_SPLINE_CURVE_WITH_KNOTS('',1,(#1043,#1044),.UNSPECIFIED.,.F.,
  .F.,(2,2),(-13.32,-11.88),.PIECEWISE_BEZIER_KNOTS.);
#1043 = CARTESIAN_POINT('',(1.32,4.533873143038));
#1044 = CARTESIAN_POINT('',(-0.12,4.533873143038));
#1045 = ( GEOMETRIC_REPRESENTATION_CONTEXT(2) 
PARAMETRIC_REPRESENTATION_CONTEXT() REPRESENTATION_CONTEXT('2D SPACE',''
  ) );
#1046 = FACE_BOUND('',#1047,.F.);
#1047 = EDGE_LOOP('',(#1048,#1083,#1109,#1142,#1168,#1201,#1227,#1260));
#1048 = ORIENTED_EDGE('',*,*,#1049,.F.);
#1049 = EDGE_CURVE('',#1050,#1052,#1054,.T.);
#1050 = VERTEX_POINT('',#1051);
#1051 = CARTESIAN_POINT('',(82.755445327968,-68.61330970423,14.));
#1052 = VERTEX_POINT('',#1053);
#1053 = CARTESIAN_POINT('',(68.613309704238,-82.75544532796,14.));
#1054 = SURFACE_CURVE('',#1055,(#1060,#1067),.PCURVE_S1.);
#1055 = CIRCLE('',#1056,107.5);
#1056 = AXIS2_PLACEMENT_3D('',#1057,#1058,#1059);
#1057 = CARTESIAN_POINT('',(0.,0.,14.));
#1058 = DIRECTION('',(0.,0.,-1.));
#1059 = DIRECTION('',(1.,0.,0.));
#1060 = PCURVE('',#32,#1061);
#1061 = DEFINITIONAL_REPRESENTATION('',(#1062),#1066);
#1062 = LINE('',#1063,#1064);
#1063 = CARTESIAN_POINT('',(-6.28318530718,-12.));
#1064 = VECTOR('',#1065,1.);
#1065 = DIRECTION('',(1.,-0.));
#1066 = ( GEOMETRIC_REPRESENTATION_CONTEXT(2) 
PARAMETRIC_REPRESENTATION_CONTEXT() REPRESENTATION_CONTEXT('2D SPACE',''
  ) );
#1067 = PCURVE('',#1068,#1073);
#1068 = PLANE('',#1069);
#1069 = AXIS2_PLACEMENT_3D('',#1070,#1071,#1072);
#1070 = CARTESIAN_POINT('',(65.407377259756,-79.54951288348,14.));
#1071 = DIRECTION('',(0.,0.,1.));
#1072 = DIRECTION('',(0.707106781187,-0.707106781187,0.));
#1073 = DEFINITIONAL_REPRESENTATION('',(#1074),#1082);
#1074 = ( BOUNDED_CURVE() B_SPLINE_CURVE(2,(#1075,#1076,#1077,#1078,
#1079,#1080,#1081),.UNSPECIFIED.,.T.,.F.) B_SPLINE_CURVE_WITH_KNOTS((1,2
    ,2,2,2,1),(-2.094395102393,0.,2.094395102393,4.188790204786,
6.28318530718,8.377580409573),.UNSPECIFIED.) CURVE() 
GEOMETRIC_REPRESENTATION_ITEM() RATIONAL_B_SPLINE_CURVE((1.,0.5,1.,0.5,
1.,0.5,1.)) REPRESENTATION_ITEM('') );
#1075 = CARTESIAN_POINT('',(-26.48602102244,86.013978977554));
#1076 = CARTESIAN_POINT('',(105.17405265215,-45.64609469704));
#1077 = CARTESIAN_POINT('',(-74.67695265147,-93.83702632607));
#1078 = CARTESIAN_POINT('',(-254.5279579551,-142.0279579551));
#1079 = CARTESIAN_POINT('',(-206.337026326,37.823047348521));
#1080 = CARTESIAN_POINT('',(-158.146094697,217.67405265215));
#1081 = CARTESIAN_POINT('',(-26.48602102244,86.013978977554));
#1082 = ( GEOMETRIC_REPRESENTATION_CONTEXT(2) 
PARAMETRIC_REPRESENTATION_CONTEXT() REPRESENTATION_CONTEXT('2D SPACE',''
  ) );
#1083 = ORIENTED_EDGE('',*,*,#1084,.T.);
#1084 = EDGE_CURVE('',#1050,#1085,#1087,.T.);
#1085 = VERTEX_POINT('',#1086);
#1086 = CARTESIAN_POINT('',(82.755445327968,-68.61330970423,8.));
#1087 = SURFACE_CURVE('',#1088,(#1092,#1098),.PCURVE_S1.);
#1088 = LINE('',#1089,#1090);
#1089 = CARTESIAN_POINT('',(82.755445327968,-68.61330970423,2.));
#1090 = VECTOR('',#1091,1.);
#1091 = DIRECTION('',(-0.,-0.,-1.));
#1092 = PCURVE('',#32,#1093);
#1093 = DEFINITIONAL_REPRESENTATION('',(#1094),#1097);
#1094 = B_SPLINE_CURVE_WITH_KNOTS('',1,(#1095,#1096),.UNSPECIFIED.,.F.,
  .F.,(2,2),(-12.6,-5.4),.PIECEWISE_BEZIER_KNOTS.);
#1095 = CARTESIAN_POINT('',(-5.590945084817,-12.6));
#1096 = CARTESIAN_POINT('',(-5.590945084817,-5.4));
#1097 = ( GEOMETRIC_REPRESENTATION_CONTEXT(2) 
PARAMETRIC_REPRESENTATION_CONTEXT() REPRESENTATION_CONTEXT('2D SPACE',''
  ) );
#1098 = PCURVE('',#1099,#1104);
#1099 = PLANE('',#1100);
#1100 = AXIS2_PLACEMENT_3D('',#1101,#1102,#1103);
#1101 = CARTESIAN_POINT('',(79.549512883487,-65.40737725975,6.8));
#1102 = DIRECTION('',(0.707106781187,0.707106781187,0.));
#1103 = DIRECTION('',(0.,0.,1.));
#1104 = DEFINITIONAL_REPRESENTATION('',(#1105),#1108);
#1105 = B_SPLINE_CURVE_WITH_KNOTS('',1,(#1106,#1107),.UNSPECIFIED.,.F.,
  .F.,(2,2),(-12.6,-5.4),.PIECEWISE_BEZIER_KNOTS.);
#1106 = CARTESIAN_POINT('',(7.8,4.533873143038));
#1107 = CARTESIAN_POINT('',(0.6,4.533873143038));
#1108 = ( GEOMETRIC_REPRESENTATION_CONTEXT(2) 
PARAMETRIC_REPRESENTATION_CONTEXT() REPRESENTATION_CONTEXT('2D SPACE',''
  ) );
#1109 = ORIENTED_EDGE('',*,*,#1110,.T.);
#1110 = EDGE_CURVE('',#1085,#1111,#1113,.T.);
#1111 = VERTEX_POINT('',#1112);
#1112 = CARTESIAN_POINT('',(68.613309704238,-82.75544532796,8.));
#1113 = SURFACE_CURVE('',#1114,(#1119,#1126),.PCURVE_S1.);
#1114 = CIRCLE('',#1115,107.5);
#1115 = AXIS2_PLACEMENT_3D('',#1116,#1117,#1118);
#1116 = CARTESIAN_POINT('',(0.,0.,8.));
#1117 = DIRECTION('',(0.,0.,-1.));
#1118 = DIRECTION('',(1.,0.,0.));
#1119 = PCURVE('',#32,#1120);
#1120 = DEFINITIONAL_REPRESENTATION('',(#1121),#1125);
#1121 = LINE('',#1122,#1123);
#1122 = CARTESIAN_POINT('',(-6.28318530718,-6.));
#1123 = VECTOR('',#1124,1.);
#1124 = DIRECTION('',(1.,-0.));
#1125 = ( GEOMETRIC_REPRESENTATION_CONTEXT(2) 
PARAMETRIC_REPRESENTATION_CONTEXT() REPRESENTATION_CONTEXT('2D SPACE',''
  ) );
#1126 = PCURVE('',#1127,#1132);
#1127 = PLANE('',#1128);
#1128 = AXIS2_PLACEMENT_3D('',#1129,#1130,#1131);
#1129 = CARTESIAN_POINT('',(65.407377259756,-79.54951288348,8.));
#1130 = DIRECTION('',(0.,0.,1.));
#1131 = DIRECTION('',(0.707106781187,-0.707106781187,0.));
#1132 = DEFINITIONAL_REPRESENTATION('',(#1133),#1141);
#1133 = ( BOUNDED_CURVE() B_SPLINE_CURVE(2,(#1134,#1135,#1136,#1137,
#1138,#1139,#1140),.UNSPECIFIED.,.T.,.F.) B_SPLINE_CURVE_WITH_KNOTS((1,2
    ,2,2,2,1),(-2.094395102393,0.,2.094395102393,4.188790204786,
6.28318530718,8.377580409573),.UNSPECIFIED.) CURVE() 
GEOMETRIC_REPRESENTATION_ITEM() RATIONAL_B_SPLINE_CURVE((1.,0.5,1.,0.5,
1.,0.5,1.)) REPRESENTATION_ITEM('') );
#1134 = CARTESIAN_POINT('',(-26.48602102244,86.013978977554));
#1135 = CARTESIAN_POINT('',(105.17405265215,-45.64609469704));
#1136 = CARTESIAN_POINT('',(-74.67695265147,-93.83702632607));
#1137 = CARTESIAN_POINT('',(-254.5279579551,-142.0279579551));
#1138 = CARTESIAN_POINT('',(-206.337026326,37.823047348521));
#1139 = CARTESIAN_POINT('',(-158.146094697,217.67405265215));
#1140 = CARTESIAN_POINT('',(-26.48602102244,86.013978977554));
#1141 = ( GEOMETRIC_REPRESENTATION_CONTEXT(2) 
PARAMETRIC_REPRESENTATION_CONTEXT() REPRESENTATION_CONTEXT('2D SPACE',''
  ) );
#1142 = ORIENTED_EDGE('',*,*,#1143,.T.);
#1143 = EDGE_CURVE('',#1111,#1144,#1146,.T.);
#1144 = VERTEX_POINT('',#1145);
#1145 = CARTESIAN_POINT('',(68.613309704238,-82.75544532796,6.8));
#1146 = SURFACE_CURVE('',#1147,(#1151,#1157),.PCURVE_S1.);
#1147 = LINE('',#1148,#1149);
#1148 = CARTESIAN_POINT('',(68.613309704238,-82.75544532796,2.));
#1149 = VECTOR('',#1150,1.);
#1150 = DIRECTION('',(-0.,-0.,-1.));
#1151 = PCURVE('',#32,#1152);
#1152 = DEFINITIONAL_REPRESENTATION('',(#1153),#1156);
#1153 = B_SPLINE_CURVE_WITH_KNOTS('',1,(#1154,#1155),.UNSPECIFIED.,.F.,
  .F.,(2,2),(-6.12,-4.68),.PIECEWISE_BEZIER_KNOTS.);
#1154 = CARTESIAN_POINT('',(-5.404629202747,-6.12));
#1155 = CARTESIAN_POINT('',(-5.404629202747,-4.68));
#1156 = ( GEOMETRIC_REPRESENTATION_CONTEXT(2) 
PARAMETRIC_REPRESENTATION_CONTEXT() REPRESENTATION_CONTEXT('2D SPACE',''
  ) );
#1157 = PCURVE('',#1158,#1163);
#1158 = PLANE('',#1159);
#1159 = AXIS2_PLACEMENT_3D('',#1160,#1161,#1162);
#1160 = CARTESIAN_POINT('',(65.407377259756,-79.54951288348,6.8));
#1161 = DIRECTION('',(0.707106781187,0.707106781187,0.));
#1162 = DIRECTION('',(0.,0.,1.));
#1163 = DEFINITIONAL_REPRESENTATION('',(#1164),#1167);
#1164 = B_SPLINE_CURVE_WITH_KNOTS('',1,(#1165,#1166),.UNSPECIFIED.,.F.,
  .F.,(2,2),(-6.12,-4.68),.PIECEWISE_BEZIER_KNOTS.);
#1165 = CARTESIAN_POINT('',(1.32,4.533873143038));
#1166 = CARTESIAN_POINT('',(-0.12,4.533873143038));
#1167 = ( GEOMETRIC_REPRESENTATION_CONTEXT(2) 
PARAMETRIC_REPRESENTATION_CONTEXT() REPRESENTATION_CONTEXT('2D SPACE',''
  ) );
#1168 = ORIENTED_EDGE('',*,*,#1169,.F.);
#1169 = EDGE_CURVE('',#1170,#1144,#1172,.T.);
#1170 = VERTEX_POINT('',#1171);
#1171 = CARTESIAN_POINT('',(83.519893567751,-67.68070166917,6.8));
#1172 = SURFACE_CURVE('',#1173,(#1178,#1185),.PCURVE_S1.);
#1173 = CIRCLE('',#1174,107.5);
#1174 = AXIS2_PLACEMENT_3D('',#1175,#1176,#1177);
#1175 = CARTESIAN_POINT('',(0.,0.,6.8));
#1176 = DIRECTION('',(0.,0.,-1.));
#1177 = DIRECTION('',(1.,0.,0.));
#1178 = PCURVE('',#32,#1179);
#1179 = DEFINITIONAL_REPRESENTATION('',(#1180),#1184);
#1180 = LINE('',#1181,#1182);
#1181 = CARTESIAN_POINT('',(-6.28318530718,-4.8));
#1182 = VECTOR('',#1183,1.);
#1183 = DIRECTION('',(1.,-0.));
#1184 = ( GEOMETRIC_REPRESENTATION_CONTEXT(2) 
PARAMETRIC_REPRESENTATION_CONTEXT() REPRESENTATION_CONTEXT('2D SPACE',''
  ) );
#1185 = PCURVE('',#1186,#1191);
#1186 = PLANE('',#1187);
#1187 = AXIS2_PLACEMENT_3D('',#1188,#1189,#1190);
#1188 = CARTESIAN_POINT('',(65.407377259756,-79.54951288348,6.8));
#1189 = DIRECTION('',(0.,0.,1.));
#1190 = DIRECTION('',(0.707106781187,-0.707106781187,0.));
#1191 = DEFINITIONAL_REPRESENTATION('',(#1192),#1200);
#1192 = ( BOUNDED_CURVE() B_SPLINE_CURVE(2,(#1193,#1194,#1195,#1196,
#1197,#1198,#1199),.UNSPECIFIED.,.T.,.F.) B_SPLINE_CURVE_WITH_KNOTS((1,2
    ,2,2,2,1),(-2.094395102393,0.,2.094395102393,4.188790204786,
6.28318530718,8.377580409573),.UNSPECIFIED.) CURVE() 
GEOMETRIC_REPRESENTATION_ITEM() RATIONAL_B_SPLINE_CURVE((1.,0.5,1.,0.5,
1.,0.5,1.)) REPRESENTATION_ITEM('') );
#1193 = CARTESIAN_POINT('',(-26.48602102244,86.013978977554));
#1194 = CARTESIAN_POINT('',(105.17405265215,-45.64609469704));
#1195 = CARTESIAN_POINT('',(-74.67695265147,-93.83702632607));
#1196 = CARTESIAN_POINT('',(-254.5279579551,-142.0279579551));
#1197 = CARTESIAN_POINT('',(-206.337026326,37.823047348521));
#1198 = CARTESIAN_POINT('',(-158.146094697,217.67405265215));
#1199 = CARTESIAN_POINT('',(-26.48602102244,86.013978977554));
#1200 = ( GEOMETRIC_REPRESENTATION_CONTEXT(2) 
PARAMETRIC_REPRESENTATION_CONTEXT() REPRESENTATION_CONTEXT('2D SPACE',''
  ) );
#1201 = ORIENTED_EDGE('',*,*,#1202,.F.);
#1202 = EDGE_CURVE('',#1203,#1170,#1205,.T.);
#1203 = VERTEX_POINT('',#1204);
#1204 = CARTESIAN_POINT('',(83.519893567751,-67.68070166917,15.2));
#1205 = SURFACE_CURVE('',#1206,(#1210,#1216),.PCURVE_S1.);
#1206 = LINE('',#1207,#1208);
#1207 = CARTESIAN_POINT('',(83.519893567751,-67.68070166917,2.));
#1208 = VECTOR('',#1209,1.);
#1209 = DIRECTION('',(-0.,-0.,-1.));
#1210 = PCURVE('',#32,#1211);
#1211 = DEFINITIONAL_REPRESENTATION('',(#1212),#1215);
#1212 = B_SPLINE_CURVE_WITH_KNOTS('',1,(#1213,#1214),.UNSPECIFIED.,.F.,
  .F.,(2,2),(-14.04,-3.96),.PIECEWISE_BEZIER_KNOTS.);
#1213 = CARTESIAN_POINT('',(-5.602162602241,-14.04));
#1214 = CARTESIAN_POINT('',(-5.602162602241,-3.96));
#1215 = ( GEOMETRIC_REPRESENTATION_CONTEXT(2) 
PARAMETRIC_REPRESENTATION_CONTEXT() REPRESENTATION_CONTEXT('2D SPACE',''
  ) );
#1216 = PCURVE('',#1217,#1222);
#1217 = PLANE('',#1218);
#1218 = AXIS2_PLACEMENT_3D('',#1219,#1220,#1221);
#1219 = CARTESIAN_POINT('',(80.39804102091,-64.55884912233,6.8));
#1220 = DIRECTION('',(0.707106781187,0.707106781187,0.));
#1221 = DIRECTION('',(0.,0.,1.));
#1222 = DEFINITIONAL_REPRESENTATION('',(#1223),#1226);
#1223 = B_SPLINE_CURVE_WITH_KNOTS('',1,(#1224,#1225),.UNSPECIFIED.,.F.,
  .F.,(2,2),(-14.04,-3.96),.PIECEWISE_BEZIER_KNOTS.);
#1224 = CARTESIAN_POINT('',(9.24,4.414966211471));
#1225 = CARTESIAN_POINT('',(-0.84,4.414966211471));
#1226 = ( GEOMETRIC_REPRESENTATION_CONTEXT(2) 
PARAMETRIC_REPRESENTATION_CONTEXT() REPRESENTATION_CONTEXT('2D SPACE',''
  ) );
#1227 = ORIENTED_EDGE('',*,*,#1228,.T.);
#1228 = EDGE_CURVE('',#1203,#1229,#1231,.T.);
#1229 = VERTEX_POINT('',#1230);
#1230 = CARTESIAN_POINT('',(68.613309704238,-82.75544532796,15.2));
#1231 = SURFACE_CURVE('',#1232,(#1237,#1244),.PCURVE_S1.);
#1232 = CIRCLE('',#1233,107.5);
#1233 = AXIS2_PLACEMENT_3D('',#1234,#1235,#1236);
#1234 = CARTESIAN_POINT('',(0.,0.,15.2));
#1235 = DIRECTION('',(0.,0.,-1.));
#1236 = DIRECTION('',(1.,0.,0.));
#1237 = PCURVE('',#32,#1238);
#1238 = DEFINITIONAL_REPRESENTATION('',(#1239),#1243);
#1239 = LINE('',#1240,#1241);
#1240 = CARTESIAN_POINT('',(-6.28318530718,-13.2));
#1241 = VECTOR('',#1242,1.);
#1242 = DIRECTION('',(1.,-0.));
#1243 = ( GEOMETRIC_REPRESENTATION_CONTEXT(2) 
PARAMETRIC_REPRESENTATION_CONTEXT() REPRESENTATION_CONTEXT('2D SPACE',''
  ) );
#1244 = PCURVE('',#1245,#1250);
#1245 = PLANE('',#1246);
#1246 = AXIS2_PLACEMENT_3D('',#1247,#1248,#1249);
#1247 = CARTESIAN_POINT('',(65.407377259756,-79.54951288348,15.2));
#1248 = DIRECTION('',(0.,0.,1.));
#1249 = DIRECTION('',(0.707106781187,-0.707106781187,0.));
#1250 = DEFINITIONAL_REPRESENTATION('',(#1251),#1259);
#1251 = ( BOUNDED_CURVE() B_SPLINE_CURVE(2,(#1252,#1253,#1254,#1255,
#1256,#1257,#1258),.UNSPECIFIED.,.T.,.F.) B_SPLINE_CURVE_WITH_KNOTS((1,2
    ,2,2,2,1),(-2.094395102393,0.,2.094395102393,4.188790204786,
6.28318530718,8.377580409573),.UNSPECIFIED.) CURVE() 
GEOMETRIC_REPRESENTATION_ITEM() RATIONAL_B_SPLINE_CURVE((1.,0.5,1.,0.5,
1.,0.5,1.)) REPRESENTATION_ITEM('') );
#1252 = CARTESIAN_POINT('',(-26.48602102244,86.013978977554));
#1253 = CARTESIAN_POINT('',(105.17405265215,-45.64609469704));
#1254 = CARTESIAN_POINT('',(-74.67695265147,-93.83702632607));
#1255 = CARTESIAN_POINT('',(-254.5279579551,-142.0279579551));
#1256 = CARTESIAN_POINT('',(-206.337026326,37.823047348521));
#1257 = CARTESIAN_POINT('',(-158.146094697,217.67405265215));
#1258 = CARTESIAN_POINT('',(-26.48602102244,86.013978977554));
#1259 = ( GEOMETRIC_REPRESENTATION_CONTEXT(2) 
PARAMETRIC_REPRESENTATION_CONTEXT() REPRESENTATION_CONTEXT('2D SPACE',''
  ) );
#1260 = ORIENTED_EDGE('',*,*,#1261,.T.);
#1261 = EDGE_CURVE('',#1229,#1052,#1262,.T.);
#1262 = SURFACE_CURVE('',#1263,(#1267,#1273),.PCURVE_S1.);
#1263 = LINE('',#1264,#1265);
#1264 = CARTESIAN_POINT('',(68.613309704238,-82.75544532796,2.));
#1265 = VECTOR('',#1266,1.);
#1266 = DIRECTION('',(-0.,-0.,-1.));
#1267 = PCURVE('',#32,#1268);
#1268 = DEFINITIONAL_REPRESENTATION('',(#1269),#1272);
#1269 = B_SPLINE_CURVE_WITH_KNOTS('',1,(#1270,#1271),.UNSPECIFIED.,.F.,
  .F.,(2,2),(-13.32,-11.88),.PIECEWISE_BEZIER_KNOTS.);
#1270 = CARTESIAN_POINT('',(-5.404629202747,-13.32));
#1271 = CARTESIAN_POINT('',(-5.404629202747,-11.88));
#1272 = ( GEOMETRIC_REPRESENTATION_CONTEXT(2) 
PARAMETRIC_REPRESENTATION_CONTEXT() REPRESENTATION_CONTEXT('2D SPACE',''
  ) );
#1273 = PCURVE('',#1274,#1279);
#1274 = PLANE('',#1275);
#1275 = AXIS2_PLACEMENT_3D('',#1276,#1277,#1278);
#1276 = CARTESIAN_POINT('',(65.407377259756,-79.54951288348,14.));
#1277 = DIRECTION('',(0.707106781187,0.707106781187,0.));
#1278 = DIRECTION('',(0.,0.,1.));
#1279 = DEFINITIONAL_REPRESENTATION('',(#1280),#1283);
#1280 = B_SPLINE_CURVE_WITH_KNOTS('',1,(#1281,#1282),.UNSPECIFIED.,.F.,
  .F.,(2,2),(-13.32,-11.88),.PIECEWISE_BEZIER_KNOTS.);
#1281 = CARTESIAN_POINT('',(1.32,4.533873143038));
#1282 = CARTESIAN_POINT('',(-0.12,4.533873143038));
#1283 = ( GEOMETRIC_REPRESENTATION_CONTEXT(2) 
PARAMETRIC_REPRESENTATION_CONTEXT() REPRESENTATION_CONTEXT('2D SPACE',''
  ) );
#1284 = ADVANCED_FACE('',(#1285),#43,.F.);
#1285 = FACE_BOUND('',#1286,.F.);
#1286 = EDGE_LOOP('',(#1287,#1308,#1336,#1357));
#1287 = ORIENTED_EDGE('',*,*,#1288,.T.);
#1288 = EDGE_CURVE('',#24,#1289,#1291,.T.);
#1289 = VERTEX_POINT('',#1290);
#1290 = CARTESIAN_POINT('',(105.85,9.,2.));
#1291 = SURFACE_CURVE('',#1292,(#1296,#1302),.PCURVE_S1.);
#1292 = LINE('',#1293,#1294);
#1293 = CARTESIAN_POINT('',(52.925,9.,2.));
#1294 = VECTOR('',#1295,1.);
#1295 = DIRECTION('',(-1.,0.,0.));
#1296 = PCURVE('',#43,#1297);
#1297 = DEFINITIONAL_REPRESENTATION('',(#1298),#1301);
#1298 = B_SPLINE_CURVE_WITH_KNOTS('',1,(#1299,#1300),.UNSPECIFIED.,.F.,
  .F.,(2,2),(-54.575,-52.925),.PIECEWISE_BEZIER_KNOTS.);
#1299 = CARTESIAN_POINT('',(1.,1.65));
#1300 = CARTESIAN_POINT('',(1.,0.));
#1301 = ( GEOMETRIC_REPRESENTATION_CONTEXT(2) 
PARAMETRIC_REPRESENTATION_CONTEXT() REPRESENTATION_CONTEXT('2D SPACE',''
  ) );
#1302 = PCURVE('',#321,#1303);
#1303 = DEFINITIONAL_REPRESENTATION('',(#1304),#1307);
#1304 = B_SPLINE_CURVE_WITH_KNOTS('',1,(#1305,#1306),.UNSPECIFIED.,.F.,
  .F.,(2,2),(-54.575,-52.925),.PIECEWISE_BEZIER_KNOTS.);
#1305 = CARTESIAN_POINT('',(107.5,9.));
#1306 = CARTESIAN_POINT('',(105.85,9.));
#1307 = ( GEOMETRIC_REPRESENTATION_CONTEXT(2) 
PARAMETRIC_REPRESENTATION_CONTEXT() REPRESENTATION_CONTEXT('2D SPACE',''
  ) );
#1308 = ORIENTED_EDGE('',*,*,#1309,.T.);
#1309 = EDGE_CURVE('',#1289,#1310,#1312,.T.);
#1310 = VERTEX_POINT('',#1311);
#1311 = CARTESIAN_POINT('',(105.85,9.,8.));
#1312 = SURFACE_CURVE('',#1313,(#1317,#1324),.PCURVE_S1.);
#1313 = LINE('',#1314,#1315);
#1314 = CARTESIAN_POINT('',(105.85,9.,1.));
#1315 = VECTOR('',#1316,1.);
#1316 = DIRECTION('',(0.,0.,1.));
#1317 = PCURVE('',#43,#1318);
#1318 = DEFINITIONAL_REPRESENTATION('',(#1319),#1323);
#1319 = LINE('',#1320,#1321);
#1320 = CARTESIAN_POINT('',(0.,0.));
#1321 = VECTOR('',#1322,1.);
#1322 = DIRECTION('',(1.,0.));
#1323 = ( GEOMETRIC_REPRESENTATION_CONTEXT(2) 
PARAMETRIC_REPRESENTATION_CONTEXT() REPRESENTATION_CONTEXT('2D SPACE',''
  ) );
#1324 = PCURVE('',#1325,#1330);
#1325 = PLANE('',#1326);
#1326 = AXIS2_PLACEMENT_3D('',#1327,#1328,#1329);
#1327 = CARTESIAN_POINT('',(105.85,-9.,1.));
#1328 = DIRECTION('',(1.,0.,0.));
#1329 = DIRECTION('',(0.,0.,1.));
#1330 = DEFINITIONAL_REPRESENTATION('',(#1331),#1335);
#1331 = LINE('',#1332,#1333);
#1332 = CARTESIAN_POINT('',(0.,-18.));
#1333 = VECTOR('',#1334,1.);
#1334 = DIRECTION('',(1.,0.));
#1335 = ( GEOMETRIC_REPRESENTATION_CONTEXT(2) 
PARAMETRIC_REPRESENTATION_CONTEXT() REPRESENTATION_CONTEXT('2D SPACE',''
  ) );
#1336 = ORIENTED_EDGE('',*,*,#1337,.T.);
#1337 = EDGE_CURVE('',#1310,#22,#1338,.T.);
#1338 = SURFACE_CURVE('',#1339,(#1343,#1350),.PCURVE_S1.);
#1339 = LINE('',#1340,#1341);
#1340 = CARTESIAN_POINT('',(105.85,9.,8.));
#1341 = VECTOR('',#1342,1.);
#1342 = DIRECTION('',(1.,0.,0.));
#1343 = PCURVE('',#43,#1344);
#1344 = DEFINITIONAL_REPRESENTATION('',(#1345),#1349);
#1345 = LINE('',#1346,#1347);
#1346 = CARTESIAN_POINT('',(7.,0.));
#1347 = VECTOR('',#1348,1.);
#1348 = DIRECTION('',(0.,1.));
#1349 = ( GEOMETRIC_REPRESENTATION_CONTEXT(2) 
PARAMETRIC_REPRESENTATION_CONTEXT() REPRESENTATION_CONTEXT('2D SPACE',''
  ) );
#1350 = PCURVE('',#71,#1351);
#1351 = DEFINITIONAL_REPRESENTATION('',(#1352),#1356);
#1352 = LINE('',#1353,#1354);
#1353 = CARTESIAN_POINT('',(0.,18.));
#1354 = VECTOR('',#1355,1.);
#1355 = DIRECTION('',(1.,0.));
#1356 = ( GEOMETRIC_REPRESENTATION_CONTEXT(2) 
PARAMETRIC_REPRESENTATION_CONTEXT() REPRESENTATION_CONTEXT('2D SPACE',''
  ) );
#1357 = ORIENTED_EDGE('',*,*,#21,.T.);
#1358 = ADVANCED_FACE('',(#1359),#321,.F.);
#1359 = FACE_BOUND('',#1360,.F.);
#1360 = EDGE_LOOP('',(#1361,#1362,#1363,#1384,#1410,#1443));
#1361 = ORIENTED_EDGE('',*,*,#1288,.F.);
#1362 = ORIENTED_EDGE('',*,*,#306,.T.);
#1363 = ORIENTED_EDGE('',*,*,#1364,.T.);
#1364 = EDGE_CURVE('',#281,#1365,#1367,.T.);
#1365 = VERTEX_POINT('',#1366);
#1366 = CARTESIAN_POINT('',(-105.85,9.,2.));
#1367 = SURFACE_CURVE('',#1368,(#1372,#1378),.PCURVE_S1.);
#1368 = LINE('',#1369,#1370);
#1369 = CARTESIAN_POINT('',(-52.925,9.,2.));
#1370 = VECTOR('',#1371,1.);
#1371 = DIRECTION('',(1.,-1.224646799147E-16,0.));
#1372 = PCURVE('',#321,#1373);
#1373 = DEFINITIONAL_REPRESENTATION('',(#1374),#1377);
#1374 = B_SPLINE_CURVE_WITH_KNOTS('',1,(#1375,#1376),.UNSPECIFIED.,.F.,
  .F.,(2,2),(-54.575,-52.925),.PIECEWISE_BEZIER_KNOTS.);
#1375 = CARTESIAN_POINT('',(-107.5,9.));
#1376 = CARTESIAN_POINT('',(-105.85,9.));
#1377 = ( GEOMETRIC_REPRESENTATION_CONTEXT(2) 
PARAMETRIC_REPRESENTATION_CONTEXT() REPRESENTATION_CONTEXT('2D SPACE',''
  ) );
#1378 = PCURVE('',#295,#1379);
#1379 = DEFINITIONAL_REPRESENTATION('',(#1380),#1383);
#1380 = B_SPLINE_CURVE_WITH_KNOTS('',1,(#1381,#1382),.UNSPECIFIED.,.F.,
  .F.,(2,2),(-54.575,-52.925),.PIECEWISE_BEZIER_KNOTS.);
#1381 = CARTESIAN_POINT('',(1.,1.65));
#1382 = CARTESIAN_POINT('',(1.,0.));
#1383 = ( GEOMETRIC_REPRESENTATION_CONTEXT(2) 
PARAMETRIC_REPRESENTATION_CONTEXT() REPRESENTATION_CONTEXT('2D SPACE',''
  ) );
#1384 = ORIENTED_EDGE('',*,*,#1385,.T.);
#1385 = EDGE_CURVE('',#1365,#1386,#1388,.T.);
#1386 = VERTEX_POINT('',#1387);
#1387 = CARTESIAN_POINT('',(-105.85,3.253843880705,2.));
#1388 = SURFACE_CURVE('',#1389,(#1393,#1399),.PCURVE_S1.);
#1389 = LINE('',#1390,#1391);
#1390 = CARTESIAN_POINT('',(-105.85,4.5,2.));
#1391 = VECTOR('',#1392,1.);
#1392 = DIRECTION('',(-1.224646799147E-16,-1.,0.));
#1393 = PCURVE('',#321,#1394);
#1394 = DEFINITIONAL_REPRESENTATION('',(#1395),#1398);
#1395 = B_SPLINE_CURVE_WITH_KNOTS('',1,(#1396,#1397),.UNSPECIFIED.,.F.,
  .F.,(2,2),(-4.5,13.5),.PIECEWISE_BEZIER_KNOTS.);
#1396 = CARTESIAN_POINT('',(-105.85,9.));
#1397 = CARTESIAN_POINT('',(-105.85,-9.));
#1398 = ( GEOMETRIC_REPRESENTATION_CONTEXT(2) 
PARAMETRIC_REPRESENTATION_CONTEXT() REPRESENTATION_CONTEXT('2D SPACE',''
  ) );
#1399 = PCURVE('',#1400,#1405);
#1400 = PLANE('',#1401);
#1401 = AXIS2_PLACEMENT_3D('',#1402,#1403,#1404);
#1402 = CARTESIAN_POINT('',(-105.85,9.,1.));
#1403 = DIRECTION('',(-1.,1.224646799147E-16,0.));
#1404 = DIRECTION('',(0.,0.,1.));
#1405 = DEFINITIONAL_REPRESENTATION('',(#1406),#1409);
#1406 = B_SPLINE_CURVE_WITH_KNOTS('',1,(#1407,#1408),.UNSPECIFIED.,.F.,
  .F.,(2,2),(-4.5,13.5),.PIECEWISE_BEZIER_KNOTS.);
#1407 = CARTESIAN_POINT('',(1.,0.));
#1408 = CARTESIAN_POINT('',(1.,-18.));
#1409 = ( GEOMETRIC_REPRESENTATION_CONTEXT(2) 
PARAMETRIC_REPRESENTATION_CONTEXT() REPRESENTATION_CONTEXT('2D SPACE',''
  ) );
#1410 = ORIENTED_EDGE('',*,*,#1411,.T.);
#1411 = EDGE_CURVE('',#1386,#1412,#1414,.T.);
#1412 = VERTEX_POINT('',#1413);
#1413 = CARTESIAN_POINT('',(105.85,3.253843880705,2.));
#1414 = SURFACE_CURVE('',#1415,(#1420,#1431),.PCURVE_S1.);
#1415 = CIRCLE('',#1416,105.9);
#1416 = AXIS2_PLACEMENT_3D('',#1417,#1418,#1419);
#1417 = CARTESIAN_POINT('',(0.,0.,2.));
#1418 = DIRECTION('',(0.,0.,-1.));
#1419 = DIRECTION('',(1.,0.,0.));
#1420 = PCURVE('',#321,#1421);
#1421 = DEFINITIONAL_REPRESENTATION('',(#1422),#1430);
#1422 = ( BOUNDED_CURVE() B_SPLINE_CURVE(2,(#1423,#1424,#1425,#1426,
#1427,#1428,#1429),.UNSPECIFIED.,.T.,.F.) B_SPLINE_CURVE_WITH_KNOTS((1,2
    ,2,2,2,1),(-2.094395102393,0.,2.094395102393,4.188790204786,
6.28318530718,8.377580409573),.UNSPECIFIED.) CURVE() 
GEOMETRIC_REPRESENTATION_ITEM() RATIONAL_B_SPLINE_CURVE((1.,0.5,1.,0.5,
1.,0.5,1.)) REPRESENTATION_ITEM('') );
#1423 = CARTESIAN_POINT('',(105.9,4.388317696945E-15));
#1424 = CARTESIAN_POINT('',(105.9,-183.4241805215));
#1425 = CARTESIAN_POINT('',(-52.95,-91.71209026077));
#1426 = CARTESIAN_POINT('',(-211.8,-2.1549701509E-14));
#1427 = CARTESIAN_POINT('',(-52.95,91.712090260772));
#1428 = CARTESIAN_POINT('',(105.9,183.42418052154));
#1429 = CARTESIAN_POINT('',(105.9,4.388317696945E-15));
#1430 = ( GEOMETRIC_REPRESENTATION_CONTEXT(2) 
PARAMETRIC_REPRESENTATION_CONTEXT() REPRESENTATION_CONTEXT('2D SPACE',''
  ) );
#1431 = PCURVE('',#1432,#1437);
#1432 = CYLINDRICAL_SURFACE('',#1433,105.9);
#1433 = AXIS2_PLACEMENT_3D('',#1434,#1435,#1436);
#1434 = CARTESIAN_POINT('',(0.,0.,1.));
#1435 = DIRECTION('',(-0.,-0.,-1.));
#1436 = DIRECTION('',(1.,0.,0.));
#1437 = DEFINITIONAL_REPRESENTATION('',(#1438),#1442);
#1438 = LINE('',#1439,#1440);
#1439 = CARTESIAN_POINT('',(-6.28318530718,-1.));
#1440 = VECTOR('',#1441,1.);
#1441 = DIRECTION('',(1.,-0.));
#1442 = ( GEOMETRIC_REPRESENTATION_CONTEXT(2) 
PARAMETRIC_REPRESENTATION_CONTEXT() REPRESENTATION_CONTEXT('2D SPACE',''
  ) );
#1443 = ORIENTED_EDGE('',*,*,#1444,.T.);
#1444 = EDGE_CURVE('',#1412,#1289,#1445,.T.);
#1445 = SURFACE_CURVE('',#1446,(#1450,#1456),.PCURVE_S1.);
#1446 = LINE('',#1447,#1448);
#1447 = CARTESIAN_POINT('',(105.85,-4.5,2.));
#1448 = VECTOR('',#1449,1.);
#1449 = DIRECTION('',(0.,1.,0.));
#1450 = PCURVE('',#321,#1451);
#1451 = DEFINITIONAL_REPRESENTATION('',(#1452),#1455);
#1452 = B_SPLINE_CURVE_WITH_KNOTS('',1,(#1453,#1454),.UNSPECIFIED.,.F.,
  .F.,(2,2),(-4.5,13.5),.PIECEWISE_BEZIER_KNOTS.);
#1453 = CARTESIAN_POINT('',(105.85,-9.));
#1454 = CARTESIAN_POINT('',(105.85,9.));
#1455 = ( GEOMETRIC_REPRESENTATION_CONTEXT(2) 
PARAMETRIC_REPRESENTATION_CONTEXT() REPRESENTATION_CONTEXT('2D SPACE',''
  ) );
#1456 = PCURVE('',#1325,#1457);
#1457 = DEFINITIONAL_REPRESENTATION('',(#1458),#1461);
#1458 = B_SPLINE_CURVE_WITH_KNOTS('',1,(#1459,#1460),.UNSPECIFIED.,.F.,
  .F.,(2,2),(-4.5,13.5),.PIECEWISE_BEZIER_KNOTS.);
#1459 = CARTESIAN_POINT('',(1.,0.));
#1460 = CARTESIAN_POINT('',(1.,-18.));
#1461 = ( GEOMETRIC_REPRESENTATION_CONTEXT(2) 
PARAMETRIC_REPRESENTATION_CONTEXT() REPRESENTATION_CONTEXT('2D SPACE',''
  ) );
#1462 = ADVANCED_FACE('',(#1463),#295,.T.);
#1463 = FACE_BOUND('',#1464,.T.);
#1464 = EDGE_LOOP('',(#1465,#1466,#1489,#1510));
#1465 = ORIENTED_EDGE('',*,*,#1364,.T.);
#1466 = ORIENTED_EDGE('',*,*,#1467,.T.);
#1467 = EDGE_CURVE('',#1365,#1468,#1470,.T.);
#1468 = VERTEX_POINT('',#1469);
#1469 = CARTESIAN_POINT('',(-105.85,9.,8.));
#1470 = SURFACE_CURVE('',#1471,(#1475,#1482),.PCURVE_S1.);
#1471 = LINE('',#1472,#1473);
#1472 = CARTESIAN_POINT('',(-105.85,9.,1.));
#1473 = VECTOR('',#1474,1.);
#1474 = DIRECTION('',(0.,0.,1.));
#1475 = PCURVE('',#295,#1476);
#1476 = DEFINITIONAL_REPRESENTATION('',(#1477),#1481);
#1477 = LINE('',#1478,#1479);
#1478 = CARTESIAN_POINT('',(0.,0.));
#1479 = VECTOR('',#1480,1.);
#1480 = DIRECTION('',(1.,0.));
#1481 = ( GEOMETRIC_REPRESENTATION_CONTEXT(2) 
PARAMETRIC_REPRESENTATION_CONTEXT() REPRESENTATION_CONTEXT('2D SPACE',''
  ) );
#1482 = PCURVE('',#1400,#1483);
#1483 = DEFINITIONAL_REPRESENTATION('',(#1484),#1488);
#1484 = LINE('',#1485,#1486);
#1485 = CARTESIAN_POINT('',(0.,0.));
#1486 = VECTOR('',#1487,1.);
#1487 = DIRECTION('',(1.,0.));
#1488 = ( GEOMETRIC_REPRESENTATION_CONTEXT(2) 
PARAMETRIC_REPRESENTATION_CONTEXT() REPRESENTATION_CONTEXT('2D SPACE',''
  ) );
#1489 = ORIENTED_EDGE('',*,*,#1490,.T.);
#1490 = EDGE_CURVE('',#1468,#248,#1491,.T.);
#1491 = SURFACE_CURVE('',#1492,(#1496,#1503),.PCURVE_S1.);
#1492 = LINE('',#1493,#1494);
#1493 = CARTESIAN_POINT('',(-105.85,9.,8.));
#1494 = VECTOR('',#1495,1.);
#1495 = DIRECTION('',(-1.,1.224646799147E-16,0.));
#1496 = PCURVE('',#295,#1497);
#1497 = DEFINITIONAL_REPRESENTATION('',(#1498),#1502);
#1498 = LINE('',#1499,#1500);
#1499 = CARTESIAN_POINT('',(7.,0.));
#1500 = VECTOR('',#1501,1.);
#1501 = DIRECTION('',(0.,1.));
#1502 = ( GEOMETRIC_REPRESENTATION_CONTEXT(2) 
PARAMETRIC_REPRESENTATION_CONTEXT() REPRESENTATION_CONTEXT('2D SPACE',''
  ) );
#1503 = PCURVE('',#264,#1504);
#1504 = DEFINITIONAL_REPRESENTATION('',(#1505),#1509);
#1505 = LINE('',#1506,#1507);
#1506 = CARTESIAN_POINT('',(0.,0.));
#1507 = VECTOR('',#1508,1.);
#1508 = DIRECTION('',(1.,0.));
#1509 = ( GEOMETRIC_REPRESENTATION_CONTEXT(2) 
PARAMETRIC_REPRESENTATION_CONTEXT() REPRESENTATION_CONTEXT('2D SPACE',''
  ) );
#1510 = ORIENTED_EDGE('',*,*,#280,.T.);
#1511 = ADVANCED_FACE('',(#1512),#264,.F.);
#1512 = FACE_BOUND('',#1513,.F.);
#1513 = EDGE_LOOP('',(#1514,#1537,#1538,#1539,#1562,#1590));
#1514 = ORIENTED_EDGE('',*,*,#1515,.F.);
#1515 = EDGE_CURVE('',#1468,#1516,#1518,.T.);
#1516 = VERTEX_POINT('',#1517);
#1517 = CARTESIAN_POINT('',(-105.85,3.253843880705,8.));
#1518 = SURFACE_CURVE('',#1519,(#1523,#1530),.PCURVE_S1.);
#1519 = LINE('',#1520,#1521);
#1520 = CARTESIAN_POINT('',(-105.85,9.,8.));
#1521 = VECTOR('',#1522,1.);
#1522 = DIRECTION('',(-1.224646799147E-16,-1.,0.));
#1523 = PCURVE('',#264,#1524);
#1524 = DEFINITIONAL_REPRESENTATION('',(#1525),#1529);
#1525 = LINE('',#1526,#1527);
#1526 = CARTESIAN_POINT('',(0.,0.));
#1527 = VECTOR('',#1528,1.);
#1528 = DIRECTION('',(0.,1.));
#1529 = ( GEOMETRIC_REPRESENTATION_CONTEXT(2) 
PARAMETRIC_REPRESENTATION_CONTEXT() REPRESENTATION_CONTEXT('2D SPACE',''
  ) );
#1530 = PCURVE('',#1400,#1531);
#1531 = DEFINITIONAL_REPRESENTATION('',(#1532),#1536);
#1532 = LINE('',#1533,#1534);
#1533 = CARTESIAN_POINT('',(7.,0.));
#1534 = VECTOR('',#1535,1.);
#1535 = DIRECTION('',(0.,-1.));
#1536 = ( GEOMETRIC_REPRESENTATION_CONTEXT(2) 
PARAMETRIC_REPRESENTATION_CONTEXT() REPRESENTATION_CONTEXT('2D SPACE',''
  ) );
#1537 = ORIENTED_EDGE('',*,*,#1490,.T.);
#1538 = ORIENTED_EDGE('',*,*,#247,.F.);
#1539 = ORIENTED_EDGE('',*,*,#1540,.F.);
#1540 = EDGE_CURVE('',#1541,#222,#1543,.T.);
#1541 = VERTEX_POINT('',#1542);
#1542 = CARTESIAN_POINT('',(-105.85,-9.,8.));
#1543 = SURFACE_CURVE('',#1544,(#1548,#1555),.PCURVE_S1.);
#1544 = LINE('',#1545,#1546);
#1545 = CARTESIAN_POINT('',(-105.85,-9.,8.));
#1546 = VECTOR('',#1547,1.);
#1547 = DIRECTION('',(-1.,1.224646799147E-16,0.));
#1548 = PCURVE('',#264,#1549);
#1549 = DEFINITIONAL_REPRESENTATION('',(#1550),#1554);
#1550 = LINE('',#1551,#1552);
#1551 = CARTESIAN_POINT('',(-2.204364238465E-15,18.));
#1552 = VECTOR('',#1553,1.);
#1553 = DIRECTION('',(1.,0.));
#1554 = ( GEOMETRIC_REPRESENTATION_CONTEXT(2) 
PARAMETRIC_REPRESENTATION_CONTEXT() REPRESENTATION_CONTEXT('2D SPACE',''
  ) );
#1555 = PCURVE('',#236,#1556);
#1556 = DEFINITIONAL_REPRESENTATION('',(#1557),#1561);
#1557 = LINE('',#1558,#1559);
#1558 = CARTESIAN_POINT('',(7.,0.));
#1559 = VECTOR('',#1560,1.);
#1560 = DIRECTION('',(0.,1.));
#1561 = ( GEOMETRIC_REPRESENTATION_CONTEXT(2) 
PARAMETRIC_REPRESENTATION_CONTEXT() REPRESENTATION_CONTEXT('2D SPACE',''
  ) );
#1562 = ORIENTED_EDGE('',*,*,#1563,.F.);
#1563 = EDGE_CURVE('',#1564,#1541,#1566,.T.);
#1564 = VERTEX_POINT('',#1565);
#1565 = CARTESIAN_POINT('',(-105.85,-3.253843880705,8.));
#1566 = SURFACE_CURVE('',#1567,(#1571,#1578),.PCURVE_S1.);
#1567 = LINE('',#1568,#1569);
#1568 = CARTESIAN_POINT('',(-105.85,9.,8.));
#1569 = VECTOR('',#1570,1.);
#1570 = DIRECTION('',(-1.224646799147E-16,-1.,0.));
#1571 = PCURVE('',#264,#1572);
#1572 = DEFINITIONAL_REPRESENTATION('',(#1573),#1577);
#1573 = LINE('',#1574,#1575);
#1574 = CARTESIAN_POINT('',(0.,0.));
#1575 = VECTOR('',#1576,1.);
#1576 = DIRECTION('',(0.,1.));
#1577 = ( GEOMETRIC_REPRESENTATION_CONTEXT(2) 
PARAMETRIC_REPRESENTATION_CONTEXT() REPRESENTATION_CONTEXT('2D SPACE',''
  ) );
#1578 = PCURVE('',#1579,#1584);
#1579 = PLANE('',#1580);
#1580 = AXIS2_PLACEMENT_3D('',#1581,#1582,#1583);
#1581 = CARTESIAN_POINT('',(-105.85,9.,1.));
#1582 = DIRECTION('',(-1.,1.224646799147E-16,0.));
#1583 = DIRECTION('',(0.,0.,1.));
#1584 = DEFINITIONAL_REPRESENTATION('',(#1585),#1589);
#1585 = LINE('',#1586,#1587);
#1586 = CARTESIAN_POINT('',(7.,0.));
#1587 = VECTOR('',#1588,1.);
#1588 = DIRECTION('',(0.,-1.));
#1589 = ( GEOMETRIC_REPRESENTATION_CONTEXT(2) 
PARAMETRIC_REPRESENTATION_CONTEXT() REPRESENTATION_CONTEXT('2D SPACE',''
  ) );
#1590 = ORIENTED_EDGE('',*,*,#1591,.T.);
#1591 = EDGE_CURVE('',#1564,#1516,#1592,.T.);
#1592 = SURFACE_CURVE('',#1593,(#1598,#1609),.PCURVE_S1.);
#1593 = CIRCLE('',#1594,105.9);
#1594 = AXIS2_PLACEMENT_3D('',#1595,#1596,#1597);
#1595 = CARTESIAN_POINT('',(0.,0.,8.));
#1596 = DIRECTION('',(0.,0.,-1.));
#1597 = DIRECTION('',(1.,0.,0.));
#1598 = PCURVE('',#264,#1599);
#1599 = DEFINITIONAL_REPRESENTATION('',(#1600),#1608);
#1600 = ( BOUNDED_CURVE() B_SPLINE_CURVE(2,(#1601,#1602,#1603,#1604,
#1605,#1606,#1607),.UNSPECIFIED.,.T.,.F.) B_SPLINE_CURVE_WITH_KNOTS((1,2
    ,2,2,2,1),(-2.094395102393,0.,2.094395102393,4.188790204786,
6.28318530718,8.377580409573),.UNSPECIFIED.) CURVE() 
GEOMETRIC_REPRESENTATION_ITEM() RATIONAL_B_SPLINE_CURVE((1.,0.5,1.,0.5,
1.,0.5,1.)) REPRESENTATION_ITEM('') );
#1601 = CARTESIAN_POINT('',(-211.75,9.));
#1602 = CARTESIAN_POINT('',(-211.75,192.42418052154));
#1603 = CARTESIAN_POINT('',(-52.9,100.71209026077));
#1604 = CARTESIAN_POINT('',(105.95,9.));
#1605 = CARTESIAN_POINT('',(-52.9,-82.71209026077));
#1606 = CARTESIAN_POINT('',(-211.75,-174.4241805215));
#1607 = CARTESIAN_POINT('',(-211.75,9.));
#1608 = ( GEOMETRIC_REPRESENTATION_CONTEXT(2) 
PARAMETRIC_REPRESENTATION_CONTEXT() REPRESENTATION_CONTEXT('2D SPACE',''
  ) );
#1609 = PCURVE('',#1432,#1610);
#1610 = DEFINITIONAL_REPRESENTATION('',(#1611),#1615);
#1611 = LINE('',#1612,#1613);
#1612 = CARTESIAN_POINT('',(-6.28318530718,-7.));
#1613 = VECTOR('',#1614,1.);
#1614 = DIRECTION('',(1.,-0.));
#1615 = ( GEOMETRIC_REPRESENTATION_CONTEXT(2) 
PARAMETRIC_REPRESENTATION_CONTEXT() REPRESENTATION_CONTEXT('2D SPACE',''
  ) );
#1616 = ADVANCED_FACE('',(#1617),#236,.F.);
#1617 = FACE_BOUND('',#1618,.F.);
#1618 = EDGE_LOOP('',(#1619,#1640,#1661,#1662));
#1619 = ORIENTED_EDGE('',*,*,#1620,.T.);
#1620 = EDGE_CURVE('',#193,#1621,#1623,.T.);
#1621 = VERTEX_POINT('',#1622);
#1622 = CARTESIAN_POINT('',(-105.85,-9.,2.));
#1623 = SURFACE_CURVE('',#1624,(#1628,#1634),.PCURVE_S1.);
#1624 = LINE('',#1625,#1626);
#1625 = CARTESIAN_POINT('',(-52.925,-9.,2.));
#1626 = VECTOR('',#1627,1.);
#1627 = DIRECTION('',(1.,-1.224646799147E-16,0.));
#1628 = PCURVE('',#236,#1629);
#1629 = DEFINITIONAL_REPRESENTATION('',(#1630),#1633);
#1630 = B_SPLINE_CURVE_WITH_KNOTS('',1,(#1631,#1632),.UNSPECIFIED.,.F.,
  .F.,(2,2),(-54.575,-52.925),.PIECEWISE_BEZIER_KNOTS.);
#1631 = CARTESIAN_POINT('',(1.,1.65));
#1632 = CARTESIAN_POINT('',(1.,0.));
#1633 = ( GEOMETRIC_REPRESENTATION_CONTEXT(2) 
PARAMETRIC_REPRESENTATION_CONTEXT() REPRESENTATION_CONTEXT('2D SPACE',''
  ) );
#1634 = PCURVE('',#209,#1635);
#1635 = DEFINITIONAL_REPRESENTATION('',(#1636),#1639);
#1636 = B_SPLINE_CURVE_WITH_KNOTS('',1,(#1637,#1638),.UNSPECIFIED.,.F.,
  .F.,(2,2),(-54.575,-52.925),.PIECEWISE_BEZIER_KNOTS.);
#1637 = CARTESIAN_POINT('',(-107.5,-9.));
#1638 = CARTESIAN_POINT('',(-105.85,-9.));
#1639 = ( GEOMETRIC_REPRESENTATION_CONTEXT(2) 
PARAMETRIC_REPRESENTATION_CONTEXT() REPRESENTATION_CONTEXT('2D SPACE',''
  ) );
#1640 = ORIENTED_EDGE('',*,*,#1641,.T.);
#1641 = EDGE_CURVE('',#1621,#1541,#1642,.T.);
#1642 = SURFACE_CURVE('',#1643,(#1647,#1654),.PCURVE_S1.);
#1643 = LINE('',#1644,#1645);
#1644 = CARTESIAN_POINT('',(-105.85,-9.,1.));
#1645 = VECTOR('',#1646,1.);
#1646 = DIRECTION('',(0.,0.,1.));
#1647 = PCURVE('',#236,#1648);
#1648 = DEFINITIONAL_REPRESENTATION('',(#1649),#1653);
#1649 = LINE('',#1650,#1651);
#1650 = CARTESIAN_POINT('',(0.,0.));
#1651 = VECTOR('',#1652,1.);
#1652 = DIRECTION('',(1.,0.));
#1653 = ( GEOMETRIC_REPRESENTATION_CONTEXT(2) 
PARAMETRIC_REPRESENTATION_CONTEXT() REPRESENTATION_CONTEXT('2D SPACE',''
  ) );
#1654 = PCURVE('',#1579,#1655);
#1655 = DEFINITIONAL_REPRESENTATION('',(#1656),#1660);
#1656 = LINE('',#1657,#1658);
#1657 = CARTESIAN_POINT('',(0.,-18.));
#1658 = VECTOR('',#1659,1.);
#1659 = DIRECTION('',(1.,0.));
#1660 = ( GEOMETRIC_REPRESENTATION_CONTEXT(2) 
PARAMETRIC_REPRESENTATION_CONTEXT() REPRESENTATION_CONTEXT('2D SPACE',''
  ) );
#1661 = ORIENTED_EDGE('',*,*,#1540,.T.);
#1662 = ORIENTED_EDGE('',*,*,#221,.T.);
#1663 = ADVANCED_FACE('',(#1664),#209,.F.);
#1664 = FACE_BOUND('',#1665,.F.);
#1665 = EDGE_LOOP('',(#1666,#1667,#1668,#1689,#1715,#1743));
#1666 = ORIENTED_EDGE('',*,*,#1620,.F.);
#1667 = ORIENTED_EDGE('',*,*,#192,.T.);
#1668 = ORIENTED_EDGE('',*,*,#1669,.T.);
#1669 = EDGE_CURVE('',#167,#1670,#1672,.T.);
#1670 = VERTEX_POINT('',#1671);
#1671 = CARTESIAN_POINT('',(105.85,-9.,2.));
#1672 = SURFACE_CURVE('',#1673,(#1677,#1683),.PCURVE_S1.);
#1673 = LINE('',#1674,#1675);
#1674 = CARTESIAN_POINT('',(52.925,-9.,2.));
#1675 = VECTOR('',#1676,1.);
#1676 = DIRECTION('',(-1.,0.,0.));
#1677 = PCURVE('',#209,#1678);
#1678 = DEFINITIONAL_REPRESENTATION('',(#1679),#1682);
#1679 = B_SPLINE_CURVE_WITH_KNOTS('',1,(#1680,#1681),.UNSPECIFIED.,.F.,
  .F.,(2,2),(-54.575,-52.925),.PIECEWISE_BEZIER_KNOTS.);
#1680 = CARTESIAN_POINT('',(107.5,-9.));
#1681 = CARTESIAN_POINT('',(105.85,-9.));
#1682 = ( GEOMETRIC_REPRESENTATION_CONTEXT(2) 
PARAMETRIC_REPRESENTATION_CONTEXT() REPRESENTATION_CONTEXT('2D SPACE',''
  ) );
#1683 = PCURVE('',#181,#1684);
#1684 = DEFINITIONAL_REPRESENTATION('',(#1685),#1688);
#1685 = B_SPLINE_CURVE_WITH_KNOTS('',1,(#1686,#1687),.UNSPECIFIED.,.F.,
  .F.,(2,2),(-54.575,-52.925),.PIECEWISE_BEZIER_KNOTS.);
#1686 = CARTESIAN_POINT('',(1.,1.65));
#1687 = CARTESIAN_POINT('',(1.,0.));
#1688 = ( GEOMETRIC_REPRESENTATION_CONTEXT(2) 
PARAMETRIC_REPRESENTATION_CONTEXT() REPRESENTATION_CONTEXT('2D SPACE',''
  ) );
#1689 = ORIENTED_EDGE('',*,*,#1690,.T.);
#1690 = EDGE_CURVE('',#1670,#1691,#1693,.T.);
#1691 = VERTEX_POINT('',#1692);
#1692 = CARTESIAN_POINT('',(105.85,-3.253843880705,2.));
#1693 = SURFACE_CURVE('',#1694,(#1698,#1704),.PCURVE_S1.);
#1694 = LINE('',#1695,#1696);
#1695 = CARTESIAN_POINT('',(105.85,-4.5,2.));
#1696 = VECTOR('',#1697,1.);
#1697 = DIRECTION('',(0.,1.,0.));
#1698 = PCURVE('',#209,#1699);
#1699 = DEFINITIONAL_REPRESENTATION('',(#1700),#1703);
#1700 = B_SPLINE_CURVE_WITH_KNOTS('',1,(#1701,#1702),.UNSPECIFIED.,.F.,
  .F.,(2,2),(-4.5,13.5),.PIECEWISE_BEZIER_KNOTS.);
#1701 = CARTESIAN_POINT('',(105.85,-9.));
#1702 = CARTESIAN_POINT('',(105.85,9.));
#1703 = ( GEOMETRIC_REPRESENTATION_CONTEXT(2) 
PARAMETRIC_REPRESENTATION_CONTEXT() REPRESENTATION_CONTEXT('2D SPACE',''
  ) );
#1704 = PCURVE('',#1705,#1710);
#1705 = PLANE('',#1706);
#1706 = AXIS2_PLACEMENT_3D('',#1707,#1708,#1709);
#1707 = CARTESIAN_POINT('',(105.85,-9.,1.));
#1708 = DIRECTION('',(1.,0.,0.));
#1709 = DIRECTION('',(0.,0.,1.));
#1710 = DEFINITIONAL_REPRESENTATION('',(#1711),#1714);
#1711 = B_SPLINE_CURVE_WITH_KNOTS('',1,(#1712,#1713),.UNSPECIFIED.,.F.,
  .F.,(2,2),(-4.5,13.5),.PIECEWISE_BEZIER_KNOTS.);
#1712 = CARTESIAN_POINT('',(1.,0.));
#1713 = CARTESIAN_POINT('',(1.,-18.));
#1714 = ( GEOMETRIC_REPRESENTATION_CONTEXT(2) 
PARAMETRIC_REPRESENTATION_CONTEXT() REPRESENTATION_CONTEXT('2D SPACE',''
  ) );
#1715 = ORIENTED_EDGE('',*,*,#1716,.T.);
#1716 = EDGE_CURVE('',#1691,#1717,#1719,.T.);
#1717 = VERTEX_POINT('',#1718);
#1718 = CARTESIAN_POINT('',(-105.85,-3.253843880705,2.));
#1719 = SURFACE_CURVE('',#1720,(#1725,#1736),.PCURVE_S1.);
#1720 = CIRCLE('',#1721,105.9);
#1721 = AXIS2_PLACEMENT_3D('',#1722,#1723,#1724);
#1722 = CARTESIAN_POINT('',(0.,0.,2.));
#1723 = DIRECTION('',(0.,0.,-1.));
#1724 = DIRECTION('',(1.,0.,0.));
#1725 = PCURVE('',#209,#1726);
#1726 = DEFINITIONAL_REPRESENTATION('',(#1727),#1735);
#1727 = ( BOUNDED_CURVE() B_SPLINE_CURVE(2,(#1728,#1729,#1730,#1731,
#1732,#1733,#1734),.UNSPECIFIED.,.T.,.F.) B_SPLINE_CURVE_WITH_KNOTS((1,2
    ,2,2,2,1),(-2.094395102393,0.,2.094395102393,4.188790204786,
6.28318530718,8.377580409573),.UNSPECIFIED.) CURVE() 
GEOMETRIC_REPRESENTATION_ITEM() RATIONAL_B_SPLINE_CURVE((1.,0.5,1.,0.5,
1.,0.5,1.)) REPRESENTATION_ITEM('') );
#1728 = CARTESIAN_POINT('',(105.9,4.388317696945E-15));
#1729 = CARTESIAN_POINT('',(105.9,-183.4241805215));
#1730 = CARTESIAN_POINT('',(-52.95,-91.71209026077));
#1731 = CARTESIAN_POINT('',(-211.8,-2.1549701509E-14));
#1732 = CARTESIAN_POINT('',(-52.95,91.712090260772));
#1733 = CARTESIAN_POINT('',(105.9,183.42418052154));
#1734 = CARTESIAN_POINT('',(105.9,4.388317696945E-15));
#1735 = ( GEOMETRIC_REPRESENTATION_CONTEXT(2) 
PARAMETRIC_REPRESENTATION_CONTEXT() REPRESENTATION_CONTEXT('2D SPACE',''
  ) );
#1736 = PCURVE('',#1432,#1737);
#1737 = DEFINITIONAL_REPRESENTATION('',(#1738),#1742);
#1738 = LINE('',#1739,#1740);
#1739 = CARTESIAN_POINT('',(-6.28318530718,-1.));
#1740 = VECTOR('',#1741,1.);
#1741 = DIRECTION('',(1.,-0.));
#1742 = ( GEOMETRIC_REPRESENTATION_CONTEXT(2) 
PARAMETRIC_REPRESENTATION_CONTEXT() REPRESENTATION_CONTEXT('2D SPACE',''
  ) );
#1743 = ORIENTED_EDGE('',*,*,#1744,.T.);
#1744 = EDGE_CURVE('',#1717,#1621,#1745,.T.);
#1745 = SURFACE_CURVE('',#1746,(#1750,#1756),.PCURVE_S1.);
#1746 = LINE('',#1747,#1748);
#1747 = CARTESIAN_POINT('',(-105.85,4.5,2.));
#1748 = VECTOR('',#1749,1.);
#1749 = DIRECTION('',(-1.224646799147E-16,-1.,0.));
#1750 = PCURVE('',#209,#1751);
#1751 = DEFINITIONAL_REPRESENTATION('',(#1752),#1755);
#1752 = B_SPLINE_CURVE_WITH_KNOTS('',1,(#1753,#1754),.UNSPECIFIED.,.F.,
  .F.,(2,2),(-4.5,13.5),.PIECEWISE_BEZIER_KNOTS.);
#1753 = CARTESIAN_POINT('',(-105.85,9.));
#1754 = CARTESIAN_POINT('',(-105.85,-9.));
#1755 = ( GEOMETRIC_REPRESENTATION_CONTEXT(2) 
PARAMETRIC_REPRESENTATION_CONTEXT() REPRESENTATION_CONTEXT('2D SPACE',''
  ) );
#1756 = PCURVE('',#1579,#1757);
#1757 = DEFINITIONAL_REPRESENTATION('',(#1758),#1761);
#1758 = B_SPLINE_CURVE_WITH_KNOTS('',1,(#1759,#1760),.UNSPECIFIED.,.F.,
  .F.,(2,2),(-4.5,13.5),.PIECEWISE_BEZIER_KNOTS.);
#1759 = CARTESIAN_POINT('',(1.,0.));
#1760 = CARTESIAN_POINT('',(1.,-18.));
#1761 = ( GEOMETRIC_REPRESENTATION_CONTEXT(2) 
PARAMETRIC_REPRESENTATION_CONTEXT() REPRESENTATION_CONTEXT('2D SPACE',''
  ) );
#1762 = ADVANCED_FACE('',(#1763),#181,.T.);
#1763 = FACE_BOUND('',#1764,.T.);
#1764 = EDGE_LOOP('',(#1765,#1766,#1789,#1810));
#1765 = ORIENTED_EDGE('',*,*,#1669,.T.);
#1766 = ORIENTED_EDGE('',*,*,#1767,.T.);
#1767 = EDGE_CURVE('',#1670,#1768,#1770,.T.);
#1768 = VERTEX_POINT('',#1769);
#1769 = CARTESIAN_POINT('',(105.85,-9.,8.));
#1770 = SURFACE_CURVE('',#1771,(#1775,#1782),.PCURVE_S1.);
#1771 = LINE('',#1772,#1773);
#1772 = CARTESIAN_POINT('',(105.85,-9.,1.));
#1773 = VECTOR('',#1774,1.);
#1774 = DIRECTION('',(0.,0.,1.));
#1775 = PCURVE('',#181,#1776);
#1776 = DEFINITIONAL_REPRESENTATION('',(#1777),#1781);
#1777 = LINE('',#1778,#1779);
#1778 = CARTESIAN_POINT('',(0.,0.));
#1779 = VECTOR('',#1780,1.);
#1780 = DIRECTION('',(1.,0.));
#1781 = ( GEOMETRIC_REPRESENTATION_CONTEXT(2) 
PARAMETRIC_REPRESENTATION_CONTEXT() REPRESENTATION_CONTEXT('2D SPACE',''
  ) );
#1782 = PCURVE('',#1705,#1783);
#1783 = DEFINITIONAL_REPRESENTATION('',(#1784),#1788);
#1784 = LINE('',#1785,#1786);
#1785 = CARTESIAN_POINT('',(0.,0.));
#1786 = VECTOR('',#1787,1.);
#1787 = DIRECTION('',(1.,0.));
#1788 = ( GEOMETRIC_REPRESENTATION_CONTEXT(2) 
PARAMETRIC_REPRESENTATION_CONTEXT() REPRESENTATION_CONTEXT('2D SPACE',''
  ) );
#1789 = ORIENTED_EDGE('',*,*,#1790,.T.);
#1790 = EDGE_CURVE('',#1768,#139,#1791,.T.);
#1791 = SURFACE_CURVE('',#1792,(#1796,#1803),.PCURVE_S1.);
#1792 = LINE('',#1793,#1794);
#1793 = CARTESIAN_POINT('',(105.85,-9.,8.));
#1794 = VECTOR('',#1795,1.);
#1795 = DIRECTION('',(1.,0.,0.));
#1796 = PCURVE('',#181,#1797);
#1797 = DEFINITIONAL_REPRESENTATION('',(#1798),#1802);
#1798 = LINE('',#1799,#1800);
#1799 = CARTESIAN_POINT('',(7.,0.));
#1800 = VECTOR('',#1801,1.);
#1801 = DIRECTION('',(0.,1.));
#1802 = ( GEOMETRIC_REPRESENTATION_CONTEXT(2) 
PARAMETRIC_REPRESENTATION_CONTEXT() REPRESENTATION_CONTEXT('2D SPACE',''
  ) );
#1803 = PCURVE('',#71,#1804);
#1804 = DEFINITIONAL_REPRESENTATION('',(#1805),#1809);
#1805 = LINE('',#1806,#1807);
#1806 = CARTESIAN_POINT('',(0.,0.));
#1807 = VECTOR('',#1808,1.);
#1808 = DIRECTION('',(1.,0.));
#1809 = ( GEOMETRIC_REPRESENTATION_CONTEXT(2) 
PARAMETRIC_REPRESENTATION_CONTEXT() REPRESENTATION_CONTEXT('2D SPACE',''
  ) );
#1810 = ORIENTED_EDGE('',*,*,#166,.T.);
#1811 = ADVANCED_FACE('',(#1812),#71,.F.);
#1812 = FACE_BOUND('',#1813,.F.);
#1813 = EDGE_LOOP('',(#1814,#1837,#1838,#1839,#1840,#1841,#1864,#1892));
#1814 = ORIENTED_EDGE('',*,*,#1815,.F.);
#1815 = EDGE_CURVE('',#1768,#1816,#1818,.T.);
#1816 = VERTEX_POINT('',#1817);
#1817 = CARTESIAN_POINT('',(105.85,-3.253843880705,8.));
#1818 = SURFACE_CURVE('',#1819,(#1823,#1830),.PCURVE_S1.);
#1819 = LINE('',#1820,#1821);
#1820 = CARTESIAN_POINT('',(105.85,-9.,8.));
#1821 = VECTOR('',#1822,1.);
#1822 = DIRECTION('',(0.,1.,0.));
#1823 = PCURVE('',#71,#1824);
#1824 = DEFINITIONAL_REPRESENTATION('',(#1825),#1829);
#1825 = LINE('',#1826,#1827);
#1826 = CARTESIAN_POINT('',(0.,0.));
#1827 = VECTOR('',#1828,1.);
#1828 = DIRECTION('',(0.,1.));
#1829 = ( GEOMETRIC_REPRESENTATION_CONTEXT(2) 
PARAMETRIC_REPRESENTATION_CONTEXT() REPRESENTATION_CONTEXT('2D SPACE',''
  ) );
#1830 = PCURVE('',#1705,#1831);
#1831 = DEFINITIONAL_REPRESENTATION('',(#1832),#1836);
#1832 = LINE('',#1833,#1834);
#1833 = CARTESIAN_POINT('',(7.,0.));
#1834 = VECTOR('',#1835,1.);
#1835 = DIRECTION('',(0.,-1.));
#1836 = ( GEOMETRIC_REPRESENTATION_CONTEXT(2) 
PARAMETRIC_REPRESENTATION_CONTEXT() REPRESENTATION_CONTEXT('2D SPACE',''
  ) );
#1837 = ORIENTED_EDGE('',*,*,#1790,.T.);
#1838 = ORIENTED_EDGE('',*,*,#138,.F.);
#1839 = ORIENTED_EDGE('',*,*,#54,.F.);
#1840 = ORIENTED_EDGE('',*,*,#1337,.F.);
#1841 = ORIENTED_EDGE('',*,*,#1842,.F.);
#1842 = EDGE_CURVE('',#1843,#1310,#1845,.T.);
#1843 = VERTEX_POINT('',#1844);
#1844 = CARTESIAN_POINT('',(105.85,3.253843880705,8.));
#1845 = SURFACE_CURVE('',#1846,(#1850,#1857),.PCURVE_S1.);
#1846 = LINE('',#1847,#1848);
#1847 = CARTESIAN_POINT('',(105.85,-9.,8.));
#1848 = VECTOR('',#1849,1.);
#1849 = DIRECTION('',(0.,1.,0.));
#1850 = PCURVE('',#71,#1851);
#1851 = DEFINITIONAL_REPRESENTATION('',(#1852),#1856);
#1852 = LINE('',#1853,#1854);
#1853 = CARTESIAN_POINT('',(0.,0.));
#1854 = VECTOR('',#1855,1.);
#1855 = DIRECTION('',(0.,1.));
#1856 = ( GEOMETRIC_REPRESENTATION_CONTEXT(2) 
PARAMETRIC_REPRESENTATION_CONTEXT() REPRESENTATION_CONTEXT('2D SPACE',''
  ) );
#1857 = PCURVE('',#1325,#1858);
#1858 = DEFINITIONAL_REPRESENTATION('',(#1859),#1863);
#1859 = LINE('',#1860,#1861);
#1860 = CARTESIAN_POINT('',(7.,0.));
#1861 = VECTOR('',#1862,1.);
#1862 = DIRECTION('',(0.,-1.));
#1863 = ( GEOMETRIC_REPRESENTATION_CONTEXT(2) 
PARAMETRIC_REPRESENTATION_CONTEXT() REPRESENTATION_CONTEXT('2D SPACE',''
  ) );
#1864 = ORIENTED_EDGE('',*,*,#1865,.T.);
#1865 = EDGE_CURVE('',#1843,#1866,#1868,.T.);
#1866 = VERTEX_POINT('',#1867);
#1867 = CARTESIAN_POINT('',(105.9,0.,8.));
#1868 = SURFACE_CURVE('',#1869,(#1874,#1885),.PCURVE_S1.);
#1869 = CIRCLE('',#1870,105.9);
#1870 = AXIS2_PLACEMENT_3D('',#1871,#1872,#1873);
#1871 = CARTESIAN_POINT('',(0.,0.,8.));
#1872 = DIRECTION('',(0.,0.,-1.));
#1873 = DIRECTION('',(1.,0.,0.));
#1874 = PCURVE('',#71,#1875);
#1875 = DEFINITIONAL_REPRESENTATION('',(#1876),#1884);
#1876 = ( BOUNDED_CURVE() B_SPLINE_CURVE(2,(#1877,#1878,#1879,#1880,
#1881,#1882,#1883),.UNSPECIFIED.,.T.,.F.) B_SPLINE_CURVE_WITH_KNOTS((1,2
    ,2,2,2,1),(-2.094395102393,0.,2.094395102393,4.188790204786,
6.28318530718,8.377580409573),.UNSPECIFIED.) CURVE() 
GEOMETRIC_REPRESENTATION_ITEM() RATIONAL_B_SPLINE_CURVE((1.,0.5,1.,0.5,
1.,0.5,1.)) REPRESENTATION_ITEM('') );
#1877 = CARTESIAN_POINT('',(5.E-02,9.));
#1878 = CARTESIAN_POINT('',(5.E-02,-174.4241805215));
#1879 = CARTESIAN_POINT('',(-158.8,-82.71209026077));
#1880 = CARTESIAN_POINT('',(-317.65,9.));
#1881 = CARTESIAN_POINT('',(-158.8,100.71209026077));
#1882 = CARTESIAN_POINT('',(4.999999999983E-02,192.42418052154));
#1883 = CARTESIAN_POINT('',(5.E-02,9.));
#1884 = ( GEOMETRIC_REPRESENTATION_CONTEXT(2) 
PARAMETRIC_REPRESENTATION_CONTEXT() REPRESENTATION_CONTEXT('2D SPACE',''
  ) );
#1885 = PCURVE('',#1432,#1886);
#1886 = DEFINITIONAL_REPRESENTATION('',(#1887),#1891);
#1887 = LINE('',#1888,#1889);
#1888 = CARTESIAN_POINT('',(-6.28318530718,-7.));
#1889 = VECTOR('',#1890,1.);
#1890 = DIRECTION('',(1.,-0.));
#1891 = ( GEOMETRIC_REPRESENTATION_CONTEXT(2) 
PARAMETRIC_REPRESENTATION_CONTEXT() REPRESENTATION_CONTEXT('2D SPACE',''
  ) );
#1892 = ORIENTED_EDGE('',*,*,#1893,.T.);
#1893 = EDGE_CURVE('',#1866,#1816,#1894,.T.);
#1894 = SURFACE_CURVE('',#1895,(#1900,#1911),.PCURVE_S1.);
#1895 = CIRCLE('',#1896,105.9);
#1896 = AXIS2_PLACEMENT_3D('',#1897,#1898,#1899);
#1897 = CARTESIAN_POINT('',(0.,0.,8.));
#1898 = DIRECTION('',(0.,0.,-1.));
#1899 = DIRECTION('',(1.,0.,0.));
#1900 = PCURVE('',#71,#1901);
#1901 = DEFINITIONAL_REPRESENTATION('',(#1902),#1910);
#1902 = ( BOUNDED_CURVE() B_SPLINE_CURVE(2,(#1903,#1904,#1905,#1906,
#1907,#1908,#1909),.UNSPECIFIED.,.T.,.F.) B_SPLINE_CURVE_WITH_KNOTS((1,2
    ,2,2,2,1),(-2.094395102393,0.,2.094395102393,4.188790204786,
6.28318530718,8.377580409573),.UNSPECIFIED.) CURVE() 
GEOMETRIC_REPRESENTATION_ITEM() RATIONAL_B_SPLINE_CURVE((1.,0.5,1.,0.5,
1.,0.5,1.)) REPRESENTATION_ITEM('') );
#1903 = CARTESIAN_POINT('',(5.E-02,9.));
#1904 = CARTESIAN_POINT('',(5.E-02,-174.4241805215));
#1905 = CARTESIAN_POINT('',(-158.8,-82.71209026077));
#1906 = CARTESIAN_POINT('',(-317.65,9.));
#1907 = CARTESIAN_POINT('',(-158.8,100.71209026077));
#1908 = CARTESIAN_POINT('',(4.999999999983E-02,192.42418052154));
#1909 = CARTESIAN_POINT('',(5.E-02,9.));
#1910 = ( GEOMETRIC_REPRESENTATION_CONTEXT(2) 
PARAMETRIC_REPRESENTATION_CONTEXT() REPRESENTATION_CONTEXT('2D SPACE',''
  ) );
#1911 = PCURVE('',#1432,#1912);
#1912 = DEFINITIONAL_REPRESENTATION('',(#1913),#1917);
#1913 = LINE('',#1914,#1915);
#1914 = CARTESIAN_POINT('',(-6.28318530718,-7.));
#1915 = VECTOR('',#1916,1.);
#1916 = DIRECTION('',(1.,-0.));
#1917 = ( GEOMETRIC_REPRESENTATION_CONTEXT(2) 
PARAMETRIC_REPRESENTATION_CONTEXT() REPRESENTATION_CONTEXT('2D SPACE',''
  ) );
#1918 = ADVANCED_FACE('',(#1919),#125,.T.);
#1919 = FACE_BOUND('',#1920,.T.);
#1920 = EDGE_LOOP('',(#1921,#1942,#1943,#1944));
#1921 = ORIENTED_EDGE('',*,*,#1922,.F.);
#1922 = EDGE_CURVE('',#88,#1923,#1925,.T.);
#1923 = VERTEX_POINT('',#1924);
#1924 = CARTESIAN_POINT('',(106.3,0.,45.));
#1925 = SEAM_CURVE('',#1926,(#1930,#1936),.PCURVE_S1.);
#1926 = LINE('',#1927,#1928);
#1927 = CARTESIAN_POINT('',(107.5,0.,43.8));
#1928 = VECTOR('',#1929,1.);
#1929 = DIRECTION('',(-0.707106781187,0.,0.707106781187));
#1930 = PCURVE('',#125,#1931);
#1931 = DEFINITIONAL_REPRESENTATION('',(#1932),#1935);
#1932 = B_SPLINE_CURVE_WITH_KNOTS('',1,(#1933,#1934),.UNSPECIFIED.,.F.,
  .F.,(2,2),(0.,1.697056274848),.PIECEWISE_BEZIER_KNOTS.);
#1933 = CARTESIAN_POINT('',(0.,0.));
#1934 = CARTESIAN_POINT('',(0.,-1.2));
#1935 = ( GEOMETRIC_REPRESENTATION_CONTEXT(2) 
PARAMETRIC_REPRESENTATION_CONTEXT() REPRESENTATION_CONTEXT('2D SPACE',''
  ) );
#1936 = PCURVE('',#125,#1937);
#1937 = DEFINITIONAL_REPRESENTATION('',(#1938),#1941);
#1938 = B_SPLINE_CURVE_WITH_KNOTS('',1,(#1939,#1940),.UNSPECIFIED.,.F.,
  .F.,(2,2),(0.,1.697056274848),.PIECEWISE_BEZIER_KNOTS.);
#1939 = CARTESIAN_POINT('',(-6.28318530718,0.));
#1940 = CARTESIAN_POINT('',(-6.28318530718,-1.2));
#1941 = ( GEOMETRIC_REPRESENTATION_CONTEXT(2) 
PARAMETRIC_REPRESENTATION_CONTEXT() REPRESENTATION_CONTEXT('2D SPACE',''
  ) );
#1942 = ORIENTED_EDGE('',*,*,#110,.T.);
#1943 = ORIENTED_EDGE('',*,*,#1922,.T.);
#1944 = ORIENTED_EDGE('',*,*,#1945,.F.);
#1945 = EDGE_CURVE('',#1923,#1923,#1946,.T.);
#1946 = SURFACE_CURVE('',#1947,(#1952,#1959),.PCURVE_S1.);
#1947 = CIRCLE('',#1948,106.3);
#1948 = AXIS2_PLACEMENT_3D('',#1949,#1950,#1951);
#1949 = CARTESIAN_POINT('',(0.,0.,45.));
#1950 = DIRECTION('',(0.,0.,1.));
#1951 = DIRECTION('',(1.,0.,-0.));
#1952 = PCURVE('',#125,#1953);
#1953 = DEFINITIONAL_REPRESENTATION('',(#1954),#1958);
#1954 = LINE('',#1955,#1956);
#1955 = CARTESIAN_POINT('',(-0.,-1.2));
#1956 = VECTOR('',#1957,1.);
#1957 = DIRECTION('',(-1.,-0.));
#1958 = ( GEOMETRIC_REPRESENTATION_CONTEXT(2) 
PARAMETRIC_REPRESENTATION_CONTEXT() REPRESENTATION_CONTEXT('2D SPACE',''
  ) );
#1959 = PCURVE('',#1960,#1965);
#1960 = PLANE('',#1961);
#1961 = AXIS2_PLACEMENT_3D('',#1962,#1963,#1964);
#1962 = CARTESIAN_POINT('',(-9.769246714328E-15,-4.388317696945E-15,45.)
  );
#1963 = DIRECTION('',(0.,0.,1.));
#1964 = DIRECTION('',(1.,0.,-0.));
#1965 = DEFINITIONAL_REPRESENTATION('',(#1966),#1970);
#1966 = CIRCLE('',#1967,106.3);
#1967 = AXIS2_PLACEMENT_2D('',#1968,#1969);
#1968 = CARTESIAN_POINT('',(9.769246714328E-15,4.388317696945E-15));
#1969 = DIRECTION('',(1.,0.));
#1970 = ( GEOMETRIC_REPRESENTATION_CONTEXT(2) 
PARAMETRIC_REPRESENTATION_CONTEXT() REPRESENTATION_CONTEXT('2D SPACE',''
  ) );
#1971 = ADVANCED_FACE('',(#1972),#354,.T.);
#1972 = FACE_BOUND('',#1973,.T.);
#1973 = EDGE_LOOP('',(#1974,#2004,#2025,#2026));
#1974 = ORIENTED_EDGE('',*,*,#1975,.T.);
#1975 = EDGE_CURVE('',#1976,#1978,#1980,.T.);
#1976 = VERTEX_POINT('',#1977);
#1977 = CARTESIAN_POINT('',(67.476936856268,81.619072479999,14.));
#1978 = VERTEX_POINT('',#1979);
#1979 = CARTESIAN_POINT('',(81.619072479999,67.476936856268,14.));
#1980 = SURFACE_CURVE('',#1981,(#1986,#1997),.PCURVE_S1.);
#1981 = CIRCLE('',#1982,105.9);
#1982 = AXIS2_PLACEMENT_3D('',#1983,#1984,#1985);
#1983 = CARTESIAN_POINT('',(0.,0.,14.));
#1984 = DIRECTION('',(0.,0.,-1.));
#1985 = DIRECTION('',(1.,0.,0.));
#1986 = PCURVE('',#354,#1987);
#1987 = DEFINITIONAL_REPRESENTATION('',(#1988),#1996);
#1988 = ( BOUNDED_CURVE() B_SPLINE_CURVE(2,(#1989,#1990,#1991,#1992,
#1993,#1994,#1995),.UNSPECIFIED.,.T.,.F.) B_SPLINE_CURVE_WITH_KNOTS((1,2
    ,2,2,2,1),(-2.094395102393,0.,2.094395102393,4.188790204786,
6.28318530718,8.377580409573),.UNSPECIFIED.) CURVE() 
GEOMETRIC_REPRESENTATION_ITEM() RATIONAL_B_SPLINE_CURVE((1.,0.5,1.,0.5,
1.,0.5,1.)) REPRESENTATION_ITEM('') );
#1989 = CARTESIAN_POINT('',(-27.61739187234,-64.88260812765));
#1990 = CARTESIAN_POINT('',(-157.3178737527,-194.583090008));
#1991 = CARTESIAN_POINT('',(-204.791545004,-17.40893687635));
#1992 = CARTESIAN_POINT('',(-252.2652162553,159.76521625531));
#1993 = CARTESIAN_POINT('',(-75.09106312364,112.29154500401));
#1994 = CARTESIAN_POINT('',(102.08309000802,64.817873752714));
#1995 = CARTESIAN_POINT('',(-27.61739187234,-64.88260812765));
#1996 = ( GEOMETRIC_REPRESENTATION_CONTEXT(2) 
PARAMETRIC_REPRESENTATION_CONTEXT() REPRESENTATION_CONTEXT('2D SPACE',''
  ) );
#1997 = PCURVE('',#1432,#1998);
#1998 = DEFINITIONAL_REPRESENTATION('',(#1999),#2003);
#1999 = LINE('',#2000,#2001);
#2000 = CARTESIAN_POINT('',(-6.28318530718,-13.));
#2001 = VECTOR('',#2002,1.);
#2002 = DIRECTION('',(1.,-0.));
#2003 = ( GEOMETRIC_REPRESENTATION_CONTEXT(2) 
PARAMETRIC_REPRESENTATION_CONTEXT() REPRESENTATION_CONTEXT('2D SPACE',''
  ) );
#2004 = ORIENTED_EDGE('',*,*,#2005,.T.);
#2005 = EDGE_CURVE('',#1978,#338,#2006,.T.);
#2006 = SURFACE_CURVE('',#2007,(#2011,#2018),.PCURVE_S1.);
#2007 = LINE('',#2008,#2009);
#2008 = CARTESIAN_POINT('',(79.549512883487,65.407377259756,14.));
#2009 = VECTOR('',#2010,1.);
#2010 = DIRECTION('',(0.707106781187,0.707106781187,0.));
#2011 = PCURVE('',#354,#2012);
#2012 = DEFINITIONAL_REPRESENTATION('',(#2013),#2017);
#2013 = LINE('',#2014,#2015);
#2014 = CARTESIAN_POINT('',(0.,0.));
#2015 = VECTOR('',#2016,1.);
#2016 = DIRECTION('',(1.,0.));
#2017 = ( GEOMETRIC_REPRESENTATION_CONTEXT(2) 
PARAMETRIC_REPRESENTATION_CONTEXT() REPRESENTATION_CONTEXT('2D SPACE',''
  ) );
#2018 = PCURVE('',#560,#2019);
#2019 = DEFINITIONAL_REPRESENTATION('',(#2020),#2024);
#2020 = LINE('',#2021,#2022);
#2021 = CARTESIAN_POINT('',(0.,0.));
#2022 = VECTOR('',#2023,1.);
#2023 = DIRECTION('',(0.,1.));
#2024 = ( GEOMETRIC_REPRESENTATION_CONTEXT(2) 
PARAMETRIC_REPRESENTATION_CONTEXT() REPRESENTATION_CONTEXT('2D SPACE',''
  ) );
#2025 = ORIENTED_EDGE('',*,*,#335,.F.);
#2026 = ORIENTED_EDGE('',*,*,#2027,.T.);
#2027 = EDGE_CURVE('',#336,#1976,#2028,.T.);
#2028 = SURFACE_CURVE('',#2029,(#2033,#2040),.PCURVE_S1.);
#2029 = LINE('',#2030,#2031);
#2030 = CARTESIAN_POINT('',(65.407377259756,79.549512883487,14.));
#2031 = VECTOR('',#2032,1.);
#2032 = DIRECTION('',(-0.707106781187,-0.707106781187,0.));
#2033 = PCURVE('',#354,#2034);
#2034 = DEFINITIONAL_REPRESENTATION('',(#2035),#2039);
#2035 = LINE('',#2036,#2037);
#2036 = CARTESIAN_POINT('',(0.,20.));
#2037 = VECTOR('',#2038,1.);
#2038 = DIRECTION('',(-1.,0.));
#2039 = ( GEOMETRIC_REPRESENTATION_CONTEXT(2) 
PARAMETRIC_REPRESENTATION_CONTEXT() REPRESENTATION_CONTEXT('2D SPACE',''
  ) );
#2040 = PCURVE('',#385,#2041);
#2041 = DEFINITIONAL_REPRESENTATION('',(#2042),#2046);
#2042 = LINE('',#2043,#2044);
#2043 = CARTESIAN_POINT('',(7.2,0.));
#2044 = VECTOR('',#2045,1.);
#2045 = DIRECTION('',(0.,-1.));
#2046 = ( GEOMETRIC_REPRESENTATION_CONTEXT(2) 
PARAMETRIC_REPRESENTATION_CONTEXT() REPRESENTATION_CONTEXT('2D SPACE',''
  ) );
#2047 = ADVANCED_FACE('',(#2048),#385,.T.);
#2048 = FACE_BOUND('',#2049,.T.);
#2049 = EDGE_LOOP('',(#2050,#2051,#2074,#2093));
#2050 = ORIENTED_EDGE('',*,*,#370,.T.);
#2051 = ORIENTED_EDGE('',*,*,#2052,.T.);
#2052 = EDGE_CURVE('',#371,#2053,#2055,.T.);
#2053 = VERTEX_POINT('',#2054);
#2054 = CARTESIAN_POINT('',(67.476936856268,81.619072479999,8.));
#2055 = SURFACE_CURVE('',#2056,(#2060,#2067),.PCURVE_S1.);
#2056 = LINE('',#2057,#2058);
#2057 = CARTESIAN_POINT('',(65.407377259756,79.549512883487,8.));
#2058 = VECTOR('',#2059,1.);
#2059 = DIRECTION('',(-0.707106781187,-0.707106781187,0.));
#2060 = PCURVE('',#385,#2061);
#2061 = DEFINITIONAL_REPRESENTATION('',(#2062),#2066);
#2062 = LINE('',#2063,#2064);
#2063 = CARTESIAN_POINT('',(1.2,0.));
#2064 = VECTOR('',#2065,1.);
#2065 = DIRECTION('',(0.,-1.));
#2066 = ( GEOMETRIC_REPRESENTATION_CONTEXT(2) 
PARAMETRIC_REPRESENTATION_CONTEXT() REPRESENTATION_CONTEXT('2D SPACE',''
  ) );
#2067 = PCURVE('',#413,#2068);
#2068 = DEFINITIONAL_REPRESENTATION('',(#2069),#2073);
#2069 = LINE('',#2070,#2071);
#2070 = CARTESIAN_POINT('',(0.,20.));
#2071 = VECTOR('',#2072,1.);
#2072 = DIRECTION('',(-1.,0.));
#2073 = ( GEOMETRIC_REPRESENTATION_CONTEXT(2) 
PARAMETRIC_REPRESENTATION_CONTEXT() REPRESENTATION_CONTEXT('2D SPACE',''
  ) );
#2074 = ORIENTED_EDGE('',*,*,#2075,.F.);
#2075 = EDGE_CURVE('',#1976,#2053,#2076,.T.);
#2076 = SURFACE_CURVE('',#2077,(#2081,#2087),.PCURVE_S1.);
#2077 = LINE('',#2078,#2079);
#2078 = CARTESIAN_POINT('',(67.476936856268,81.619072479999,1.));
#2079 = VECTOR('',#2080,1.);
#2080 = DIRECTION('',(-0.,-0.,-1.));
#2081 = PCURVE('',#385,#2082);
#2082 = DEFINITIONAL_REPRESENTATION('',(#2083),#2086);
#2083 = B_SPLINE_CURVE_WITH_KNOTS('',1,(#2084,#2085),.UNSPECIFIED.,.F.,
  .F.,(2,2),(-13.6,-6.4),.PIECEWISE_BEZIER_KNOTS.);
#2084 = CARTESIAN_POINT('',(7.8,2.926799249527));
#2085 = CARTESIAN_POINT('',(0.6,2.926799249527));
#2086 = ( GEOMETRIC_REPRESENTATION_CONTEXT(2) 
PARAMETRIC_REPRESENTATION_CONTEXT() REPRESENTATION_CONTEXT('2D SPACE',''
  ) );
#2087 = PCURVE('',#1432,#2088);
#2088 = DEFINITIONAL_REPRESENTATION('',(#2089),#2092);
#2089 = B_SPLINE_CURVE_WITH_KNOTS('',1,(#2090,#2091),.UNSPECIFIED.,.F.,
  .F.,(2,2),(-13.6,-6.4),.PIECEWISE_BEZIER_KNOTS.);
#2090 = CARTESIAN_POINT('',(-0.879967769168,-13.6));
#2091 = CARTESIAN_POINT('',(-0.879967769168,-6.4));
#2092 = ( GEOMETRIC_REPRESENTATION_CONTEXT(2) 
PARAMETRIC_REPRESENTATION_CONTEXT() REPRESENTATION_CONTEXT('2D SPACE',''
  ) );
#2093 = ORIENTED_EDGE('',*,*,#2027,.F.);
#2094 = ADVANCED_FACE('',(#2095),#560,.T.);
#2095 = FACE_BOUND('',#2096,.T.);
#2096 = EDGE_LOOP('',(#2097,#2098,#2119,#2140));
#2097 = ORIENTED_EDGE('',*,*,#2005,.F.);
#2098 = ORIENTED_EDGE('',*,*,#2099,.F.);
#2099 = EDGE_CURVE('',#2100,#1978,#2102,.T.);
#2100 = VERTEX_POINT('',#2101);
#2101 = CARTESIAN_POINT('',(81.619072479999,67.476936856268,15.2));
#2102 = SURFACE_CURVE('',#2103,(#2107,#2113),.PCURVE_S1.);
#2103 = LINE('',#2104,#2105);
#2104 = CARTESIAN_POINT('',(81.619072479999,67.476936856268,1.));
#2105 = VECTOR('',#2106,1.);
#2106 = DIRECTION('',(-0.,-0.,-1.));
#2107 = PCURVE('',#560,#2108);
#2108 = DEFINITIONAL_REPRESENTATION('',(#2109),#2112);
#2109 = B_SPLINE_CURVE_WITH_KNOTS('',1,(#2110,#2111),.UNSPECIFIED.,.F.,
  .F.,(2,2),(-14.32,-12.88),.PIECEWISE_BEZIER_KNOTS.);
#2110 = CARTESIAN_POINT('',(1.32,2.926799249527));
#2111 = CARTESIAN_POINT('',(-0.12,2.926799249527));
#2112 = ( GEOMETRIC_REPRESENTATION_CONTEXT(2) 
PARAMETRIC_REPRESENTATION_CONTEXT() REPRESENTATION_CONTEXT('2D SPACE',''
  ) );
#2113 = PCURVE('',#1432,#2114);
#2114 = DEFINITIONAL_REPRESENTATION('',(#2115),#2118);
#2115 = B_SPLINE_CURVE_WITH_KNOTS('',1,(#2116,#2117),.UNSPECIFIED.,.F.,
  .F.,(2,2),(-14.32,-12.88),.PIECEWISE_BEZIER_KNOTS.);
#2116 = CARTESIAN_POINT('',(-0.690828557627,-14.32));
#2117 = CARTESIAN_POINT('',(-0.690828557627,-12.88));
#2118 = ( GEOMETRIC_REPRESENTATION_CONTEXT(2) 
PARAMETRIC_REPRESENTATION_CONTEXT() REPRESENTATION_CONTEXT('2D SPACE',''
  ) );
#2119 = ORIENTED_EDGE('',*,*,#2120,.T.);
#2120 = EDGE_CURVE('',#2100,#515,#2121,.T.);
#2121 = SURFACE_CURVE('',#2122,(#2126,#2133),.PCURVE_S1.);
#2122 = LINE('',#2123,#2124);
#2123 = CARTESIAN_POINT('',(79.549512883487,65.407377259756,15.2));
#2124 = VECTOR('',#2125,1.);
#2125 = DIRECTION('',(0.707106781187,0.707106781187,0.));
#2126 = PCURVE('',#560,#2127);
#2127 = DEFINITIONAL_REPRESENTATION('',(#2128),#2132);
#2128 = LINE('',#2129,#2130);
#2129 = CARTESIAN_POINT('',(1.2,0.));
#2130 = VECTOR('',#2131,1.);
#2131 = DIRECTION('',(0.,1.));
#2132 = ( GEOMETRIC_REPRESENTATION_CONTEXT(2) 
PARAMETRIC_REPRESENTATION_CONTEXT() REPRESENTATION_CONTEXT('2D SPACE',''
  ) );
#2133 = PCURVE('',#531,#2134);
#2134 = DEFINITIONAL_REPRESENTATION('',(#2135),#2139);
#2135 = LINE('',#2136,#2137);
#2136 = CARTESIAN_POINT('',(0.,0.));
#2137 = VECTOR('',#2138,1.);
#2138 = DIRECTION('',(1.,0.));
#2139 = ( GEOMETRIC_REPRESENTATION_CONTEXT(2) 
PARAMETRIC_REPRESENTATION_CONTEXT() REPRESENTATION_CONTEXT('2D SPACE',''
  ) );
#2140 = ORIENTED_EDGE('',*,*,#547,.T.);
#2141 = ADVANCED_FACE('',(#2142),#413,.F.);
#2142 = FACE_BOUND('',#2143,.F.);
#2143 = EDGE_LOOP('',(#2144,#2172,#2193,#2194));
#2144 = ORIENTED_EDGE('',*,*,#2145,.T.);
#2145 = EDGE_CURVE('',#2053,#2146,#2148,.T.);
#2146 = VERTEX_POINT('',#2147);
#2147 = CARTESIAN_POINT('',(81.619072479999,67.476936856268,8.));
#2148 = SURFACE_CURVE('',#2149,(#2154,#2165),.PCURVE_S1.);
#2149 = CIRCLE('',#2150,105.9);
#2150 = AXIS2_PLACEMENT_3D('',#2151,#2152,#2153);
#2151 = CARTESIAN_POINT('',(0.,0.,8.));
#2152 = DIRECTION('',(0.,0.,-1.));
#2153 = DIRECTION('',(1.,0.,0.));
#2154 = PCURVE('',#413,#2155);
#2155 = DEFINITIONAL_REPRESENTATION('',(#2156),#2164);
#2156 = ( BOUNDED_CURVE() B_SPLINE_CURVE(2,(#2157,#2158,#2159,#2160,
#2161,#2162,#2163),.UNSPECIFIED.,.T.,.F.) B_SPLINE_CURVE_WITH_KNOTS((1,2
    ,2,2,2,1),(-2.094395102393,0.,2.094395102393,4.188790204786,
6.28318530718,8.377580409573),.UNSPECIFIED.) CURVE() 
GEOMETRIC_REPRESENTATION_ITEM() RATIONAL_B_SPLINE_CURVE((1.,0.5,1.,0.5,
1.,0.5,1.)) REPRESENTATION_ITEM('') );
#2157 = CARTESIAN_POINT('',(-27.61739187234,-64.88260812765));
#2158 = CARTESIAN_POINT('',(-157.3178737527,-194.583090008));
#2159 = CARTESIAN_POINT('',(-204.791545004,-17.40893687635));
#2160 = CARTESIAN_POINT('',(-252.2652162553,159.76521625531));
#2161 = CARTESIAN_POINT('',(-75.09106312364,112.29154500401));
#2162 = CARTESIAN_POINT('',(102.08309000802,64.817873752714));
#2163 = CARTESIAN_POINT('',(-27.61739187234,-64.88260812765));
#2164 = ( GEOMETRIC_REPRESENTATION_CONTEXT(2) 
PARAMETRIC_REPRESENTATION_CONTEXT() REPRESENTATION_CONTEXT('2D SPACE',''
  ) );
#2165 = PCURVE('',#1432,#2166);
#2166 = DEFINITIONAL_REPRESENTATION('',(#2167),#2171);
#2167 = LINE('',#2168,#2169);
#2168 = CARTESIAN_POINT('',(-6.28318530718,-7.));
#2169 = VECTOR('',#2170,1.);
#2170 = DIRECTION('',(1.,-0.));
#2171 = ( GEOMETRIC_REPRESENTATION_CONTEXT(2) 
PARAMETRIC_REPRESENTATION_CONTEXT() REPRESENTATION_CONTEXT('2D SPACE',''
  ) );
#2172 = ORIENTED_EDGE('',*,*,#2173,.T.);
#2173 = EDGE_CURVE('',#2146,#397,#2174,.T.);
#2174 = SURFACE_CURVE('',#2175,(#2179,#2186),.PCURVE_S1.);
#2175 = LINE('',#2176,#2177);
#2176 = CARTESIAN_POINT('',(79.549512883487,65.407377259756,8.));
#2177 = VECTOR('',#2178,1.);
#2178 = DIRECTION('',(0.707106781187,0.707106781187,0.));
#2179 = PCURVE('',#413,#2180);
#2180 = DEFINITIONAL_REPRESENTATION('',(#2181),#2185);
#2181 = LINE('',#2182,#2183);
#2182 = CARTESIAN_POINT('',(0.,0.));
#2183 = VECTOR('',#2184,1.);
#2184 = DIRECTION('',(1.,0.));
#2185 = ( GEOMETRIC_REPRESENTATION_CONTEXT(2) 
PARAMETRIC_REPRESENTATION_CONTEXT() REPRESENTATION_CONTEXT('2D SPACE',''
  ) );
#2186 = PCURVE('',#444,#2187);
#2187 = DEFINITIONAL_REPRESENTATION('',(#2188),#2192);
#2188 = LINE('',#2189,#2190);
#2189 = CARTESIAN_POINT('',(1.2,0.));
#2190 = VECTOR('',#2191,1.);
#2191 = DIRECTION('',(0.,1.));
#2192 = ( GEOMETRIC_REPRESENTATION_CONTEXT(2) 
PARAMETRIC_REPRESENTATION_CONTEXT() REPRESENTATION_CONTEXT('2D SPACE',''
  ) );
#2193 = ORIENTED_EDGE('',*,*,#396,.F.);
#2194 = ORIENTED_EDGE('',*,*,#2052,.T.);
#2195 = ADVANCED_FACE('',(#2196),#531,.F.);
#2196 = FACE_BOUND('',#2197,.F.);
#2197 = EDGE_LOOP('',(#2198,#2226,#2227,#2228));
#2198 = ORIENTED_EDGE('',*,*,#2199,.T.);
#2199 = EDGE_CURVE('',#2200,#2100,#2202,.T.);
#2200 = VERTEX_POINT('',#2201);
#2201 = CARTESIAN_POINT('',(66.543045690663,82.382237589242,15.2));
#2202 = SURFACE_CURVE('',#2203,(#2208,#2219),.PCURVE_S1.);
#2203 = CIRCLE('',#2204,105.9);
#2204 = AXIS2_PLACEMENT_3D('',#2205,#2206,#2207);
#2205 = CARTESIAN_POINT('',(0.,0.,15.2));
#2206 = DIRECTION('',(0.,0.,-1.));
#2207 = DIRECTION('',(1.,0.,0.));
#2208 = PCURVE('',#531,#2209);
#2209 = DEFINITIONAL_REPRESENTATION('',(#2210),#2218);
#2210 = ( BOUNDED_CURVE() B_SPLINE_CURVE(2,(#2211,#2212,#2213,#2214,
#2215,#2216,#2217),.UNSPECIFIED.,.T.,.F.) B_SPLINE_CURVE_WITH_KNOTS((1,2
    ,2,2,2,1),(-2.094395102393,0.,2.094395102393,4.188790204786,
6.28318530718,8.377580409573),.UNSPECIFIED.) CURVE() 
GEOMETRIC_REPRESENTATION_ITEM() RATIONAL_B_SPLINE_CURVE((1.,0.5,1.,0.5,
1.,0.5,1.)) REPRESENTATION_ITEM('') );
#2211 = CARTESIAN_POINT('',(-27.61739187234,-64.88260812765));
#2212 = CARTESIAN_POINT('',(-157.3178737527,-194.583090008));
#2213 = CARTESIAN_POINT('',(-204.791545004,-17.40893687635));
#2214 = CARTESIAN_POINT('',(-252.2652162553,159.76521625531));
#2215 = CARTESIAN_POINT('',(-75.09106312364,112.29154500401));
#2216 = CARTESIAN_POINT('',(102.08309000802,64.817873752714));
#2217 = CARTESIAN_POINT('',(-27.61739187234,-64.88260812765));
#2218 = ( GEOMETRIC_REPRESENTATION_CONTEXT(2) 
PARAMETRIC_REPRESENTATION_CONTEXT() REPRESENTATION_CONTEXT('2D SPACE',''
  ) );
#2219 = PCURVE('',#1432,#2220);
#2220 = DEFINITIONAL_REPRESENTATION('',(#2221),#2225);
#2221 = LINE('',#2222,#2223);
#2222 = CARTESIAN_POINT('',(-6.28318530718,-14.2));
#2223 = VECTOR('',#2224,1.);
#2224 = DIRECTION('',(1.,-0.));
#2225 = ( GEOMETRIC_REPRESENTATION_CONTEXT(2) 
PARAMETRIC_REPRESENTATION_CONTEXT() REPRESENTATION_CONTEXT('2D SPACE',''
  ) );
#2226 = ORIENTED_EDGE('',*,*,#2120,.T.);
#2227 = ORIENTED_EDGE('',*,*,#514,.F.);
#2228 = ORIENTED_EDGE('',*,*,#2229,.F.);
#2229 = EDGE_CURVE('',#2200,#489,#2230,.T.);
#2230 = SURFACE_CURVE('',#2231,(#2235,#2242),.PCURVE_S1.);
#2231 = LINE('',#2232,#2233);
#2232 = CARTESIAN_POINT('',(64.558849122332,80.39804102091,15.2));
#2233 = VECTOR('',#2234,1.);
#2234 = DIRECTION('',(0.707106781187,0.707106781187,0.));
#2235 = PCURVE('',#531,#2236);
#2236 = DEFINITIONAL_REPRESENTATION('',(#2237),#2241);
#2237 = LINE('',#2238,#2239);
#2238 = CARTESIAN_POINT('',(0.,21.2));
#2239 = VECTOR('',#2240,1.);
#2240 = DIRECTION('',(1.,0.));
#2241 = ( GEOMETRIC_REPRESENTATION_CONTEXT(2) 
PARAMETRIC_REPRESENTATION_CONTEXT() REPRESENTATION_CONTEXT('2D SPACE',''
  ) );
#2242 = PCURVE('',#503,#2243);
#2243 = DEFINITIONAL_REPRESENTATION('',(#2244),#2248);
#2244 = LINE('',#2245,#2246);
#2245 = CARTESIAN_POINT('',(8.4,0.));
#2246 = VECTOR('',#2247,1.);
#2247 = DIRECTION('',(0.,1.));
#2248 = ( GEOMETRIC_REPRESENTATION_CONTEXT(2) 
PARAMETRIC_REPRESENTATION_CONTEXT() REPRESENTATION_CONTEXT('2D SPACE',''
  ) );
#2249 = ADVANCED_FACE('',(#2250),#444,.T.);
#2250 = FACE_BOUND('',#2251,.T.);
#2251 = EDGE_LOOP('',(#2252,#2275,#2294,#2295));
#2252 = ORIENTED_EDGE('',*,*,#2253,.F.);
#2253 = EDGE_CURVE('',#2254,#430,#2256,.T.);
#2254 = VERTEX_POINT('',#2255);
#2255 = CARTESIAN_POINT('',(81.619072479999,67.476936856268,6.8));
#2256 = SURFACE_CURVE('',#2257,(#2261,#2268),.PCURVE_S1.);
#2257 = LINE('',#2258,#2259);
#2258 = CARTESIAN_POINT('',(79.549512883487,65.407377259756,6.8));
#2259 = VECTOR('',#2260,1.);
#2260 = DIRECTION('',(0.707106781187,0.707106781187,0.));
#2261 = PCURVE('',#444,#2262);
#2262 = DEFINITIONAL_REPRESENTATION('',(#2263),#2267);
#2263 = LINE('',#2264,#2265);
#2264 = CARTESIAN_POINT('',(0.,0.));
#2265 = VECTOR('',#2266,1.);
#2266 = DIRECTION('',(0.,1.));
#2267 = ( GEOMETRIC_REPRESENTATION_CONTEXT(2) 
PARAMETRIC_REPRESENTATION_CONTEXT() REPRESENTATION_CONTEXT('2D SPACE',''
  ) );
#2268 = PCURVE('',#472,#2269);
#2269 = DEFINITIONAL_REPRESENTATION('',(#2270),#2274);
#2270 = LINE('',#2271,#2272);
#2271 = CARTESIAN_POINT('',(0.,0.));
#2272 = VECTOR('',#2273,1.);
#2273 = DIRECTION('',(1.,0.));
#2274 = ( GEOMETRIC_REPRESENTATION_CONTEXT(2) 
PARAMETRIC_REPRESENTATION_CONTEXT() REPRESENTATION_CONTEXT('2D SPACE',''
  ) );
#2275 = ORIENTED_EDGE('',*,*,#2276,.F.);
#2276 = EDGE_CURVE('',#2146,#2254,#2277,.T.);
#2277 = SURFACE_CURVE('',#2278,(#2282,#2288),.PCURVE_S1.);
#2278 = LINE('',#2279,#2280);
#2279 = CARTESIAN_POINT('',(81.619072479999,67.476936856268,1.));
#2280 = VECTOR('',#2281,1.);
#2281 = DIRECTION('',(-0.,-0.,-1.));
#2282 = PCURVE('',#444,#2283);
#2283 = DEFINITIONAL_REPRESENTATION('',(#2284),#2287);
#2284 = B_SPLINE_CURVE_WITH_KNOTS('',1,(#2285,#2286),.UNSPECIFIED.,.F.,
  .F.,(2,2),(-7.12,-5.68),.PIECEWISE_BEZIER_KNOTS.);
#2285 = CARTESIAN_POINT('',(1.32,2.926799249527));
#2286 = CARTESIAN_POINT('',(-0.12,2.926799249527));
#2287 = ( GEOMETRIC_REPRESENTATION_CONTEXT(2) 
PARAMETRIC_REPRESENTATION_CONTEXT() REPRESENTATION_CONTEXT('2D SPACE',''
  ) );
#2288 = PCURVE('',#1432,#2289);
#2289 = DEFINITIONAL_REPRESENTATION('',(#2290),#2293);
#2290 = B_SPLINE_CURVE_WITH_KNOTS('',1,(#2291,#2292),.UNSPECIFIED.,.F.,
  .F.,(2,2),(-7.12,-5.68),.PIECEWISE_BEZIER_KNOTS.);
#2291 = CARTESIAN_POINT('',(-0.690828557627,-7.12));
#2292 = CARTESIAN_POINT('',(-0.690828557627,-5.68));
#2293 = ( GEOMETRIC_REPRESENTATION_CONTEXT(2) 
PARAMETRIC_REPRESENTATION_CONTEXT() REPRESENTATION_CONTEXT('2D SPACE',''
  ) );
#2294 = ORIENTED_EDGE('',*,*,#2173,.T.);
#2295 = ORIENTED_EDGE('',*,*,#429,.T.);
#2296 = ADVANCED_FACE('',(#2297),#503,.F.);
#2297 = FACE_BOUND('',#2298,.F.);
#2298 = EDGE_LOOP('',(#2299,#2322,#2341,#2342));
#2299 = ORIENTED_EDGE('',*,*,#2300,.F.);
#2300 = EDGE_CURVE('',#2301,#456,#2303,.T.);
#2301 = VERTEX_POINT('',#2302);
#2302 = CARTESIAN_POINT('',(66.543045690663,82.382237589242,6.8));
#2303 = SURFACE_CURVE('',#2304,(#2308,#2315),.PCURVE_S1.);
#2304 = LINE('',#2305,#2306);
#2305 = CARTESIAN_POINT('',(64.558849122332,80.39804102091,6.8));
#2306 = VECTOR('',#2307,1.);
#2307 = DIRECTION('',(0.707106781187,0.707106781187,0.));
#2308 = PCURVE('',#503,#2309);
#2309 = DEFINITIONAL_REPRESENTATION('',(#2310),#2314);
#2310 = LINE('',#2311,#2312);
#2311 = CARTESIAN_POINT('',(0.,0.));
#2312 = VECTOR('',#2313,1.);
#2313 = DIRECTION('',(0.,1.));
#2314 = ( GEOMETRIC_REPRESENTATION_CONTEXT(2) 
PARAMETRIC_REPRESENTATION_CONTEXT() REPRESENTATION_CONTEXT('2D SPACE',''
  ) );
#2315 = PCURVE('',#472,#2316);
#2316 = DEFINITIONAL_REPRESENTATION('',(#2317),#2321);
#2317 = LINE('',#2318,#2319);
#2318 = CARTESIAN_POINT('',(0.,21.2));
#2319 = VECTOR('',#2320,1.);
#2320 = DIRECTION('',(1.,0.));
#2321 = ( GEOMETRIC_REPRESENTATION_CONTEXT(2) 
PARAMETRIC_REPRESENTATION_CONTEXT() REPRESENTATION_CONTEXT('2D SPACE',''
  ) );
#2322 = ORIENTED_EDGE('',*,*,#2323,.F.);
#2323 = EDGE_CURVE('',#2200,#2301,#2324,.T.);
#2324 = SURFACE_CURVE('',#2325,(#2329,#2335),.PCURVE_S1.);
#2325 = LINE('',#2326,#2327);
#2326 = CARTESIAN_POINT('',(66.543045690663,82.382237589242,1.));
#2327 = VECTOR('',#2328,1.);
#2328 = DIRECTION('',(-0.,-0.,-1.));
#2329 = PCURVE('',#503,#2330);
#2330 = DEFINITIONAL_REPRESENTATION('',(#2331),#2334);
#2331 = B_SPLINE_CURVE_WITH_KNOTS('',1,(#2332,#2333),.UNSPECIFIED.,.F.,
  .F.,(2,2),(-15.04,-4.96),.PIECEWISE_BEZIER_KNOTS.);
#2332 = CARTESIAN_POINT('',(9.24,2.806077697349));
#2333 = CARTESIAN_POINT('',(-0.84,2.806077697349));
#2334 = ( GEOMETRIC_REPRESENTATION_CONTEXT(2) 
PARAMETRIC_REPRESENTATION_CONTEXT() REPRESENTATION_CONTEXT('2D SPACE',''
  ) );
#2335 = PCURVE('',#1432,#2336);
#2336 = DEFINITIONAL_REPRESENTATION('',(#2337),#2340);
#2337 = B_SPLINE_CURVE_WITH_KNOTS('',1,(#2338,#2339),.UNSPECIFIED.,.F.,
  .F.,(2,2),(-15.04,-4.96),.PIECEWISE_BEZIER_KNOTS.);
#2338 = CARTESIAN_POINT('',(-0.891356471749,-15.04));
#2339 = CARTESIAN_POINT('',(-0.891356471749,-4.96));
#2340 = ( GEOMETRIC_REPRESENTATION_CONTEXT(2) 
PARAMETRIC_REPRESENTATION_CONTEXT() REPRESENTATION_CONTEXT('2D SPACE',''
  ) );
#2341 = ORIENTED_EDGE('',*,*,#2229,.T.);
#2342 = ORIENTED_EDGE('',*,*,#488,.T.);
#2343 = ADVANCED_FACE('',(#2344),#472,.T.);
#2344 = FACE_BOUND('',#2345,.T.);
#2345 = EDGE_LOOP('',(#2346,#2372,#2373,#2374));
#2346 = ORIENTED_EDGE('',*,*,#2347,.T.);
#2347 = EDGE_CURVE('',#2301,#2254,#2348,.T.);
#2348 = SURFACE_CURVE('',#2349,(#2354,#2365),.PCURVE_S1.);
#2349 = CIRCLE('',#2350,105.9);
#2350 = AXIS2_PLACEMENT_3D('',#2351,#2352,#2353);
#2351 = CARTESIAN_POINT('',(0.,0.,6.8));
#2352 = DIRECTION('',(0.,0.,-1.));
#2353 = DIRECTION('',(1.,0.,0.));
#2354 = PCURVE('',#472,#2355);
#2355 = DEFINITIONAL_REPRESENTATION('',(#2356),#2364);
#2356 = ( BOUNDED_CURVE() B_SPLINE_CURVE(2,(#2357,#2358,#2359,#2360,
#2361,#2362,#2363),.UNSPECIFIED.,.T.,.F.) B_SPLINE_CURVE_WITH_KNOTS((1,2
    ,2,2,2,1),(-2.094395102393,0.,2.094395102393,4.188790204786,
6.28318530718,8.377580409573),.UNSPECIFIED.) CURVE() 
GEOMETRIC_REPRESENTATION_ITEM() RATIONAL_B_SPLINE_CURVE((1.,0.5,1.,0.5,
1.,0.5,1.)) REPRESENTATION_ITEM('') );
#2357 = CARTESIAN_POINT('',(-27.61739187234,-64.88260812765));
#2358 = CARTESIAN_POINT('',(-157.3178737527,-194.583090008));
#2359 = CARTESIAN_POINT('',(-204.791545004,-17.40893687635));
#2360 = CARTESIAN_POINT('',(-252.2652162553,159.76521625531));
#2361 = CARTESIAN_POINT('',(-75.09106312364,112.29154500401));
#2362 = CARTESIAN_POINT('',(102.08309000802,64.817873752714));
#2363 = CARTESIAN_POINT('',(-27.61739187234,-64.88260812765));
#2364 = ( GEOMETRIC_REPRESENTATION_CONTEXT(2) 
PARAMETRIC_REPRESENTATION_CONTEXT() REPRESENTATION_CONTEXT('2D SPACE',''
  ) );
#2365 = PCURVE('',#1432,#2366);
#2366 = DEFINITIONAL_REPRESENTATION('',(#2367),#2371);
#2367 = LINE('',#2368,#2369);
#2368 = CARTESIAN_POINT('',(-6.28318530718,-5.8));
#2369 = VECTOR('',#2370,1.);
#2370 = DIRECTION('',(1.,-0.));
#2371 = ( GEOMETRIC_REPRESENTATION_CONTEXT(2) 
PARAMETRIC_REPRESENTATION_CONTEXT() REPRESENTATION_CONTEXT('2D SPACE',''
  ) );
#2372 = ORIENTED_EDGE('',*,*,#2253,.T.);
#2373 = ORIENTED_EDGE('',*,*,#455,.F.);
#2374 = ORIENTED_EDGE('',*,*,#2300,.F.);
#2375 = ADVANCED_FACE('',(#2376),#592,.T.);
#2376 = FACE_BOUND('',#2377,.T.);
#2377 = EDGE_LOOP('',(#2378,#2408,#2429,#2430));
#2378 = ORIENTED_EDGE('',*,*,#2379,.T.);
#2379 = EDGE_CURVE('',#2380,#2382,#2384,.T.);
#2380 = VERTEX_POINT('',#2381);
#2381 = CARTESIAN_POINT('',(-81.61907247999,67.476936856268,14.));
#2382 = VERTEX_POINT('',#2383);
#2383 = CARTESIAN_POINT('',(-67.47693685626,81.619072479999,14.));
#2384 = SURFACE_CURVE('',#2385,(#2390,#2401),.PCURVE_S1.);
#2385 = CIRCLE('',#2386,105.9);
#2386 = AXIS2_PLACEMENT_3D('',#2387,#2388,#2389);
#2387 = CARTESIAN_POINT('',(0.,0.,14.));
#2388 = DIRECTION('',(0.,0.,-1.));
#2389 = DIRECTION('',(1.,0.,0.));
#2390 = PCURVE('',#592,#2391);
#2391 = DEFINITIONAL_REPRESENTATION('',(#2392),#2400);
#2392 = ( BOUNDED_CURVE() B_SPLINE_CURVE(2,(#2393,#2394,#2395,#2396,
#2397,#2398,#2399),.UNSPECIFIED.,.T.,.F.) B_SPLINE_CURVE_WITH_KNOTS((1,2
    ,2,2,2,1),(-2.094395102393,0.,2.094395102393,4.188790204786,
6.28318530718,8.377580409573),.UNSPECIFIED.) CURVE() 
GEOMETRIC_REPRESENTATION_ITEM() RATIONAL_B_SPLINE_CURVE((1.,0.5,1.,0.5,
1.,0.5,1.)) REPRESENTATION_ITEM('') );
#2393 = CARTESIAN_POINT('',(-177.3826081276,-64.88260812765));
#2394 = CARTESIAN_POINT('',(-307.083090008,64.817873752714));
#2395 = CARTESIAN_POINT('',(-129.9089368763,112.29154500401));
#2396 = CARTESIAN_POINT('',(47.265216255311,159.76521625531));
#2397 = CARTESIAN_POINT('',(-0.208454995988,-17.40893687635));
#2398 = CARTESIAN_POINT('',(-47.68212624728,-194.583090008));
#2399 = CARTESIAN_POINT('',(-177.3826081276,-64.88260812765));
#2400 = ( GEOMETRIC_REPRESENTATION_CONTEXT(2) 
PARAMETRIC_REPRESENTATION_CONTEXT() REPRESENTATION_CONTEXT('2D SPACE',''
  ) );
#2401 = PCURVE('',#1432,#2402);
#2402 = DEFINITIONAL_REPRESENTATION('',(#2403),#2407);
#2403 = LINE('',#2404,#2405);
#2404 = CARTESIAN_POINT('',(-6.28318530718,-13.));
#2405 = VECTOR('',#2406,1.);
#2406 = DIRECTION('',(1.,-0.));
#2407 = ( GEOMETRIC_REPRESENTATION_CONTEXT(2) 
PARAMETRIC_REPRESENTATION_CONTEXT() REPRESENTATION_CONTEXT('2D SPACE',''
  ) );
#2408 = ORIENTED_EDGE('',*,*,#2409,.T.);
#2409 = EDGE_CURVE('',#2382,#576,#2410,.T.);
#2410 = SURFACE_CURVE('',#2411,(#2415,#2422),.PCURVE_S1.);
#2411 = LINE('',#2412,#2413);
#2412 = CARTESIAN_POINT('',(-65.40737725975,79.549512883487,14.));
#2413 = VECTOR('',#2414,1.);
#2414 = DIRECTION('',(-0.707106781187,0.707106781187,0.));
#2415 = PCURVE('',#592,#2416);
#2416 = DEFINITIONAL_REPRESENTATION('',(#2417),#2421);
#2417 = LINE('',#2418,#2419);
#2418 = CARTESIAN_POINT('',(0.,0.));
#2419 = VECTOR('',#2420,1.);
#2420 = DIRECTION('',(1.,0.));
#2421 = ( GEOMETRIC_REPRESENTATION_CONTEXT(2) 
PARAMETRIC_REPRESENTATION_CONTEXT() REPRESENTATION_CONTEXT('2D SPACE',''
  ) );
#2422 = PCURVE('',#798,#2423);
#2423 = DEFINITIONAL_REPRESENTATION('',(#2424),#2428);
#2424 = LINE('',#2425,#2426);
#2425 = CARTESIAN_POINT('',(0.,0.));
#2426 = VECTOR('',#2427,1.);
#2427 = DIRECTION('',(0.,1.));
#2428 = ( GEOMETRIC_REPRESENTATION_CONTEXT(2) 
PARAMETRIC_REPRESENTATION_CONTEXT() REPRESENTATION_CONTEXT('2D SPACE',''
  ) );
#2429 = ORIENTED_EDGE('',*,*,#573,.F.);
#2430 = ORIENTED_EDGE('',*,*,#2431,.T.);
#2431 = EDGE_CURVE('',#574,#2380,#2432,.T.);
#2432 = SURFACE_CURVE('',#2433,(#2437,#2444),.PCURVE_S1.);
#2433 = LINE('',#2434,#2435);
#2434 = CARTESIAN_POINT('',(-79.54951288348,65.407377259756,14.));
#2435 = VECTOR('',#2436,1.);
#2436 = DIRECTION('',(0.707106781187,-0.707106781187,0.));
#2437 = PCURVE('',#592,#2438);
#2438 = DEFINITIONAL_REPRESENTATION('',(#2439),#2443);
#2439 = LINE('',#2440,#2441);
#2440 = CARTESIAN_POINT('',(-1.7763568394E-15,20.));
#2441 = VECTOR('',#2442,1.);
#2442 = DIRECTION('',(-1.,0.));
#2443 = ( GEOMETRIC_REPRESENTATION_CONTEXT(2) 
PARAMETRIC_REPRESENTATION_CONTEXT() REPRESENTATION_CONTEXT('2D SPACE',''
  ) );
#2444 = PCURVE('',#623,#2445);
#2445 = DEFINITIONAL_REPRESENTATION('',(#2446),#2450);
#2446 = LINE('',#2447,#2448);
#2447 = CARTESIAN_POINT('',(7.2,0.));
#2448 = VECTOR('',#2449,1.);
#2449 = DIRECTION('',(0.,-1.));
#2450 = ( GEOMETRIC_REPRESENTATION_CONTEXT(2) 
PARAMETRIC_REPRESENTATION_CONTEXT() REPRESENTATION_CONTEXT('2D SPACE',''
  ) );
#2451 = ADVANCED_FACE('',(#2452),#623,.T.);
#2452 = FACE_BOUND('',#2453,.T.);
#2453 = EDGE_LOOP('',(#2454,#2455,#2478,#2497));
#2454 = ORIENTED_EDGE('',*,*,#608,.T.);
#2455 = ORIENTED_EDGE('',*,*,#2456,.T.);
#2456 = EDGE_CURVE('',#609,#2457,#2459,.T.);
#2457 = VERTEX_POINT('',#2458);
#2458 = CARTESIAN_POINT('',(-81.61907247999,67.476936856268,8.));
#2459 = SURFACE_CURVE('',#2460,(#2464,#2471),.PCURVE_S1.);
#2460 = LINE('',#2461,#2462);
#2461 = CARTESIAN_POINT('',(-79.54951288348,65.407377259756,8.));
#2462 = VECTOR('',#2463,1.);
#2463 = DIRECTION('',(0.707106781187,-0.707106781187,0.));
#2464 = PCURVE('',#623,#2465);
#2465 = DEFINITIONAL_REPRESENTATION('',(#2466),#2470);
#2466 = LINE('',#2467,#2468);
#2467 = CARTESIAN_POINT('',(1.2,0.));
#2468 = VECTOR('',#2469,1.);
#2469 = DIRECTION('',(0.,-1.));
#2470 = ( GEOMETRIC_REPRESENTATION_CONTEXT(2) 
PARAMETRIC_REPRESENTATION_CONTEXT() REPRESENTATION_CONTEXT('2D SPACE',''
  ) );
#2471 = PCURVE('',#651,#2472);
#2472 = DEFINITIONAL_REPRESENTATION('',(#2473),#2477);
#2473 = LINE('',#2474,#2475);
#2474 = CARTESIAN_POINT('',(-1.7763568394E-15,20.));
#2475 = VECTOR('',#2476,1.);
#2476 = DIRECTION('',(-1.,0.));
#2477 = ( GEOMETRIC_REPRESENTATION_CONTEXT(2) 
PARAMETRIC_REPRESENTATION_CONTEXT() REPRESENTATION_CONTEXT('2D SPACE',''
  ) );
#2478 = ORIENTED_EDGE('',*,*,#2479,.F.);
#2479 = EDGE_CURVE('',#2380,#2457,#2480,.T.);
#2480 = SURFACE_CURVE('',#2481,(#2485,#2491),.PCURVE_S1.);
#2481 = LINE('',#2482,#2483);
#2482 = CARTESIAN_POINT('',(-81.61907247999,67.476936856268,1.));
#2483 = VECTOR('',#2484,1.);
#2484 = DIRECTION('',(-0.,-0.,-1.));
#2485 = PCURVE('',#623,#2486);
#2486 = DEFINITIONAL_REPRESENTATION('',(#2487),#2490);
#2487 = B_SPLINE_CURVE_WITH_KNOTS('',1,(#2488,#2489),.UNSPECIFIED.,.F.,
  .F.,(2,2),(-13.6,-6.4),.PIECEWISE_BEZIER_KNOTS.);
#2488 = CARTESIAN_POINT('',(7.8,2.926799249527));
#2489 = CARTESIAN_POINT('',(0.6,2.926799249527));
#2490 = ( GEOMETRIC_REPRESENTATION_CONTEXT(2) 
PARAMETRIC_REPRESENTATION_CONTEXT() REPRESENTATION_CONTEXT('2D SPACE',''
  ) );
#2491 = PCURVE('',#1432,#2492);
#2492 = DEFINITIONAL_REPRESENTATION('',(#2493),#2496);
#2493 = B_SPLINE_CURVE_WITH_KNOTS('',1,(#2494,#2495),.UNSPECIFIED.,.F.,
  .F.,(2,2),(-13.6,-6.4),.PIECEWISE_BEZIER_KNOTS.);
#2494 = CARTESIAN_POINT('',(-2.450764095963,-13.6));
#2495 = CARTESIAN_POINT('',(-2.450764095963,-6.4));
#2496 = ( GEOMETRIC_REPRESENTATION_CONTEXT(2) 
PARAMETRIC_REPRESENTATION_CONTEXT() REPRESENTATION_CONTEXT('2D SPACE',''
  ) );
#2497 = ORIENTED_EDGE('',*,*,#2431,.F.);
#2498 = ADVANCED_FACE('',(#2499),#798,.T.);
#2499 = FACE_BOUND('',#2500,.T.);
#2500 = EDGE_LOOP('',(#2501,#2502,#2523,#2544));
#2501 = ORIENTED_EDGE('',*,*,#2409,.F.);
#2502 = ORIENTED_EDGE('',*,*,#2503,.F.);
#2503 = EDGE_CURVE('',#2504,#2382,#2506,.T.);
#2504 = VERTEX_POINT('',#2505);
#2505 = CARTESIAN_POINT('',(-67.47693685626,81.619072479999,15.2));
#2506 = SURFACE_CURVE('',#2507,(#2511,#2517),.PCURVE_S1.);
#2507 = LINE('',#2508,#2509);
#2508 = CARTESIAN_POINT('',(-67.47693685626,81.619072479999,1.));
#2509 = VECTOR('',#2510,1.);
#2510 = DIRECTION('',(-0.,-0.,-1.));
#2511 = PCURVE('',#798,#2512);
#2512 = DEFINITIONAL_REPRESENTATION('',(#2513),#2516);
#2513 = B_SPLINE_CURVE_WITH_KNOTS('',1,(#2514,#2515),.UNSPECIFIED.,.F.,
  .F.,(2,2),(-14.32,-12.88),.PIECEWISE_BEZIER_KNOTS.);
#2514 = CARTESIAN_POINT('',(1.32,2.926799249527));
#2515 = CARTESIAN_POINT('',(-0.12,2.926799249527));
#2516 = ( GEOMETRIC_REPRESENTATION_CONTEXT(2) 
PARAMETRIC_REPRESENTATION_CONTEXT() REPRESENTATION_CONTEXT('2D SPACE',''
  ) );
#2517 = PCURVE('',#1432,#2518);
#2518 = DEFINITIONAL_REPRESENTATION('',(#2519),#2522);
#2519 = B_SPLINE_CURVE_WITH_KNOTS('',1,(#2520,#2521),.UNSPECIFIED.,.F.,
  .F.,(2,2),(-14.32,-12.88),.PIECEWISE_BEZIER_KNOTS.);
#2520 = CARTESIAN_POINT('',(-2.261624884422,-14.32));
#2521 = CARTESIAN_POINT('',(-2.261624884422,-12.88));
#2522 = ( GEOMETRIC_REPRESENTATION_CONTEXT(2) 
PARAMETRIC_REPRESENTATION_CONTEXT() REPRESENTATION_CONTEXT('2D SPACE',''
  ) );
#2523 = ORIENTED_EDGE('',*,*,#2524,.T.);
#2524 = EDGE_CURVE('',#2504,#753,#2525,.T.);
#2525 = SURFACE_CURVE('',#2526,(#2530,#2537),.PCURVE_S1.);
#2526 = LINE('',#2527,#2528);
#2527 = CARTESIAN_POINT('',(-65.40737725975,79.549512883487,15.2));
#2528 = VECTOR('',#2529,1.);
#2529 = DIRECTION('',(-0.707106781187,0.707106781187,0.));
#2530 = PCURVE('',#798,#2531);
#2531 = DEFINITIONAL_REPRESENTATION('',(#2532),#2536);
#2532 = LINE('',#2533,#2534);
#2533 = CARTESIAN_POINT('',(1.2,0.));
#2534 = VECTOR('',#2535,1.);
#2535 = DIRECTION('',(0.,1.));
#2536 = ( GEOMETRIC_REPRESENTATION_CONTEXT(2) 
PARAMETRIC_REPRESENTATION_CONTEXT() REPRESENTATION_CONTEXT('2D SPACE',''
  ) );
#2537 = PCURVE('',#769,#2538);
#2538 = DEFINITIONAL_REPRESENTATION('',(#2539),#2543);
#2539 = LINE('',#2540,#2541);
#2540 = CARTESIAN_POINT('',(0.,0.));
#2541 = VECTOR('',#2542,1.);
#2542 = DIRECTION('',(1.,0.));
#2543 = ( GEOMETRIC_REPRESENTATION_CONTEXT(2) 
PARAMETRIC_REPRESENTATION_CONTEXT() REPRESENTATION_CONTEXT('2D SPACE',''
  ) );
#2544 = ORIENTED_EDGE('',*,*,#785,.T.);
#2545 = ADVANCED_FACE('',(#2546),#651,.F.);
#2546 = FACE_BOUND('',#2547,.F.);
#2547 = EDGE_LOOP('',(#2548,#2576,#2597,#2598));
#2548 = ORIENTED_EDGE('',*,*,#2549,.T.);
#2549 = EDGE_CURVE('',#2457,#2550,#2552,.T.);
#2550 = VERTEX_POINT('',#2551);
#2551 = CARTESIAN_POINT('',(-67.47693685626,81.619072479999,8.));
#2552 = SURFACE_CURVE('',#2553,(#2558,#2569),.PCURVE_S1.);
#2553 = CIRCLE('',#2554,105.9);
#2554 = AXIS2_PLACEMENT_3D('',#2555,#2556,#2557);
#2555 = CARTESIAN_POINT('',(0.,0.,8.));
#2556 = DIRECTION('',(0.,0.,-1.));
#2557 = DIRECTION('',(1.,0.,0.));
#2558 = PCURVE('',#651,#2559);
#2559 = DEFINITIONAL_REPRESENTATION('',(#2560),#2568);
#2560 = ( BOUNDED_CURVE() B_SPLINE_CURVE(2,(#2561,#2562,#2563,#2564,
#2565,#2566,#2567),.UNSPECIFIED.,.T.,.F.) B_SPLINE_CURVE_WITH_KNOTS((1,2
    ,2,2,2,1),(-2.094395102393,0.,2.094395102393,4.188790204786,
6.28318530718,8.377580409573),.UNSPECIFIED.) CURVE() 
GEOMETRIC_REPRESENTATION_ITEM() RATIONAL_B_SPLINE_CURVE((1.,0.5,1.,0.5,
1.,0.5,1.)) REPRESENTATION_ITEM('') );
#2561 = CARTESIAN_POINT('',(-177.3826081276,-64.88260812765));
#2562 = CARTESIAN_POINT('',(-307.083090008,64.817873752714));
#2563 = CARTESIAN_POINT('',(-129.9089368763,112.29154500401));
#2564 = CARTESIAN_POINT('',(47.265216255311,159.76521625531));
#2565 = CARTESIAN_POINT('',(-0.208454995988,-17.40893687635));
#2566 = CARTESIAN_POINT('',(-47.68212624728,-194.583090008));
#2567 = CARTESIAN_POINT('',(-177.3826081276,-64.88260812765));
#2568 = ( GEOMETRIC_REPRESENTATION_CONTEXT(2) 
PARAMETRIC_REPRESENTATION_CONTEXT() REPRESENTATION_CONTEXT('2D SPACE',''
  ) );
#2569 = PCURVE('',#1432,#2570);
#2570 = DEFINITIONAL_REPRESENTATION('',(#2571),#2575);
#2571 = LINE('',#2572,#2573);
#2572 = CARTESIAN_POINT('',(-6.28318530718,-7.));
#2573 = VECTOR('',#2574,1.);
#2574 = DIRECTION('',(1.,-0.));
#2575 = ( GEOMETRIC_REPRESENTATION_CONTEXT(2) 
PARAMETRIC_REPRESENTATION_CONTEXT() REPRESENTATION_CONTEXT('2D SPACE',''
  ) );
#2576 = ORIENTED_EDGE('',*,*,#2577,.T.);
#2577 = EDGE_CURVE('',#2550,#635,#2578,.T.);
#2578 = SURFACE_CURVE('',#2579,(#2583,#2590),.PCURVE_S1.);
#2579 = LINE('',#2580,#2581);
#2580 = CARTESIAN_POINT('',(-65.40737725975,79.549512883487,8.));
#2581 = VECTOR('',#2582,1.);
#2582 = DIRECTION('',(-0.707106781187,0.707106781187,0.));
#2583 = PCURVE('',#651,#2584);
#2584 = DEFINITIONAL_REPRESENTATION('',(#2585),#2589);
#2585 = LINE('',#2586,#2587);
#2586 = CARTESIAN_POINT('',(0.,0.));
#2587 = VECTOR('',#2588,1.);
#2588 = DIRECTION('',(1.,0.));
#2589 = ( GEOMETRIC_REPRESENTATION_CONTEXT(2) 
PARAMETRIC_REPRESENTATION_CONTEXT() REPRESENTATION_CONTEXT('2D SPACE',''
  ) );
#2590 = PCURVE('',#682,#2591);
#2591 = DEFINITIONAL_REPRESENTATION('',(#2592),#2596);
#2592 = LINE('',#2593,#2594);
#2593 = CARTESIAN_POINT('',(1.2,0.));
#2594 = VECTOR('',#2595,1.);
#2595 = DIRECTION('',(0.,1.));
#2596 = ( GEOMETRIC_REPRESENTATION_CONTEXT(2) 
PARAMETRIC_REPRESENTATION_CONTEXT() REPRESENTATION_CONTEXT('2D SPACE',''
  ) );
#2597 = ORIENTED_EDGE('',*,*,#634,.F.);
#2598 = ORIENTED_EDGE('',*,*,#2456,.T.);
#2599 = ADVANCED_FACE('',(#2600),#769,.F.);
#2600 = FACE_BOUND('',#2601,.F.);
#2601 = EDGE_LOOP('',(#2602,#2630,#2631,#2632));
#2602 = ORIENTED_EDGE('',*,*,#2603,.T.);
#2603 = EDGE_CURVE('',#2604,#2504,#2606,.T.);
#2604 = VERTEX_POINT('',#2605);
#2605 = CARTESIAN_POINT('',(-82.38223758924,66.543045690663,15.2));
#2606 = SURFACE_CURVE('',#2607,(#2612,#2623),.PCURVE_S1.);
#2607 = CIRCLE('',#2608,105.9);
#2608 = AXIS2_PLACEMENT_3D('',#2609,#2610,#2611);
#2609 = CARTESIAN_POINT('',(0.,0.,15.2));
#2610 = DIRECTION('',(0.,0.,-1.));
#2611 = DIRECTION('',(1.,0.,0.));
#2612 = PCURVE('',#769,#2613);
#2613 = DEFINITIONAL_REPRESENTATION('',(#2614),#2622);
#2614 = ( BOUNDED_CURVE() B_SPLINE_CURVE(2,(#2615,#2616,#2617,#2618,
#2619,#2620,#2621),.UNSPECIFIED.,.T.,.F.) B_SPLINE_CURVE_WITH_KNOTS((1,2
    ,2,2,2,1),(-2.094395102393,0.,2.094395102393,4.188790204786,
6.28318530718,8.377580409573),.UNSPECIFIED.) CURVE() 
GEOMETRIC_REPRESENTATION_ITEM() RATIONAL_B_SPLINE_CURVE((1.,0.5,1.,0.5,
1.,0.5,1.)) REPRESENTATION_ITEM('') );
#2615 = CARTESIAN_POINT('',(-177.3826081276,-64.88260812765));
#2616 = CARTESIAN_POINT('',(-307.083090008,64.817873752714));
#2617 = CARTESIAN_POINT('',(-129.9089368763,112.29154500401));
#2618 = CARTESIAN_POINT('',(47.265216255311,159.76521625531));
#2619 = CARTESIAN_POINT('',(-0.208454995988,-17.40893687635));
#2620 = CARTESIAN_POINT('',(-47.68212624728,-194.583090008));
#2621 = CARTESIAN_POINT('',(-177.3826081276,-64.88260812765));
#2622 = ( GEOMETRIC_REPRESENTATION_CONTEXT(2) 
PARAMETRIC_REPRESENTATION_CONTEXT() REPRESENTATION_CONTEXT('2D SPACE',''
  ) );
#2623 = PCURVE('',#1432,#2624);
#2624 = DEFINITIONAL_REPRESENTATION('',(#2625),#2629);
#2625 = LINE('',#2626,#2627);
#2626 = CARTESIAN_POINT('',(-6.28318530718,-14.2));
#2627 = VECTOR('',#2628,1.);
#2628 = DIRECTION('',(1.,-0.));
#2629 = ( GEOMETRIC_REPRESENTATION_CONTEXT(2) 
PARAMETRIC_REPRESENTATION_CONTEXT() REPRESENTATION_CONTEXT('2D SPACE',''
  ) );
#2630 = ORIENTED_EDGE('',*,*,#2524,.T.);
#2631 = ORIENTED_EDGE('',*,*,#752,.F.);
#2632 = ORIENTED_EDGE('',*,*,#2633,.F.);
#2633 = EDGE_CURVE('',#2604,#727,#2634,.T.);
#2634 = SURFACE_CURVE('',#2635,(#2639,#2646),.PCURVE_S1.);
#2635 = LINE('',#2636,#2637);
#2636 = CARTESIAN_POINT('',(-80.39804102091,64.558849122332,15.2));
#2637 = VECTOR('',#2638,1.);
#2638 = DIRECTION('',(-0.707106781187,0.707106781187,0.));
#2639 = PCURVE('',#769,#2640);
#2640 = DEFINITIONAL_REPRESENTATION('',(#2641),#2645);
#2641 = LINE('',#2642,#2643);
#2642 = CARTESIAN_POINT('',(-1.7763568394E-15,21.2));
#2643 = VECTOR('',#2644,1.);
#2644 = DIRECTION('',(1.,0.));
#2645 = ( GEOMETRIC_REPRESENTATION_CONTEXT(2) 
PARAMETRIC_REPRESENTATION_CONTEXT() REPRESENTATION_CONTEXT('2D SPACE',''
  ) );
#2646 = PCURVE('',#741,#2647);
#2647 = DEFINITIONAL_REPRESENTATION('',(#2648),#2652);
#2648 = LINE('',#2649,#2650);
#2649 = CARTESIAN_POINT('',(8.4,0.));
#2650 = VECTOR('',#2651,1.);
#2651 = DIRECTION('',(0.,1.));
#2652 = ( GEOMETRIC_REPRESENTATION_CONTEXT(2) 
PARAMETRIC_REPRESENTATION_CONTEXT() REPRESENTATION_CONTEXT('2D SPACE',''
  ) );
#2653 = ADVANCED_FACE('',(#2654),#682,.T.);
#2654 = FACE_BOUND('',#2655,.T.);
#2655 = EDGE_LOOP('',(#2656,#2679,#2698,#2699));
#2656 = ORIENTED_EDGE('',*,*,#2657,.F.);
#2657 = EDGE_CURVE('',#2658,#668,#2660,.T.);
#2658 = VERTEX_POINT('',#2659);
#2659 = CARTESIAN_POINT('',(-67.47693685626,81.619072479999,6.8));
#2660 = SURFACE_CURVE('',#2661,(#2665,#2672),.PCURVE_S1.);
#2661 = LINE('',#2662,#2663);
#2662 = CARTESIAN_POINT('',(-65.40737725975,79.549512883487,6.8));
#2663 = VECTOR('',#2664,1.);
#2664 = DIRECTION('',(-0.707106781187,0.707106781187,0.));
#2665 = PCURVE('',#682,#2666);
#2666 = DEFINITIONAL_REPRESENTATION('',(#2667),#2671);
#2667 = LINE('',#2668,#2669);
#2668 = CARTESIAN_POINT('',(0.,0.));
#2669 = VECTOR('',#2670,1.);
#2670 = DIRECTION('',(0.,1.));
#2671 = ( GEOMETRIC_REPRESENTATION_CONTEXT(2) 
PARAMETRIC_REPRESENTATION_CONTEXT() REPRESENTATION_CONTEXT('2D SPACE',''
  ) );
#2672 = PCURVE('',#710,#2673);
#2673 = DEFINITIONAL_REPRESENTATION('',(#2674),#2678);
#2674 = LINE('',#2675,#2676);
#2675 = CARTESIAN_POINT('',(0.,0.));
#2676 = VECTOR('',#2677,1.);
#2677 = DIRECTION('',(1.,0.));
#2678 = ( GEOMETRIC_REPRESENTATION_CONTEXT(2) 
PARAMETRIC_REPRESENTATION_CONTEXT() REPRESENTATION_CONTEXT('2D SPACE',''
  ) );
#2679 = ORIENTED_EDGE('',*,*,#2680,.F.);
#2680 = EDGE_CURVE('',#2550,#2658,#2681,.T.);
#2681 = SURFACE_CURVE('',#2682,(#2686,#2692),.PCURVE_S1.);
#2682 = LINE('',#2683,#2684);
#2683 = CARTESIAN_POINT('',(-67.47693685626,81.619072479999,1.));
#2684 = VECTOR('',#2685,1.);
#2685 = DIRECTION('',(-0.,-0.,-1.));
#2686 = PCURVE('',#682,#2687);
#2687 = DEFINITIONAL_REPRESENTATION('',(#2688),#2691);
#2688 = B_SPLINE_CURVE_WITH_KNOTS('',1,(#2689,#2690),.UNSPECIFIED.,.F.,
  .F.,(2,2),(-7.12,-5.68),.PIECEWISE_BEZIER_KNOTS.);
#2689 = CARTESIAN_POINT('',(1.32,2.926799249527));
#2690 = CARTESIAN_POINT('',(-0.12,2.926799249527));
#2691 = ( GEOMETRIC_REPRESENTATION_CONTEXT(2) 
PARAMETRIC_REPRESENTATION_CONTEXT() REPRESENTATION_CONTEXT('2D SPACE',''
  ) );
#2692 = PCURVE('',#1432,#2693);
#2693 = DEFINITIONAL_REPRESENTATION('',(#2694),#2697);
#2694 = B_SPLINE_CURVE_WITH_KNOTS('',1,(#2695,#2696),.UNSPECIFIED.,.F.,
  .F.,(2,2),(-7.12,-5.68),.PIECEWISE_BEZIER_KNOTS.);
#2695 = CARTESIAN_POINT('',(-2.261624884422,-7.12));
#2696 = CARTESIAN_POINT('',(-2.261624884422,-5.68));
#2697 = ( GEOMETRIC_REPRESENTATION_CONTEXT(2) 
PARAMETRIC_REPRESENTATION_CONTEXT() REPRESENTATION_CONTEXT('2D SPACE',''
  ) );
#2698 = ORIENTED_EDGE('',*,*,#2577,.T.);
#2699 = ORIENTED_EDGE('',*,*,#667,.T.);
#2700 = ADVANCED_FACE('',(#2701),#741,.F.);
#2701 = FACE_BOUND('',#2702,.F.);
#2702 = EDGE_LOOP('',(#2703,#2726,#2745,#2746));
#2703 = ORIENTED_EDGE('',*,*,#2704,.F.);
#2704 = EDGE_CURVE('',#2705,#694,#2707,.T.);
#2705 = VERTEX_POINT('',#2706);
#2706 = CARTESIAN_POINT('',(-82.38223758924,66.543045690663,6.8));
#2707 = SURFACE_CURVE('',#2708,(#2712,#2719),.PCURVE_S1.);
#2708 = LINE('',#2709,#2710);
#2709 = CARTESIAN_POINT('',(-80.39804102091,64.558849122332,6.8));
#2710 = VECTOR('',#2711,1.);
#2711 = DIRECTION('',(-0.707106781187,0.707106781187,0.));
#2712 = PCURVE('',#741,#2713);
#2713 = DEFINITIONAL_REPRESENTATION('',(#2714),#2718);
#2714 = LINE('',#2715,#2716);
#2715 = CARTESIAN_POINT('',(0.,0.));
#2716 = VECTOR('',#2717,1.);
#2717 = DIRECTION('',(0.,1.));
#2718 = ( GEOMETRIC_REPRESENTATION_CONTEXT(2) 
PARAMETRIC_REPRESENTATION_CONTEXT() REPRESENTATION_CONTEXT('2D SPACE',''
  ) );
#2719 = PCURVE('',#710,#2720);
#2720 = DEFINITIONAL_REPRESENTATION('',(#2721),#2725);
#2721 = LINE('',#2722,#2723);
#2722 = CARTESIAN_POINT('',(-1.7763568394E-15,21.2));
#2723 = VECTOR('',#2724,1.);
#2724 = DIRECTION('',(1.,0.));
#2725 = ( GEOMETRIC_REPRESENTATION_CONTEXT(2) 
PARAMETRIC_REPRESENTATION_CONTEXT() REPRESENTATION_CONTEXT('2D SPACE',''
  ) );
#2726 = ORIENTED_EDGE('',*,*,#2727,.F.);
#2727 = EDGE_CURVE('',#2604,#2705,#2728,.T.);
#2728 = SURFACE_CURVE('',#2729,(#2733,#2739),.PCURVE_S1.);
#2729 = LINE('',#2730,#2731);
#2730 = CARTESIAN_POINT('',(-82.38223758924,66.543045690663,1.));
#2731 = VECTOR('',#2732,1.);
#2732 = DIRECTION('',(-0.,-0.,-1.));
#2733 = PCURVE('',#741,#2734);
#2734 = DEFINITIONAL_REPRESENTATION('',(#2735),#2738);
#2735 = B_SPLINE_CURVE_WITH_KNOTS('',1,(#2736,#2737),.UNSPECIFIED.,.F.,
  .F.,(2,2),(-15.04,-4.96),.PIECEWISE_BEZIER_KNOTS.);
#2736 = CARTESIAN_POINT('',(9.24,2.806077697349));
#2737 = CARTESIAN_POINT('',(-0.84,2.806077697349));
#2738 = ( GEOMETRIC_REPRESENTATION_CONTEXT(2) 
PARAMETRIC_REPRESENTATION_CONTEXT() REPRESENTATION_CONTEXT('2D SPACE',''
  ) );
#2739 = PCURVE('',#1432,#2740);
#2740 = DEFINITIONAL_REPRESENTATION('',(#2741),#2744);
#2741 = B_SPLINE_CURVE_WITH_KNOTS('',1,(#2742,#2743),.UNSPECIFIED.,.F.,
  .F.,(2,2),(-15.04,-4.96),.PIECEWISE_BEZIER_KNOTS.);
#2742 = CARTESIAN_POINT('',(-2.462152798543,-15.04));
#2743 = CARTESIAN_POINT('',(-2.462152798543,-4.96));
#2744 = ( GEOMETRIC_REPRESENTATION_CONTEXT(2) 
PARAMETRIC_REPRESENTATION_CONTEXT() REPRESENTATION_CONTEXT('2D SPACE',''
  ) );
#2745 = ORIENTED_EDGE('',*,*,#2633,.T.);
#2746 = ORIENTED_EDGE('',*,*,#726,.T.);
#2747 = ADVANCED_FACE('',(#2748),#710,.T.);
#2748 = FACE_BOUND('',#2749,.T.);
#2749 = EDGE_LOOP('',(#2750,#2776,#2777,#2778));
#2750 = ORIENTED_EDGE('',*,*,#2751,.T.);
#2751 = EDGE_CURVE('',#2705,#2658,#2752,.T.);
#2752 = SURFACE_CURVE('',#2753,(#2758,#2769),.PCURVE_S1.);
#2753 = CIRCLE('',#2754,105.9);
#2754 = AXIS2_PLACEMENT_3D('',#2755,#2756,#2757);
#2755 = CARTESIAN_POINT('',(0.,0.,6.8));
#2756 = DIRECTION('',(0.,0.,-1.));
#2757 = DIRECTION('',(1.,0.,0.));
#2758 = PCURVE('',#710,#2759);
#2759 = DEFINITIONAL_REPRESENTATION('',(#2760),#2768);
#2760 = ( BOUNDED_CURVE() B_SPLINE_CURVE(2,(#2761,#2762,#2763,#2764,
#2765,#2766,#2767),.UNSPECIFIED.,.T.,.F.) B_SPLINE_CURVE_WITH_KNOTS((1,2
    ,2,2,2,1),(-2.094395102393,0.,2.094395102393,4.188790204786,
6.28318530718,8.377580409573),.UNSPECIFIED.) CURVE() 
GEOMETRIC_REPRESENTATION_ITEM() RATIONAL_B_SPLINE_CURVE((1.,0.5,1.,0.5,
1.,0.5,1.)) REPRESENTATION_ITEM('') );
#2761 = CARTESIAN_POINT('',(-177.3826081276,-64.88260812765));
#2762 = CARTESIAN_POINT('',(-307.083090008,64.817873752714));
#2763 = CARTESIAN_POINT('',(-129.9089368763,112.29154500401));
#2764 = CARTESIAN_POINT('',(47.265216255311,159.76521625531));
#2765 = CARTESIAN_POINT('',(-0.208454995988,-17.40893687635));
#2766 = CARTESIAN_POINT('',(-47.68212624728,-194.583090008));
#2767 = CARTESIAN_POINT('',(-177.3826081276,-64.88260812765));
#2768 = ( GEOMETRIC_REPRESENTATION_CONTEXT(2) 
PARAMETRIC_REPRESENTATION_CONTEXT() REPRESENTATION_CONTEXT('2D SPACE',''
  ) );
#2769 = PCURVE('',#1432,#2770);
#2770 = DEFINITIONAL_REPRESENTATION('',(#2771),#2775);
#2771 = LINE('',#2772,#2773);
#2772 = CARTESIAN_POINT('',(-6.28318530718,-5.8));
#2773 = VECTOR('',#2774,1.);
#2774 = DIRECTION('',(1.,-0.));
#2775 = ( GEOMETRIC_REPRESENTATION_CONTEXT(2) 
PARAMETRIC_REPRESENTATION_CONTEXT() REPRESENTATION_CONTEXT('2D SPACE',''
  ) );
#2776 = ORIENTED_EDGE('',*,*,#2657,.T.);
#2777 = ORIENTED_EDGE('',*,*,#693,.F.);
#2778 = ORIENTED_EDGE('',*,*,#2704,.F.);
#2779 = ADVANCED_FACE('',(#2780),#830,.T.);
#2780 = FACE_BOUND('',#2781,.T.);
#2781 = EDGE_LOOP('',(#2782,#2812,#2833,#2834));
#2782 = ORIENTED_EDGE('',*,*,#2783,.T.);
#2783 = EDGE_CURVE('',#2784,#2786,#2788,.T.);
#2784 = VERTEX_POINT('',#2785);
#2785 = CARTESIAN_POINT('',(-67.47693685626,-81.61907247999,14.));
#2786 = VERTEX_POINT('',#2787);
#2787 = CARTESIAN_POINT('',(-81.61907247999,-67.47693685626,14.));
#2788 = SURFACE_CURVE('',#2789,(#2794,#2805),.PCURVE_S1.);
#2789 = CIRCLE('',#2790,105.9);
#2790 = AXIS2_PLACEMENT_3D('',#2791,#2792,#2793);
#2791 = CARTESIAN_POINT('',(0.,0.,14.));
#2792 = DIRECTION('',(0.,0.,-1.));
#2793 = DIRECTION('',(1.,0.,0.));
#2794 = PCURVE('',#830,#2795);
#2795 = DEFINITIONAL_REPRESENTATION('',(#2796),#2804);
#2796 = ( BOUNDED_CURVE() B_SPLINE_CURVE(2,(#2797,#2798,#2799,#2800,
#2801,#2802,#2803),.UNSPECIFIED.,.T.,.F.) B_SPLINE_CURVE_WITH_KNOTS((1,2
    ,2,2,2,1),(-2.094395102393,0.,2.094395102393,4.188790204786,
6.28318530718,8.377580409573),.UNSPECIFIED.) CURVE() 
GEOMETRIC_REPRESENTATION_ITEM() RATIONAL_B_SPLINE_CURVE((1.,0.5,1.,0.5,
1.,0.5,1.)) REPRESENTATION_ITEM('') );
#2797 = CARTESIAN_POINT('',(-177.3826081276,84.882608127655));
#2798 = CARTESIAN_POINT('',(-47.68212624728,214.58309000802));
#2799 = CARTESIAN_POINT('',(-0.208454995988,37.408936876357));
#2800 = CARTESIAN_POINT('',(47.265216255311,-139.7652162553));
#2801 = CARTESIAN_POINT('',(-129.9089368763,-92.29154500401));
#2802 = CARTESIAN_POINT('',(-307.083090008,-44.81787375271));
#2803 = CARTESIAN_POINT('',(-177.3826081276,84.882608127655));
#2804 = ( GEOMETRIC_REPRESENTATION_CONTEXT(2) 
PARAMETRIC_REPRESENTATION_CONTEXT() REPRESENTATION_CONTEXT('2D SPACE',''
  ) );
#2805 = PCURVE('',#1432,#2806);
#2806 = DEFINITIONAL_REPRESENTATION('',(#2807),#2811);
#2807 = LINE('',#2808,#2809);
#2808 = CARTESIAN_POINT('',(-6.28318530718,-13.));
#2809 = VECTOR('',#2810,1.);
#2810 = DIRECTION('',(1.,-0.));
#2811 = ( GEOMETRIC_REPRESENTATION_CONTEXT(2) 
PARAMETRIC_REPRESENTATION_CONTEXT() REPRESENTATION_CONTEXT('2D SPACE',''
  ) );
#2812 = ORIENTED_EDGE('',*,*,#2813,.T.);
#2813 = EDGE_CURVE('',#2786,#814,#2814,.T.);
#2814 = SURFACE_CURVE('',#2815,(#2819,#2826),.PCURVE_S1.);
#2815 = LINE('',#2816,#2817);
#2816 = CARTESIAN_POINT('',(-79.54951288348,-65.40737725975,14.));
#2817 = VECTOR('',#2818,1.);
#2818 = DIRECTION('',(-0.707106781187,-0.707106781187,0.));
#2819 = PCURVE('',#830,#2820);
#2820 = DEFINITIONAL_REPRESENTATION('',(#2821),#2825);
#2821 = LINE('',#2822,#2823);
#2822 = CARTESIAN_POINT('',(0.,0.));
#2823 = VECTOR('',#2824,1.);
#2824 = DIRECTION('',(1.,0.));
#2825 = ( GEOMETRIC_REPRESENTATION_CONTEXT(2) 
PARAMETRIC_REPRESENTATION_CONTEXT() REPRESENTATION_CONTEXT('2D SPACE',''
  ) );
#2826 = PCURVE('',#1036,#2827);
#2827 = DEFINITIONAL_REPRESENTATION('',(#2828),#2832);
#2828 = LINE('',#2829,#2830);
#2829 = CARTESIAN_POINT('',(0.,0.));
#2830 = VECTOR('',#2831,1.);
#2831 = DIRECTION('',(0.,1.));
#2832 = ( GEOMETRIC_REPRESENTATION_CONTEXT(2) 
PARAMETRIC_REPRESENTATION_CONTEXT() REPRESENTATION_CONTEXT('2D SPACE',''
  ) );
#2833 = ORIENTED_EDGE('',*,*,#811,.F.);
#2834 = ORIENTED_EDGE('',*,*,#2835,.T.);
#2835 = EDGE_CURVE('',#812,#2784,#2836,.T.);
#2836 = SURFACE_CURVE('',#2837,(#2841,#2848),.PCURVE_S1.);
#2837 = LINE('',#2838,#2839);
#2838 = CARTESIAN_POINT('',(-65.40737725975,-79.54951288348,14.));
#2839 = VECTOR('',#2840,1.);
#2840 = DIRECTION('',(0.707106781187,0.707106781187,0.));
#2841 = PCURVE('',#830,#2842);
#2842 = DEFINITIONAL_REPRESENTATION('',(#2843),#2847);
#2843 = LINE('',#2844,#2845);
#2844 = CARTESIAN_POINT('',(-1.7763568394E-15,20.));
#2845 = VECTOR('',#2846,1.);
#2846 = DIRECTION('',(-1.,0.));
#2847 = ( GEOMETRIC_REPRESENTATION_CONTEXT(2) 
PARAMETRIC_REPRESENTATION_CONTEXT() REPRESENTATION_CONTEXT('2D SPACE',''
  ) );
#2848 = PCURVE('',#861,#2849);
#2849 = DEFINITIONAL_REPRESENTATION('',(#2850),#2854);
#2850 = LINE('',#2851,#2852);
#2851 = CARTESIAN_POINT('',(7.2,0.));
#2852 = VECTOR('',#2853,1.);
#2853 = DIRECTION('',(0.,-1.));
#2854 = ( GEOMETRIC_REPRESENTATION_CONTEXT(2) 
PARAMETRIC_REPRESENTATION_CONTEXT() REPRESENTATION_CONTEXT('2D SPACE',''
  ) );
#2855 = ADVANCED_FACE('',(#2856),#861,.T.);
#2856 = FACE_BOUND('',#2857,.T.);
#2857 = EDGE_LOOP('',(#2858,#2859,#2882,#2901));
#2858 = ORIENTED_EDGE('',*,*,#846,.T.);
#2859 = ORIENTED_EDGE('',*,*,#2860,.T.);
#2860 = EDGE_CURVE('',#847,#2861,#2863,.T.);
#2861 = VERTEX_POINT('',#2862);
#2862 = CARTESIAN_POINT('',(-67.47693685626,-81.61907247999,8.));
#2863 = SURFACE_CURVE('',#2864,(#2868,#2875),.PCURVE_S1.);
#2864 = LINE('',#2865,#2866);
#2865 = CARTESIAN_POINT('',(-65.40737725975,-79.54951288348,8.));
#2866 = VECTOR('',#2867,1.);
#2867 = DIRECTION('',(0.707106781187,0.707106781187,0.));
#2868 = PCURVE('',#861,#2869);
#2869 = DEFINITIONAL_REPRESENTATION('',(#2870),#2874);
#2870 = LINE('',#2871,#2872);
#2871 = CARTESIAN_POINT('',(1.2,0.));
#2872 = VECTOR('',#2873,1.);
#2873 = DIRECTION('',(0.,-1.));
#2874 = ( GEOMETRIC_REPRESENTATION_CONTEXT(2) 
PARAMETRIC_REPRESENTATION_CONTEXT() REPRESENTATION_CONTEXT('2D SPACE',''
  ) );
#2875 = PCURVE('',#889,#2876);
#2876 = DEFINITIONAL_REPRESENTATION('',(#2877),#2881);
#2877 = LINE('',#2878,#2879);
#2878 = CARTESIAN_POINT('',(-1.7763568394E-15,20.));
#2879 = VECTOR('',#2880,1.);
#2880 = DIRECTION('',(-1.,0.));
#2881 = ( GEOMETRIC_REPRESENTATION_CONTEXT(2) 
PARAMETRIC_REPRESENTATION_CONTEXT() REPRESENTATION_CONTEXT('2D SPACE',''
  ) );
#2882 = ORIENTED_EDGE('',*,*,#2883,.F.);
#2883 = EDGE_CURVE('',#2784,#2861,#2884,.T.);
#2884 = SURFACE_CURVE('',#2885,(#2889,#2895),.PCURVE_S1.);
#2885 = LINE('',#2886,#2887);
#2886 = CARTESIAN_POINT('',(-67.47693685626,-81.61907247999,1.));
#2887 = VECTOR('',#2888,1.);
#2888 = DIRECTION('',(-0.,-0.,-1.));
#2889 = PCURVE('',#861,#2890);
#2890 = DEFINITIONAL_REPRESENTATION('',(#2891),#2894);
#2891 = B_SPLINE_CURVE_WITH_KNOTS('',1,(#2892,#2893),.UNSPECIFIED.,.F.,
  .F.,(2,2),(-13.6,-6.4),.PIECEWISE_BEZIER_KNOTS.);
#2892 = CARTESIAN_POINT('',(7.8,2.926799249527));
#2893 = CARTESIAN_POINT('',(0.6,2.926799249527));
#2894 = ( GEOMETRIC_REPRESENTATION_CONTEXT(2) 
PARAMETRIC_REPRESENTATION_CONTEXT() REPRESENTATION_CONTEXT('2D SPACE',''
  ) );
#2895 = PCURVE('',#1432,#2896);
#2896 = DEFINITIONAL_REPRESENTATION('',(#2897),#2900);
#2897 = B_SPLINE_CURVE_WITH_KNOTS('',1,(#2898,#2899),.UNSPECIFIED.,.F.,
  .F.,(2,2),(-13.6,-6.4),.PIECEWISE_BEZIER_KNOTS.);
#2898 = CARTESIAN_POINT('',(-4.021560422758,-13.6));
#2899 = CARTESIAN_POINT('',(-4.021560422758,-6.4));
#2900 = ( GEOMETRIC_REPRESENTATION_CONTEXT(2) 
PARAMETRIC_REPRESENTATION_CONTEXT() REPRESENTATION_CONTEXT('2D SPACE',''
  ) );
#2901 = ORIENTED_EDGE('',*,*,#2835,.F.);
#2902 = ADVANCED_FACE('',(#2903),#1036,.T.);
#2903 = FACE_BOUND('',#2904,.T.);
#2904 = EDGE_LOOP('',(#2905,#2906,#2927,#2948));
#2905 = ORIENTED_EDGE('',*,*,#2813,.F.);
#2906 = ORIENTED_EDGE('',*,*,#2907,.F.);
#2907 = EDGE_CURVE('',#2908,#2786,#2910,.T.);
#2908 = VERTEX_POINT('',#2909);
#2909 = CARTESIAN_POINT('',(-81.61907247999,-67.47693685626,15.2));
#2910 = SURFACE_CURVE('',#2911,(#2915,#2921),.PCURVE_S1.);
#2911 = LINE('',#2912,#2913);
#2912 = CARTESIAN_POINT('',(-81.61907247999,-67.47693685626,1.));
#2913 = VECTOR('',#2914,1.);
#2914 = DIRECTION('',(-0.,-0.,-1.));
#2915 = PCURVE('',#1036,#2916);
#2916 = DEFINITIONAL_REPRESENTATION('',(#2917),#2920);
#2917 = B_SPLINE_CURVE_WITH_KNOTS('',1,(#2918,#2919),.UNSPECIFIED.,.F.,
  .F.,(2,2),(-14.32,-12.88),.PIECEWISE_BEZIER_KNOTS.);
#2918 = CARTESIAN_POINT('',(1.32,2.926799249527));
#2919 = CARTESIAN_POINT('',(-0.12,2.926799249527));
#2920 = ( GEOMETRIC_REPRESENTATION_CONTEXT(2) 
PARAMETRIC_REPRESENTATION_CONTEXT() REPRESENTATION_CONTEXT('2D SPACE',''
  ) );
#2921 = PCURVE('',#1432,#2922);
#2922 = DEFINITIONAL_REPRESENTATION('',(#2923),#2926);
#2923 = B_SPLINE_CURVE_WITH_KNOTS('',1,(#2924,#2925),.UNSPECIFIED.,.F.,
  .F.,(2,2),(-14.32,-12.88),.PIECEWISE_BEZIER_KNOTS.);
#2924 = CARTESIAN_POINT('',(-3.832421211216,-14.32));
#2925 = CARTESIAN_POINT('',(-3.832421211216,-12.88));
#2926 = ( GEOMETRIC_REPRESENTATION_CONTEXT(2) 
PARAMETRIC_REPRESENTATION_CONTEXT() REPRESENTATION_CONTEXT('2D SPACE',''
  ) );
#2927 = ORIENTED_EDGE('',*,*,#2928,.T.);
#2928 = EDGE_CURVE('',#2908,#991,#2929,.T.);
#2929 = SURFACE_CURVE('',#2930,(#2934,#2941),.PCURVE_S1.);
#2930 = LINE('',#2931,#2932);
#2931 = CARTESIAN_POINT('',(-79.54951288348,-65.40737725975,15.2));
#2932 = VECTOR('',#2933,1.);
#2933 = DIRECTION('',(-0.707106781187,-0.707106781187,0.));
#2934 = PCURVE('',#1036,#2935);
#2935 = DEFINITIONAL_REPRESENTATION('',(#2936),#2940);
#2936 = LINE('',#2937,#2938);
#2937 = CARTESIAN_POINT('',(1.2,0.));
#2938 = VECTOR('',#2939,1.);
#2939 = DIRECTION('',(0.,1.));
#2940 = ( GEOMETRIC_REPRESENTATION_CONTEXT(2) 
PARAMETRIC_REPRESENTATION_CONTEXT() REPRESENTATION_CONTEXT('2D SPACE',''
  ) );
#2941 = PCURVE('',#1007,#2942);
#2942 = DEFINITIONAL_REPRESENTATION('',(#2943),#2947);
#2943 = LINE('',#2944,#2945);
#2944 = CARTESIAN_POINT('',(0.,0.));
#2945 = VECTOR('',#2946,1.);
#2946 = DIRECTION('',(1.,0.));
#2947 = ( GEOMETRIC_REPRESENTATION_CONTEXT(2) 
PARAMETRIC_REPRESENTATION_CONTEXT() REPRESENTATION_CONTEXT('2D SPACE',''
  ) );
#2948 = ORIENTED_EDGE('',*,*,#1023,.T.);
#2949 = ADVANCED_FACE('',(#2950),#889,.F.);
#2950 = FACE_BOUND('',#2951,.F.);
#2951 = EDGE_LOOP('',(#2952,#2980,#3001,#3002));
#2952 = ORIENTED_EDGE('',*,*,#2953,.T.);
#2953 = EDGE_CURVE('',#2861,#2954,#2956,.T.);
#2954 = VERTEX_POINT('',#2955);
#2955 = CARTESIAN_POINT('',(-81.61907247999,-67.47693685626,8.));
#2956 = SURFACE_CURVE('',#2957,(#2962,#2973),.PCURVE_S1.);
#2957 = CIRCLE('',#2958,105.9);
#2958 = AXIS2_PLACEMENT_3D('',#2959,#2960,#2961);
#2959 = CARTESIAN_POINT('',(0.,0.,8.));
#2960 = DIRECTION('',(0.,0.,-1.));
#2961 = DIRECTION('',(1.,0.,0.));
#2962 = PCURVE('',#889,#2963);
#2963 = DEFINITIONAL_REPRESENTATION('',(#2964),#2972);
#2964 = ( BOUNDED_CURVE() B_SPLINE_CURVE(2,(#2965,#2966,#2967,#2968,
#2969,#2970,#2971),.UNSPECIFIED.,.T.,.F.) B_SPLINE_CURVE_WITH_KNOTS((1,2
    ,2,2,2,1),(-2.094395102393,0.,2.094395102393,4.188790204786,
6.28318530718,8.377580409573),.UNSPECIFIED.) CURVE() 
GEOMETRIC_REPRESENTATION_ITEM() RATIONAL_B_SPLINE_CURVE((1.,0.5,1.,0.5,
1.,0.5,1.)) REPRESENTATION_ITEM('') );
#2965 = CARTESIAN_POINT('',(-177.3826081276,84.882608127655));
#2966 = CARTESIAN_POINT('',(-47.68212624728,214.58309000802));
#2967 = CARTESIAN_POINT('',(-0.208454995988,37.408936876357));
#2968 = CARTESIAN_POINT('',(47.265216255311,-139.7652162553));
#2969 = CARTESIAN_POINT('',(-129.9089368763,-92.29154500401));
#2970 = CARTESIAN_POINT('',(-307.083090008,-44.81787375271));
#2971 = CARTESIAN_POINT('',(-177.3826081276,84.882608127655));
#2972 = ( GEOMETRIC_REPRESENTATION_CONTEXT(2) 
PARAMETRIC_REPRESENTATION_CONTEXT() REPRESENTATION_CONTEXT('2D SPACE',''
  ) );
#2973 = PCURVE('',#1432,#2974);
#2974 = DEFINITIONAL_REPRESENTATION('',(#2975),#2979);
#2975 = LINE('',#2976,#2977);
#2976 = CARTESIAN_POINT('',(-6.28318530718,-7.));
#2977 = VECTOR('',#2978,1.);
#2978 = DIRECTION('',(1.,-0.));
#2979 = ( GEOMETRIC_REPRESENTATION_CONTEXT(2) 
PARAMETRIC_REPRESENTATION_CONTEXT() REPRESENTATION_CONTEXT('2D SPACE',''
  ) );
#2980 = ORIENTED_EDGE('',*,*,#2981,.T.);
#2981 = EDGE_CURVE('',#2954,#873,#2982,.T.);
#2982 = SURFACE_CURVE('',#2983,(#2987,#2994),.PCURVE_S1.);
#2983 = LINE('',#2984,#2985);
#2984 = CARTESIAN_POINT('',(-79.54951288348,-65.40737725975,8.));
#2985 = VECTOR('',#2986,1.);
#2986 = DIRECTION('',(-0.707106781187,-0.707106781187,0.));
#2987 = PCURVE('',#889,#2988);
#2988 = DEFINITIONAL_REPRESENTATION('',(#2989),#2993);
#2989 = LINE('',#2990,#2991);
#2990 = CARTESIAN_POINT('',(0.,0.));
#2991 = VECTOR('',#2992,1.);
#2992 = DIRECTION('',(1.,0.));
#2993 = ( GEOMETRIC_REPRESENTATION_CONTEXT(2) 
PARAMETRIC_REPRESENTATION_CONTEXT() REPRESENTATION_CONTEXT('2D SPACE',''
  ) );
#2994 = PCURVE('',#920,#2995);
#2995 = DEFINITIONAL_REPRESENTATION('',(#2996),#3000);
#2996 = LINE('',#2997,#2998);
#2997 = CARTESIAN_POINT('',(1.2,0.));
#2998 = VECTOR('',#2999,1.);
#2999 = DIRECTION('',(0.,1.));
#3000 = ( GEOMETRIC_REPRESENTATION_CONTEXT(2) 
PARAMETRIC_REPRESENTATION_CONTEXT() REPRESENTATION_CONTEXT('2D SPACE',''
  ) );
#3001 = ORIENTED_EDGE('',*,*,#872,.F.);
#3002 = ORIENTED_EDGE('',*,*,#2860,.T.);
#3003 = ADVANCED_FACE('',(#3004),#1007,.F.);
#3004 = FACE_BOUND('',#3005,.F.);
#3005 = EDGE_LOOP('',(#3006,#3034,#3035,#3036));
#3006 = ORIENTED_EDGE('',*,*,#3007,.T.);
#3007 = EDGE_CURVE('',#3008,#2908,#3010,.T.);
#3008 = VERTEX_POINT('',#3009);
#3009 = CARTESIAN_POINT('',(-66.54304569066,-82.38223758924,15.2));
#3010 = SURFACE_CURVE('',#3011,(#3016,#3027),.PCURVE_S1.);
#3011 = CIRCLE('',#3012,105.9);
#3012 = AXIS2_PLACEMENT_3D('',#3013,#3014,#3015);
#3013 = CARTESIAN_POINT('',(0.,0.,15.2));
#3014 = DIRECTION('',(0.,0.,-1.));
#3015 = DIRECTION('',(1.,0.,0.));
#3016 = PCURVE('',#1007,#3017);
#3017 = DEFINITIONAL_REPRESENTATION('',(#3018),#3026);
#3018 = ( BOUNDED_CURVE() B_SPLINE_CURVE(2,(#3019,#3020,#3021,#3022,
#3023,#3024,#3025),.UNSPECIFIED.,.T.,.F.) B_SPLINE_CURVE_WITH_KNOTS((1,2
    ,2,2,2,1),(-2.094395102393,0.,2.094395102393,4.188790204786,
6.28318530718,8.377580409573),.UNSPECIFIED.) CURVE() 
GEOMETRIC_REPRESENTATION_ITEM() RATIONAL_B_SPLINE_CURVE((1.,0.5,1.,0.5,
1.,0.5,1.)) REPRESENTATION_ITEM('') );
#3019 = CARTESIAN_POINT('',(-177.3826081276,84.882608127655));
#3020 = CARTESIAN_POINT('',(-47.68212624728,214.58309000802));
#3021 = CARTESIAN_POINT('',(-0.208454995988,37.408936876357));
#3022 = CARTESIAN_POINT('',(47.265216255311,-139.7652162553));
#3023 = CARTESIAN_POINT('',(-129.9089368763,-92.29154500401));
#3024 = CARTESIAN_POINT('',(-307.083090008,-44.81787375271));
#3025 = CARTESIAN_POINT('',(-177.3826081276,84.882608127655));
#3026 = ( GEOMETRIC_REPRESENTATION_CONTEXT(2) 
PARAMETRIC_REPRESENTATION_CONTEXT() REPRESENTATION_CONTEXT('2D SPACE',''
  ) );
#3027 = PCURVE('',#1432,#3028);
#3028 = DEFINITIONAL_REPRESENTATION('',(#3029),#3033);
#3029 = LINE('',#3030,#3031);
#3030 = CARTESIAN_POINT('',(-6.28318530718,-14.2));
#3031 = VECTOR('',#3032,1.);
#3032 = DIRECTION('',(1.,-0.));
#3033 = ( GEOMETRIC_REPRESENTATION_CONTEXT(2) 
PARAMETRIC_REPRESENTATION_CONTEXT() REPRESENTATION_CONTEXT('2D SPACE',''
  ) );
#3034 = ORIENTED_EDGE('',*,*,#2928,.T.);
#3035 = ORIENTED_EDGE('',*,*,#990,.F.);
#3036 = ORIENTED_EDGE('',*,*,#3037,.F.);
#3037 = EDGE_CURVE('',#3008,#965,#3038,.T.);
#3038 = SURFACE_CURVE('',#3039,(#3043,#3050),.PCURVE_S1.);
#3039 = LINE('',#3040,#3041);
#3040 = CARTESIAN_POINT('',(-64.55884912233,-80.39804102091,15.2));
#3041 = VECTOR('',#3042,1.);
#3042 = DIRECTION('',(-0.707106781187,-0.707106781187,0.));
#3043 = PCURVE('',#1007,#3044);
#3044 = DEFINITIONAL_REPRESENTATION('',(#3045),#3049);
#3045 = LINE('',#3046,#3047);
#3046 = CARTESIAN_POINT('',(-3.552713678801E-15,21.2));
#3047 = VECTOR('',#3048,1.);
#3048 = DIRECTION('',(1.,0.));
#3049 = ( GEOMETRIC_REPRESENTATION_CONTEXT(2) 
PARAMETRIC_REPRESENTATION_CONTEXT() REPRESENTATION_CONTEXT('2D SPACE',''
  ) );
#3050 = PCURVE('',#979,#3051);
#3051 = DEFINITIONAL_REPRESENTATION('',(#3052),#3056);
#3052 = LINE('',#3053,#3054);
#3053 = CARTESIAN_POINT('',(8.4,0.));
#3054 = VECTOR('',#3055,1.);
#3055 = DIRECTION('',(0.,1.));
#3056 = ( GEOMETRIC_REPRESENTATION_CONTEXT(2) 
PARAMETRIC_REPRESENTATION_CONTEXT() REPRESENTATION_CONTEXT('2D SPACE',''
  ) );
#3057 = ADVANCED_FACE('',(#3058),#920,.T.);
#3058 = FACE_BOUND('',#3059,.T.);
#3059 = EDGE_LOOP('',(#3060,#3083,#3102,#3103));
#3060 = ORIENTED_EDGE('',*,*,#3061,.F.);
#3061 = EDGE_CURVE('',#3062,#906,#3064,.T.);
#3062 = VERTEX_POINT('',#3063);
#3063 = CARTESIAN_POINT('',(-81.61907247999,-67.47693685626,6.8));
#3064 = SURFACE_CURVE('',#3065,(#3069,#3076),.PCURVE_S1.);
#3065 = LINE('',#3066,#3067);
#3066 = CARTESIAN_POINT('',(-79.54951288348,-65.40737725975,6.8));
#3067 = VECTOR('',#3068,1.);
#3068 = DIRECTION('',(-0.707106781187,-0.707106781187,0.));
#3069 = PCURVE('',#920,#3070);
#3070 = DEFINITIONAL_REPRESENTATION('',(#3071),#3075);
#3071 = LINE('',#3072,#3073);
#3072 = CARTESIAN_POINT('',(0.,0.));
#3073 = VECTOR('',#3074,1.);
#3074 = DIRECTION('',(0.,1.));
#3075 = ( GEOMETRIC_REPRESENTATION_CONTEXT(2) 
PARAMETRIC_REPRESENTATION_CONTEXT() REPRESENTATION_CONTEXT('2D SPACE',''
  ) );
#3076 = PCURVE('',#948,#3077);
#3077 = DEFINITIONAL_REPRESENTATION('',(#3078),#3082);
#3078 = LINE('',#3079,#3080);
#3079 = CARTESIAN_POINT('',(0.,0.));
#3080 = VECTOR('',#3081,1.);
#3081 = DIRECTION('',(1.,0.));
#3082 = ( GEOMETRIC_REPRESENTATION_CONTEXT(2) 
PARAMETRIC_REPRESENTATION_CONTEXT() REPRESENTATION_CONTEXT('2D SPACE',''
  ) );
#3083 = ORIENTED_EDGE('',*,*,#3084,.F.);
#3084 = EDGE_CURVE('',#2954,#3062,#3085,.T.);
#3085 = SURFACE_CURVE('',#3086,(#3090,#3096),.PCURVE_S1.);
#3086 = LINE('',#3087,#3088);
#3087 = CARTESIAN_POINT('',(-81.61907247999,-67.47693685626,1.));
#3088 = VECTOR('',#3089,1.);
#3089 = DIRECTION('',(-0.,-0.,-1.));
#3090 = PCURVE('',#920,#3091);
#3091 = DEFINITIONAL_REPRESENTATION('',(#3092),#3095);
#3092 = B_SPLINE_CURVE_WITH_KNOTS('',1,(#3093,#3094),.UNSPECIFIED.,.F.,
  .F.,(2,2),(-7.12,-5.68),.PIECEWISE_BEZIER_KNOTS.);
#3093 = CARTESIAN_POINT('',(1.32,2.926799249527));
#3094 = CARTESIAN_POINT('',(-0.12,2.926799249527));
#3095 = ( GEOMETRIC_REPRESENTATION_CONTEXT(2) 
PARAMETRIC_REPRESENTATION_CONTEXT() REPRESENTATION_CONTEXT('2D SPACE',''
  ) );
#3096 = PCURVE('',#1432,#3097);
#3097 = DEFINITIONAL_REPRESENTATION('',(#3098),#3101);
#3098 = B_SPLINE_CURVE_WITH_KNOTS('',1,(#3099,#3100),.UNSPECIFIED.,.F.,
  .F.,(2,2),(-7.12,-5.68),.PIECEWISE_BEZIER_KNOTS.);
#3099 = CARTESIAN_POINT('',(-3.832421211216,-7.12));
#3100 = CARTESIAN_POINT('',(-3.832421211216,-5.68));
#3101 = ( GEOMETRIC_REPRESENTATION_CONTEXT(2) 
PARAMETRIC_REPRESENTATION_CONTEXT() REPRESENTATION_CONTEXT('2D SPACE',''
  ) );
#3102 = ORIENTED_EDGE('',*,*,#2981,.T.);
#3103 = ORIENTED_EDGE('',*,*,#905,.T.);
#3104 = ADVANCED_FACE('',(#3105),#979,.F.);
#3105 = FACE_BOUND('',#3106,.F.);
#3106 = EDGE_LOOP('',(#3107,#3130,#3149,#3150));
#3107 = ORIENTED_EDGE('',*,*,#3108,.F.);
#3108 = EDGE_CURVE('',#3109,#932,#3111,.T.);
#3109 = VERTEX_POINT('',#3110);
#3110 = CARTESIAN_POINT('',(-66.54304569066,-82.38223758924,6.8));
#3111 = SURFACE_CURVE('',#3112,(#3116,#3123),.PCURVE_S1.);
#3112 = LINE('',#3113,#3114);
#3113 = CARTESIAN_POINT('',(-64.55884912233,-80.39804102091,6.8));
#3114 = VECTOR('',#3115,1.);
#3115 = DIRECTION('',(-0.707106781187,-0.707106781187,0.));
#3116 = PCURVE('',#979,#3117);
#3117 = DEFINITIONAL_REPRESENTATION('',(#3118),#3122);
#3118 = LINE('',#3119,#3120);
#3119 = CARTESIAN_POINT('',(0.,0.));
#3120 = VECTOR('',#3121,1.);
#3121 = DIRECTION('',(0.,1.));
#3122 = ( GEOMETRIC_REPRESENTATION_CONTEXT(2) 
PARAMETRIC_REPRESENTATION_CONTEXT() REPRESENTATION_CONTEXT('2D SPACE',''
  ) );
#3123 = PCURVE('',#948,#3124);
#3124 = DEFINITIONAL_REPRESENTATION('',(#3125),#3129);
#3125 = LINE('',#3126,#3127);
#3126 = CARTESIAN_POINT('',(-3.552713678801E-15,21.2));
#3127 = VECTOR('',#3128,1.);
#3128 = DIRECTION('',(1.,0.));
#3129 = ( GEOMETRIC_REPRESENTATION_CONTEXT(2) 
PARAMETRIC_REPRESENTATION_CONTEXT() REPRESENTATION_CONTEXT('2D SPACE',''
  ) );
#3130 = ORIENTED_EDGE('',*,*,#3131,.F.);
#3131 = EDGE_CURVE('',#3008,#3109,#3132,.T.);
#3132 = SURFACE_CURVE('',#3133,(#3137,#3143),.PCURVE_S1.);
#3133 = LINE('',#3134,#3135);
#3134 = CARTESIAN_POINT('',(-66.54304569066,-82.38223758924,1.));
#3135 = VECTOR('',#3136,1.);
#3136 = DIRECTION('',(-0.,-0.,-1.));
#3137 = PCURVE('',#979,#3138);
#3138 = DEFINITIONAL_REPRESENTATION('',(#3139),#3142);
#3139 = B_SPLINE_CURVE_WITH_KNOTS('',1,(#3140,#3141),.UNSPECIFIED.,.F.,
  .F.,(2,2),(-15.04,-4.96),.PIECEWISE_BEZIER_KNOTS.);
#3140 = CARTESIAN_POINT('',(9.24,2.806077697349));
#3141 = CARTESIAN_POINT('',(-0.84,2.806077697349));
#3142 = ( GEOMETRIC_REPRESENTATION_CONTEXT(2) 
PARAMETRIC_REPRESENTATION_CONTEXT() REPRESENTATION_CONTEXT('2D SPACE',''
  ) );
#3143 = PCURVE('',#1432,#3144);
#3144 = DEFINITIONAL_REPRESENTATION('',(#3145),#3148);
#3145 = B_SPLINE_CURVE_WITH_KNOTS('',1,(#3146,#3147),.UNSPECIFIED.,.F.,
  .F.,(2,2),(-15.04,-4.96),.PIECEWISE_BEZIER_KNOTS.);
#3146 = CARTESIAN_POINT('',(-4.032949125338,-15.04));
#3147 = CARTESIAN_POINT('',(-4.032949125338,-4.96));
#3148 = ( GEOMETRIC_REPRESENTATION_CONTEXT(2) 
PARAMETRIC_REPRESENTATION_CONTEXT() REPRESENTATION_CONTEXT('2D SPACE',''
  ) );
#3149 = ORIENTED_EDGE('',*,*,#3037,.T.);
#3150 = ORIENTED_EDGE('',*,*,#964,.T.);
#3151 = ADVANCED_FACE('',(#3152),#948,.T.);
#3152 = FACE_BOUND('',#3153,.T.);
#3153 = EDGE_LOOP('',(#3154,#3180,#3181,#3182));
#3154 = ORIENTED_EDGE('',*,*,#3155,.T.);
#3155 = EDGE_CURVE('',#3109,#3062,#3156,.T.);
#3156 = SURFACE_CURVE('',#3157,(#3162,#3173),.PCURVE_S1.);
#3157 = CIRCLE('',#3158,105.9);
#3158 = AXIS2_PLACEMENT_3D('',#3159,#3160,#3161);
#3159 = CARTESIAN_POINT('',(0.,0.,6.8));
#3160 = DIRECTION('',(0.,0.,-1.));
#3161 = DIRECTION('',(1.,0.,0.));
#3162 = PCURVE('',#948,#3163);
#3163 = DEFINITIONAL_REPRESENTATION('',(#3164),#3172);
#3164 = ( BOUNDED_CURVE() B_SPLINE_CURVE(2,(#3165,#3166,#3167,#3168,
#3169,#3170,#3171),.UNSPECIFIED.,.T.,.F.) B_SPLINE_CURVE_WITH_KNOTS((1,2
    ,2,2,2,1),(-2.094395102393,0.,2.094395102393,4.188790204786,
6.28318530718,8.377580409573),.UNSPECIFIED.) CURVE() 
GEOMETRIC_REPRESENTATION_ITEM() RATIONAL_B_SPLINE_CURVE((1.,0.5,1.,0.5,
1.,0.5,1.)) REPRESENTATION_ITEM('') );
#3165 = CARTESIAN_POINT('',(-177.3826081276,84.882608127655));
#3166 = CARTESIAN_POINT('',(-47.68212624728,214.58309000802));
#3167 = CARTESIAN_POINT('',(-0.208454995988,37.408936876357));
#3168 = CARTESIAN_POINT('',(47.265216255311,-139.7652162553));
#3169 = CARTESIAN_POINT('',(-129.9089368763,-92.29154500401));
#3170 = CARTESIAN_POINT('',(-307.083090008,-44.81787375271));
#3171 = CARTESIAN_POINT('',(-177.3826081276,84.882608127655));
#3172 = ( GEOMETRIC_REPRESENTATION_CONTEXT(2) 
PARAMETRIC_REPRESENTATION_CONTEXT() REPRESENTATION_CONTEXT('2D SPACE',''
  ) );
#3173 = PCURVE('',#1432,#3174);
#3174 = DEFINITIONAL_REPRESENTATION('',(#3175),#3179);
#3175 = LINE('',#3176,#3177);
#3176 = CARTESIAN_POINT('',(-6.28318530718,-5.8));
#3177 = VECTOR('',#3178,1.);
#3178 = DIRECTION('',(1.,-0.));
#3179 = ( GEOMETRIC_REPRESENTATION_CONTEXT(2) 
PARAMETRIC_REPRESENTATION_CONTEXT() REPRESENTATION_CONTEXT('2D SPACE',''
  ) );
#3180 = ORIENTED_EDGE('',*,*,#3061,.T.);
#3181 = ORIENTED_EDGE('',*,*,#931,.F.);
#3182 = ORIENTED_EDGE('',*,*,#3108,.F.);
#3183 = ADVANCED_FACE('',(#3184),#1068,.T.);
#3184 = FACE_BOUND('',#3185,.T.);
#3185 = EDGE_LOOP('',(#3186,#3216,#3237,#3238));
#3186 = ORIENTED_EDGE('',*,*,#3187,.T.);
#3187 = EDGE_CURVE('',#3188,#3190,#3192,.T.);
#3188 = VERTEX_POINT('',#3189);
#3189 = CARTESIAN_POINT('',(81.619072479999,-67.47693685626,14.));
#3190 = VERTEX_POINT('',#3191);
#3191 = CARTESIAN_POINT('',(67.476936856268,-81.61907247999,14.));
#3192 = SURFACE_CURVE('',#3193,(#3198,#3209),.PCURVE_S1.);
#3193 = CIRCLE('',#3194,105.9);
#3194 = AXIS2_PLACEMENT_3D('',#3195,#3196,#3197);
#3195 = CARTESIAN_POINT('',(0.,0.,14.));
#3196 = DIRECTION('',(0.,0.,-1.));
#3197 = DIRECTION('',(1.,0.,0.));
#3198 = PCURVE('',#1068,#3199);
#3199 = DEFINITIONAL_REPRESENTATION('',(#3200),#3208);
#3200 = ( BOUNDED_CURVE() B_SPLINE_CURVE(2,(#3201,#3202,#3203,#3204,
#3205,#3206,#3207),.UNSPECIFIED.,.T.,.F.) B_SPLINE_CURVE_WITH_KNOTS((1,2
    ,2,2,2,1),(-2.094395102393,0.,2.094395102393,4.188790204786,
6.28318530718,8.377580409573),.UNSPECIFIED.) CURVE() 
GEOMETRIC_REPRESENTATION_ITEM() RATIONAL_B_SPLINE_CURVE((1.,0.5,1.,0.5,
1.,0.5,1.)) REPRESENTATION_ITEM('') );
#3201 = CARTESIAN_POINT('',(-27.61739187234,84.882608127655));
#3202 = CARTESIAN_POINT('',(102.08309000802,-44.81787375271));
#3203 = CARTESIAN_POINT('',(-75.09106312364,-92.29154500401));
#3204 = CARTESIAN_POINT('',(-252.2652162553,-139.7652162553));
#3205 = CARTESIAN_POINT('',(-204.791545004,37.408936876357));
#3206 = CARTESIAN_POINT('',(-157.3178737527,214.58309000802));
#3207 = CARTESIAN_POINT('',(-27.61739187234,84.882608127655));
#3208 = ( GEOMETRIC_REPRESENTATION_CONTEXT(2) 
PARAMETRIC_REPRESENTATION_CONTEXT() REPRESENTATION_CONTEXT('2D SPACE',''
  ) );
#3209 = PCURVE('',#1432,#3210);
#3210 = DEFINITIONAL_REPRESENTATION('',(#3211),#3215);
#3211 = LINE('',#3212,#3213);
#3212 = CARTESIAN_POINT('',(-6.28318530718,-13.));
#3213 = VECTOR('',#3214,1.);
#3214 = DIRECTION('',(1.,-0.));
#3215 = ( GEOMETRIC_REPRESENTATION_CONTEXT(2) 
PARAMETRIC_REPRESENTATION_CONTEXT() REPRESENTATION_CONTEXT('2D SPACE',''
  ) );
#3216 = ORIENTED_EDGE('',*,*,#3217,.T.);
#3217 = EDGE_CURVE('',#3190,#1052,#3218,.T.);
#3218 = SURFACE_CURVE('',#3219,(#3223,#3230),.PCURVE_S1.);
#3219 = LINE('',#3220,#3221);
#3220 = CARTESIAN_POINT('',(65.407377259756,-79.54951288348,14.));
#3221 = VECTOR('',#3222,1.);
#3222 = DIRECTION('',(0.707106781187,-0.707106781187,0.));
#3223 = PCURVE('',#1068,#3224);
#3224 = DEFINITIONAL_REPRESENTATION('',(#3225),#3229);
#3225 = LINE('',#3226,#3227);
#3226 = CARTESIAN_POINT('',(0.,0.));
#3227 = VECTOR('',#3228,1.);
#3228 = DIRECTION('',(1.,0.));
#3229 = ( GEOMETRIC_REPRESENTATION_CONTEXT(2) 
PARAMETRIC_REPRESENTATION_CONTEXT() REPRESENTATION_CONTEXT('2D SPACE',''
  ) );
#3230 = PCURVE('',#1274,#3231);
#3231 = DEFINITIONAL_REPRESENTATION('',(#3232),#3236);
#3232 = LINE('',#3233,#3234);
#3233 = CARTESIAN_POINT('',(0.,0.));
#3234 = VECTOR('',#3235,1.);
#3235 = DIRECTION('',(0.,1.));
#3236 = ( GEOMETRIC_REPRESENTATION_CONTEXT(2) 
PARAMETRIC_REPRESENTATION_CONTEXT() REPRESENTATION_CONTEXT('2D SPACE',''
  ) );
#3237 = ORIENTED_EDGE('',*,*,#1049,.F.);
#3238 = ORIENTED_EDGE('',*,*,#3239,.T.);
#3239 = EDGE_CURVE('',#1050,#3188,#3240,.T.);
#3240 = SURFACE_CURVE('',#3241,(#3245,#3252),.PCURVE_S1.);
#3241 = LINE('',#3242,#3243);
#3242 = CARTESIAN_POINT('',(79.549512883487,-65.40737725975,14.));
#3243 = VECTOR('',#3244,1.);
#3244 = DIRECTION('',(-0.707106781187,0.707106781187,0.));
#3245 = PCURVE('',#1068,#3246);
#3246 = DEFINITIONAL_REPRESENTATION('',(#3247),#3251);
#3247 = LINE('',#3248,#3249);
#3248 = CARTESIAN_POINT('',(-3.552713678801E-15,20.));
#3249 = VECTOR('',#3250,1.);
#3250 = DIRECTION('',(-1.,0.));
#3251 = ( GEOMETRIC_REPRESENTATION_CONTEXT(2) 
PARAMETRIC_REPRESENTATION_CONTEXT() REPRESENTATION_CONTEXT('2D SPACE',''
  ) );
#3252 = PCURVE('',#1099,#3253);
#3253 = DEFINITIONAL_REPRESENTATION('',(#3254),#3258);
#3254 = LINE('',#3255,#3256);
#3255 = CARTESIAN_POINT('',(7.2,0.));
#3256 = VECTOR('',#3257,1.);
#3257 = DIRECTION('',(0.,-1.));
#3258 = ( GEOMETRIC_REPRESENTATION_CONTEXT(2) 
PARAMETRIC_REPRESENTATION_CONTEXT() REPRESENTATION_CONTEXT('2D SPACE',''
  ) );
#3259 = ADVANCED_FACE('',(#3260),#1099,.T.);
#3260 = FACE_BOUND('',#3261,.T.);
#3261 = EDGE_LOOP('',(#3262,#3263,#3286,#3305));
#3262 = ORIENTED_EDGE('',*,*,#1084,.T.);
#3263 = ORIENTED_EDGE('',*,*,#3264,.T.);
#3264 = EDGE_CURVE('',#1085,#3265,#3267,.T.);
#3265 = VERTEX_POINT('',#3266);
#3266 = CARTESIAN_POINT('',(81.619072479999,-67.47693685626,8.));
#3267 = SURFACE_CURVE('',#3268,(#3272,#3279),.PCURVE_S1.);
#3268 = LINE('',#3269,#3270);
#3269 = CARTESIAN_POINT('',(79.549512883487,-65.40737725975,8.));
#3270 = VECTOR('',#3271,1.);
#3271 = DIRECTION('',(-0.707106781187,0.707106781187,0.));
#3272 = PCURVE('',#1099,#3273);
#3273 = DEFINITIONAL_REPRESENTATION('',(#3274),#3278);
#3274 = LINE('',#3275,#3276);
#3275 = CARTESIAN_POINT('',(1.2,0.));
#3276 = VECTOR('',#3277,1.);
#3277 = DIRECTION('',(0.,-1.));
#3278 = ( GEOMETRIC_REPRESENTATION_CONTEXT(2) 
PARAMETRIC_REPRESENTATION_CONTEXT() REPRESENTATION_CONTEXT('2D SPACE',''
  ) );
#3279 = PCURVE('',#1127,#3280);
#3280 = DEFINITIONAL_REPRESENTATION('',(#3281),#3285);
#3281 = LINE('',#3282,#3283);
#3282 = CARTESIAN_POINT('',(-3.552713678801E-15,20.));
#3283 = VECTOR('',#3284,1.);
#3284 = DIRECTION('',(-1.,0.));
#3285 = ( GEOMETRIC_REPRESENTATION_CONTEXT(2) 
PARAMETRIC_REPRESENTATION_CONTEXT() REPRESENTATION_CONTEXT('2D SPACE',''
  ) );
#3286 = ORIENTED_EDGE('',*,*,#3287,.F.);
#3287 = EDGE_CURVE('',#3188,#3265,#3288,.T.);
#3288 = SURFACE_CURVE('',#3289,(#3293,#3299),.PCURVE_S1.);
#3289 = LINE('',#3290,#3291);
#3290 = CARTESIAN_POINT('',(81.619072479999,-67.47693685626,1.));
#3291 = VECTOR('',#3292,1.);
#3292 = DIRECTION('',(-0.,-0.,-1.));
#3293 = PCURVE('',#1099,#3294);
#3294 = DEFINITIONAL_REPRESENTATION('',(#3295),#3298);
#3295 = B_SPLINE_CURVE_WITH_KNOTS('',1,(#3296,#3297),.UNSPECIFIED.,.F.,
  .F.,(2,2),(-13.6,-6.4),.PIECEWISE_BEZIER_KNOTS.);
#3296 = CARTESIAN_POINT('',(7.8,2.926799249527));
#3297 = CARTESIAN_POINT('',(0.6,2.926799249527));
#3298 = ( GEOMETRIC_REPRESENTATION_CONTEXT(2) 
PARAMETRIC_REPRESENTATION_CONTEXT() REPRESENTATION_CONTEXT('2D SPACE',''
  ) );
#3299 = PCURVE('',#1432,#3300);
#3300 = DEFINITIONAL_REPRESENTATION('',(#3301),#3304);
#3301 = B_SPLINE_CURVE_WITH_KNOTS('',1,(#3302,#3303),.UNSPECIFIED.,.F.,
  .F.,(2,2),(-13.6,-6.4),.PIECEWISE_BEZIER_KNOTS.);
#3302 = CARTESIAN_POINT('',(-5.592356749553,-13.6));
#3303 = CARTESIAN_POINT('',(-5.592356749553,-6.4));
#3304 = ( GEOMETRIC_REPRESENTATION_CONTEXT(2) 
PARAMETRIC_REPRESENTATION_CONTEXT() REPRESENTATION_CONTEXT('2D SPACE',''
  ) );
#3305 = ORIENTED_EDGE('',*,*,#3239,.F.);
#3306 = ADVANCED_FACE('',(#3307),#1274,.T.);
#3307 = FACE_BOUND('',#3308,.T.);
#3308 = EDGE_LOOP('',(#3309,#3310,#3331,#3352));
#3309 = ORIENTED_EDGE('',*,*,#3217,.F.);
#3310 = ORIENTED_EDGE('',*,*,#3311,.F.);
#3311 = EDGE_CURVE('',#3312,#3190,#3314,.T.);
#3312 = VERTEX_POINT('',#3313);
#3313 = CARTESIAN_POINT('',(67.476936856268,-81.61907247999,15.2));
#3314 = SURFACE_CURVE('',#3315,(#3319,#3325),.PCURVE_S1.);
#3315 = LINE('',#3316,#3317);
#3316 = CARTESIAN_POINT('',(67.476936856268,-81.61907247999,1.));
#3317 = VECTOR('',#3318,1.);
#3318 = DIRECTION('',(-0.,-0.,-1.));
#3319 = PCURVE('',#1274,#3320);
#3320 = DEFINITIONAL_REPRESENTATION('',(#3321),#3324);
#3321 = B_SPLINE_CURVE_WITH_KNOTS('',1,(#3322,#3323),.UNSPECIFIED.,.F.,
  .F.,(2,2),(-14.32,-12.88),.PIECEWISE_BEZIER_KNOTS.);
#3322 = CARTESIAN_POINT('',(1.32,2.926799249527));
#3323 = CARTESIAN_POINT('',(-0.12,2.926799249527));
#3324 = ( GEOMETRIC_REPRESENTATION_CONTEXT(2) 
PARAMETRIC_REPRESENTATION_CONTEXT() REPRESENTATION_CONTEXT('2D SPACE',''
  ) );
#3325 = PCURVE('',#1432,#3326);
#3326 = DEFINITIONAL_REPRESENTATION('',(#3327),#3330);
#3327 = B_SPLINE_CURVE_WITH_KNOTS('',1,(#3328,#3329),.UNSPECIFIED.,.F.,
  .F.,(2,2),(-14.32,-12.88),.PIECEWISE_BEZIER_KNOTS.);
#3328 = CARTESIAN_POINT('',(-5.403217538011,-14.32));
#3329 = CARTESIAN_POINT('',(-5.403217538011,-12.88));
#3330 = ( GEOMETRIC_REPRESENTATION_CONTEXT(2) 
PARAMETRIC_REPRESENTATION_CONTEXT() REPRESENTATION_CONTEXT('2D SPACE',''
  ) );
#3331 = ORIENTED_EDGE('',*,*,#3332,.T.);
#3332 = EDGE_CURVE('',#3312,#1229,#3333,.T.);
#3333 = SURFACE_CURVE('',#3334,(#3338,#3345),.PCURVE_S1.);
#3334 = LINE('',#3335,#3336);
#3335 = CARTESIAN_POINT('',(65.407377259756,-79.54951288348,15.2));
#3336 = VECTOR('',#3337,1.);
#3337 = DIRECTION('',(0.707106781187,-0.707106781187,0.));
#3338 = PCURVE('',#1274,#3339);
#3339 = DEFINITIONAL_REPRESENTATION('',(#3340),#3344);
#3340 = LINE('',#3341,#3342);
#3341 = CARTESIAN_POINT('',(1.2,0.));
#3342 = VECTOR('',#3343,1.);
#3343 = DIRECTION('',(0.,1.));
#3344 = ( GEOMETRIC_REPRESENTATION_CONTEXT(2) 
PARAMETRIC_REPRESENTATION_CONTEXT() REPRESENTATION_CONTEXT('2D SPACE',''
  ) );
#3345 = PCURVE('',#1245,#3346);
#3346 = DEFINITIONAL_REPRESENTATION('',(#3347),#3351);
#3347 = LINE('',#3348,#3349);
#3348 = CARTESIAN_POINT('',(0.,0.));
#3349 = VECTOR('',#3350,1.);
#3350 = DIRECTION('',(1.,0.));
#3351 = ( GEOMETRIC_REPRESENTATION_CONTEXT(2) 
PARAMETRIC_REPRESENTATION_CONTEXT() REPRESENTATION_CONTEXT('2D SPACE',''
  ) );
#3352 = ORIENTED_EDGE('',*,*,#1261,.T.);
#3353 = ADVANCED_FACE('',(#3354),#1127,.F.);
#3354 = FACE_BOUND('',#3355,.F.);
#3355 = EDGE_LOOP('',(#3356,#3384,#3405,#3406));
#3356 = ORIENTED_EDGE('',*,*,#3357,.T.);
#3357 = EDGE_CURVE('',#3265,#3358,#3360,.T.);
#3358 = VERTEX_POINT('',#3359);
#3359 = CARTESIAN_POINT('',(67.476936856268,-81.61907247999,8.));
#3360 = SURFACE_CURVE('',#3361,(#3366,#3377),.PCURVE_S1.);
#3361 = CIRCLE('',#3362,105.9);
#3362 = AXIS2_PLACEMENT_3D('',#3363,#3364,#3365);
#3363 = CARTESIAN_POINT('',(0.,0.,8.));
#3364 = DIRECTION('',(0.,0.,-1.));
#3365 = DIRECTION('',(1.,0.,0.));
#3366 = PCURVE('',#1127,#3367);
#3367 = DEFINITIONAL_REPRESENTATION('',(#3368),#3376);
#3368 = ( BOUNDED_CURVE() B_SPLINE_CURVE(2,(#3369,#3370,#3371,#3372,
#3373,#3374,#3375),.UNSPECIFIED.,.T.,.F.) B_SPLINE_CURVE_WITH_KNOTS((1,2
    ,2,2,2,1),(-2.094395102393,0.,2.094395102393,4.188790204786,
6.28318530718,8.377580409573),.UNSPECIFIED.) CURVE() 
GEOMETRIC_REPRESENTATION_ITEM() RATIONAL_B_SPLINE_CURVE((1.,0.5,1.,0.5,
1.,0.5,1.)) REPRESENTATION_ITEM('') );
#3369 = CARTESIAN_POINT('',(-27.61739187234,84.882608127655));
#3370 = CARTESIAN_POINT('',(102.08309000802,-44.81787375271));
#3371 = CARTESIAN_POINT('',(-75.09106312364,-92.29154500401));
#3372 = CARTESIAN_POINT('',(-252.2652162553,-139.7652162553));
#3373 = CARTESIAN_POINT('',(-204.791545004,37.408936876357));
#3374 = CARTESIAN_POINT('',(-157.3178737527,214.58309000802));
#3375 = CARTESIAN_POINT('',(-27.61739187234,84.882608127655));
#3376 = ( GEOMETRIC_REPRESENTATION_CONTEXT(2) 
PARAMETRIC_REPRESENTATION_CONTEXT() REPRESENTATION_CONTEXT('2D SPACE',''
  ) );
#3377 = PCURVE('',#1432,#3378);
#3378 = DEFINITIONAL_REPRESENTATION('',(#3379),#3383);
#3379 = LINE('',#3380,#3381);
#3380 = CARTESIAN_POINT('',(-6.28318530718,-7.));
#3381 = VECTOR('',#3382,1.);
#3382 = DIRECTION('',(1.,-0.));
#3383 = ( GEOMETRIC_REPRESENTATION_CONTEXT(2) 
PARAMETRIC_REPRESENTATION_CONTEXT() REPRESENTATION_CONTEXT('2D SPACE',''
  ) );
#3384 = ORIENTED_EDGE('',*,*,#3385,.T.);
#3385 = EDGE_CURVE('',#3358,#1111,#3386,.T.);
#3386 = SURFACE_CURVE('',#3387,(#3391,#3398),.PCURVE_S1.);
#3387 = LINE('',#3388,#3389);
#3388 = CARTESIAN_POINT('',(65.407377259756,-79.54951288348,8.));
#3389 = VECTOR('',#3390,1.);
#3390 = DIRECTION('',(0.707106781187,-0.707106781187,0.));
#3391 = PCURVE('',#1127,#3392);
#3392 = DEFINITIONAL_REPRESENTATION('',(#3393),#3397);
#3393 = LINE('',#3394,#3395);
#3394 = CARTESIAN_POINT('',(0.,0.));
#3395 = VECTOR('',#3396,1.);
#3396 = DIRECTION('',(1.,0.));
#3397 = ( GEOMETRIC_REPRESENTATION_CONTEXT(2) 
PARAMETRIC_REPRESENTATION_CONTEXT() REPRESENTATION_CONTEXT('2D SPACE',''
  ) );
#3398 = PCURVE('',#1158,#3399);
#3399 = DEFINITIONAL_REPRESENTATION('',(#3400),#3404);
#3400 = LINE('',#3401,#3402);
#3401 = CARTESIAN_POINT('',(1.2,0.));
#3402 = VECTOR('',#3403,1.);
#3403 = DIRECTION('',(0.,1.));
#3404 = ( GEOMETRIC_REPRESENTATION_CONTEXT(2) 
PARAMETRIC_REPRESENTATION_CONTEXT() REPRESENTATION_CONTEXT('2D SPACE',''
  ) );
#3405 = ORIENTED_EDGE('',*,*,#1110,.F.);
#3406 = ORIENTED_EDGE('',*,*,#3264,.T.);
#3407 = ADVANCED_FACE('',(#3408),#1245,.F.);
#3408 = FACE_BOUND('',#3409,.F.);
#3409 = EDGE_LOOP('',(#3410,#3438,#3439,#3440));
#3410 = ORIENTED_EDGE('',*,*,#3411,.T.);
#3411 = EDGE_CURVE('',#3412,#3312,#3414,.T.);
#3412 = VERTEX_POINT('',#3413);
#3413 = CARTESIAN_POINT('',(82.382237589242,-66.54304569066,15.2));
#3414 = SURFACE_CURVE('',#3415,(#3420,#3431),.PCURVE_S1.);
#3415 = CIRCLE('',#3416,105.9);
#3416 = AXIS2_PLACEMENT_3D('',#3417,#3418,#3419);
#3417 = CARTESIAN_POINT('',(0.,0.,15.2));
#3418 = DIRECTION('',(0.,0.,-1.));
#3419 = DIRECTION('',(1.,0.,0.));
#3420 = PCURVE('',#1245,#3421);
#3421 = DEFINITIONAL_REPRESENTATION('',(#3422),#3430);
#3422 = ( BOUNDED_CURVE() B_SPLINE_CURVE(2,(#3423,#3424,#3425,#3426,
#3427,#3428,#3429),.UNSPECIFIED.,.T.,.F.) B_SPLINE_CURVE_WITH_KNOTS((1,2
    ,2,2,2,1),(-2.094395102393,0.,2.094395102393,4.188790204786,
6.28318530718,8.377580409573),.UNSPECIFIED.) CURVE() 
GEOMETRIC_REPRESENTATION_ITEM() RATIONAL_B_SPLINE_CURVE((1.,0.5,1.,0.5,
1.,0.5,1.)) REPRESENTATION_ITEM('') );
#3423 = CARTESIAN_POINT('',(-27.61739187234,84.882608127655));
#3424 = CARTESIAN_POINT('',(102.08309000802,-44.81787375271));
#3425 = CARTESIAN_POINT('',(-75.09106312364,-92.29154500401));
#3426 = CARTESIAN_POINT('',(-252.2652162553,-139.7652162553));
#3427 = CARTESIAN_POINT('',(-204.791545004,37.408936876357));
#3428 = CARTESIAN_POINT('',(-157.3178737527,214.58309000802));
#3429 = CARTESIAN_POINT('',(-27.61739187234,84.882608127655));
#3430 = ( GEOMETRIC_REPRESENTATION_CONTEXT(2) 
PARAMETRIC_REPRESENTATION_CONTEXT() REPRESENTATION_CONTEXT('2D SPACE',''
  ) );
#3431 = PCURVE('',#1432,#3432);
#3432 = DEFINITIONAL_REPRESENTATION('',(#3433),#3437);
#3433 = LINE('',#3434,#3435);
#3434 = CARTESIAN_POINT('',(-6.28318530718,-14.2));
#3435 = VECTOR('',#3436,1.);
#3436 = DIRECTION('',(1.,-0.));
#3437 = ( GEOMETRIC_REPRESENTATION_CONTEXT(2) 
PARAMETRIC_REPRESENTATION_CONTEXT() REPRESENTATION_CONTEXT('2D SPACE',''
  ) );
#3438 = ORIENTED_EDGE('',*,*,#3332,.T.);
#3439 = ORIENTED_EDGE('',*,*,#1228,.F.);
#3440 = ORIENTED_EDGE('',*,*,#3441,.F.);
#3441 = EDGE_CURVE('',#3412,#1203,#3442,.T.);
#3442 = SURFACE_CURVE('',#3443,(#3447,#3454),.PCURVE_S1.);
#3443 = LINE('',#3444,#3445);
#3444 = CARTESIAN_POINT('',(80.39804102091,-64.55884912233,15.2));
#3445 = VECTOR('',#3446,1.);
#3446 = DIRECTION('',(0.707106781187,-0.707106781187,0.));
#3447 = PCURVE('',#1245,#3448);
#3448 = DEFINITIONAL_REPRESENTATION('',(#3449),#3453);
#3449 = LINE('',#3450,#3451);
#3450 = CARTESIAN_POINT('',(-5.329070518201E-15,21.2));
#3451 = VECTOR('',#3452,1.);
#3452 = DIRECTION('',(1.,0.));
#3453 = ( GEOMETRIC_REPRESENTATION_CONTEXT(2) 
PARAMETRIC_REPRESENTATION_CONTEXT() REPRESENTATION_CONTEXT('2D SPACE',''
  ) );
#3454 = PCURVE('',#1217,#3455);
#3455 = DEFINITIONAL_REPRESENTATION('',(#3456),#3460);
#3456 = LINE('',#3457,#3458);
#3457 = CARTESIAN_POINT('',(8.4,0.));
#3458 = VECTOR('',#3459,1.);
#3459 = DIRECTION('',(0.,1.));
#3460 = ( GEOMETRIC_REPRESENTATION_CONTEXT(2) 
PARAMETRIC_REPRESENTATION_CONTEXT() REPRESENTATION_CONTEXT('2D SPACE',''
  ) );
#3461 = ADVANCED_FACE('',(#3462),#1158,.T.);
#3462 = FACE_BOUND('',#3463,.T.);
#3463 = EDGE_LOOP('',(#3464,#3487,#3506,#3507));
#3464 = ORIENTED_EDGE('',*,*,#3465,.F.);
#3465 = EDGE_CURVE('',#3466,#1144,#3468,.T.);
#3466 = VERTEX_POINT('',#3467);
#3467 = CARTESIAN_POINT('',(67.476936856268,-81.61907247999,6.8));
#3468 = SURFACE_CURVE('',#3469,(#3473,#3480),.PCURVE_S1.);
#3469 = LINE('',#3470,#3471);
#3470 = CARTESIAN_POINT('',(65.407377259756,-79.54951288348,6.8));
#3471 = VECTOR('',#3472,1.);
#3472 = DIRECTION('',(0.707106781187,-0.707106781187,0.));
#3473 = PCURVE('',#1158,#3474);
#3474 = DEFINITIONAL_REPRESENTATION('',(#3475),#3479);
#3475 = LINE('',#3476,#3477);
#3476 = CARTESIAN_POINT('',(0.,0.));
#3477 = VECTOR('',#3478,1.);
#3478 = DIRECTION('',(0.,1.));
#3479 = ( GEOMETRIC_REPRESENTATION_CONTEXT(2) 
PARAMETRIC_REPRESENTATION_CONTEXT() REPRESENTATION_CONTEXT('2D SPACE',''
  ) );
#3480 = PCURVE('',#1186,#3481);
#3481 = DEFINITIONAL_REPRESENTATION('',(#3482),#3486);
#3482 = LINE('',#3483,#3484);
#3483 = CARTESIAN_POINT('',(0.,0.));
#3484 = VECTOR('',#3485,1.);
#3485 = DIRECTION('',(1.,0.));
#3486 = ( GEOMETRIC_REPRESENTATION_CONTEXT(2) 
PARAMETRIC_REPRESENTATION_CONTEXT() REPRESENTATION_CONTEXT('2D SPACE',''
  ) );
#3487 = ORIENTED_EDGE('',*,*,#3488,.F.);
#3488 = EDGE_CURVE('',#3358,#3466,#3489,.T.);
#3489 = SURFACE_CURVE('',#3490,(#3494,#3500),.PCURVE_S1.);
#3490 = LINE('',#3491,#3492);
#3491 = CARTESIAN_POINT('',(67.476936856268,-81.61907247999,1.));
#3492 = VECTOR('',#3493,1.);
#3493 = DIRECTION('',(-0.,-0.,-1.));
#3494 = PCURVE('',#1158,#3495);
#3495 = DEFINITIONAL_REPRESENTATION('',(#3496),#3499);
#3496 = B_SPLINE_CURVE_WITH_KNOTS('',1,(#3497,#3498),.UNSPECIFIED.,.F.,
  .F.,(2,2),(-7.12,-5.68),.PIECEWISE_BEZIER_KNOTS.);
#3497 = CARTESIAN_POINT('',(1.32,2.926799249527));
#3498 = CARTESIAN_POINT('',(-0.12,2.926799249527));
#3499 = ( GEOMETRIC_REPRESENTATION_CONTEXT(2) 
PARAMETRIC_REPRESENTATION_CONTEXT() REPRESENTATION_CONTEXT('2D SPACE',''
  ) );
#3500 = PCURVE('',#1432,#3501);
#3501 = DEFINITIONAL_REPRESENTATION('',(#3502),#3505);
#3502 = B_SPLINE_CURVE_WITH_KNOTS('',1,(#3503,#3504),.UNSPECIFIED.,.F.,
  .F.,(2,2),(-7.12,-5.68),.PIECEWISE_BEZIER_KNOTS.);
#3503 = CARTESIAN_POINT('',(-5.403217538011,-7.12));
#3504 = CARTESIAN_POINT('',(-5.403217538011,-5.68));
#3505 = ( GEOMETRIC_REPRESENTATION_CONTEXT(2) 
PARAMETRIC_REPRESENTATION_CONTEXT() REPRESENTATION_CONTEXT('2D SPACE',''
  ) );
#3506 = ORIENTED_EDGE('',*,*,#3385,.T.);
#3507 = ORIENTED_EDGE('',*,*,#1143,.T.);
#3508 = ADVANCED_FACE('',(#3509),#1217,.F.);
#3509 = FACE_BOUND('',#3510,.F.);
#3510 = EDGE_LOOP('',(#3511,#3534,#3553,#3554));
#3511 = ORIENTED_EDGE('',*,*,#3512,.F.);
#3512 = EDGE_CURVE('',#3513,#1170,#3515,.T.);
#3513 = VERTEX_POINT('',#3514);
#3514 = CARTESIAN_POINT('',(82.382237589242,-66.54304569066,6.8));
#3515 = SURFACE_CURVE('',#3516,(#3520,#3527),.PCURVE_S1.);
#3516 = LINE('',#3517,#3518);
#3517 = CARTESIAN_POINT('',(80.39804102091,-64.55884912233,6.8));
#3518 = VECTOR('',#3519,1.);
#3519 = DIRECTION('',(0.707106781187,-0.707106781187,0.));
#3520 = PCURVE('',#1217,#3521);
#3521 = DEFINITIONAL_REPRESENTATION('',(#3522),#3526);
#3522 = LINE('',#3523,#3524);
#3523 = CARTESIAN_POINT('',(0.,0.));
#3524 = VECTOR('',#3525,1.);
#3525 = DIRECTION('',(0.,1.));
#3526 = ( GEOMETRIC_REPRESENTATION_CONTEXT(2) 
PARAMETRIC_REPRESENTATION_CONTEXT() REPRESENTATION_CONTEXT('2D SPACE',''
  ) );
#3527 = PCURVE('',#1186,#3528);
#3528 = DEFINITIONAL_REPRESENTATION('',(#3529),#3533);
#3529 = LINE('',#3530,#3531);
#3530 = CARTESIAN_POINT('',(-5.329070518201E-15,21.2));
#3531 = VECTOR('',#3532,1.);
#3532 = DIRECTION('',(1.,0.));
#3533 = ( GEOMETRIC_REPRESENTATION_CONTEXT(2) 
PARAMETRIC_REPRESENTATION_CONTEXT() REPRESENTATION_CONTEXT('2D SPACE',''
  ) );
#3534 = ORIENTED_EDGE('',*,*,#3535,.F.);
#3535 = EDGE_CURVE('',#3412,#3513,#3536,.T.);
#3536 = SURFACE_CURVE('',#3537,(#3541,#3547),.PCURVE_S1.);
#3537 = LINE('',#3538,#3539);
#3538 = CARTESIAN_POINT('',(82.382237589242,-66.54304569066,1.));
#3539 = VECTOR('',#3540,1.);
#3540 = DIRECTION('',(-0.,-0.,-1.));
#3541 = PCURVE('',#1217,#3542);
#3542 = DEFINITIONAL_REPRESENTATION('',(#3543),#3546);
#3543 = B_SPLINE_CURVE_WITH_KNOTS('',1,(#3544,#3545),.UNSPECIFIED.,.F.,
  .F.,(2,2),(-15.04,-4.96),.PIECEWISE_BEZIER_KNOTS.);
#3544 = CARTESIAN_POINT('',(9.24,2.806077697349));
#3545 = CARTESIAN_POINT('',(-0.84,2.806077697349));
#3546 = ( GEOMETRIC_REPRESENTATION_CONTEXT(2) 
PARAMETRIC_REPRESENTATION_CONTEXT() REPRESENTATION_CONTEXT('2D SPACE',''
  ) );
#3547 = PCURVE('',#1432,#3548);
#3548 = DEFINITIONAL_REPRESENTATION('',(#3549),#3552);
#3549 = B_SPLINE_CURVE_WITH_KNOTS('',1,(#3550,#3551),.UNSPECIFIED.,.F.,
  .F.,(2,2),(-15.04,-4.96),.PIECEWISE_BEZIER_KNOTS.);
#3550 = CARTESIAN_POINT('',(-5.603745452133,-15.04));
#3551 = CARTESIAN_POINT('',(-5.603745452133,-4.96));
#3552 = ( GEOMETRIC_REPRESENTATION_CONTEXT(2) 
PARAMETRIC_REPRESENTATION_CONTEXT() REPRESENTATION_CONTEXT('2D SPACE',''
  ) );
#3553 = ORIENTED_EDGE('',*,*,#3441,.T.);
#3554 = ORIENTED_EDGE('',*,*,#1202,.T.);
#3555 = ADVANCED_FACE('',(#3556),#1186,.T.);
#3556 = FACE_BOUND('',#3557,.T.);
#3557 = EDGE_LOOP('',(#3558,#3584,#3585,#3586));
#3558 = ORIENTED_EDGE('',*,*,#3559,.T.);
#3559 = EDGE_CURVE('',#3513,#3466,#3560,.T.);
#3560 = SURFACE_CURVE('',#3561,(#3566,#3577),.PCURVE_S1.);
#3561 = CIRCLE('',#3562,105.9);
#3562 = AXIS2_PLACEMENT_3D('',#3563,#3564,#3565);
#3563 = CARTESIAN_POINT('',(0.,0.,6.8));
#3564 = DIRECTION('',(0.,0.,-1.));
#3565 = DIRECTION('',(1.,0.,0.));
#3566 = PCURVE('',#1186,#3567);
#3567 = DEFINITIONAL_REPRESENTATION('',(#3568),#3576);
#3568 = ( BOUNDED_CURVE() B_SPLINE_CURVE(2,(#3569,#3570,#3571,#3572,
#3573,#3574,#3575),.UNSPECIFIED.,.T.,.F.) B_SPLINE_CURVE_WITH_KNOTS((1,2
    ,2,2,2,1),(-2.094395102393,0.,2.094395102393,4.188790204786,
6.28318530718,8.377580409573),.UNSPECIFIED.) CURVE() 
GEOMETRIC_REPRESENTATION_ITEM() RATIONAL_B_SPLINE_CURVE((1.,0.5,1.,0.5,
1.,0.5,1.)) REPRESENTATION_ITEM('') );
#3569 = CARTESIAN_POINT('',(-27.61739187234,84.882608127655));
#3570 = CARTESIAN_POINT('',(102.08309000802,-44.81787375271));
#3571 = CARTESIAN_POINT('',(-75.09106312364,-92.29154500401));
#3572 = CARTESIAN_POINT('',(-252.2652162553,-139.7652162553));
#3573 = CARTESIAN_POINT('',(-204.791545004,37.408936876357));
#3574 = CARTESIAN_POINT('',(-157.3178737527,214.58309000802));
#3575 = CARTESIAN_POINT('',(-27.61739187234,84.882608127655));
#3576 = ( GEOMETRIC_REPRESENTATION_CONTEXT(2) 
PARAMETRIC_REPRESENTATION_CONTEXT() REPRESENTATION_CONTEXT('2D SPACE',''
  ) );
#3577 = PCURVE('',#1432,#3578);
#3578 = DEFINITIONAL_REPRESENTATION('',(#3579),#3583);
#3579 = LINE('',#3580,#3581);
#3580 = CARTESIAN_POINT('',(-6.28318530718,-5.8));
#3581 = VECTOR('',#3582,1.);
#3582 = DIRECTION('',(1.,-0.));
#3583 = ( GEOMETRIC_REPRESENTATION_CONTEXT(2) 
PARAMETRIC_REPRESENTATION_CONTEXT() REPRESENTATION_CONTEXT('2D SPACE',''
  ) );
#3584 = ORIENTED_EDGE('',*,*,#3465,.T.);
#3585 = ORIENTED_EDGE('',*,*,#1169,.F.);
#3586 = ORIENTED_EDGE('',*,*,#3512,.F.);
#3587 = ADVANCED_FACE('',(#3588),#1325,.T.);
#3588 = FACE_BOUND('',#3589,.T.);
#3589 = EDGE_LOOP('',(#3590,#3591,#3592,#3593));
#3590 = ORIENTED_EDGE('',*,*,#1444,.T.);
#3591 = ORIENTED_EDGE('',*,*,#1309,.T.);
#3592 = ORIENTED_EDGE('',*,*,#1842,.F.);
#3593 = ORIENTED_EDGE('',*,*,#3594,.T.);
#3594 = EDGE_CURVE('',#1843,#1412,#3595,.T.);
#3595 = SURFACE_CURVE('',#3596,(#3600,#3606),.PCURVE_S1.);
#3596 = LINE('',#3597,#3598);
#3597 = CARTESIAN_POINT('',(105.85,3.253843880705,1.));
#3598 = VECTOR('',#3599,1.);
#3599 = DIRECTION('',(-0.,-0.,-1.));
#3600 = PCURVE('',#1325,#3601);
#3601 = DEFINITIONAL_REPRESENTATION('',(#3602),#3605);
#3602 = B_SPLINE_CURVE_WITH_KNOTS('',1,(#3603,#3604),.UNSPECIFIED.,.F.,
  .F.,(2,2),(-7.7,-0.9999994),.PIECEWISE_BEZIER_KNOTS.);
#3603 = CARTESIAN_POINT('',(7.7,-12.2538438807));
#3604 = CARTESIAN_POINT('',(0.9999994,-12.2538438807));
#3605 = ( GEOMETRIC_REPRESENTATION_CONTEXT(2) 
PARAMETRIC_REPRESENTATION_CONTEXT() REPRESENTATION_CONTEXT('2D SPACE',''
  ) );
#3606 = PCURVE('',#1432,#3607);
#3607 = DEFINITIONAL_REPRESENTATION('',(#3608),#3611);
#3608 = B_SPLINE_CURVE_WITH_KNOTS('',1,(#3609,#3610),.UNSPECIFIED.,.F.,
  .F.,(2,2),(-7.7,-0.9999994),.PIECEWISE_BEZIER_KNOTS.);
#3609 = CARTESIAN_POINT('',(-3.073046337316E-02,-7.7));
#3610 = CARTESIAN_POINT('',(-3.073046337316E-02,-0.9999994));
#3611 = ( GEOMETRIC_REPRESENTATION_CONTEXT(2) 
PARAMETRIC_REPRESENTATION_CONTEXT() REPRESENTATION_CONTEXT('2D SPACE',''
  ) );
#3612 = ADVANCED_FACE('',(#3613,#3838,#4351,#4864,#5377,#5890,#5900,
    #5910,#5920),#1432,.F.);
#3613 = FACE_BOUND('',#3614,.T.);
#3614 = EDGE_LOOP('',(#3615,#3616,#3617,#3640,#3669,#3695,#3728,#3754,
    #3776,#3777,#3778,#3797,#3798,#3817,#3818,#3837));
#3615 = ORIENTED_EDGE('',*,*,#3594,.F.);
#3616 = ORIENTED_EDGE('',*,*,#1865,.T.);
#3617 = ORIENTED_EDGE('',*,*,#3618,.T.);
#3618 = EDGE_CURVE('',#1866,#3619,#3621,.T.);
#3619 = VERTEX_POINT('',#3620);
#3620 = CARTESIAN_POINT('',(105.9,0.,43.4));
#3621 = SEAM_CURVE('',#3622,(#3626,#3633),.PCURVE_S1.);
#3622 = LINE('',#3623,#3624);
#3623 = CARTESIAN_POINT('',(105.9,0.,1.));
#3624 = VECTOR('',#3625,1.);
#3625 = DIRECTION('',(0.,0.,1.));
#3626 = PCURVE('',#1432,#3627);
#3627 = DEFINITIONAL_REPRESENTATION('',(#3628),#3632);
#3628 = LINE('',#3629,#3630);
#3629 = CARTESIAN_POINT('',(-6.28318530718,0.));
#3630 = VECTOR('',#3631,1.);
#3631 = DIRECTION('',(-0.,-1.));
#3632 = ( GEOMETRIC_REPRESENTATION_CONTEXT(2) 
PARAMETRIC_REPRESENTATION_CONTEXT() REPRESENTATION_CONTEXT('2D SPACE',''
  ) );
#3633 = PCURVE('',#1432,#3634);
#3634 = DEFINITIONAL_REPRESENTATION('',(#3635),#3639);
#3635 = LINE('',#3636,#3637);
#3636 = CARTESIAN_POINT('',(-0.,0.));
#3637 = VECTOR('',#3638,1.);
#3638 = DIRECTION('',(-0.,-1.));
#3639 = ( GEOMETRIC_REPRESENTATION_CONTEXT(2) 
PARAMETRIC_REPRESENTATION_CONTEXT() REPRESENTATION_CONTEXT('2D SPACE',''
  ) );
#3640 = ORIENTED_EDGE('',*,*,#3641,.T.);
#3641 = EDGE_CURVE('',#3619,#3642,#3644,.T.);
#3642 = VERTEX_POINT('',#3643);
#3643 = CARTESIAN_POINT('',(1.499999999999,105.88937623765,43.4));
#3644 = SURFACE_CURVE('',#3645,(#3650,#3657),.PCURVE_S1.);
#3645 = CIRCLE('',#3646,105.9);
#3646 = AXIS2_PLACEMENT_3D('',#3647,#3648,#3649);
#3647 = CARTESIAN_POINT('',(0.,0.,43.4));
#3648 = DIRECTION('',(0.,0.,1.));
#3649 = DIRECTION('',(1.,0.,0.));
#3650 = PCURVE('',#1432,#3651);
#3651 = DEFINITIONAL_REPRESENTATION('',(#3652),#3656);
#3652 = LINE('',#3653,#3654);
#3653 = CARTESIAN_POINT('',(-0.,-42.4));
#3654 = VECTOR('',#3655,1.);
#3655 = DIRECTION('',(-1.,0.));
#3656 = ( GEOMETRIC_REPRESENTATION_CONTEXT(2) 
PARAMETRIC_REPRESENTATION_CONTEXT() REPRESENTATION_CONTEXT('2D SPACE',''
  ) );
#3657 = PCURVE('',#3658,#3663);
#3658 = PLANE('',#3659);
#3659 = AXIS2_PLACEMENT_3D('',#3660,#3661,#3662);
#3660 = CARTESIAN_POINT('',(-3.30561542899E-15,2.288227656991E-15,43.4)
  );
#3661 = DIRECTION('',(0.,0.,1.));
#3662 = DIRECTION('',(1.,0.,-0.));
#3663 = DEFINITIONAL_REPRESENTATION('',(#3664),#3668);
#3664 = CIRCLE('',#3665,105.9);
#3665 = AXIS2_PLACEMENT_2D('',#3666,#3667);
#3666 = CARTESIAN_POINT('',(3.30561542899E-15,-2.288227656991E-15));
#3667 = DIRECTION('',(1.,0.));
#3668 = ( GEOMETRIC_REPRESENTATION_CONTEXT(2) 
PARAMETRIC_REPRESENTATION_CONTEXT() REPRESENTATION_CONTEXT('2D SPACE',''
  ) );
#3669 = ORIENTED_EDGE('',*,*,#3670,.T.);
#3670 = EDGE_CURVE('',#3642,#3671,#3673,.T.);
#3671 = VERTEX_POINT('',#3672);
#3672 = CARTESIAN_POINT('',(1.5,105.88937623765,6.));
#3673 = SURFACE_CURVE('',#3674,(#3678,#3684),.PCURVE_S1.);
#3674 = LINE('',#3675,#3676);
#3675 = CARTESIAN_POINT('',(1.5,105.88937623765,1.));
#3676 = VECTOR('',#3677,1.);
#3677 = DIRECTION('',(-0.,-0.,-1.));
#3678 = PCURVE('',#1432,#3679);
#3679 = DEFINITIONAL_REPRESENTATION('',(#3680),#3683);
#3680 = B_SPLINE_CURVE_WITH_KNOTS('',1,(#3681,#3682),.UNSPECIFIED.,.F.,
  .F.,(2,2),(-42.4000006,-1.26),.PIECEWISE_BEZIER_KNOTS.);
#3681 = CARTESIAN_POINT('',(-1.556631547178,-42.4000006));
#3682 = CARTESIAN_POINT('',(-1.556631547178,-1.26));
#3683 = ( GEOMETRIC_REPRESENTATION_CONTEXT(2) 
PARAMETRIC_REPRESENTATION_CONTEXT() REPRESENTATION_CONTEXT('2D SPACE',''
  ) );
#3684 = PCURVE('',#3685,#3690);
#3685 = PLANE('',#3686);
#3686 = AXIS2_PLACEMENT_3D('',#3687,#3688,#3689);
#3687 = CARTESIAN_POINT('',(1.5,104.3,6.));
#3688 = DIRECTION('',(-1.,1.110223024625E-16,0.));
#3689 = DIRECTION('',(0.,0.,1.));
#3690 = DEFINITIONAL_REPRESENTATION('',(#3691),#3694);
#3691 = B_SPLINE_CURVE_WITH_KNOTS('',1,(#3692,#3693),.UNSPECIFIED.,.F.,
  .F.,(2,2),(-42.4000006,-1.26),.PIECEWISE_BEZIER_KNOTS.);
#3692 = CARTESIAN_POINT('',(37.4000006,1.589376237657));
#3693 = CARTESIAN_POINT('',(-3.74,1.589376237657));
#3694 = ( GEOMETRIC_REPRESENTATION_CONTEXT(2) 
PARAMETRIC_REPRESENTATION_CONTEXT() REPRESENTATION_CONTEXT('2D SPACE',''
  ) );
#3695 = ORIENTED_EDGE('',*,*,#3696,.F.);
#3696 = EDGE_CURVE('',#3697,#3671,#3699,.T.);
#3697 = VERTEX_POINT('',#3698);
#3698 = CARTESIAN_POINT('',(-1.5,105.88937623765,6.));
#3699 = SURFACE_CURVE('',#3700,(#3705,#3712),.PCURVE_S1.);
#3700 = CIRCLE('',#3701,105.9);
#3701 = AXIS2_PLACEMENT_3D('',#3702,#3703,#3704);
#3702 = CARTESIAN_POINT('',(0.,0.,6.));
#3703 = DIRECTION('',(0.,0.,-1.));
#3704 = DIRECTION('',(1.,0.,0.));
#3705 = PCURVE('',#1432,#3706);
#3706 = DEFINITIONAL_REPRESENTATION('',(#3707),#3711);
#3707 = LINE('',#3708,#3709);
#3708 = CARTESIAN_POINT('',(-6.28318530718,-5.));
#3709 = VECTOR('',#3710,1.);
#3710 = DIRECTION('',(1.,-0.));
#3711 = ( GEOMETRIC_REPRESENTATION_CONTEXT(2) 
PARAMETRIC_REPRESENTATION_CONTEXT() REPRESENTATION_CONTEXT('2D SPACE',''
  ) );
#3712 = PCURVE('',#3713,#3718);
#3713 = PLANE('',#3714);
#3714 = AXIS2_PLACEMENT_3D('',#3715,#3716,#3717);
#3715 = CARTESIAN_POINT('',(1.5,104.3,6.));
#3716 = DIRECTION('',(0.,0.,1.));
#3717 = DIRECTION('',(1.110223024625E-16,1.,0.));
#3718 = DEFINITIONAL_REPRESENTATION('',(#3719),#3727);
#3719 = ( BOUNDED_CURVE() B_SPLINE_CURVE(2,(#3720,#3721,#3722,#3723,
#3724,#3725,#3726),.UNSPECIFIED.,.T.,.F.) B_SPLINE_CURVE_WITH_KNOTS((1,2
    ,2,2,2,1),(-2.094395102393,0.,2.094395102393,4.188790204786,
6.28318530718,8.377580409573),.UNSPECIFIED.) CURVE() 
GEOMETRIC_REPRESENTATION_ITEM() RATIONAL_B_SPLINE_CURVE((1.,0.5,1.,0.5,
1.,0.5,1.)) REPRESENTATION_ITEM('') );
#3720 = CARTESIAN_POINT('',(-104.3,-104.4));
#3721 = CARTESIAN_POINT('',(-287.7241805215,-104.4));
#3722 = CARTESIAN_POINT('',(-196.0120902607,54.45));
#3723 = CARTESIAN_POINT('',(-104.3,213.3));
#3724 = CARTESIAN_POINT('',(-12.58790973922,54.45));
#3725 = CARTESIAN_POINT('',(79.124180521544,-104.4));
#3726 = CARTESIAN_POINT('',(-104.3,-104.4));
#3727 = ( GEOMETRIC_REPRESENTATION_CONTEXT(2) 
PARAMETRIC_REPRESENTATION_CONTEXT() REPRESENTATION_CONTEXT('2D SPACE',''
  ) );
#3728 = ORIENTED_EDGE('',*,*,#3729,.F.);
#3729 = EDGE_CURVE('',#3730,#3697,#3732,.T.);
#3730 = VERTEX_POINT('',#3731);
#3731 = CARTESIAN_POINT('',(-1.500000000003,105.88937623765,43.4));
#3732 = SURFACE_CURVE('',#3733,(#3737,#3743),.PCURVE_S1.);
#3733 = LINE('',#3734,#3735);
#3734 = CARTESIAN_POINT('',(-1.5,105.88937623765,1.));
#3735 = VECTOR('',#3736,1.);
#3736 = DIRECTION('',(-0.,-0.,-1.));
#3737 = PCURVE('',#1432,#3738);
#3738 = DEFINITIONAL_REPRESENTATION('',(#3739),#3742);
#3739 = B_SPLINE_CURVE_WITH_KNOTS('',1,(#3740,#3741),.UNSPECIFIED.,.F.,
  .F.,(2,2),(-42.4000006,-1.26),.PIECEWISE_BEZIER_KNOTS.);
#3740 = CARTESIAN_POINT('',(-1.584961106412,-42.4000006));
#3741 = CARTESIAN_POINT('',(-1.584961106412,-1.26));
#3742 = ( GEOMETRIC_REPRESENTATION_CONTEXT(2) 
PARAMETRIC_REPRESENTATION_CONTEXT() REPRESENTATION_CONTEXT('2D SPACE',''
  ) );
#3743 = PCURVE('',#3744,#3749);
#3744 = PLANE('',#3745);
#3745 = AXIS2_PLACEMENT_3D('',#3746,#3747,#3748);
#3746 = CARTESIAN_POINT('',(-1.5,104.3,6.));
#3747 = DIRECTION('',(-1.,1.110223024625E-16,0.));
#3748 = DIRECTION('',(0.,0.,1.));
#3749 = DEFINITIONAL_REPRESENTATION('',(#3750),#3753);
#3750 = B_SPLINE_CURVE_WITH_KNOTS('',1,(#3751,#3752),.UNSPECIFIED.,.F.,
  .F.,(2,2),(-42.4000006,-1.26),.PIECEWISE_BEZIER_KNOTS.);
#3751 = CARTESIAN_POINT('',(37.4000006,1.589376237657));
#3752 = CARTESIAN_POINT('',(-3.74,1.589376237657));
#3753 = ( GEOMETRIC_REPRESENTATION_CONTEXT(2) 
PARAMETRIC_REPRESENTATION_CONTEXT() REPRESENTATION_CONTEXT('2D SPACE',''
  ) );
#3754 = ORIENTED_EDGE('',*,*,#3755,.T.);
#3755 = EDGE_CURVE('',#3730,#3619,#3756,.T.);
#3756 = SURFACE_CURVE('',#3757,(#3762,#3769),.PCURVE_S1.);
#3757 = CIRCLE('',#3758,105.9);
#3758 = AXIS2_PLACEMENT_3D('',#3759,#3760,#3761);
#3759 = CARTESIAN_POINT('',(0.,0.,43.4));
#3760 = DIRECTION('',(0.,0.,1.));
#3761 = DIRECTION('',(1.,0.,0.));
#3762 = PCURVE('',#1432,#3763);
#3763 = DEFINITIONAL_REPRESENTATION('',(#3764),#3768);
#3764 = LINE('',#3765,#3766);
#3765 = CARTESIAN_POINT('',(-0.,-42.4));
#3766 = VECTOR('',#3767,1.);
#3767 = DIRECTION('',(-1.,0.));
#3768 = ( GEOMETRIC_REPRESENTATION_CONTEXT(2) 
PARAMETRIC_REPRESENTATION_CONTEXT() REPRESENTATION_CONTEXT('2D SPACE',''
  ) );
#3769 = PCURVE('',#3658,#3770);
#3770 = DEFINITIONAL_REPRESENTATION('',(#3771),#3775);
#3771 = CIRCLE('',#3772,105.9);
#3772 = AXIS2_PLACEMENT_2D('',#3773,#3774);
#3773 = CARTESIAN_POINT('',(3.30561542899E-15,-2.288227656991E-15));
#3774 = DIRECTION('',(1.,0.));
#3775 = ( GEOMETRIC_REPRESENTATION_CONTEXT(2) 
PARAMETRIC_REPRESENTATION_CONTEXT() REPRESENTATION_CONTEXT('2D SPACE',''
  ) );
#3776 = ORIENTED_EDGE('',*,*,#3618,.F.);
#3777 = ORIENTED_EDGE('',*,*,#1893,.T.);
#3778 = ORIENTED_EDGE('',*,*,#3779,.T.);
#3779 = EDGE_CURVE('',#1816,#1691,#3780,.T.);
#3780 = SURFACE_CURVE('',#3781,(#3785,#3791),.PCURVE_S1.);
#3781 = LINE('',#3782,#3783);
#3782 = CARTESIAN_POINT('',(105.85,-3.253843880705,1.));
#3783 = VECTOR('',#3784,1.);
#3784 = DIRECTION('',(-0.,-0.,-1.));
#3785 = PCURVE('',#1432,#3786);
#3786 = DEFINITIONAL_REPRESENTATION('',(#3787),#3790);
#3787 = B_SPLINE_CURVE_WITH_KNOTS('',1,(#3788,#3789),.UNSPECIFIED.,.F.,
  .F.,(2,2),(-7.7,-0.9999994),.PIECEWISE_BEZIER_KNOTS.);
#3788 = CARTESIAN_POINT('',(-6.252454843806,-7.7));
#3789 = CARTESIAN_POINT('',(-6.252454843806,-0.9999994));
#3790 = ( GEOMETRIC_REPRESENTATION_CONTEXT(2) 
PARAMETRIC_REPRESENTATION_CONTEXT() REPRESENTATION_CONTEXT('2D SPACE',''
  ) );
#3791 = PCURVE('',#1705,#3792);
#3792 = DEFINITIONAL_REPRESENTATION('',(#3793),#3796);
#3793 = B_SPLINE_CURVE_WITH_KNOTS('',1,(#3794,#3795),.UNSPECIFIED.,.F.,
  .F.,(2,2),(-7.7,-0.9999994),.PIECEWISE_BEZIER_KNOTS.);
#3794 = CARTESIAN_POINT('',(7.7,-5.746156119295));
#3795 = CARTESIAN_POINT('',(0.9999994,-5.746156119295));
#3796 = ( GEOMETRIC_REPRESENTATION_CONTEXT(2) 
PARAMETRIC_REPRESENTATION_CONTEXT() REPRESENTATION_CONTEXT('2D SPACE',''
  ) );
#3797 = ORIENTED_EDGE('',*,*,#1716,.T.);
#3798 = ORIENTED_EDGE('',*,*,#3799,.F.);
#3799 = EDGE_CURVE('',#1564,#1717,#3800,.T.);
#3800 = SURFACE_CURVE('',#3801,(#3805,#3811),.PCURVE_S1.);
#3801 = LINE('',#3802,#3803);
#3802 = CARTESIAN_POINT('',(-105.85,-3.253843880705,1.));
#3803 = VECTOR('',#3804,1.);
#3804 = DIRECTION('',(-0.,-0.,-1.));
#3805 = PCURVE('',#1432,#3806);
#3806 = DEFINITIONAL_REPRESENTATION('',(#3807),#3810);
#3807 = B_SPLINE_CURVE_WITH_KNOTS('',1,(#3808,#3809),.UNSPECIFIED.,.F.,
  .F.,(2,2),(-7.7,-0.9999994),.PIECEWISE_BEZIER_KNOTS.);
#3808 = CARTESIAN_POINT('',(-3.172323116963,-7.7));
#3809 = CARTESIAN_POINT('',(-3.172323116963,-0.9999994));
#3810 = ( GEOMETRIC_REPRESENTATION_CONTEXT(2) 
PARAMETRIC_REPRESENTATION_CONTEXT() REPRESENTATION_CONTEXT('2D SPACE',''
  ) );
#3811 = PCURVE('',#1579,#3812);
#3812 = DEFINITIONAL_REPRESENTATION('',(#3813),#3816);
#3813 = B_SPLINE_CURVE_WITH_KNOTS('',1,(#3814,#3815),.UNSPECIFIED.,.F.,
  .F.,(2,2),(-7.7,-0.9999994),.PIECEWISE_BEZIER_KNOTS.);
#3814 = CARTESIAN_POINT('',(7.7,-12.2538438807));
#3815 = CARTESIAN_POINT('',(0.9999994,-12.2538438807));
#3816 = ( GEOMETRIC_REPRESENTATION_CONTEXT(2) 
PARAMETRIC_REPRESENTATION_CONTEXT() REPRESENTATION_CONTEXT('2D SPACE',''
  ) );
#3817 = ORIENTED_EDGE('',*,*,#1591,.T.);
#3818 = ORIENTED_EDGE('',*,*,#3819,.T.);
#3819 = EDGE_CURVE('',#1516,#1386,#3820,.T.);
#3820 = SURFACE_CURVE('',#3821,(#3825,#3831),.PCURVE_S1.);
#3821 = LINE('',#3822,#3823);
#3822 = CARTESIAN_POINT('',(-105.85,3.253843880705,1.));
#3823 = VECTOR('',#3824,1.);
#3824 = DIRECTION('',(-0.,-0.,-1.));
#3825 = PCURVE('',#1432,#3826);
#3826 = DEFINITIONAL_REPRESENTATION('',(#3827),#3830);
#3827 = B_SPLINE_CURVE_WITH_KNOTS('',1,(#3828,#3829),.UNSPECIFIED.,.F.,
  .F.,(2,2),(-7.7,-0.9999994),.PIECEWISE_BEZIER_KNOTS.);
#3828 = CARTESIAN_POINT('',(-3.110862190217,-7.7));
#3829 = CARTESIAN_POINT('',(-3.110862190217,-0.9999994));
#3830 = ( GEOMETRIC_REPRESENTATION_CONTEXT(2) 
PARAMETRIC_REPRESENTATION_CONTEXT() REPRESENTATION_CONTEXT('2D SPACE',''
  ) );
#3831 = PCURVE('',#1400,#3832);
#3832 = DEFINITIONAL_REPRESENTATION('',(#3833),#3836);
#3833 = B_SPLINE_CURVE_WITH_KNOTS('',1,(#3834,#3835),.UNSPECIFIED.,.F.,
  .F.,(2,2),(-7.7,-0.9999994),.PIECEWISE_BEZIER_KNOTS.);
#3834 = CARTESIAN_POINT('',(7.7,-5.746156119295));
#3835 = CARTESIAN_POINT('',(0.9999994,-5.746156119295));
#3836 = ( GEOMETRIC_REPRESENTATION_CONTEXT(2) 
PARAMETRIC_REPRESENTATION_CONTEXT() REPRESENTATION_CONTEXT('2D SPACE',''
  ) );
#3837 = ORIENTED_EDGE('',*,*,#1411,.T.);
#3838 = FACE_BOUND('',#3839,.T.);
#3839 = EDGE_LOOP('',(#3840));
#3840 = ORIENTED_EDGE('',*,*,#3841,.F.);
#3841 = EDGE_CURVE('',#3842,#3842,#3844,.T.);
#3842 = VERTEX_POINT('',#3843);
#3843 = CARTESIAN_POINT('',(70.519682711769,79.004964086008,
    8.830769230769));
#3844 = SURFACE_CURVE('',#3845,(#4010,#4178),.PCURVE_S1.);
#3845 = B_SPLINE_CURVE_WITH_KNOTS('',7,(#3846,#3847,#3848,#3849,#3850,
    #3851,#3852,#3853,#3854,#3855,#3856,#3857,#3858,#3859,#3860,#3861,
    #3862,#3863,#3864,#3865,#3866,#3867,#3868,#3869,#3870,#3871,#3872,
    #3873,#3874,#3875,#3876,#3877,#3878,#3879,#3880,#3881,#3882,#3883,
    #3884,#3885,#3886,#3887,#3888,#3889,#3890,#3891,#3892,#3893,#3894,
    #3895,#3896,#3897,#3898,#3899,#3900,#3901,#3902,#3903,#3904,#3905,
    #3906,#3907,#3908,#3909,#3910,#3911,#3912,#3913,#3914,#3915,#3916,
    #3917,#3918,#3919,#3920,#3921,#3922,#3923,#3924,#3925,#3926,#3927,
    #3928,#3929,#3930,#3931,#3932,#3933,#3934,#3935,#3936,#3937,#3938,
    #3939,#3940,#3941,#3942,#3943,#3944,#3945,#3946,#3947,#3948,#3949,
    #3950,#3951,#3952,#3953,#3954,#3955,#3956,#3957,#3958,#3959,#3960,
    #3961,#3962,#3963,#3964,#3965,#3966,#3967,#3968,#3969,#3970,#3971,
    #3972,#3973,#3974,#3975,#3976,#3977,#3978,#3979,#3980,#3981,#3982,
    #3983,#3984,#3985,#3986,#3987,#3988,#3989,#3990,#3991,#3992,#3993,
    #3994,#3995,#3996,#3997,#3998,#3999,#4000,#4001,#4002,#4003,#4004,
    #4005,#4006,#4007,#4008,#4009),.UNSPECIFIED.,.T.,.F.,(8,6,6,6,6,6,6,
    6,6,6,6,6,6,6,6,6,6,6,6,6,6,6,6,6,6,6,6,8),(0.,7.096392247938E-03,
    3.209574745333E-02,5.839552033235E-02,9.061729859852E-02,
    0.132267077776,0.164700408662,0.189422708389,0.254492004512,
    0.344429718927,0.37720864552,0.418798138222,0.450938562734,
    0.468126700551,0.502305140784,0.525996915905,0.536678120665,
    0.553760551304,0.58626013371,0.628593214488,0.662037331018,
    0.754759406287,0.82207694645,0.847469114616,0.880407643931,
    0.922510243491,0.955129272678,1.),.UNSPECIFIED.);
#3846 = CARTESIAN_POINT('',(70.519682711769,79.004964086008,
    8.830769230769));
#3847 = CARTESIAN_POINT('',(70.531842878555,78.99410994395,
    8.830058846968));
#3848 = CARTESIAN_POINT('',(70.544010536647,78.983245191867,
    8.829492590565));
#3849 = CARTESIAN_POINT('',(70.556183623,78.972371660194,8.829070797228)
  );
#3850 = CARTESIAN_POINT('',(70.568360061635,78.961491194972,
    8.828793714808));
#3851 = CARTESIAN_POINT('',(70.58053776364,78.95060565784,8.828661503338
    ));
#3852 = CARTESIAN_POINT('',(70.59271462717,78.939716926043,
    8.828674235031));
#3853 = CARTESIAN_POINT('',(70.647775105249,78.890463198722,
    8.829387300385));
#3854 = CARTESIAN_POINT('',(70.690626986786,78.852081593169,
    8.831741349519));
#3855 = CARTESIAN_POINT('',(70.733349110664,78.813767159024,8.8358934088
    ));
#3856 = CARTESIAN_POINT('',(70.775850997323,78.775601532969,
    8.841828645117));
#3857 = CARTESIAN_POINT('',(70.818046809958,78.737662793568,
    8.849519299273));
#3858 = CARTESIAN_POINT('',(70.859855405447,78.700025349714,
    8.858925960124));
#3859 = CARTESIAN_POINT('',(70.944696050266,78.623555828783,
    8.881647706863));
#3860 = CARTESIAN_POINT('',(70.987681397532,78.584760938014,
    8.895141423896));
#3861 = CARTESIAN_POINT('',(71.030069635816,78.546455433518,
    8.910422667767));
#3862 = CARTESIAN_POINT('',(71.071786195922,78.5087091412,8.927423984649
    ));
#3863 = CARTESIAN_POINT('',(71.11276770478,78.471582210842,
    8.946070674095));
#3864 = CARTESIAN_POINT('',(71.15296095952,78.435125890824,
    8.966283674185));
#3865 = CARTESIAN_POINT('',(71.240545874888,78.355592440101,
    9.014567202327));
#3866 = CARTESIAN_POINT('',(71.287520763615,78.312872684689,
    9.043382367733));
#3867 = CARTESIAN_POINT('',(71.333170024749,78.27129931703,
    9.074281368827));
#3868 = CARTESIAN_POINT('',(71.377438477671,78.230928548824,
    9.10711648432));
#3869 = CARTESIAN_POINT('',(71.420289169146,78.191800133487,
    9.141743162714));
#3870 = CARTESIAN_POINT('',(71.461700238351,78.153939976579,
    9.178024339321));
#3871 = CARTESIAN_POINT('',(71.553315959729,78.070083122052,
    9.264708387102));
#3872 = CARTESIAN_POINT('',(71.602543860549,78.024951048525,
    9.316132745196));
#3873 = CARTESIAN_POINT('',(71.649330329983,77.981992648127,
    9.369840263066));
#3874 = CARTESIAN_POINT('',(71.69368059038,77.941214602199,
    9.425584610607));
#3875 = CARTESIAN_POINT('',(71.735615812752,77.90260807118,
    9.483143725025));
#3876 = CARTESIAN_POINT('',(71.7751686887,77.866152614835,9.542322843757
    ));
#3877 = CARTESIAN_POINT('',(71.841355252385,77.80508485888,
    9.650174716465));
#3878 = CARTESIAN_POINT('',(71.868909239599,77.779638571592,
    9.698271650729));
#3879 = CARTESIAN_POINT('',(71.895059001442,77.755468692625,
    9.747168804607));
#3880 = CARTESIAN_POINT('',(71.919822890944,77.732561995137,9.7967929958
    ));
#3881 = CARTESIAN_POINT('',(71.943219331911,77.710904827916,
    9.847077395651));
#3882 = CARTESIAN_POINT('',(71.965266574121,77.690483359838,
    9.897961529511));
#3883 = CARTESIAN_POINT('',(72.00177311948,77.656648982394,
    9.988593591531));
#3884 = CARTESIAN_POINT('',(72.016789991328,77.642724340193,
    10.028112331085));
#3885 = CARTESIAN_POINT('',(72.031040830477,77.629503915779,
    10.067923209097));
#3886 = CARTESIAN_POINT('',(72.044532970251,77.616982028898,
    10.108003267847));
#3887 = CARTESIAN_POINT('',(72.057273310884,77.605153300992,
    10.148330878573));
#3888 = CARTESIAN_POINT('',(72.069268319522,77.594012655203,
    10.188885741465));
#3889 = CARTESIAN_POINT('',(72.110149153321,77.556031514599,
    10.336937816349));
#3890 = CARTESIAN_POINT('',(72.134650315161,77.533243641142,
    10.445660486378));
#3891 = CARTESIAN_POINT('',(72.15414197946,77.515100618348,
    10.555482262676));
#3892 = CARTESIAN_POINT('',(72.168704023067,77.501539044777,
    10.666097201551));
#3893 = CARTESIAN_POINT('',(72.178391961225,77.492514332661,
    10.777223782481));
#3894 = CARTESIAN_POINT('',(72.183237202858,77.488000793129,
    10.88860265971));
#3895 = CARTESIAN_POINT('',(72.183237519766,77.488000497916,
    11.153963077201));
#3896 = CARTESIAN_POINT('',(72.173981826185,77.496622559123,
    11.30761835904));
#3897 = CARTESIAN_POINT('',(72.155535758598,77.51380579874,
    11.460541608524));
#3898 = CARTESIAN_POINT('',(72.127774605709,77.539653508628,
    11.612131300312));
#3899 = CARTESIAN_POINT('',(72.090480523928,77.574342784278,
    11.76162711874));
#3900 = CARTESIAN_POINT('',(72.043370839812,77.61809598536,
    11.908101720909));
#3901 = CARTESIAN_POINT('',(71.965169034313,77.69057379752,
    12.102292676582));
#3902 = CARTESIAN_POINT('',(71.942926356501,77.711176235267,
    12.153608311221));
#3903 = CARTESIAN_POINT('',(71.919311240309,77.733035641988,
    12.204313618055));
#3904 = CARTESIAN_POINT('',(71.894304956767,77.756166211144,
    12.254346527066));
#3905 = CARTESIAN_POINT('',(71.867888604106,77.780581943216,
    12.303638381836));
#3906 = CARTESIAN_POINT('',(71.840043365167,77.806296388867,
    12.352113940788));
#3907 = CARTESIAN_POINT('',(71.773584679303,77.867612647509,
    12.460057037133));
#3908 = CARTESIAN_POINT('',(71.734091452739,77.904011631883,
    12.518972128737));
#3909 = CARTESIAN_POINT('',(71.692231830198,77.942547043308,
    12.576273391882));
#3910 = CARTESIAN_POINT('',(71.647973641818,77.983238922006,
    12.631767602111));
#3911 = CARTESIAN_POINT('',(71.601296181214,78.026095775342,
    12.685234582932));
#3912 = CARTESIAN_POINT('',(71.552194583885,78.071110702816,
    12.736430216873));
#3913 = CARTESIAN_POINT('',(71.460876905362,78.154692655379,
    12.822693392479));
#3914 = CARTESIAN_POINT('',(71.419633615449,78.192398633014,
    12.858779991967));
#3915 = CARTESIAN_POINT('',(71.376964258967,78.231360841669,
    12.893225579433));
#3916 = CARTESIAN_POINT('',(71.33289053094,78.271553608824,
    12.925894920961));
#3917 = CARTESIAN_POINT('',(71.287448964758,78.312937648477,
    12.956645448535));
#3918 = CARTESIAN_POINT('',(71.240693998601,78.355457507881,
    12.985331484289));
#3919 = CARTESIAN_POINT('',(71.167035246618,78.422345642927,
    13.025967891579));
#3920 = CARTESIAN_POINT('',(71.141015698266,78.445955621828,
    13.03949541315));
#3921 = CARTESIAN_POINT('',(71.114654333942,78.469857246733,
    13.052368834014));
#3922 = CARTESIAN_POINT('',(71.087964828522,78.494037267877,
    13.064566173709));
#3923 = CARTESIAN_POINT('',(71.060962736378,78.518480779482,
    13.076066000589));
#3924 = CARTESIAN_POINT('',(71.033665633117,78.543171109237,
    13.086847765663));
#3925 = CARTESIAN_POINT('',(70.951265863709,78.617640091909,
    13.116865267296));
#3926 = CARTESIAN_POINT('',(70.895341094802,78.668101140121,
    13.133925738041));
#3927 = CARTESIAN_POINT('',(70.838485924075,78.719316307297,
    13.147916240211));
#3928 = CARTESIAN_POINT('',(70.78088693649,78.771112696021,
    13.158707067631));
#3929 = CARTESIAN_POINT('',(70.722750635217,78.823301170606,
    13.166203619656));
#3930 = CARTESIAN_POINT('',(70.664303748333,78.8756764711,
    13.170353904425));
#3931 = CARTESIAN_POINT('',(70.565235487972,78.964298906755,
    13.171712067085));
#3932 = CARTESIAN_POINT('',(70.524642169784,79.000568266469,
    13.17065946722));
#3933 = CARTESIAN_POINT('',(70.484093702426,79.036753677115,
    13.167997338318));
#3934 = CARTESIAN_POINT('',(70.443667346667,79.072786495062,
    13.163736180117));
#3935 = CARTESIAN_POINT('',(70.403437395472,79.108601212727,
    13.157896950034));
#3936 = CARTESIAN_POINT('',(70.363475066904,79.144135508927,
    13.150510116909));
#3937 = CARTESIAN_POINT('',(70.305983101019,79.195197525714,
    13.137604309793));
#3938 = CARTESIAN_POINT('',(70.288185706653,79.210996031469,
    13.13328719273));
#3939 = CARTESIAN_POINT('',(70.270462241379,79.226720587267,
    13.12866692201));
#3940 = CARTESIAN_POINT('',(70.252818470764,79.242366210185,
    13.123747313805));
#3941 = CARTESIAN_POINT('',(70.235259898474,79.257928163599,
    13.118532441992));
#3942 = CARTESIAN_POINT('',(70.217791766276,79.27340195719,
    13.113026638157));
#3943 = CARTESIAN_POINT('',(70.172634908094,79.313382774574,
    13.097971122499));
#3944 = CARTESIAN_POINT('',(70.145094734248,79.337745932177,
    13.08797528136));
#3945 = CARTESIAN_POINT('',(70.117818925114,79.361855432233,
    13.077265593097));
#3946 = CARTESIAN_POINT('',(70.090825842161,79.385695762665,
    13.065861896624));
#3947 = CARTESIAN_POINT('',(70.064131933031,79.409253166146,
    13.053784919115));
#3948 = CARTESIAN_POINT('',(70.03775184885,79.432515519417,
    13.041055950281));
#3949 = CARTESIAN_POINT('',(69.962131788784,79.499147668256,
    13.002279992269));
#3950 = CARTESIAN_POINT('',(69.913749046983,79.541715729704,
    12.974581935342));
#3951 = CARTESIAN_POINT('',(69.866636890938,79.583105822703,
    12.944750086587));
#3952 = CARTESIAN_POINT('',(69.820860164576,79.623266868184,
    12.912933717598));
#3953 = CARTESIAN_POINT('',(69.776464946541,79.662164443602,
    12.879279168634));
#3954 = CARTESIAN_POINT('',(69.733481495762,79.699777944282,
    12.843925386411));
#3955 = CARTESIAN_POINT('',(69.63779968663,79.783406938736,
    12.758900747102));
#3956 = CARTESIAN_POINT('',(69.586101849767,79.828516889718,
    12.708139064758));
#3957 = CARTESIAN_POINT('',(69.536865491511,79.871412263487,
    12.654992343748));
#3958 = CARTESIAN_POINT('',(69.490099686437,79.912096829192,
    12.599716509329));
#3959 = CARTESIAN_POINT('',(69.445795305545,79.950589354185,
    12.542542303178));
#3960 = CARTESIAN_POINT('',(69.403929543174,79.986919498846,
    12.483672103429));
#3961 = CARTESIAN_POINT('',(69.333296839506,80.048145833327,
    12.375563009331));
#3962 = CARTESIAN_POINT('',(69.303627325551,80.073839354642,
    12.32690049477));
#3963 = CARTESIAN_POINT('',(69.275447039112,80.098221505363,
    12.277375470428));
#3964 = CARTESIAN_POINT('',(69.248740294628,80.121309827634,
    12.227067210435));
#3965 = CARTESIAN_POINT('',(69.223490871351,80.143121945817,
    12.176048007696));
#3966 = CARTESIAN_POINT('',(69.199682300766,80.163675336572,
    12.124383187936));
#3967 = CARTESIAN_POINT('',(69.115239270292,80.236527956653,
    11.927264990828));
#3968 = CARTESIAN_POINT('',(69.064153017037,80.280504514433,
    11.777940578265));
#3969 = CARTESIAN_POINT('',(69.023645762521,80.315318828467,
    11.625335211258));
#3970 = CARTESIAN_POINT('',(68.993469420551,80.341226920843,
    11.470441513635));
#3971 = CARTESIAN_POINT('',(68.973426517939,80.358425882824,
    11.31412216089));
#3972 = CARTESIAN_POINT('',(68.963395179135,80.367033822124,
    11.157106577493));
#3973 = CARTESIAN_POINT('',(68.963395179135,80.367033822124,
    10.885938399138));
#3974 = CARTESIAN_POINT('',(68.968682770138,80.362496510315,
    10.771901726004));
#3975 = CARTESIAN_POINT('',(68.979253737928,80.353425506087,
    10.658141326396));
#3976 = CARTESIAN_POINT('',(68.995139120762,80.339790367216,
    10.544934782773));
#3977 = CARTESIAN_POINT('',(69.016393056103,80.321537032156,
    10.432585963515));
#3978 = CARTESIAN_POINT('',(69.043091820397,80.298588296248,
    10.321427613151));
#3979 = CARTESIAN_POINT('',(69.087509603582,80.260365526025,
    10.17048495049));
#3980 = CARTESIAN_POINT('',(69.100464959772,80.249213325475,
    10.129366113425));
#3981 = CARTESIAN_POINT('',(69.114215752861,80.237372011577,
    10.088490158873));
#3982 = CARTESIAN_POINT('',(69.128767959864,80.224835465669,
    10.047878701345));
#3983 = CARTESIAN_POINT('',(69.144127912429,80.211597159067,
    10.007554783371));
#3984 = CARTESIAN_POINT('',(69.160302296842,80.197650153067,
    9.967542875494));
#3985 = CARTESIAN_POINT('',(69.199345051955,80.163966295569,
    9.87640406327));
#3986 = CARTESIAN_POINT('',(69.222773792899,80.143740980451,9.8255088941
    ));
#3987 = CARTESIAN_POINT('',(69.247600056054,80.122294831427,
    9.775239187601));
#3988 = CARTESIAN_POINT('',(69.273839565771,80.099611164391,
    9.725657279207));
#3989 = CARTESIAN_POINT('',(69.301507828952,80.075673142957,
    9.676832035635));
#3990 = CARTESIAN_POINT('',(69.330619872452,80.050463988121,
    9.628838869577));
#3991 = CARTESIAN_POINT('',(69.400265222857,79.990098518244,
    9.521582412644));
#3992 = CARTESIAN_POINT('',(69.441719623636,79.954128703821,
    9.462903321512));
#3993 = CARTESIAN_POINT('',(69.485584813653,79.91602176375,
    9.405889623781));
#3994 = CARTESIAN_POINT('',(69.531883684493,79.875748178208,
    9.350739073319));
#3995 = CARTESIAN_POINT('',(69.580626070025,79.833288800127,
    9.297677048024));
#3996 = CARTESIAN_POINT('',(69.631804427947,79.788638766879,
    9.246953562776));
#3997 = CARTESIAN_POINT('',(69.726904623567,79.705531874046,
    9.161564472506));
#3998 = CARTESIAN_POINT('',(69.76986151461,79.667947893,9.125858061049)
  );
#3999 = CARTESIAN_POINT('',(69.814243705316,79.629068267382,
    9.091848664597));
#4000 = CARTESIAN_POINT('',(69.860021869948,79.588912728448,
    9.059676049915));
#4001 = CARTESIAN_POINT('',(69.907150869589,79.547514805081,
    9.029487687958));
#4002 = CARTESIAN_POINT('',(69.955566775561,79.50492468872,
    9.001434307881));
#4003 = CARTESIAN_POINT('',(70.073437185316,79.40108107128,
    8.940217818869));
#4004 = CARTESIAN_POINT('',(70.143985773147,79.33880640634,
    8.909081188424));
#4005 = CARTESIAN_POINT('',(70.216571145873,79.274600770614,
    8.882668824536));
#4006 = CARTESIAN_POINT('',(70.290868736509,79.2087368824,8.861359430768
    ));
#4007 = CARTESIAN_POINT('',(70.366482917844,79.141553678871,
    8.845476888529));
#4008 = CARTESIAN_POINT('',(70.442940497507,79.073464042473,
    8.835252427985));
#4009 = CARTESIAN_POINT('',(70.519682711769,79.004964086008,
    8.830769230769));
#4010 = PCURVE('',#1432,#4011);
#4011 = DEFINITIONAL_REPRESENTATION('',(#4012),#4177);
#4012 = B_SPLINE_CURVE_WITH_KNOTS('',7,(#4013,#4014,#4015,#4016,#4017,
    #4018,#4019,#4020,#4021,#4022,#4023,#4024,#4025,#4026,#4027,#4028,
    #4029,#4030,#4031,#4032,#4033,#4034,#4035,#4036,#4037,#4038,#4039,
    #4040,#4041,#4042,#4043,#4044,#4045,#4046,#4047,#4048,#4049,#4050,
    #4051,#4052,#4053,#4054,#4055,#4056,#4057,#4058,#4059,#4060,#4061,
    #4062,#4063,#4064,#4065,#4066,#4067,#4068,#4069,#4070,#4071,#4072,
    #4073,#4074,#4075,#4076,#4077,#4078,#4079,#4080,#4081,#4082,#4083,
    #4084,#4085,#4086,#4087,#4088,#4089,#4090,#4091,#4092,#4093,#4094,
    #4095,#4096,#4097,#4098,#4099,#4100,#4101,#4102,#4103,#4104,#4105,
    #4106,#4107,#4108,#4109,#4110,#4111,#4112,#4113,#4114,#4115,#4116,
    #4117,#4118,#4119,#4120,#4121,#4122,#4123,#4124,#4125,#4126,#4127,
    #4128,#4129,#4130,#4131,#4132,#4133,#4134,#4135,#4136,#4137,#4138,
    #4139,#4140,#4141,#4142,#4143,#4144,#4145,#4146,#4147,#4148,#4149,
    #4150,#4151,#4152,#4153,#4154,#4155,#4156,#4157,#4158,#4159,#4160,
    #4161,#4162,#4163,#4164,#4165,#4166,#4167,#4168,#4169,#4170,#4171,
    #4172,#4173,#4174,#4175,#4176),.UNSPECIFIED.,.F.,.F.,(8,6,6,6,6,6,6,
    6,6,6,6,6,6,6,6,6,6,6,6,6,6,6,6,6,6,6,6,8),(0.,7.096392247938E-03,
    3.209574745333E-02,5.839552033235E-02,9.061729859852E-02,
    0.132267077776,0.164700408662,0.189422708389,0.254492004512,
    0.344429718927,0.37720864552,0.418798138222,0.450938562734,
    0.468126700551,0.502305140784,0.525996915905,0.536678120665,
    0.553760551304,0.58626013371,0.628593214488,0.662037331018,
    0.754759406287,0.82207694645,0.847469114616,0.880407643931,
    0.922510243491,0.955129272678,1.),.UNSPECIFIED.);
#4013 = CARTESIAN_POINT('',(-0.842085743066,-7.830769230769));
#4014 = CARTESIAN_POINT('',(-0.841931826575,-7.830058846968));
#4015 = CARTESIAN_POINT('',(-0.841777790594,-7.829492590565));
#4016 = CARTESIAN_POINT('',(-0.84162366116,-7.829070797228));
#4017 = CARTESIAN_POINT('',(-0.841469464499,-7.828793714808));
#4018 = CARTESIAN_POINT('',(-0.841315227028,-7.828661503338));
#4019 = CARTESIAN_POINT('',(-0.841160975351,-7.828674235031));
#4020 = CARTESIAN_POINT('',(-0.840463378792,-7.829387300385));
#4021 = CARTESIAN_POINT('',(-0.839920152672,-7.831741349519));
#4022 = CARTESIAN_POINT('',(-0.839378262402,-7.8358934088));
#4023 = CARTESIAN_POINT('',(-0.838838858468,-7.841828645117));
#4024 = CARTESIAN_POINT('',(-0.838303036292,-7.849519299273));
#4025 = CARTESIAN_POINT('',(-0.837771835188,-7.858925960124));
#4026 = CARTESIAN_POINT('',(-0.836693298851,-7.881647706863));
#4027 = CARTESIAN_POINT('',(-0.836146526292,-7.895141423896));
#4028 = CARTESIAN_POINT('',(-0.835607035639,-7.910422667767));
#4029 = CARTESIAN_POINT('',(-0.835075791136,-7.927423984649));
#4030 = CARTESIAN_POINT('',(-0.834553617358,-7.946070674095));
#4031 = CARTESIAN_POINT('',(-0.834041211311,-7.966283674185));
#4032 = CARTESIAN_POINT('',(-0.832924047991,-8.014567202327));
#4033 = CARTESIAN_POINT('',(-0.832324472886,-8.043382367733));
#4034 = CARTESIAN_POINT('',(-0.831741441807,-8.074281368827));
#4035 = CARTESIAN_POINT('',(-0.831175697051,-8.10711648432));
#4036 = CARTESIAN_POINT('',(-0.8306277491,-8.141743162714));
#4037 = CARTESIAN_POINT('',(-0.830097915098,-8.178024339321));
#4038 = CARTESIAN_POINT('',(-0.828925119216,-8.264708387102));
#4039 = CARTESIAN_POINT('',(-0.828294473485,-8.316132745196));
#4040 = CARTESIAN_POINT('',(-0.827694691776,-8.369840263066));
#4041 = CARTESIAN_POINT('',(-0.827125780033,-8.425584610607));
#4042 = CARTESIAN_POINT('',(-0.826587534309,-8.483143725025));
#4043 = CARTESIAN_POINT('',(-0.826079596558,-8.542322843757));
#4044 = CARTESIAN_POINT('',(-0.825229217322,-8.650174716465));
#4045 = CARTESIAN_POINT('',(-0.824875048557,-8.698271650729));
#4046 = CARTESIAN_POINT('',(-0.824538798455,-8.747168804607));
#4047 = CARTESIAN_POINT('',(-0.824220254899,-8.7967929958));
#4048 = CARTESIAN_POINT('',(-0.823919202593,-8.847077395651));
#4049 = CARTESIAN_POINT('',(-0.823635426314,-8.897961529511));
#4050 = CARTESIAN_POINT('',(-0.823165412899,-8.988593591531));
#4051 = CARTESIAN_POINT('',(-0.822972029438,-9.028112331085));
#4052 = CARTESIAN_POINT('',(-0.822788471592,-9.067923209097));
#4053 = CARTESIAN_POINT('',(-0.822614652104,-9.108003267847));
#4054 = CARTESIAN_POINT('',(-0.822450488656,-9.148330878573));
#4055 = CARTESIAN_POINT('',(-0.82229590387,-9.188885741465));
#4056 = CARTESIAN_POINT('',(-0.821768977337,-9.336937816349));
#4057 = CARTESIAN_POINT('',(-0.821453015755,-9.445660486378));
#4058 = CARTESIAN_POINT('',(-0.821201563237,-9.555482262676));
#4059 = CARTESIAN_POINT('',(-0.821013659747,-9.666097201551));
#4060 = CARTESIAN_POINT('',(-0.820888634723,-9.777223782481));
#4061 = CARTESIAN_POINT('',(-0.820826105801,-9.88860265971));
#4062 = CARTESIAN_POINT('',(-0.820826101711,-10.1539630772));
#4063 = CARTESIAN_POINT('',(-0.820945548544,-10.30761835904));
#4064 = CARTESIAN_POINT('',(-0.821183599,-10.46054160852));
#4065 = CARTESIAN_POINT('',(-0.821541779629,-10.61213130031));
#4066 = CARTESIAN_POINT('',(-0.822022735445,-10.76162711874));
#4067 = CARTESIAN_POINT('',(-0.82262985111,-10.9081017209));
#4068 = CARTESIAN_POINT('',(-0.823636682357,-11.10229267658));
#4069 = CARTESIAN_POINT('',(-0.823922973794,-11.15360831122));
#4070 = CARTESIAN_POINT('',(-0.824226838738,-11.20431361805));
#4071 = CARTESIAN_POINT('',(-0.824548498059,-11.25434652706));
#4072 = CARTESIAN_POINT('',(-0.824888172606,-11.30363838183));
#4073 = CARTESIAN_POINT('',(-0.825246079794,-11.35211394078));
#4074 = CARTESIAN_POINT('',(-0.826099938833,-11.46005703713));
#4075 = CARTESIAN_POINT('',(-0.826607101008,-11.51897212873));
#4076 = CARTESIAN_POINT('',(-0.82714436667,-11.57627339188));
#4077 = CARTESIAN_POINT('',(-0.827712087683,-11.63176760211));
#4078 = CARTESIAN_POINT('',(-0.828310462642,-11.68523458293));
#4079 = CARTESIAN_POINT('',(-0.828939481711,-11.73643021687));
#4080 = CARTESIAN_POINT('',(-0.830108448882,-11.82269339247));
#4081 = CARTESIAN_POINT('',(-0.83063613122,-11.85877999196));
#4082 = CARTESIAN_POINT('',(-0.831181756403,-11.89322557943));
#4083 = CARTESIAN_POINT('',(-0.831745009925,-11.92589492096));
#4084 = CARTESIAN_POINT('',(-0.832325387203,-11.95664544853));
#4085 = CARTESIAN_POINT('',(-0.832922155944,-11.98533148428));
#4086 = CARTESIAN_POINT('',(-0.833861692358,-12.02596789157));
#4087 = CARTESIAN_POINT('',(-0.834193464876,-12.03949541315));
#4088 = CARTESIAN_POINT('',(-0.834529478372,-12.05236883401));
#4089 = CARTESIAN_POINT('',(-0.834869553201,-12.0645661737));
#4090 = CARTESIAN_POINT('',(-0.835213486077,-12.07606600058));
#4091 = CARTESIAN_POINT('',(-0.835561048373,-12.08684776566));
#4092 = CARTESIAN_POINT('',(-0.836609817278,-12.11686526729));
#4093 = CARTESIAN_POINT('',(-0.837321103888,-12.13392573804));
#4094 = CARTESIAN_POINT('',(-0.838043683875,-12.14791624021));
#4095 = CARTESIAN_POINT('',(-0.838775156044,-12.15870706763));
#4096 = CARTESIAN_POINT('',(-0.839512876893,-12.16620361965));
#4097 = CARTESIAN_POINT('',(-0.840253959134,-12.17035390442));
#4098 = CARTESIAN_POINT('',(-0.841509131426,-12.17171206708));
#4099 = CARTESIAN_POINT('',(-0.842023163946,-12.17065946722));
#4100 = CARTESIAN_POINT('',(-0.842536352511,-12.16799733831));
#4101 = CARTESIAN_POINT('',(-0.843047721431,-12.16373618011));
#4102 = CARTESIAN_POINT('',(-0.843556335635,-12.15789695003));
#4103 = CARTESIAN_POINT('',(-0.844061301736,-12.1505101169));
#4104 = CARTESIAN_POINT('',(-0.844787399894,-12.13760430979));
#4105 = CARTESIAN_POINT('',(-0.845012120374,-12.13328719273));
#4106 = CARTESIAN_POINT('',(-0.845235855203,-12.12866692201));
#4107 = CARTESIAN_POINT('',(-0.845458532447,-12.1237473138));
#4108 = CARTESIAN_POINT('',(-0.845680083563,-12.11853244199));
#4109 = CARTESIAN_POINT('',(-0.845900443404,-12.11302663815));
#4110 = CARTESIAN_POINT('',(-0.846469967317,-12.09797112249));
#4111 = CARTESIAN_POINT('',(-0.846817180578,-12.08797528136));
#4112 = CARTESIAN_POINT('',(-0.84716093705,-12.07726559309));
#4113 = CARTESIAN_POINT('',(-0.847501009882,-12.06586189662));
#4114 = CARTESIAN_POINT('',(-0.84783719673,-12.05378491911));
#4115 = CARTESIAN_POINT('',(-0.848169318176,-12.04105595028));
#4116 = CARTESIAN_POINT('',(-0.849121046961,-12.00227999226));
#4117 = CARTESIAN_POINT('',(-0.849729575851,-11.97458193534));
#4118 = CARTESIAN_POINT('',(-0.850321749395,-11.94475008658));
#4119 = CARTESIAN_POINT('',(-0.850896789612,-11.91293371759));
#4120 = CARTESIAN_POINT('',(-0.851454155364,-11.87927916863));
#4121 = CARTESIAN_POINT('',(-0.851993503779,-11.84392538641));
#4122 = CARTESIAN_POINT('',(-0.853193484864,-11.7589007471));
#4123 = CARTESIAN_POINT('',(-0.853841376643,-11.70813906475));
#4124 = CARTESIAN_POINT('',(-0.854458006088,-11.65499234374));
#4125 = CARTESIAN_POINT('',(-0.855043332405,-11.59971650932));
#4126 = CARTESIAN_POINT('',(-0.85559753726,-11.54254230317));
#4127 = CARTESIAN_POINT('',(-0.856120967135,-11.48367210342));
#4128 = CARTESIAN_POINT('',(-0.857003642863,-11.37556300933));
#4129 = CARTESIAN_POINT('',(-0.857374260408,-11.32690049477));
#4130 = CARTESIAN_POINT('',(-0.857726141023,-11.27737547042));
#4131 = CARTESIAN_POINT('',(-0.858059505184,-11.22706721043));
#4132 = CARTESIAN_POINT('',(-0.858374577663,-11.17604800769));
#4133 = CARTESIAN_POINT('',(-0.858671584063,-11.12438318793));
#4134 = CARTESIAN_POINT('',(-0.859724713081,-10.92726499082));
#4135 = CARTESIAN_POINT('',(-0.860361231029,-10.77794057826));
#4136 = CARTESIAN_POINT('',(-0.860865596356,-10.62533521125));
#4137 = CARTESIAN_POINT('',(-0.861241161617,-10.47044151363));
#4138 = CARTESIAN_POINT('',(-0.861490553936,-10.31412216089));
#4139 = CARTESIAN_POINT('',(-0.861615372962,-10.15710657749));
#4140 = CARTESIAN_POINT('',(-0.861615372962,-9.885938399138));
#4141 = CARTESIAN_POINT('',(-0.861549579922,-9.771901726004));
#4142 = CARTESIAN_POINT('',(-0.861418046302,-9.658141326396));
#4143 = CARTESIAN_POINT('',(-0.861220362473,-9.544934782773));
#4144 = CARTESIAN_POINT('',(-0.86095580804,-9.432585963515));
#4145 = CARTESIAN_POINT('',(-0.860623361577,-9.321427613151));
#4146 = CARTESIAN_POINT('',(-0.860070012611,-9.17048495049));
#4147 = CARTESIAN_POINT('',(-0.859908593973,-9.129366113425));
#4148 = CARTESIAN_POINT('',(-0.859737237479,-9.088490158873));
#4149 = CARTESIAN_POINT('',(-0.859555862651,-9.047878701345));
#4150 = CARTESIAN_POINT('',(-0.859364383943,-9.007554783371));
#4151 = CARTESIAN_POINT('',(-0.859162710739,-8.967542875494));
#4152 = CARTESIAN_POINT('',(-0.858675790053,-8.87640406327));
#4153 = CARTESIAN_POINT('',(-0.858383523034,-8.8255088941));
#4154 = CARTESIAN_POINT('',(-0.858073733482,-8.775239187601));
#4155 = CARTESIAN_POINT('',(-0.857746206005,-8.725657279207));
#4156 = CARTESIAN_POINT('',(-0.8574007258,-8.676832035635));
#4157 = CARTESIAN_POINT('',(-0.857037081816,-8.628838869577));
#4158 = CARTESIAN_POINT('',(-0.85616677567,-8.521582412644));
#4159 = CARTESIAN_POINT('',(-0.855648509669,-8.462903321512));
#4160 = CARTESIAN_POINT('',(-0.855099823479,-8.405889623781));
#4161 = CARTESIAN_POINT('',(-0.854520370888,-8.350739073319));
#4162 = CARTESIAN_POINT('',(-0.853909962867,-8.297677048024));
#4163 = CARTESIAN_POINT('',(-0.853268622539,-8.246953562776));
#4164 = CARTESIAN_POINT('',(-0.852076021143,-8.161564472506));
#4165 = CARTESIAN_POINT('',(-0.851537045032,-8.125858061049));
#4166 = CARTESIAN_POINT('',(-0.850979883502,-8.091848664597));
#4167 = CARTESIAN_POINT('',(-0.850404867366,-8.059676049915));
#4168 = CARTESIAN_POINT('',(-0.849812525529,-8.029487687958));
#4169 = CARTESIAN_POINT('',(-0.849203623952,-8.001434307881));
#4170 = CARTESIAN_POINT('',(-0.847720253555,-7.940217818869));
#4171 = CARTESIAN_POINT('',(-0.846831658415,-7.909081188424));
#4172 = CARTESIAN_POINT('',(-0.845916577316,-7.882668824536));
#4173 = CARTESIAN_POINT('',(-0.844979010953,-7.861359430768));
#4174 = CARTESIAN_POINT('',(-0.844023876566,-7.845476888529));
#4175 = CARTESIAN_POINT('',(-0.843057102462,-7.835252427985));
#4176 = CARTESIAN_POINT('',(-0.842085743066,-7.830769230769));
#4177 = ( GEOMETRIC_REPRESENTATION_CONTEXT(2) 
PARAMETRIC_REPRESENTATION_CONTEXT() REPRESENTATION_CONTEXT('2D SPACE',''
  ) );
#4178 = PCURVE('',#4179,#4184);
#4179 = CONICAL_SURFACE('',#4180,2.4,0.655695626242);
#4180 = AXIS2_PLACEMENT_3D('',#4181,#4182,#4183);
#4181 = CARTESIAN_POINT('',(70.731814746125,79.217096120364,11.));
#4182 = DIRECTION('',(0.707106781187,0.707106781187,-0.));
#4183 = DIRECTION('',(0.,0.,-1.));
#4184 = DEFINITIONAL_REPRESENTATION('',(#4185),#4350);
#4185 = B_SPLINE_CURVE_WITH_KNOTS('',7,(#4186,#4187,#4188,#4189,#4190,
    #4191,#4192,#4193,#4194,#4195,#4196,#4197,#4198,#4199,#4200,#4201,
    #4202,#4203,#4204,#4205,#4206,#4207,#4208,#4209,#4210,#4211,#4212,
    #4213,#4214,#4215,#4216,#4217,#4218,#4219,#4220,#4221,#4222,#4223,
    #4224,#4225,#4226,#4227,#4228,#4229,#4230,#4231,#4232,#4233,#4234,
    #4235,#4236,#4237,#4238,#4239,#4240,#4241,#4242,#4243,#4244,#4245,
    #4246,#4247,#4248,#4249,#4250,#4251,#4252,#4253,#4254,#4255,#4256,
    #4257,#4258,#4259,#4260,#4261,#4262,#4263,#4264,#4265,#4266,#4267,
    #4268,#4269,#4270,#4271,#4272,#4273,#4274,#4275,#4276,#4277,#4278,
    #4279,#4280,#4281,#4282,#4283,#4284,#4285,#4286,#4287,#4288,#4289,
    #4290,#4291,#4292,#4293,#4294,#4295,#4296,#4297,#4298,#4299,#4300,
    #4301,#4302,#4303,#4304,#4305,#4306,#4307,#4308,#4309,#4310,#4311,
    #4312,#4313,#4314,#4315,#4316,#4317,#4318,#4319,#4320,#4321,#4322,
    #4323,#4324,#4325,#4326,#4327,#4328,#4329,#4330,#4331,#4332,#4333,
    #4334,#4335,#4336,#4337,#4338,#4339,#4340,#4341,#4342,#4343,#4344,
    #4345,#4346,#4347,#4348,#4349),.UNSPECIFIED.,.F.,.F.,(8,6,6,6,6,6,6,
    6,6,6,6,6,6,6,6,6,6,6,6,6,6,6,6,6,6,6,6,8),(0.,7.096392247938E-03,
    3.209574745333E-02,5.839552033235E-02,9.061729859852E-02,
    0.132267077776,0.164700408662,0.189422708389,0.254492004512,
    0.344429718927,0.37720864552,0.418798138222,0.450938562734,
    0.468126700551,0.502305140784,0.525996915905,0.536678120665,
    0.553760551304,0.58626013371,0.628593214488,0.662037331018,
    0.754759406287,0.82207694645,0.847469114616,0.880407643931,
    0.922510243491,0.955129272678,1.),.UNSPECIFIED.);
#4186 = CARTESIAN_POINT('',(6.217248937901E-15,-0.3));
#4187 = CARTESIAN_POINT('',(-7.50200212808E-03,-0.299076501058));
#4188 = CARTESIAN_POINT('',(-1.500417153126E-02,-0.298155207385));
#4189 = CARTESIAN_POINT('',(-2.250595492441E-02,-0.297236283458));
#4190 = CARTESIAN_POINT('',(-3.000679347202E-02,-0.29631989187));
#4191 = CARTESIAN_POINT('',(-3.750612278818E-02,-0.295406193325));
#4192 = CARTESIAN_POINT('',(-4.500337293658E-02,-0.294495346641));
#4193 = CARTESIAN_POINT('',(-7.890012438917E-02,-0.290389353804));
#4194 = CARTESIAN_POINT('',(-0.105270521575,-0.287228391342));
#4195 = CARTESIAN_POINT('',(-0.131582357676,-0.284111684042));
#4196 = CARTESIAN_POINT('',(-0.157811556151,-0.281045484764));
#4197 = CARTESIAN_POINT('',(-0.183936050255,-0.278035279412));
#4198 = CARTESIAN_POINT('',(-0.209935067068,-0.275085829807));
#4199 = CARTESIAN_POINT('',(-0.262986596505,-0.269166551338));
#4200 = CARTESIAN_POINT('',(-0.290025289379,-0.266203451133));
#4201 = CARTESIAN_POINT('',(-0.316882516857,-0.263316522385));
#4202 = CARTESIAN_POINT('',(-0.343540978342,-0.26050911911));
#4203 = CARTESIAN_POINT('',(-0.369987285173,-0.257783520514));
#4204 = CARTESIAN_POINT('',(-0.396211199868,-0.255141108631));
#4205 = CARTESIAN_POINT('',(-0.454051631317,-0.249447863382));
#4206 = CARTESIAN_POINT('',(-0.485552960564,-0.24643902976));
#4207 = CARTESIAN_POINT('',(-0.516697686088,-0.243556937845));
#4208 = CARTESIAN_POINT('',(-0.547480905477,-0.240800858552));
#4209 = CARTESIAN_POINT('',(-0.577903180441,-0.238168811853));
#4210 = CARTESIAN_POINT('',(-0.607969726346,-0.235657937687));
#4211 = CARTESIAN_POINT('',(-0.676105428336,-0.230171590323));
#4212 = CARTESIAN_POINT('',(-0.713938784615,-0.227275403069));
#4213 = CARTESIAN_POINT('',(-0.751213779281,-0.224568549496));
#4214 = CARTESIAN_POINT('',(-0.787956677747,-0.222042612421));
#4215 = CARTESIAN_POINT('',(-0.824196629123,-0.219688872193));
#4216 = CARTESIAN_POINT('',(-0.859966393205,-0.217498665787));
#4217 = CARTESIAN_POINT('',(-0.922820285371,-0.21387912213));
#4218 = CARTESIAN_POINT('',(-0.950073234831,-0.212388753219));
#4219 = CARTESIAN_POINT('',(-0.977078564151,-0.210988764612));
#4220 = CARTESIAN_POINT('',(-1.003852129913,-0.209675531544));
#4221 = CARTESIAN_POINT('',(-1.030409390262,-0.208445679284));
#4222 = CARTESIAN_POINT('',(-1.056765798173,-0.207296083371));
#4223 = CARTESIAN_POINT('',(-1.10288633631,-0.205406575318));
#4224 = CARTESIAN_POINT('',(-1.122727727182,-0.204634252328));
#4225 = CARTESIAN_POINT('',(-1.142468095493,-0.203905639081));
#4226 = CARTESIAN_POINT('',(-1.162114039479,-0.203219566681));
#4227 = CARTESIAN_POINT('',(-1.18167202746,-0.20257495914));
#4228 = CARTESIAN_POINT('',(-1.201148397839,-0.201970833376));
#4229 = CARTESIAN_POINT('',(-1.271612848651,-0.199920440655));
#4230 = CARTESIAN_POINT('',(-1.322149988124,-0.198708962821));
#4231 = CARTESIAN_POINT('',(-1.372281500389,-0.197755329267));
#4232 = CARTESIAN_POINT('',(-1.422111805547,-0.19704789012));
#4233 = CARTESIAN_POINT('',(-1.471739073022,-0.196578918489));
#4234 = CARTESIAN_POINT('',(-1.521263631988,-0.196344369684));
#4235 = CARTESIAN_POINT('',(-1.63925582587,-0.196344354343));
#4236 = CARTESIAN_POINT('',(-1.707579686459,-0.19679240009));
#4237 = CARTESIAN_POINT('',(-1.776142198422,-0.197685354313));
#4238 = CARTESIAN_POINT('',(-1.845243004094,-0.199038362834));
#4239 = CARTESIAN_POINT('',(-1.915149130418,-0.200880238912));
#4240 = CARTESIAN_POINT('',(-1.986140958304,-0.203253630827));
#4241 = CARTESIAN_POINT('',(-2.084954767182,-0.207301105333));
#4242 = CARTESIAN_POINT('',(-2.111537123451,-0.208460930205));
#4243 = CARTESIAN_POINT('',(-2.13832387372,-0.209702404278));
#4244 = CARTESIAN_POINT('',(-2.165330871554,-0.21102873464));
#4245 = CARTESIAN_POINT('',(-2.192573972042,-0.212443387025));
#4246 = CARTESIAN_POINT('',(-2.220069442109,-0.213950085408));
#4247 = CARTESIAN_POINT('',(-2.283062165657,-0.217586330569));
#4248 = CARTESIAN_POINT('',(-2.31872104706,-0.219774290203));
#4249 = CARTESIAN_POINT('',(-2.354847690219,-0.222124862426));
#4250 = CARTESIAN_POINT('',(-2.391474475845,-0.224646624186));
#4251 = CARTESIAN_POINT('',(-2.428630195988,-0.227348201494));
#4252 = CARTESIAN_POINT('',(-2.466340759843,-0.23023791346));
#4253 = CARTESIAN_POINT('',(-2.534219806152,-0.235707897743));
#4254 = CARTESIAN_POINT('',(-2.564153339506,-0.238209155244));
#4255 = CARTESIAN_POINT('',(-2.594439385915,-0.240830504611));
#4256 = CARTESIAN_POINT('',(-2.62508304967,-0.24357475836));
#4257 = CARTESIAN_POINT('',(-2.656084859063,-0.246443862884));
#4258 = CARTESIAN_POINT('',(-2.687439972408,-0.249438535588));
#4259 = CARTESIAN_POINT('',(-2.736088606314,-0.254226084738));
#4260 = CARTESIAN_POINT('',(-2.753137516277,-0.255929907635));
#4261 = CARTESIAN_POINT('',(-2.770282144843,-0.257669206059));
#4262 = CARTESIAN_POINT('',(-2.78752000542,-0.259443679407));
#4263 = CARTESIAN_POINT('',(-2.804848009088,-0.261252869057));
#4264 = CARTESIAN_POINT('',(-2.822262379775,-0.263096136279));
#4265 = CARTESIAN_POINT('',(-2.874549567649,-0.268704049361));
#4266 = CARTESIAN_POINT('',(-2.909669832842,-0.272567483315));
#4267 = CARTESIAN_POINT('',(-2.94507551747,-0.276555568073));
#4268 = CARTESIAN_POINT('',(-2.980720793058,-0.280658625075));
#4269 = CARTESIAN_POINT('',(-3.016554582501,-0.28486437366));
#4270 = CARTESIAN_POINT('',(-3.052517292385,-0.289157633569));
#4271 = CARTESIAN_POINT('',(-3.113506026184,-0.296543947053));
#4272 = CARTESIAN_POINT('',(-3.138505079785,-0.299601447412));
#4273 = CARTESIAN_POINT('',(-3.163512206095,-0.302686594399));
#4274 = CARTESIAN_POINT('',(-3.188506603099,-0.30579329478));
#4275 = CARTESIAN_POINT('',(-3.213468655885,-0.308915336349));
#4276 = CARTESIAN_POINT('',(-3.238379425757,-0.312046428064));
#4277 = CARTESIAN_POINT('',(-3.27441933176,-0.316593088674));
#4278 = CARTESIAN_POINT('',(-3.285604486422,-0.318006516365));
#4279 = CARTESIAN_POINT('',(-3.296774023301,-0.319419958811));
#4280 = CARTESIAN_POINT('',(-3.307926447582,-0.320832862597));
#4281 = CARTESIAN_POINT('',(-3.319060349658,-0.322244685344));
#4282 = CARTESIAN_POINT('',(-3.330174405134,-0.323654895697));
#4283 = CARTESIAN_POINT('',(-3.359008340348,-0.327314909246));
#4284 = CARTESIAN_POINT('',(-3.376695422904,-0.329561398974));
#4285 = CARTESIAN_POINT('',(-3.394323526254,-0.331800317594));
#4286 = CARTESIAN_POINT('',(-3.411888260397,-0.334029650281));
#4287 = CARTESIAN_POINT('',(-3.42938587109,-0.336247494695));
#4288 = CARTESIAN_POINT('',(-3.446813169369,-0.338452063364));
#4289 = CARTESIAN_POINT('',(-3.497184263231,-0.344807476341));
#4290 = CARTESIAN_POINT('',(-3.5299360063,-0.348919076249));
#4291 = CARTESIAN_POINT('',(-3.562406118666,-0.352965185832));
#4292 = CARTESIAN_POINT('',(-3.594584328497,-0.356936071863));
#4293 = CARTESIAN_POINT('',(-3.626465998221,-0.360823492238));
#4294 = CARTESIAN_POINT('',(-3.658051459022,-0.364620620368));
#4295 = CARTESIAN_POINT('',(-3.730107918849,-0.373143247359));
#4296 = CARTESIAN_POINT('',(-3.770372153986,-0.377801586139));
#4297 = CARTESIAN_POINT('',(-3.810153210317,-0.38228533927));
#4298 = CARTESIAN_POINT('',(-3.849469053189,-0.386585424865));
#4299 = CARTESIAN_POINT('',(-3.888341377706,-0.390695027582));
#4300 = CARTESIAN_POINT('',(-3.92679653272,-0.394609300404));
#4301 = CARTESIAN_POINT('',(-3.994942559125,-0.401260607842));
#4302 = CARTESIAN_POINT('',(-4.024776309641,-0.404072059199));
#4303 = CARTESIAN_POINT('',(-4.054382412705,-0.406757746722));
#4304 = CARTESIAN_POINT('',(-4.08377489049,-0.409316357605));
#4305 = CARTESIAN_POINT('',(-4.112967519989,-0.411746899347));
#4306 = CARTESIAN_POINT('',(-4.141974281998,-0.414048659079));
#4307 = CARTESIAN_POINT('',(-4.250754813451,-0.422244316864));
#4308 = CARTESIAN_POINT('',(-4.329352953801,-0.427271630746));
#4309 = CARTESIAN_POINT('',(-4.406956693874,-0.431297147568));
#4310 = CARTESIAN_POINT('',(-4.483815613637,-0.434315255796));
#4311 = CARTESIAN_POINT('',(-4.560167859351,-0.436326225506));
#4312 = CARTESIAN_POINT('',(-4.636256337199,-0.437332720945));
#4313 = CARTESIAN_POINT('',(-4.767662357847,-0.437332720945));
#4314 = CARTESIAN_POINT('',(-4.822923735456,-0.436802193439));
#4315 = CARTESIAN_POINT('',(-4.878280819104,-0.435741559034));
#4316 = CARTESIAN_POINT('',(-4.933829408864,-0.434150396268));
#4317 = CARTESIAN_POINT('',(-4.989661252189,-0.432028651461));
#4318 = CARTESIAN_POINT('',(-5.045873342676,-0.42937698096));
#4319 = CARTESIAN_POINT('',(-5.123967905042,-0.424996445285));
#4320 = CARTESIAN_POINT('',(-5.145426797188,-0.423721421704));
#4321 = CARTESIAN_POINT('',(-5.166961016537,-0.422371216019));
#4322 = CARTESIAN_POINT('',(-5.188576337948,-0.420945928391));
#4323 = CARTESIAN_POINT('',(-5.210278635446,-0.419445698143));
#4324 = CARTESIAN_POINT('',(-5.232073882228,-0.417870703763));
#4325 = CARTESIAN_POINT('',(-5.282369230781,-0.41408139092));
#4326 = CARTESIAN_POINT('',(-5.310936445795,-0.411816226795));
#4327 = CARTESIAN_POINT('',(-5.33968375265,-0.409426125172));
#4328 = CARTESIAN_POINT('',(-5.368624508485,-0.4069117647));
#4329 = CARTESIAN_POINT('',(-5.397771886711,-0.404274085464));
#4330 = CARTESIAN_POINT('',(-5.427139293079,-0.401514326424));
#4331 = CARTESIAN_POINT('',(-5.494577918104,-0.394952459974));
#4332 = CARTESIAN_POINT('',(-5.532794541751,-0.39107427177));
#4333 = CARTESIAN_POINT('',(-5.571422066599,-0.387002574185));
#4334 = CARTESIAN_POINT('',(-5.610486534078,-0.382742054093));
#4335 = CARTESIAN_POINT('',(-5.650009537207,-0.378299296918));
#4336 = CARTESIAN_POINT('',(-5.690009144633,-0.373683074271));
#4337 = CARTESIAN_POINT('',(-5.761871792427,-0.365202528541));
#4338 = CARTESIAN_POINT('',(-5.793535994817,-0.361403307448));
#4339 = CARTESIAN_POINT('',(-5.825498472571,-0.35751240636));
#4340 = CARTESIAN_POINT('',(-5.857759948469,-0.353536609601));
#4341 = CARTESIAN_POINT('',(-5.890316175401,-0.349484126704));
#4342 = CARTESIAN_POINT('',(-5.923157284411,-0.345364671365));
#4343 = CARTESIAN_POINT('',(-6.001813030767,-0.335446231401));
#4344 = CARTESIAN_POINT('',(-6.047882219246,-0.329595684417));
#4345 = CARTESIAN_POINT('',(-6.094407686403,-0.32367031556));
#4346 = CARTESIAN_POINT('',(-6.141309796513,-0.317706787387));
#4347 = CARTESIAN_POINT('',(-6.188494040682,-0.311745185808));
#4348 = CARTESIAN_POINT('',(-6.235840540872,-0.305828156381));
#4349 = CARTESIAN_POINT('',(-6.28318530718,-0.3));
#4350 = ( GEOMETRIC_REPRESENTATION_CONTEXT(2) 
PARAMETRIC_REPRESENTATION_CONTEXT() REPRESENTATION_CONTEXT('2D SPACE',''
  ) );
#4351 = FACE_BOUND('',#4352,.T.);
#4352 = EDGE_LOOP('',(#4353));
#4353 = ORIENTED_EDGE('',*,*,#4354,.F.);
#4354 = EDGE_CURVE('',#4355,#4355,#4357,.T.);
#4355 = VERTEX_POINT('',#4356);
#4356 = CARTESIAN_POINT('',(-79.004964086,70.519682711769,8.830769230769
    ));
#4357 = SURFACE_CURVE('',#4358,(#4523,#4691),.PCURVE_S1.);
#4358 = B_SPLINE_CURVE_WITH_KNOTS('',7,(#4359,#4360,#4361,#4362,#4363,
    #4364,#4365,#4366,#4367,#4368,#4369,#4370,#4371,#4372,#4373,#4374,
    #4375,#4376,#4377,#4378,#4379,#4380,#4381,#4382,#4383,#4384,#4385,
    #4386,#4387,#4388,#4389,#4390,#4391,#4392,#4393,#4394,#4395,#4396,
    #4397,#4398,#4399,#4400,#4401,#4402,#4403,#4404,#4405,#4406,#4407,
    #4408,#4409,#4410,#4411,#4412,#4413,#4414,#4415,#4416,#4417,#4418,
    #4419,#4420,#4421,#4422,#4423,#4424,#4425,#4426,#4427,#4428,#4429,
    #4430,#4431,#4432,#4433,#4434,#4435,#4436,#4437,#4438,#4439,#4440,
    #4441,#4442,#4443,#4444,#4445,#4446,#4447,#4448,#4449,#4450,#4451,
    #4452,#4453,#4454,#4455,#4456,#4457,#4458,#4459,#4460,#4461,#4462,
    #4463,#4464,#4465,#4466,#4467,#4468,#4469,#4470,#4471,#4472,#4473,
    #4474,#4475,#4476,#4477,#4478,#4479,#4480,#4481,#4482,#4483,#4484,
    #4485,#4486,#4487,#4488,#4489,#4490,#4491,#4492,#4493,#4494,#4495,
    #4496,#4497,#4498,#4499,#4500,#4501,#4502,#4503,#4504,#4505,#4506,
    #4507,#4508,#4509,#4510,#4511,#4512,#4513,#4514,#4515,#4516,#4517,
    #4518,#4519,#4520,#4521,#4522),.UNSPECIFIED.,.T.,.F.,(8,6,6,6,6,6,6,
    6,6,6,6,6,6,6,6,6,6,6,6,6,6,6,6,6,6,6,6,8),(0.,7.032179218259E-03,
    3.21231607101E-02,5.844539898557E-02,9.069470125481E-02,
    0.132380057881,0.164841093481,0.189584511122,0.248835107125,
    0.344642807907,0.377411080467,0.418987055463,0.451117033471,
    0.46829958468,0.502466915999,0.526150990656,0.536828723737,
    0.553905602125,0.586394621292,0.628713942679,0.662147188972,
    0.754839946924,0.822134784365,0.847518698232,0.880446520132,
    0.922535433291,0.955143858924,1.),.UNSPECIFIED.);
#4359 = CARTESIAN_POINT('',(-79.004964086,70.519682711769,8.830769230769
    ));
#4360 = CARTESIAN_POINT('',(-78.99421736125,70.531722536261,
    8.830065877235));
#4361 = CARTESIAN_POINT('',(-78.98346021614,70.54376972613,
    8.829503811647));
#4362 = CARTESIAN_POINT('',(-78.972694441,70.555822263618,8.829083360702
    ));
#4363 = CARTESIAN_POINT('',(-78.96192183559,70.567878124784,
    8.828804766378));
#4364 = CARTESIAN_POINT('',(-78.95114420908,70.579935279501,
    8.828668185936));
#4365 = CARTESIAN_POINT('',(-78.94036338007,70.591991691458,
    8.828673691919));
#4366 = CARTESIAN_POINT('',(-78.89111001992,70.647052942848,
    8.829347841921));
#4367 = CARTESIAN_POINT('',(-78.85261967716,70.690026997327,
    8.831683180768));
#4368 = CARTESIAN_POINT('',(-78.81419596538,70.732871582074,
    8.835826809265));
#4369 = CARTESIAN_POINT('',(-78.77592122893,70.775495427323,
    8.841763880746));
#4370 = CARTESIAN_POINT('',(-78.73787422538,70.817811945951,
    8.849466469919));
#4371 = CARTESIAN_POINT('',(-78.70013001148,70.859739286343,
    8.85889486148));
#4372 = CARTESIAN_POINT('',(-78.62355582877,70.944696050275,
    8.881647706864));
#4373 = CARTESIAN_POINT('',(-78.584760938,70.987681397542,8.895141423899
    ));
#4374 = CARTESIAN_POINT('',(-78.5464554335,71.030069635827,
    8.910422667771));
#4375 = CARTESIAN_POINT('',(-78.50870914119,71.071786195934,
    8.927423984653));
#4376 = CARTESIAN_POINT('',(-78.47158221083,71.112767704793,8.9460706741
    ));
#4377 = CARTESIAN_POINT('',(-78.43512589081,71.152960959534,
    8.966283674191));
#4378 = CARTESIAN_POINT('',(-78.35559244008,71.240545874903,
    9.014567202335));
#4379 = CARTESIAN_POINT('',(-78.31287268467,71.287520763632,
    9.043382367743));
#4380 = CARTESIAN_POINT('',(-78.27129931701,71.333170024766,
    9.074281368838));
#4381 = CARTESIAN_POINT('',(-78.2309285488,71.377438477689,
    9.107116484333));
#4382 = CARTESIAN_POINT('',(-78.19180013347,71.420289169165,
    9.141743162729));
#4383 = CARTESIAN_POINT('',(-78.15393997656,71.461700238371,
    9.178024339338));
#4384 = CARTESIAN_POINT('',(-78.07008312203,71.553315959751,
    9.264708387124));
#4385 = CARTESIAN_POINT('',(-78.0249510485,71.602543860572,
    9.316132745221));
#4386 = CARTESIAN_POINT('',(-77.9819926481,71.649330330007,
    9.369840263094));
#4387 = CARTESIAN_POINT('',(-77.94121460217,71.693680590406,
    9.425584610639));
#4388 = CARTESIAN_POINT('',(-77.90260807115,71.735615812778,
    9.48314372506));
#4389 = CARTESIAN_POINT('',(-77.86615261481,71.775168688727,
    9.542322843796));
#4390 = CARTESIAN_POINT('',(-77.80508485885,71.841355252413,
    9.650174716511));
#4391 = CARTESIAN_POINT('',(-77.77963857156,71.868909239628,
    9.698271650779));
#4392 = CARTESIAN_POINT('',(-77.75546869259,71.895059001471,
    9.747168804662));
#4393 = CARTESIAN_POINT('',(-77.73256199511,71.919822890973,
    9.79679299586));
#4394 = CARTESIAN_POINT('',(-77.71090482788,71.94321933194,
    9.847077395715));
#4395 = CARTESIAN_POINT('',(-77.69048335981,71.965266574151,
    9.897961529579));
#4396 = CARTESIAN_POINT('',(-77.65664898236,72.001773119511,
    9.988593591609));
#4397 = CARTESIAN_POINT('',(-77.64272434016,72.01678999136,
    10.028112331169));
#4398 = CARTESIAN_POINT('',(-77.62950391574,72.03104083051,
    10.067923209188));
#4399 = CARTESIAN_POINT('',(-77.61698202886,72.044532970284,
    10.108003267945));
#4400 = CARTESIAN_POINT('',(-77.60515330096,72.057273310916,
    10.148330878676));
#4401 = CARTESIAN_POINT('',(-77.59401265517,72.069268319554,
    10.188885741575));
#4402 = CARTESIAN_POINT('',(-77.55851416934,72.107476958792,
    10.327260324307));
#4403 = CARTESIAN_POINT('',(-77.53739286563,72.130188874416,
    10.426059528317));
#4404 = CARTESIAN_POINT('',(-77.52012325078,72.148745510371,
    10.525793306447));
#4405 = CARTESIAN_POINT('',(-77.50665571234,72.163209354322,
    10.626228775745));
#4406 = CARTESIAN_POINT('',(-77.49695384713,72.173625817301,
    10.72715077126));
#4407 = CARTESIAN_POINT('',(-77.49099430592,72.18002363612,
    10.828360430512));
#4408 = CARTESIAN_POINT('',(-77.48517806716,72.186267445403,
    11.09349965833));
#4409 = CARTESIAN_POINT('',(-77.49135838928,72.179632357009,
    11.257449789001));
#4410 = CARTESIAN_POINT('',(-77.50725843027,72.162566875429,
    11.420824703832));
#4411 = CARTESIAN_POINT('',(-77.53297115283,72.134957957077,
    11.582815310765));
#4412 = CARTESIAN_POINT('',(-77.56867582754,72.096581622859,
    11.742479872025));
#4413 = CARTESIAN_POINT('',(-77.6146107085,72.047131369199,
    11.898763563169));
#4414 = CARTESIAN_POINT('',(-77.69057379752,71.965169034312,
    12.102292676585));
#4415 = CARTESIAN_POINT('',(-77.71117623526,71.9429263565,
    12.153608311224));
#4416 = CARTESIAN_POINT('',(-77.73303564198,71.919311240308,
    12.204313618058));
#4417 = CARTESIAN_POINT('',(-77.75616621114,71.894304956766,
    12.254346527069));
#4418 = CARTESIAN_POINT('',(-77.78058194321,71.867888604105,
    12.303638381839));
#4419 = CARTESIAN_POINT('',(-77.80629638886,71.840043365165,
    12.352113940791));
#4420 = CARTESIAN_POINT('',(-77.86761264751,71.773584679301,
    12.460057037136));
#4421 = CARTESIAN_POINT('',(-77.90401163188,71.734091452738,
    12.51897212874));
#4422 = CARTESIAN_POINT('',(-77.94254704331,71.692231830196,
    12.576273391885));
#4423 = CARTESIAN_POINT('',(-77.983238922,71.647973641816,
    12.631767602115));
#4424 = CARTESIAN_POINT('',(-78.02609577534,71.601296181211,
    12.685234582936));
#4425 = CARTESIAN_POINT('',(-78.07111070281,71.552194583882,
    12.736430216876));
#4426 = CARTESIAN_POINT('',(-78.15469265538,71.460876905359,
    12.822693392483));
#4427 = CARTESIAN_POINT('',(-78.19239863301,71.419633615445,
    12.858779991971));
#4428 = CARTESIAN_POINT('',(-78.23136084167,71.376964258963,
    12.893225579437));
#4429 = CARTESIAN_POINT('',(-78.27155360882,71.332890530936,
    12.925894920964));
#4430 = CARTESIAN_POINT('',(-78.31293764848,71.287448964753,
    12.956645448538));
#4431 = CARTESIAN_POINT('',(-78.35545750788,71.240693998596,
    12.985331484294));
#4432 = CARTESIAN_POINT('',(-78.42234564293,71.167035246613,
    13.025967891583));
#4433 = CARTESIAN_POINT('',(-78.44595562183,71.14101569826,
    13.039495413153));
#4434 = CARTESIAN_POINT('',(-78.46985724673,71.114654333936,
    13.052368834017));
#4435 = CARTESIAN_POINT('',(-78.49403726788,71.087964828517,
    13.064566173712));
#4436 = CARTESIAN_POINT('',(-78.51848077948,71.060962736373,
    13.076066000592));
#4437 = CARTESIAN_POINT('',(-78.54317110924,71.033665633112,
    13.086847765666));
#4438 = CARTESIAN_POINT('',(-78.61764009191,70.951265863703,
    13.116865267299));
#4439 = CARTESIAN_POINT('',(-78.66810114012,70.895341094796,
    13.133925738043));
#4440 = CARTESIAN_POINT('',(-78.7193163073,70.838485924068,
    13.147916240213));
#4441 = CARTESIAN_POINT('',(-78.77111269602,70.780886936482,
    13.158707067634));
#4442 = CARTESIAN_POINT('',(-78.82330117061,70.722750635209,
    13.166203619658));
#4443 = CARTESIAN_POINT('',(-78.8756764711,70.664303748326,
    13.170353904426));
#4444 = CARTESIAN_POINT('',(-78.96429890676,70.565235487963,
    13.171712067085));
#4445 = CARTESIAN_POINT('',(-79.00056826647,70.524642169776,
    13.17065946722));
#4446 = CARTESIAN_POINT('',(-79.03675367712,70.484093702418,
    13.167997338319));
#4447 = CARTESIAN_POINT('',(-79.07278649507,70.443667346657,
    13.163736180117));
#4448 = CARTESIAN_POINT('',(-79.10860121273,70.403437395463,
    13.157896950033));
#4449 = CARTESIAN_POINT('',(-79.14413550893,70.363475066895,
    13.150510116907));
#4450 = CARTESIAN_POINT('',(-79.19519752572,70.305983101009,
    13.137604309792));
#4451 = CARTESIAN_POINT('',(-79.21099603147,70.288185706643,
    13.133287192728));
#4452 = CARTESIAN_POINT('',(-79.22672058727,70.270462241369,
    13.128666922008));
#4453 = CARTESIAN_POINT('',(-79.24236621019,70.252818470754,
    13.123747313803));
#4454 = CARTESIAN_POINT('',(-79.2579281636,70.235259898464,
    13.11853244199));
#4455 = CARTESIAN_POINT('',(-79.27340195719,70.217791766265,
    13.113026638154));
#4456 = CARTESIAN_POINT('',(-79.31338277458,70.172634908083,
    13.097971122495));
#4457 = CARTESIAN_POINT('',(-79.33774593218,70.145094734238,
    13.087975281357));
#4458 = CARTESIAN_POINT('',(-79.36185543224,70.117818925103,
    13.077265593094));
#4459 = CARTESIAN_POINT('',(-79.38569576267,70.09082584215,
    13.06586189662));
#4460 = CARTESIAN_POINT('',(-79.40925316615,70.06413193302,
    13.05378491911));
#4461 = CARTESIAN_POINT('',(-79.43251551942,70.037751848838,
    13.041055950276));
#4462 = CARTESIAN_POINT('',(-79.49914766826,69.962131788772,
    13.002279992262));
#4463 = CARTESIAN_POINT('',(-79.54171572971,69.913749046971,
    12.974581935336));
#4464 = CARTESIAN_POINT('',(-79.58310582271,69.866636890925,
    12.94475008658));
#4465 = CARTESIAN_POINT('',(-79.62326686819,69.820860164564,
    12.91293371759));
#4466 = CARTESIAN_POINT('',(-79.66216444361,69.776464946528,
    12.879279168625));
#4467 = CARTESIAN_POINT('',(-79.69977794429,69.733481495749,
    12.843925386401));
#4468 = CARTESIAN_POINT('',(-79.78340693874,69.637799686616,
    12.758900747089));
#4469 = CARTESIAN_POINT('',(-79.82851688973,69.586101849752,
    12.708139064744));
#4470 = CARTESIAN_POINT('',(-79.87141226349,69.536865491496,
    12.654992343733));
#4471 = CARTESIAN_POINT('',(-79.9120968292,69.490099686423,
    12.599716509312));
#4472 = CARTESIAN_POINT('',(-79.95058935419,69.445795305531,
    12.542542303159));
#4473 = CARTESIAN_POINT('',(-79.98691949885,69.403929543159,
    12.483672103409));
#4474 = CARTESIAN_POINT('',(-80.04814583334,69.333296839491,
    12.375563009308));
#4475 = CARTESIAN_POINT('',(-80.07383935465,69.303627325536,
    12.326900494744));
#4476 = CARTESIAN_POINT('',(-80.09822150537,69.275447039096,
    12.2773754704));
#4477 = CARTESIAN_POINT('',(-80.12130982764,69.248740294612,
    12.227067210405));
#4478 = CARTESIAN_POINT('',(-80.14312194583,69.223490871334,
    12.176048007665));
#4479 = CARTESIAN_POINT('',(-80.16367533658,69.199682300749,
    12.124383187902));
#4480 = CARTESIAN_POINT('',(-80.23652843023,69.11523872137,
    11.927263709456));
#4481 = CARTESIAN_POINT('',(-80.28050529227,69.064152113443,
    11.777937937003));
#4482 = CARTESIAN_POINT('',(-80.31531975209,69.023644687861,
    11.625331162519));
#4483 = CARTESIAN_POINT('',(-80.34122783741,68.993468352974,
    11.470436034179));
#4484 = CARTESIAN_POINT('',(-80.3584266434,68.973425631596,
    11.314115248098));
#4485 = CARTESIAN_POINT('',(-80.36703427886,68.963394646865,
    11.157098245109));
#4486 = CARTESIAN_POINT('',(-80.3670334905,68.963395565591,
    10.885930065333));
#4487 = CARTESIAN_POINT('',(-80.36249595789,68.96868341391,
    10.771894798099));
#4488 = CARTESIAN_POINT('',(-80.35342484179,68.979254511855,
    10.658135810951));
#4489 = CARTESIAN_POINT('',(-80.33978970022,68.9951398974,
    10.544930677418));
#4490 = CARTESIAN_POINT('',(-80.32153647309,69.016393706518,
    10.432583255586));
#4491 = CARTESIAN_POINT('',(-80.2985879582,69.043092213231,
    10.321426278192));
#4492 = CARTESIAN_POINT('',(-80.26036552601,69.087509603599,
    10.170484950431));
#4493 = CARTESIAN_POINT('',(-80.24921332546,69.10046495979,
    10.129366113369));
#4494 = CARTESIAN_POINT('',(-80.23737201156,69.114215752879,
    10.088490158819));
#4495 = CARTESIAN_POINT('',(-80.22483546565,69.128767959882,
    10.047878701294));
#4496 = CARTESIAN_POINT('',(-80.21159715905,69.144127912448,
    10.007554783323));
#4497 = CARTESIAN_POINT('',(-80.19765015305,69.16030229686,
    9.967542875448));
#4498 = CARTESIAN_POINT('',(-80.16396629555,69.199345051973,
    9.876404063228));
#4499 = CARTESIAN_POINT('',(-80.14374098043,69.222773792917,
    9.82550889406));
#4500 = CARTESIAN_POINT('',(-80.12229483141,69.247600056073,
    9.775239187563));
#4501 = CARTESIAN_POINT('',(-80.09961116437,69.27383956579,
    9.725657279171));
#4502 = CARTESIAN_POINT('',(-80.07567314294,69.301507828972,
    9.676832035602));
#4503 = CARTESIAN_POINT('',(-80.0504639881,69.330619872471,
    9.628838869544));
#4504 = CARTESIAN_POINT('',(-79.99009851822,69.400265222877,
    9.521582412615));
#4505 = CARTESIAN_POINT('',(-79.9541287038,69.441719623655,
    9.462903321485));
#4506 = CARTESIAN_POINT('',(-79.91602176373,69.485584813673,
    9.405889623755));
#4507 = CARTESIAN_POINT('',(-79.87574817819,69.531883684514,
    9.350739073295));
#4508 = CARTESIAN_POINT('',(-79.8332888001,69.580626070046,
    9.297677048002));
#4509 = CARTESIAN_POINT('',(-79.78863876686,69.631804427968,
    9.246953562755));
#4510 = CARTESIAN_POINT('',(-79.70553187402,69.726904623588,
    9.161564472488));
#4511 = CARTESIAN_POINT('',(-79.66794789298,69.769861514632,
    9.125858061032));
#4512 = CARTESIAN_POINT('',(-79.62906826736,69.814243705338,
    9.091848664581));
#4513 = CARTESIAN_POINT('',(-79.58891272842,69.860021869969,
    9.059676049899));
#4514 = CARTESIAN_POINT('',(-79.54751480506,69.90715086961,
    9.029487687943));
#4515 = CARTESIAN_POINT('',(-79.5049246887,69.955566775582,
    9.001434307868));
#4516 = CARTESIAN_POINT('',(-79.40108107126,70.073437185335,
    8.94021781886));
#4517 = CARTESIAN_POINT('',(-79.33880640632,70.143985773164,
    8.909081188416));
#4518 = CARTESIAN_POINT('',(-79.2746007706,70.216571145886,
    8.882668824533));
#4519 = CARTESIAN_POINT('',(-79.20873688239,70.290868736519,
    8.861359430766));
#4520 = CARTESIAN_POINT('',(-79.14155367886,70.366482917852,
    8.845476888526));
#4521 = CARTESIAN_POINT('',(-79.07346404247,70.442940497509,
    8.835252427985));
#4522 = CARTESIAN_POINT('',(-79.004964086,70.519682711769,8.830769230769
    ));
#4523 = PCURVE('',#1432,#4524);
#4524 = DEFINITIONAL_REPRESENTATION('',(#4525),#4690);
#4525 = B_SPLINE_CURVE_WITH_KNOTS('',7,(#4526,#4527,#4528,#4529,#4530,
    #4531,#4532,#4533,#4534,#4535,#4536,#4537,#4538,#4539,#4540,#4541,
    #4542,#4543,#4544,#4545,#4546,#4547,#4548,#4549,#4550,#4551,#4552,
    #4553,#4554,#4555,#4556,#4557,#4558,#4559,#4560,#4561,#4562,#4563,
    #4564,#4565,#4566,#4567,#4568,#4569,#4570,#4571,#4572,#4573,#4574,
    #4575,#4576,#4577,#4578,#4579,#4580,#4581,#4582,#4583,#4584,#4585,
    #4586,#4587,#4588,#4589,#4590,#4591,#4592,#4593,#4594,#4595,#4596,
    #4597,#4598,#4599,#4600,#4601,#4602,#4603,#4604,#4605,#4606,#4607,
    #4608,#4609,#4610,#4611,#4612,#4613,#4614,#4615,#4616,#4617,#4618,
    #4619,#4620,#4621,#4622,#4623,#4624,#4625,#4626,#4627,#4628,#4629,
    #4630,#4631,#4632,#4633,#4634,#4635,#4636,#4637,#4638,#4639,#4640,
    #4641,#4642,#4643,#4644,#4645,#4646,#4647,#4648,#4649,#4650,#4651,
    #4652,#4653,#4654,#4655,#4656,#4657,#4658,#4659,#4660,#4661,#4662,
    #4663,#4664,#4665,#4666,#4667,#4668,#4669,#4670,#4671,#4672,#4673,
    #4674,#4675,#4676,#4677,#4678,#4679,#4680,#4681,#4682,#4683,#4684,
    #4685,#4686,#4687,#4688,#4689),.UNSPECIFIED.,.T.,.F.,(8,6,6,6,6,6,6,
    6,6,6,6,6,6,6,6,6,6,6,6,6,6,6,6,6,6,6,6,8),(0.,7.032179218259E-03,
    3.21231607101E-02,5.844539898557E-02,9.069470125481E-02,
    0.132380057881,0.164841093481,0.189584511122,0.248835107125,
    0.344642807907,0.377411080467,0.418987055463,0.451117033471,
    0.46829958468,0.502466915999,0.526150990656,0.536828723737,
    0.553905602125,0.586394621292,0.628713942679,0.662147188972,
    0.754839946924,0.822134784365,0.847518698232,0.880446520132,
    0.922535433291,0.955143858924,1.),.UNSPECIFIED.);
#4526 = CARTESIAN_POINT('',(-2.41288206986,-7.830769230769));
#4527 = CARTESIAN_POINT('',(-2.412729676595,-7.830065877235));
#4528 = CARTESIAN_POINT('',(-2.412577165918,-7.829503811647));
#4529 = CARTESIAN_POINT('',(-2.412424563297,-7.829083360702));
#4530 = CARTESIAN_POINT('',(-2.4122718943,-7.828804766378));
#4531 = CARTESIAN_POINT('',(-2.4121191846,-7.828668185936));
#4532 = CARTESIAN_POINT('',(-2.411966459972,-7.828673691919));
#4533 = CARTESIAN_POINT('',(-2.411268860282,-7.829347841921));
#4534 = CARTESIAN_POINT('',(-2.410724089749,-7.831683180768));
#4535 = CARTESIAN_POINT('',(-2.410180649638,-7.835826809265));
#4536 = CARTESIAN_POINT('',(-2.40963970045,-7.841763880746));
#4537 = CARTESIAN_POINT('',(-2.409102347161,-7.849466469919));
#4538 = CARTESIAN_POINT('',(-2.408569638146,-7.85889486148));
#4539 = CARTESIAN_POINT('',(-2.407489625646,-7.881647706864));
#4540 = CARTESIAN_POINT('',(-2.406942853086,-7.895141423899));
#4541 = CARTESIAN_POINT('',(-2.406403362434,-7.910422667771));
#4542 = CARTESIAN_POINT('',(-2.405872117931,-7.927423984653));
#4543 = CARTESIAN_POINT('',(-2.405349944153,-7.9460706741));
#4544 = CARTESIAN_POINT('',(-2.404837538106,-7.966283674191));
#4545 = CARTESIAN_POINT('',(-2.403720374786,-8.014567202335));
#4546 = CARTESIAN_POINT('',(-2.403120799681,-8.043382367743));
#4547 = CARTESIAN_POINT('',(-2.402537768602,-8.074281368838));
#4548 = CARTESIAN_POINT('',(-2.401972023846,-8.107116484333));
#4549 = CARTESIAN_POINT('',(-2.401424075894,-8.141743162729));
#4550 = CARTESIAN_POINT('',(-2.400894241893,-8.178024339338));
#4551 = CARTESIAN_POINT('',(-2.39972144601,-8.264708387124));
#4552 = CARTESIAN_POINT('',(-2.39909080028,-8.316132745221));
#4553 = CARTESIAN_POINT('',(-2.39849101857,-8.369840263094));
#4554 = CARTESIAN_POINT('',(-2.397922106827,-8.425584610639));
#4555 = CARTESIAN_POINT('',(-2.397383861104,-8.48314372506));
#4556 = CARTESIAN_POINT('',(-2.396875923352,-8.542322843796));
#4557 = CARTESIAN_POINT('',(-2.396025544117,-8.650174716511));
#4558 = CARTESIAN_POINT('',(-2.395671375352,-8.698271650779));
#4559 = CARTESIAN_POINT('',(-2.39533512525,-8.747168804662));
#4560 = CARTESIAN_POINT('',(-2.395016581694,-8.79679299586));
#4561 = CARTESIAN_POINT('',(-2.394715529387,-8.847077395715));
#4562 = CARTESIAN_POINT('',(-2.394431753109,-8.897961529579));
#4563 = CARTESIAN_POINT('',(-2.393961739694,-8.988593591609));
#4564 = CARTESIAN_POINT('',(-2.393768356233,-9.028112331169));
#4565 = CARTESIAN_POINT('',(-2.393584798387,-9.067923209188));
#4566 = CARTESIAN_POINT('',(-2.393410978899,-9.108003267945));
#4567 = CARTESIAN_POINT('',(-2.393246815451,-9.148330878676));
#4568 = CARTESIAN_POINT('',(-2.393092230664,-9.188885741575));
#4569 = CARTESIAN_POINT('',(-2.392599746927,-9.327260324307));
#4570 = CARTESIAN_POINT('',(-2.392306874752,-9.426059528317));
#4571 = CARTESIAN_POINT('',(-2.392067504362,-9.525793306447));
#4572 = CARTESIAN_POINT('',(-2.391880884625,-9.626228775745));
#4573 = CARTESIAN_POINT('',(-2.391746467463,-9.72715077126));
#4574 = CARTESIAN_POINT('',(-2.391663904034,-9.828360430512));
#4575 = CARTESIAN_POINT('',(-2.391583327079,-10.09349965833));
#4576 = CARTESIAN_POINT('',(-2.391668950944,-10.257449789));
#4577 = CARTESIAN_POINT('',(-2.39188920314,-10.42082470383));
#4578 = CARTESIAN_POINT('',(-2.392245463066,-10.58281531076));
#4579 = CARTESIAN_POINT('',(-2.39274043214,-10.74247987202));
#4580 = CARTESIAN_POINT('',(-2.393377761906,-10.89876356316));
#4581 = CARTESIAN_POINT('',(-2.394433009152,-11.10229267658));
#4582 = CARTESIAN_POINT('',(-2.394719300588,-11.15360831122));
#4583 = CARTESIAN_POINT('',(-2.395023165533,-11.20431361805));
#4584 = CARTESIAN_POINT('',(-2.395344824853,-11.25434652706));
#4585 = CARTESIAN_POINT('',(-2.395684499401,-11.30363838183));
#4586 = CARTESIAN_POINT('',(-2.396042406589,-11.35211394079));
#4587 = CARTESIAN_POINT('',(-2.396896265628,-11.46005703713));
#4588 = CARTESIAN_POINT('',(-2.397403427803,-11.51897212874));
#4589 = CARTESIAN_POINT('',(-2.397940693465,-11.57627339188));
#4590 = CARTESIAN_POINT('',(-2.398508414478,-11.63176760211));
#4591 = CARTESIAN_POINT('',(-2.399106789437,-11.68523458293));
#4592 = CARTESIAN_POINT('',(-2.399735808506,-11.73643021687));
#4593 = CARTESIAN_POINT('',(-2.400904775677,-11.82269339248));
#4594 = CARTESIAN_POINT('',(-2.401432458014,-11.85877999197));
#4595 = CARTESIAN_POINT('',(-2.401978083198,-11.89322557943));
#4596 = CARTESIAN_POINT('',(-2.40254133672,-11.92589492096));
#4597 = CARTESIAN_POINT('',(-2.403121713998,-11.95664544853));
#4598 = CARTESIAN_POINT('',(-2.403718482739,-11.98533148429));
#4599 = CARTESIAN_POINT('',(-2.404658019153,-12.02596789158));
#4600 = CARTESIAN_POINT('',(-2.404989791671,-12.03949541315));
#4601 = CARTESIAN_POINT('',(-2.405325805167,-12.05236883401));
#4602 = CARTESIAN_POINT('',(-2.405665879996,-12.06456617371));
#4603 = CARTESIAN_POINT('',(-2.406009812872,-12.07606600059));
#4604 = CARTESIAN_POINT('',(-2.406357375168,-12.08684776566));
#4605 = CARTESIAN_POINT('',(-2.407406144073,-12.11686526729));
#4606 = CARTESIAN_POINT('',(-2.408117430682,-12.13392573804));
#4607 = CARTESIAN_POINT('',(-2.40884001067,-12.14791624021));
#4608 = CARTESIAN_POINT('',(-2.409571482839,-12.15870706763));
#4609 = CARTESIAN_POINT('',(-2.410309203688,-12.16620361965));
#4610 = CARTESIAN_POINT('',(-2.411050285929,-12.17035390442));
#4611 = CARTESIAN_POINT('',(-2.412305458221,-12.17171206708));
#4612 = CARTESIAN_POINT('',(-2.412819490741,-12.17065946722));
#4613 = CARTESIAN_POINT('',(-2.413332679306,-12.16799733831));
#4614 = CARTESIAN_POINT('',(-2.413844048226,-12.16373618011));
#4615 = CARTESIAN_POINT('',(-2.41435266243,-12.15789695003));
#4616 = CARTESIAN_POINT('',(-2.414857628531,-12.1505101169));
#4617 = CARTESIAN_POINT('',(-2.415583726689,-12.13760430979));
#4618 = CARTESIAN_POINT('',(-2.415808447169,-12.13328719272));
#4619 = CARTESIAN_POINT('',(-2.416032181998,-12.128666922));
#4620 = CARTESIAN_POINT('',(-2.416254859242,-12.1237473138));
#4621 = CARTESIAN_POINT('',(-2.416476410358,-12.11853244199));
#4622 = CARTESIAN_POINT('',(-2.416696770199,-12.11302663815));
#4623 = CARTESIAN_POINT('',(-2.417266294112,-12.09797112249));
#4624 = CARTESIAN_POINT('',(-2.417613507373,-12.08797528135));
#4625 = CARTESIAN_POINT('',(-2.417957263845,-12.07726559309));
#4626 = CARTESIAN_POINT('',(-2.418297336677,-12.06586189662));
#4627 = CARTESIAN_POINT('',(-2.418633523525,-12.05378491911));
#4628 = CARTESIAN_POINT('',(-2.418965644971,-12.04105595027));
#4629 = CARTESIAN_POINT('',(-2.419917373756,-12.00227999226));
#4630 = CARTESIAN_POINT('',(-2.420525902646,-11.97458193533));
#4631 = CARTESIAN_POINT('',(-2.42111807619,-11.94475008658));
#4632 = CARTESIAN_POINT('',(-2.421693116407,-11.91293371759));
#4633 = CARTESIAN_POINT('',(-2.422250482159,-11.87927916862));
#4634 = CARTESIAN_POINT('',(-2.422789830574,-11.8439253864));
#4635 = CARTESIAN_POINT('',(-2.42398981166,-11.75890074708));
#4636 = CARTESIAN_POINT('',(-2.424637703438,-11.70813906474));
#4637 = CARTESIAN_POINT('',(-2.425254332883,-11.65499234373));
#4638 = CARTESIAN_POINT('',(-2.4258396592,-11.59971650931));
#4639 = CARTESIAN_POINT('',(-2.426393864055,-11.54254230315));
#4640 = CARTESIAN_POINT('',(-2.42691729393,-11.4836721034));
#4641 = CARTESIAN_POINT('',(-2.427799969659,-11.3755630093));
#4642 = CARTESIAN_POINT('',(-2.428170587203,-11.32690049474));
#4643 = CARTESIAN_POINT('',(-2.428522467818,-11.2773754704));
#4644 = CARTESIAN_POINT('',(-2.428855831979,-11.2270672104));
#4645 = CARTESIAN_POINT('',(-2.429170904458,-11.17604800766));
#4646 = CARTESIAN_POINT('',(-2.429467910858,-11.1243831879));
#4647 = CARTESIAN_POINT('',(-2.430521046722,-10.92726370945));
#4648 = CARTESIAN_POINT('',(-2.431157569082,-10.777937937));
#4649 = CARTESIAN_POINT('',(-2.431661936532,-10.62533116251));
#4650 = CARTESIAN_POINT('',(-2.432037501699,-10.47043603417));
#4651 = CARTESIAN_POINT('',(-2.432286891759,-10.31411524809));
#4652 = CARTESIAN_POINT('',(-2.43241170638,-10.1570982451));
#4653 = CARTESIAN_POINT('',(-2.432411694948,-9.885930065333));
#4654 = CARTESIAN_POINT('',(-2.432345898707,-9.771894798099));
#4655 = CARTESIAN_POINT('',(-2.432214363465,-9.658135810951));
#4656 = CARTESIAN_POINT('',(-2.432016679601,-9.544930677418));
#4657 = CARTESIAN_POINT('',(-2.431752126736,-9.432583255586));
#4658 = CARTESIAN_POINT('',(-2.431419683478,-9.321426278192));
#4659 = CARTESIAN_POINT('',(-2.430866339406,-9.170484950431));
#4660 = CARTESIAN_POINT('',(-2.430704920768,-9.129366113369));
#4661 = CARTESIAN_POINT('',(-2.430533564274,-9.088490158819));
#4662 = CARTESIAN_POINT('',(-2.430352189446,-9.047878701294));
#4663 = CARTESIAN_POINT('',(-2.430160710737,-9.007554783323));
#4664 = CARTESIAN_POINT('',(-2.429959037534,-8.967542875448));
#4665 = CARTESIAN_POINT('',(-2.429472116848,-8.876404063228));
#4666 = CARTESIAN_POINT('',(-2.429179849829,-8.82550889406));
#4667 = CARTESIAN_POINT('',(-2.428870060277,-8.775239187563));
#4668 = CARTESIAN_POINT('',(-2.4285425328,-8.725657279171));
#4669 = CARTESIAN_POINT('',(-2.428197052595,-8.676832035602));
#4670 = CARTESIAN_POINT('',(-2.42783340861,-8.628838869544));
#4671 = CARTESIAN_POINT('',(-2.426963102465,-8.521582412615));
#4672 = CARTESIAN_POINT('',(-2.426444836463,-8.462903321485));
#4673 = CARTESIAN_POINT('',(-2.425896150273,-8.405889623755));
#4674 = CARTESIAN_POINT('',(-2.425316697683,-8.350739073295));
#4675 = CARTESIAN_POINT('',(-2.424706289662,-8.297677048002));
#4676 = CARTESIAN_POINT('',(-2.424064949334,-8.246953562755));
#4677 = CARTESIAN_POINT('',(-2.422872347938,-8.161564472488));
#4678 = CARTESIAN_POINT('',(-2.422333371827,-8.125858061032));
#4679 = CARTESIAN_POINT('',(-2.421776210297,-8.091848664581));
#4680 = CARTESIAN_POINT('',(-2.421201194161,-8.059676049899));
#4681 = CARTESIAN_POINT('',(-2.420608852324,-8.029487687943));
#4682 = CARTESIAN_POINT('',(-2.419999950747,-8.001434307868));
#4683 = CARTESIAN_POINT('',(-2.41851658035,-7.94021781886));
#4684 = CARTESIAN_POINT('',(-2.417627985209,-7.909081188416));
#4685 = CARTESIAN_POINT('',(-2.416712904111,-7.882668824533));
#4686 = CARTESIAN_POINT('',(-2.415775337748,-7.861359430766));
#4687 = CARTESIAN_POINT('',(-2.414820203361,-7.845476888526));
#4688 = CARTESIAN_POINT('',(-2.413853429257,-7.835252427985));
#4689 = CARTESIAN_POINT('',(-2.41288206986,-7.830769230769));
#4690 = ( GEOMETRIC_REPRESENTATION_CONTEXT(2) 
PARAMETRIC_REPRESENTATION_CONTEXT() REPRESENTATION_CONTEXT('2D SPACE',''
  ) );
#4691 = PCURVE('',#4692,#4697);
#4692 = CONICAL_SURFACE('',#4693,2.4,0.655695626242);
#4693 = AXIS2_PLACEMENT_3D('',#4694,#4695,#4696);
#4694 = CARTESIAN_POINT('',(-79.21709612036,70.731814746125,11.));
#4695 = DIRECTION('',(-0.707106781187,0.707106781187,-0.));
#4696 = DIRECTION('',(-0.,0.,-1.));
#4697 = DEFINITIONAL_REPRESENTATION('',(#4698),#4863);
#4698 = B_SPLINE_CURVE_WITH_KNOTS('',7,(#4699,#4700,#4701,#4702,#4703,
    #4704,#4705,#4706,#4707,#4708,#4709,#4710,#4711,#4712,#4713,#4714,
    #4715,#4716,#4717,#4718,#4719,#4720,#4721,#4722,#4723,#4724,#4725,
    #4726,#4727,#4728,#4729,#4730,#4731,#4732,#4733,#4734,#4735,#4736,
    #4737,#4738,#4739,#4740,#4741,#4742,#4743,#4744,#4745,#4746,#4747,
    #4748,#4749,#4750,#4751,#4752,#4753,#4754,#4755,#4756,#4757,#4758,
    #4759,#4760,#4761,#4762,#4763,#4764,#4765,#4766,#4767,#4768,#4769,
    #4770,#4771,#4772,#4773,#4774,#4775,#4776,#4777,#4778,#4779,#4780,
    #4781,#4782,#4783,#4784,#4785,#4786,#4787,#4788,#4789,#4790,#4791,
    #4792,#4793,#4794,#4795,#4796,#4797,#4798,#4799,#4800,#4801,#4802,
    #4803,#4804,#4805,#4806,#4807,#4808,#4809,#4810,#4811,#4812,#4813,
    #4814,#4815,#4816,#4817,#4818,#4819,#4820,#4821,#4822,#4823,#4824,
    #4825,#4826,#4827,#4828,#4829,#4830,#4831,#4832,#4833,#4834,#4835,
    #4836,#4837,#4838,#4839,#4840,#4841,#4842,#4843,#4844,#4845,#4846,
    #4847,#4848,#4849,#4850,#4851,#4852,#4853,#4854,#4855,#4856,#4857,
    #4858,#4859,#4860,#4861,#4862),.UNSPECIFIED.,.F.,.F.,(8,6,6,6,6,6,6,
    6,6,6,6,6,6,6,6,6,6,6,6,6,6,6,6,6,6,6,6,8),(0.,7.032179218259E-03,
    3.21231607101E-02,5.844539898557E-02,9.069470125481E-02,
    0.132380057881,0.164841093481,0.189584511122,0.248835107125,
    0.344642807907,0.377411080467,0.418987055463,0.451117033471,
    0.46829958468,0.502466915999,0.526150990656,0.536828723737,
    0.553905602125,0.586394621292,0.628713942679,0.662147188972,
    0.754839946924,0.822134784365,0.847518698232,0.880446520132,
    0.922535433291,0.955143858924,1.),.UNSPECIFIED.);
#4699 = CARTESIAN_POINT('',(0.,-0.3));
#4700 = CARTESIAN_POINT('',(-7.42775905558E-03,-0.299085640405));
#4701 = CARTESIAN_POINT('',(-1.485569543697E-02,-0.298173441012));
#4702 = CARTESIAN_POINT('',(-2.228326261268E-02,-0.29726356263));
#4703 = CARTESIAN_POINT('',(-2.970991259317E-02,-0.296356163783));
#4704 = CARTESIAN_POINT('',(-3.713509593076E-02,-0.295451400708));
#4705 = CARTESIAN_POINT('',(-4.455826171974E-02,-0.294549427353));
#4706 = CARTESIAN_POINT('',(-7.845571889601E-02,-0.290442628075));
#4707 = CARTESIAN_POINT('',(-0.104901002505,-0.287272165113));
#4708 = CARTESIAN_POINT('',(-0.131287664529,-0.284146135862));
#4709 = CARTESIAN_POINT('',(-0.157591416438,-0.281070851538));
#4710 = CARTESIAN_POINT('',(-0.18378999911,-0.278051848471));
#4711 = CARTESIAN_POINT('',(-0.20986245687,-0.275093931363));
#4712 = CARTESIAN_POINT('',(-0.26298659651,-0.269166551337));
#4713 = CARTESIAN_POINT('',(-0.290025289385,-0.266203451132));
#4714 = CARTESIAN_POINT('',(-0.316882516864,-0.263316522385));
#4715 = CARTESIAN_POINT('',(-0.343540978349,-0.260509119108));
#4716 = CARTESIAN_POINT('',(-0.369987285181,-0.257783520513));
#4717 = CARTESIAN_POINT('',(-0.396211199876,-0.25514110863));
#4718 = CARTESIAN_POINT('',(-0.454051631327,-0.249447863381));
#4719 = CARTESIAN_POINT('',(-0.485552960575,-0.246439029759));
#4720 = CARTESIAN_POINT('',(-0.5166976861,-0.243556937844));
#4721 = CARTESIAN_POINT('',(-0.547480905489,-0.24080085855));
#4722 = CARTESIAN_POINT('',(-0.577903180454,-0.238168811851));
#4723 = CARTESIAN_POINT('',(-0.60796972636,-0.235657937686));
#4724 = CARTESIAN_POINT('',(-0.676105428352,-0.230171590321));
#4725 = CARTESIAN_POINT('',(-0.713938784633,-0.227275403068));
#4726 = CARTESIAN_POINT('',(-0.7512137793,-0.224568549494));
#4727 = CARTESIAN_POINT('',(-0.787956677768,-0.222042612419));
#4728 = CARTESIAN_POINT('',(-0.824196629145,-0.219688872191));
#4729 = CARTESIAN_POINT('',(-0.859966393228,-0.217498665785));
#4730 = CARTESIAN_POINT('',(-0.922820285397,-0.213879122128));
#4731 = CARTESIAN_POINT('',(-0.95007323486,-0.212388753217));
#4732 = CARTESIAN_POINT('',(-0.977078564181,-0.21098876461));
#4733 = CARTESIAN_POINT('',(-1.003852129945,-0.209675531542));
#4734 = CARTESIAN_POINT('',(-1.030409390296,-0.208445679283));
#4735 = CARTESIAN_POINT('',(-1.056765798209,-0.207296083369));
#4736 = CARTESIAN_POINT('',(-1.10288633635,-0.205406575316));
#4737 = CARTESIAN_POINT('',(-1.122727727224,-0.204634252326));
#4738 = CARTESIAN_POINT('',(-1.142468095538,-0.203905639079));
#4739 = CARTESIAN_POINT('',(-1.162114039527,-0.203219566679));
#4740 = CARTESIAN_POINT('',(-1.18167202751,-0.202574959139));
#4741 = CARTESIAN_POINT('',(-1.201148397892,-0.201970833375));
#4742 = CARTESIAN_POINT('',(-1.267006907379,-0.200054465519));
#4743 = CARTESIAN_POINT('',(-1.313029244025,-0.198929733046));
#4744 = CARTESIAN_POINT('',(-1.358706738089,-0.198019671697));
#4745 = CARTESIAN_POINT('',(-1.404118843227,-0.19731517732));
#4746 = CARTESIAN_POINT('',(-1.449340522643,-0.196809880385));
#4747 = CARTESIAN_POINT('',(-1.494447573539,-0.196499971317));
#4748 = CARTESIAN_POINT('',(-1.612403950752,-0.196197633305));
#4749 = CARTESIAN_POINT('',(-1.685132483069,-0.196519201624));
#4750 = CARTESIAN_POINT('',(-1.758082864391,-0.19734329256));
#4751 = CARTESIAN_POINT('',(-1.831562979411,-0.198684105467));
#4752 = CARTESIAN_POINT('',(-1.905886302491,-0.200573254021));
#4753 = CARTESIAN_POINT('',(-1.981389249189,-0.203058997893));
#4754 = CARTESIAN_POINT('',(-2.084954767183,-0.207301105333));
#4755 = CARTESIAN_POINT('',(-2.111537123452,-0.208460930204));
#4756 = CARTESIAN_POINT('',(-2.138323873722,-0.209702404277));
#4757 = CARTESIAN_POINT('',(-2.165330871556,-0.211028734639));
#4758 = CARTESIAN_POINT('',(-2.192573972043,-0.212443387025));
#4759 = CARTESIAN_POINT('',(-2.220069442111,-0.213950085408));
#4760 = CARTESIAN_POINT('',(-2.283062165659,-0.217586330569));
#4761 = CARTESIAN_POINT('',(-2.318721047061,-0.219774290203));
#4762 = CARTESIAN_POINT('',(-2.354847690221,-0.222124862426));
#4763 = CARTESIAN_POINT('',(-2.391474475847,-0.224646624186));
#4764 = CARTESIAN_POINT('',(-2.42863019599,-0.227348201494));
#4765 = CARTESIAN_POINT('',(-2.466340759845,-0.23023791346));
#4766 = CARTESIAN_POINT('',(-2.534219806155,-0.235707897743));
#4767 = CARTESIAN_POINT('',(-2.564153339509,-0.238209155243));
#4768 = CARTESIAN_POINT('',(-2.594439385918,-0.24083050461));
#4769 = CARTESIAN_POINT('',(-2.625083049673,-0.24357475836));
#4770 = CARTESIAN_POINT('',(-2.656084859066,-0.246443862884));
#4771 = CARTESIAN_POINT('',(-2.687439972412,-0.249438535588));
#4772 = CARTESIAN_POINT('',(-2.736088606317,-0.254226084737));
#4773 = CARTESIAN_POINT('',(-2.75313751628,-0.255929907635));
#4774 = CARTESIAN_POINT('',(-2.770282144846,-0.257669206059));
#4775 = CARTESIAN_POINT('',(-2.787520005423,-0.259443679407));
#4776 = CARTESIAN_POINT('',(-2.804848009092,-0.261252869057));
#4777 = CARTESIAN_POINT('',(-2.822262379779,-0.263096136279));
#4778 = CARTESIAN_POINT('',(-2.874549567653,-0.268704049361));
#4779 = CARTESIAN_POINT('',(-2.909669832846,-0.272567483315));
#4780 = CARTESIAN_POINT('',(-2.945075517475,-0.276555568073));
#4781 = CARTESIAN_POINT('',(-2.980720793063,-0.280658625075));
#4782 = CARTESIAN_POINT('',(-3.016554582506,-0.28486437366));
#4783 = CARTESIAN_POINT('',(-3.05251729239,-0.289157633569));
#4784 = CARTESIAN_POINT('',(-3.113506026189,-0.296543947054));
#4785 = CARTESIAN_POINT('',(-3.138505079791,-0.299601447412));
#4786 = CARTESIAN_POINT('',(-3.163512206101,-0.302686594399));
#4787 = CARTESIAN_POINT('',(-3.188506603105,-0.30579329478));
#4788 = CARTESIAN_POINT('',(-3.213468655891,-0.308915336349));
#4789 = CARTESIAN_POINT('',(-3.238379425763,-0.312046428064));
#4790 = CARTESIAN_POINT('',(-3.274419331767,-0.316593088674));
#4791 = CARTESIAN_POINT('',(-3.285604486428,-0.318006516366));
#4792 = CARTESIAN_POINT('',(-3.296774023308,-0.319419958811));
#4793 = CARTESIAN_POINT('',(-3.307926447588,-0.320832862598));
#4794 = CARTESIAN_POINT('',(-3.319060349664,-0.322244685344));
#4795 = CARTESIAN_POINT('',(-3.33017440514,-0.323654895698));
#4796 = CARTESIAN_POINT('',(-3.359008340355,-0.327314909246));
#4797 = CARTESIAN_POINT('',(-3.376695422911,-0.329561398975));
#4798 = CARTESIAN_POINT('',(-3.394323526261,-0.331800317595));
#4799 = CARTESIAN_POINT('',(-3.411888260404,-0.334029650282));
#4800 = CARTESIAN_POINT('',(-3.429385871097,-0.336247494696));
#4801 = CARTESIAN_POINT('',(-3.446813169376,-0.338452063364));
#4802 = CARTESIAN_POINT('',(-3.497184263239,-0.344807476342));
#4803 = CARTESIAN_POINT('',(-3.529936006308,-0.34891907625));
#4804 = CARTESIAN_POINT('',(-3.562406118674,-0.352965185832));
#4805 = CARTESIAN_POINT('',(-3.594584328506,-0.356936071863));
#4806 = CARTESIAN_POINT('',(-3.62646599823,-0.360823492239));
#4807 = CARTESIAN_POINT('',(-3.658051459031,-0.364620620369));
#4808 = CARTESIAN_POINT('',(-3.73010791886,-0.37314324736));
#4809 = CARTESIAN_POINT('',(-3.770372153997,-0.37780158614));
#4810 = CARTESIAN_POINT('',(-3.810153210329,-0.382285339271));
#4811 = CARTESIAN_POINT('',(-3.849469053201,-0.386585424867));
#4812 = CARTESIAN_POINT('',(-3.888341377719,-0.390695027584));
#4813 = CARTESIAN_POINT('',(-3.926796532733,-0.394609300405));
#4814 = CARTESIAN_POINT('',(-3.99494255914,-0.401260607843));
#4815 = CARTESIAN_POINT('',(-4.024776309657,-0.4040720592));
#4816 = CARTESIAN_POINT('',(-4.054382412722,-0.406757746723));
#4817 = CARTESIAN_POINT('',(-4.083774890508,-0.409316357606));
#4818 = CARTESIAN_POINT('',(-4.112967520007,-0.411746899348));
#4819 = CARTESIAN_POINT('',(-4.141974282018,-0.41404865908));
#4820 = CARTESIAN_POINT('',(-4.25075552058,-0.42224437014));
#4821 = CARTESIAN_POINT('',(-4.329354344045,-0.427271719665));
#4822 = CARTESIAN_POINT('',(-4.406958752755,-0.431297254367));
#4823 = CARTESIAN_POINT('',(-4.483818332586,-0.434315362569));
#4824 = CARTESIAN_POINT('',(-4.560171235805,-0.436326314435));
#4825 = CARTESIAN_POINT('',(-4.636260375008,-0.43733277435));
#4826 = CARTESIAN_POINT('',(-4.767666396345,-0.43733268217));
#4827 = CARTESIAN_POINT('',(-4.822927106662,-0.436802128845));
#4828 = CARTESIAN_POINT('',(-4.878283525441,-0.435741481513));
#4829 = CARTESIAN_POINT('',(-4.933831449019,-0.434150318737));
#4830 = CARTESIAN_POINT('',(-4.989662621576,-0.432028586863));
#4831 = CARTESIAN_POINT('',(-5.045874033355,-0.429376942217));
#4832 = CARTESIAN_POINT('',(-5.123967905073,-0.424996445283));
#4833 = CARTESIAN_POINT('',(-5.145426797218,-0.423721421702));
#4834 = CARTESIAN_POINT('',(-5.166961016566,-0.422371216017));
#4835 = CARTESIAN_POINT('',(-5.188576337975,-0.420945928389));
#4836 = CARTESIAN_POINT('',(-5.210278635472,-0.419445698141));
#4837 = CARTESIAN_POINT('',(-5.232073882253,-0.417870703761));
#4838 = CARTESIAN_POINT('',(-5.282369230804,-0.414081390918));
#4839 = CARTESIAN_POINT('',(-5.310936445817,-0.411816226793));
#4840 = CARTESIAN_POINT('',(-5.339683752671,-0.40942612517));
#4841 = CARTESIAN_POINT('',(-5.368624508506,-0.406911764698));
#4842 = CARTESIAN_POINT('',(-5.397771886731,-0.404274085462));
#4843 = CARTESIAN_POINT('',(-5.427139293099,-0.401514326422));
#4844 = CARTESIAN_POINT('',(-5.494577918122,-0.394952459972));
#4845 = CARTESIAN_POINT('',(-5.532794541769,-0.391074271768));
#4846 = CARTESIAN_POINT('',(-5.571422066616,-0.387002574183));
#4847 = CARTESIAN_POINT('',(-5.610486534095,-0.382742054091));
#4848 = CARTESIAN_POINT('',(-5.650009537224,-0.378299296916));
#4849 = CARTESIAN_POINT('',(-5.690009144649,-0.373683074268));
#4850 = CARTESIAN_POINT('',(-5.761871792443,-0.365202528539));
#4851 = CARTESIAN_POINT('',(-5.793535994833,-0.361403307446));
#4852 = CARTESIAN_POINT('',(-5.825498472586,-0.357512406358));
#4853 = CARTESIAN_POINT('',(-5.857759948485,-0.353536609599));
#4854 = CARTESIAN_POINT('',(-5.890316175416,-0.349484126702));
#4855 = CARTESIAN_POINT('',(-5.923157284426,-0.345364671363));
#4856 = CARTESIAN_POINT('',(-6.00181303078,-0.335446231399));
#4857 = CARTESIAN_POINT('',(-6.047882219257,-0.329595684415));
#4858 = CARTESIAN_POINT('',(-6.094407686412,-0.323670315559));
#4859 = CARTESIAN_POINT('',(-6.14130979652,-0.317706787387));
#4860 = CARTESIAN_POINT('',(-6.188494040687,-0.311745185806));
#4861 = CARTESIAN_POINT('',(-6.235840540874,-0.305828156381));
#4862 = CARTESIAN_POINT('',(-6.28318530718,-0.3));
#4863 = ( GEOMETRIC_REPRESENTATION_CONTEXT(2) 
PARAMETRIC_REPRESENTATION_CONTEXT() REPRESENTATION_CONTEXT('2D SPACE',''
  ) );
#4864 = FACE_BOUND('',#4865,.T.);
#4865 = EDGE_LOOP('',(#4866));
#4866 = ORIENTED_EDGE('',*,*,#4867,.F.);
#4867 = EDGE_CURVE('',#4868,#4868,#4870,.T.);
#4868 = VERTEX_POINT('',#4869);
#4869 = CARTESIAN_POINT('',(-70.51968271176,-79.004964086,8.830769230769
    ));
#4870 = SURFACE_CURVE('',#4871,(#5036,#5204),.PCURVE_S1.);
#4871 = B_SPLINE_CURVE_WITH_KNOTS('',7,(#4872,#4873,#4874,#4875,#4876,
    #4877,#4878,#4879,#4880,#4881,#4882,#4883,#4884,#4885,#4886,#4887,
    #4888,#4889,#4890,#4891,#4892,#4893,#4894,#4895,#4896,#4897,#4898,
    #4899,#4900,#4901,#4902,#4903,#4904,#4905,#4906,#4907,#4908,#4909,
    #4910,#4911,#4912,#4913,#4914,#4915,#4916,#4917,#4918,#4919,#4920,
    #4921,#4922,#4923,#4924,#4925,#4926,#4927,#4928,#4929,#4930,#4931,
    #4932,#4933,#4934,#4935,#4936,#4937,#4938,#4939,#4940,#4941,#4942,
    #4943,#4944,#4945,#4946,#4947,#4948,#4949,#4950,#4951,#4952,#4953,
    #4954,#4955,#4956,#4957,#4958,#4959,#4960,#4961,#4962,#4963,#4964,
    #4965,#4966,#4967,#4968,#4969,#4970,#4971,#4972,#4973,#4974,#4975,
    #4976,#4977,#4978,#4979,#4980,#4981,#4982,#4983,#4984,#4985,#4986,
    #4987,#4988,#4989,#4990,#4991,#4992,#4993,#4994,#4995,#4996,#4997,
    #4998,#4999,#5000,#5001,#5002,#5003,#5004,#5005,#5006,#5007,#5008,
    #5009,#5010,#5011,#5012,#5013,#5014,#5015,#5016,#5017,#5018,#5019,
    #5020,#5021,#5022,#5023,#5024,#5025,#5026,#5027,#5028,#5029,#5030,
    #5031,#5032,#5033,#5034,#5035),.UNSPECIFIED.,.T.,.F.,(8,6,6,6,6,6,6,
    6,6,6,6,6,6,6,6,6,6,6,6,6,6,6,6,6,6,6,6,8),(0.,6.961902670066E-03,
    3.226848275154E-02,5.852542910918E-02,9.069470163673E-02,
    0.132380058211,0.16484109377,0.189584511379,0.248835107308,
    0.34464280797,0.377411080489,0.418987055433,0.4511170334,
    0.468299584588,0.502466915864,0.526150990491,0.536828723558,
    0.553905601926,0.586394621052,0.628713942385,0.662147188636,
    0.754839889294,0.822134784025,0.84751869794,0.880446519903,
    0.922535433142,0.955143858837,1.),.UNSPECIFIED.);
#4872 = CARTESIAN_POINT('',(-70.51968271176,-79.004964086,8.830769230769
    ));
#4873 = CARTESIAN_POINT('',(-70.53160221403,-78.99432476065,
    8.830072906329));
#4874 = CARTESIAN_POINT('',(-70.54352893507,-78.98367522227,
    8.829515059986));
#4875 = CARTESIAN_POINT('',(-70.55546091717,-78.97301720794,
    8.829096008718));
#4876 = CARTESIAN_POINT('',(-70.56739619657,-78.96235246385,
    8.828815988134));
#4877 = CARTESIAN_POINT('',(-70.5793328035,-78.95168274532,
    8.828675152474));
#4878 = CARTESIAN_POINT('',(-70.59126876219,-78.94100981676,
    8.828673574607));
#4879 = CARTESIAN_POINT('',(-70.64657984985,-78.89153403691,
    8.829311682939));
#4880 = CARTESIAN_POINT('',(-70.68992482169,-78.85271188565,
    8.831652113969));
#4881 = CARTESIAN_POINT('',(-70.73313855202,-78.81395709354,
    8.835832211649));
#4882 = CARTESIAN_POINT('',(-70.77612738638,-78.77535415521,
    8.841836769085));
#4883 = CARTESIAN_POINT('',(-70.81880252485,-78.73698384565,
    8.849637047335));
#4884 = CARTESIAN_POINT('',(-70.86108007663,-78.69892310156,
    8.859192122782));
#4885 = CARTESIAN_POINT('',(-70.94625195384,-78.62215173223,
    8.882131134679));
#4886 = CARTESIAN_POINT('',(-70.98911265438,-78.58346781822,
    8.895646176717));
#4887 = CARTESIAN_POINT('',(-71.03137730282,-78.54527264356,
    8.910938227651));
#4888 = CARTESIAN_POINT('',(-71.07297209171,-78.50763533674,
    8.927940179433));
#4889 = CARTESIAN_POINT('',(-71.11383430244,-78.47061544047,
    8.946577797292));
#4890 = CARTESIAN_POINT('',(-71.15391128816,-78.43426368043,8.9667725681
    ));
#4891 = CARTESIAN_POINT('',(-71.24124520916,-78.3549564484,
    9.014996450148));
#4892 = CARTESIAN_POINT('',(-71.28808711324,-78.31235689936,
    9.043765895403));
#4893 = CARTESIAN_POINT('',(-71.33360941172,-78.27089861457,
    9.074607381334));
#4894 = CARTESIAN_POINT('',(-71.37775747267,-78.23063726285,
    9.107374309232));
#4895 = CARTESIAN_POINT('',(-71.42049469375,-78.19161223201,
    9.141923243359));
#4896 = CARTESIAN_POINT('',(-71.46179940673,-78.15384920669,
    9.178118169466));
#4897 = CARTESIAN_POINT('',(-71.55331595975,-78.07008312203,
    9.264708387124));
#4898 = CARTESIAN_POINT('',(-71.60254386057,-78.0249510485,
    9.316132745221));
#4899 = CARTESIAN_POINT('',(-71.64933033,-77.9819926481,9.369840263095)
  );
#4900 = CARTESIAN_POINT('',(-71.6936805904,-77.94121460217,
    9.425584610639));
#4901 = CARTESIAN_POINT('',(-71.73561581277,-77.90260807115,
    9.483143725061));
#4902 = CARTESIAN_POINT('',(-71.77516868872,-77.86615261481,
    9.542322843796));
#4903 = CARTESIAN_POINT('',(-71.84135525241,-77.80508485885,
    9.650174716512));
#4904 = CARTESIAN_POINT('',(-71.86890923962,-77.77963857156,
    9.69827165078));
#4905 = CARTESIAN_POINT('',(-71.89505900147,-77.75546869259,
    9.747168804663));
#4906 = CARTESIAN_POINT('',(-71.91982289097,-77.73256199511,
    9.79679299586));
#4907 = CARTESIAN_POINT('',(-71.94321933194,-77.71090482788,
    9.847077395715));
#4908 = CARTESIAN_POINT('',(-71.96526657415,-77.69048335981,
    9.897961529579));
#4909 = CARTESIAN_POINT('',(-72.00177311951,-77.65664898236,
    9.988593591609));
#4910 = CARTESIAN_POINT('',(-72.01678999136,-77.64272434016,
    10.028112331169));
#4911 = CARTESIAN_POINT('',(-72.0310408305,-77.62950391574,
    10.067923209188));
#4912 = CARTESIAN_POINT('',(-72.04453297028,-77.61698202886,
    10.108003267945));
#4913 = CARTESIAN_POINT('',(-72.05727331091,-77.60515330096,
    10.148330878676));
#4914 = CARTESIAN_POINT('',(-72.06926831955,-77.59401265517,
    10.188885741575));
#4915 = CARTESIAN_POINT('',(-72.10747695879,-77.55851416934,
    10.327260324307));
#4916 = CARTESIAN_POINT('',(-72.13018887441,-77.53739286564,
    10.426059528317));
#4917 = CARTESIAN_POINT('',(-72.14874551037,-77.52012325078,
    10.525793306447));
#4918 = CARTESIAN_POINT('',(-72.16320935432,-77.50665571234,
    10.626228775745));
#4919 = CARTESIAN_POINT('',(-72.1736258173,-77.49695384713,
    10.72715077126));
#4920 = CARTESIAN_POINT('',(-72.18002363612,-77.49099430592,
    10.828360430513));
#4921 = CARTESIAN_POINT('',(-72.1862674454,-77.48517806716,
    11.093499658331));
#4922 = CARTESIAN_POINT('',(-72.179632357,-77.49135838928,
    11.257449788997));
#4923 = CARTESIAN_POINT('',(-72.16256687542,-77.50725843027,
    11.420824703838));
#4924 = CARTESIAN_POINT('',(-72.13495795707,-77.53297115283,
    11.582815310763));
#4925 = CARTESIAN_POINT('',(-72.09658162285,-77.56867582754,
    11.742479872026));
#4926 = CARTESIAN_POINT('',(-72.04713136919,-77.6146107085,
    11.89876356317));
#4927 = CARTESIAN_POINT('',(-71.96516903431,-77.69057379752,
    12.102292676586));
#4928 = CARTESIAN_POINT('',(-71.9429263565,-77.71117623526,
    12.153608311224));
#4929 = CARTESIAN_POINT('',(-71.9193112403,-77.73303564199,
    12.204313618058));
#4930 = CARTESIAN_POINT('',(-71.89430495676,-77.75616621114,
    12.254346527069));
#4931 = CARTESIAN_POINT('',(-71.8678886041,-77.78058194321,
    12.303638381839));
#4932 = CARTESIAN_POINT('',(-71.84004336516,-77.80629638886,
    12.352113940791));
#4933 = CARTESIAN_POINT('',(-71.7735846793,-77.86761264751,
    12.460057037136));
#4934 = CARTESIAN_POINT('',(-71.73409145273,-77.90401163188,
    12.51897212874));
#4935 = CARTESIAN_POINT('',(-71.69223183019,-77.94254704331,
    12.576273391885));
#4936 = CARTESIAN_POINT('',(-71.64797364181,-77.983238922,
    12.631767602115));
#4937 = CARTESIAN_POINT('',(-71.60129618121,-78.02609577534,
    12.685234582936));
#4938 = CARTESIAN_POINT('',(-71.55219458388,-78.07111070281,
    12.736430216876));
#4939 = CARTESIAN_POINT('',(-71.46087690535,-78.15469265538,
    12.822693392483));
#4940 = CARTESIAN_POINT('',(-71.41963361544,-78.19239863301,
    12.858779991971));
#4941 = CARTESIAN_POINT('',(-71.37696425896,-78.23136084167,
    12.893225579437));
#4942 = CARTESIAN_POINT('',(-71.33289053093,-78.27155360882,
    12.925894920964));
#4943 = CARTESIAN_POINT('',(-71.28744896475,-78.31293764848,
    12.956645448538));
#4944 = CARTESIAN_POINT('',(-71.24069399859,-78.35545750788,
    12.985331484294));
#4945 = CARTESIAN_POINT('',(-71.16703524661,-78.42234564293,
    13.025967891583));
#4946 = CARTESIAN_POINT('',(-71.14101569826,-78.44595562183,
    13.039495413152));
#4947 = CARTESIAN_POINT('',(-71.11465433393,-78.46985724673,
    13.052368834017));
#4948 = CARTESIAN_POINT('',(-71.08796482851,-78.49403726788,
    13.064566173712));
#4949 = CARTESIAN_POINT('',(-71.06096273637,-78.51848077948,
    13.076066000593));
#4950 = CARTESIAN_POINT('',(-71.03366563311,-78.54317110924,
    13.086847765666));
#4951 = CARTESIAN_POINT('',(-70.9512658637,-78.61764009191,
    13.116865267298));
#4952 = CARTESIAN_POINT('',(-70.89534109479,-78.66810114012,
    13.133925738043));
#4953 = CARTESIAN_POINT('',(-70.83848592406,-78.7193163073,
    13.147916240213));
#4954 = CARTESIAN_POINT('',(-70.78088693648,-78.77111269602,
    13.158707067633));
#4955 = CARTESIAN_POINT('',(-70.7227506352,-78.82330117061,
    13.166203619657));
#4956 = CARTESIAN_POINT('',(-70.66430374832,-78.8756764711,
    13.170353904426));
#4957 = CARTESIAN_POINT('',(-70.56523548796,-78.96429890676,
    13.171712067085));
#4958 = CARTESIAN_POINT('',(-70.52464216977,-79.00056826647,
    13.17065946722));
#4959 = CARTESIAN_POINT('',(-70.48409370241,-79.03675367712,
    13.167997338318));
#4960 = CARTESIAN_POINT('',(-70.44366734665,-79.07278649507,
    13.163736180116));
#4961 = CARTESIAN_POINT('',(-70.40343739546,-79.10860121273,
    13.157896950033));
#4962 = CARTESIAN_POINT('',(-70.36347506689,-79.14413550893,
    13.150510116908));
#4963 = CARTESIAN_POINT('',(-70.305983101,-79.19519752572,
    13.137604309792));
#4964 = CARTESIAN_POINT('',(-70.28818570664,-79.21099603147,
    13.133287192728));
#4965 = CARTESIAN_POINT('',(-70.27046224136,-79.22672058727,
    13.128666922008));
#4966 = CARTESIAN_POINT('',(-70.25281847075,-79.24236621019,
    13.123747313802));
#4967 = CARTESIAN_POINT('',(-70.23525989846,-79.2579281636,
    13.11853244199));
#4968 = CARTESIAN_POINT('',(-70.21779176626,-79.27340195719,
    13.113026638154));
#4969 = CARTESIAN_POINT('',(-70.17263490808,-79.31338277458,
    13.097971122495));
#4970 = CARTESIAN_POINT('',(-70.14509473423,-79.33774593218,
    13.087975281356));
#4971 = CARTESIAN_POINT('',(-70.1178189251,-79.36185543224,
    13.077265593093));
#4972 = CARTESIAN_POINT('',(-70.09082584215,-79.38569576267,
    13.06586189662));
#4973 = CARTESIAN_POINT('',(-70.06413193301,-79.40925316615,
    13.053784919111));
#4974 = CARTESIAN_POINT('',(-70.03775184883,-79.43251551942,
    13.041055950275));
#4975 = CARTESIAN_POINT('',(-69.96213178877,-79.49914766826,
    13.002279992262));
#4976 = CARTESIAN_POINT('',(-69.91374904697,-79.54171572971,
    12.974581935335));
#4977 = CARTESIAN_POINT('',(-69.86663689092,-79.58310582271,
    12.944750086579));
#4978 = CARTESIAN_POINT('',(-69.82086016456,-79.62326686819,
    12.912933717589));
#4979 = CARTESIAN_POINT('',(-69.77646494652,-79.66216444361,
    12.879279168624));
#4980 = CARTESIAN_POINT('',(-69.73348149574,-79.69977794429,
    12.843925386401));
#4981 = CARTESIAN_POINT('',(-69.63779968661,-79.78340693874,
    12.758900747089));
#4982 = CARTESIAN_POINT('',(-69.58610184975,-79.82851688973,
    12.708139064744));
#4983 = CARTESIAN_POINT('',(-69.53686549149,-79.8714122635,
    12.654992343732));
#4984 = CARTESIAN_POINT('',(-69.49009968642,-79.9120968292,
    12.599716509312));
#4985 = CARTESIAN_POINT('',(-69.44579530553,-79.95058935419,
    12.542542303158));
#4986 = CARTESIAN_POINT('',(-69.40392954315,-79.98691949885,
    12.483672103408));
#4987 = CARTESIAN_POINT('',(-69.33329683949,-80.04814583334,
    12.375563009307));
#4988 = CARTESIAN_POINT('',(-69.30362732553,-80.07383935465,
    12.326900494744));
#4989 = CARTESIAN_POINT('',(-69.27544703909,-80.09822150537,
    12.2773754704));
#4990 = CARTESIAN_POINT('',(-69.24874029461,-80.12130982764,
    12.227067210405));
#4991 = CARTESIAN_POINT('',(-69.22349087133,-80.14312194583,
    12.176048007665));
#4992 = CARTESIAN_POINT('',(-69.19968230075,-80.16367533658,
    12.124383187903));
#4993 = CARTESIAN_POINT('',(-69.11523875965,-80.2365283972,
    11.927263798817));
#4994 = CARTESIAN_POINT('',(-69.06415217646,-80.28050523802,
    11.777938121202));
#4995 = CARTESIAN_POINT('',(-69.0236447628,-80.31531968768,
    11.625331444874));
#4996 = CARTESIAN_POINT('',(-68.99346842742,-80.34122777349,
    11.470436416314));
#4997 = CARTESIAN_POINT('',(-68.9734256934,-80.35842659035,
    11.314115730191));
#4998 = CARTESIAN_POINT('',(-68.96339468398,-80.36703424701,
    11.157098826206));
#4999 = CARTESIAN_POINT('',(-68.96339553863,-80.36703351363,
    10.88593064653));
#5000 = CARTESIAN_POINT('',(-68.96868336901,-80.36249599641,
    10.771895281249));
#5001 = CARTESIAN_POINT('',(-68.97925445788,-80.35342488811,
    10.658136195597));
#5002 = CARTESIAN_POINT('',(-68.99513984323,-80.33978974674,
    10.544930963727));
#5003 = CARTESIAN_POINT('',(-69.01639366115,-80.32153651208,
    10.432583444441));
#5004 = CARTESIAN_POINT('',(-69.04309218583,-80.29858798178,
    10.321426371297));
#5005 = CARTESIAN_POINT('',(-69.08750960359,-80.26036552601,
    10.170484950442));
#5006 = CARTESIAN_POINT('',(-69.10046495978,-80.24921332546,
    10.12936611338));
#5007 = CARTESIAN_POINT('',(-69.11421575287,-80.23737201156,
    10.08849015883));
#5008 = CARTESIAN_POINT('',(-69.12876795987,-80.22483546565,
    10.047878701305));
#5009 = CARTESIAN_POINT('',(-69.14412791244,-80.21159715905,
    10.007554783334));
#5010 = CARTESIAN_POINT('',(-69.16030229685,-80.19765015305,
    9.967542875459));
#5011 = CARTESIAN_POINT('',(-69.19934505196,-80.16396629555,
    9.876404063239));
#5012 = CARTESIAN_POINT('',(-69.22277379291,-80.14374098043,
    9.825508894071));
#5013 = CARTESIAN_POINT('',(-69.24760005606,-80.12229483141,
    9.775239187574));
#5014 = CARTESIAN_POINT('',(-69.27383956578,-80.09961116437,
    9.725657279182));
#5015 = CARTESIAN_POINT('',(-69.30150782896,-80.07567314294,
    9.676832035612));
#5016 = CARTESIAN_POINT('',(-69.33061987246,-80.05046398811,
    9.628838869555));
#5017 = CARTESIAN_POINT('',(-69.40026522287,-79.99009851823,
    9.521582412625));
#5018 = CARTESIAN_POINT('',(-69.44171962364,-79.95412870381,
    9.462903321495));
#5019 = CARTESIAN_POINT('',(-69.48558481366,-79.91602176373,
    9.405889623765));
#5020 = CARTESIAN_POINT('',(-69.5318836845,-79.87574817819,
    9.350739073305));
#5021 = CARTESIAN_POINT('',(-69.58062607003,-79.83328880011,
    9.297677048011));
#5022 = CARTESIAN_POINT('',(-69.63180442795,-79.78863876686,
    9.246953562765));
#5023 = CARTESIAN_POINT('',(-69.72690462357,-79.70553187403,
    9.161564472497));
#5024 = CARTESIAN_POINT('',(-69.76986151462,-79.66794789299,
    9.12585806104));
#5025 = CARTESIAN_POINT('',(-69.81424370532,-79.62906826737,
    9.09184866459));
#5026 = CARTESIAN_POINT('',(-69.86002186995,-79.58891272844,
    9.059676049908));
#5027 = CARTESIAN_POINT('',(-69.90715086959,-79.54751480507,
    9.029487687951));
#5028 = CARTESIAN_POINT('',(-69.95556677557,-79.50492468871,
    9.001434307875));
#5029 = CARTESIAN_POINT('',(-70.07343718532,-79.40108107127,
    8.940217818865));
#5030 = CARTESIAN_POINT('',(-70.14398577315,-79.33880640633,
    8.909081188421));
#5031 = CARTESIAN_POINT('',(-70.21657114587,-79.2746007706,
    8.882668824535));
#5032 = CARTESIAN_POINT('',(-70.29086873651,-79.20873688239,
    8.861359430767));
#5033 = CARTESIAN_POINT('',(-70.36648291784,-79.14155367886,
    8.845476888527));
#5034 = CARTESIAN_POINT('',(-70.4429404975,-79.07346404247,
    8.835252427985));
#5035 = CARTESIAN_POINT('',(-70.51968271176,-79.004964086,8.830769230769
    ));
#5036 = PCURVE('',#1432,#5037);
#5037 = DEFINITIONAL_REPRESENTATION('',(#5038),#5203);
#5038 = B_SPLINE_CURVE_WITH_KNOTS('',7,(#5039,#5040,#5041,#5042,#5043,
    #5044,#5045,#5046,#5047,#5048,#5049,#5050,#5051,#5052,#5053,#5054,
    #5055,#5056,#5057,#5058,#5059,#5060,#5061,#5062,#5063,#5064,#5065,
    #5066,#5067,#5068,#5069,#5070,#5071,#5072,#5073,#5074,#5075,#5076,
    #5077,#5078,#5079,#5080,#5081,#5082,#5083,#5084,#5085,#5086,#5087,
    #5088,#5089,#5090,#5091,#5092,#5093,#5094,#5095,#5096,#5097,#5098,
    #5099,#5100,#5101,#5102,#5103,#5104,#5105,#5106,#5107,#5108,#5109,
    #5110,#5111,#5112,#5113,#5114,#5115,#5116,#5117,#5118,#5119,#5120,
    #5121,#5122,#5123,#5124,#5125,#5126,#5127,#5128,#5129,#5130,#5131,
    #5132,#5133,#5134,#5135,#5136,#5137,#5138,#5139,#5140,#5141,#5142,
    #5143,#5144,#5145,#5146,#5147,#5148,#5149,#5150,#5151,#5152,#5153,
    #5154,#5155,#5156,#5157,#5158,#5159,#5160,#5161,#5162,#5163,#5164,
    #5165,#5166,#5167,#5168,#5169,#5170,#5171,#5172,#5173,#5174,#5175,
    #5176,#5177,#5178,#5179,#5180,#5181,#5182,#5183,#5184,#5185,#5186,
    #5187,#5188,#5189,#5190,#5191,#5192,#5193,#5194,#5195,#5196,#5197,
    #5198,#5199,#5200,#5201,#5202),.UNSPECIFIED.,.T.,.F.,(8,6,6,6,6,6,6,
    6,6,6,6,6,6,6,6,6,6,6,6,6,6,6,6,6,6,6,6,8),(0.,6.961902670066E-03,
    3.226848275154E-02,5.852542910918E-02,9.069470163673E-02,
    0.132380058211,0.16484109377,0.189584511379,0.248835107308,
    0.34464280797,0.377411080489,0.418987055433,0.4511170334,
    0.468299584588,0.502466915864,0.526150990491,0.536828723558,
    0.553905601926,0.586394621052,0.628713942385,0.662147188636,
    0.754839889294,0.822134784025,0.84751869794,0.880446519903,
    0.922535433142,0.955143858837,1.),.UNSPECIFIED.);
#5039 = CARTESIAN_POINT('',(-3.983678396655,-7.830769230769));
#5040 = CARTESIAN_POINT('',(-3.98352752636,-7.830072906329));
#5041 = CARTESIAN_POINT('',(-3.98337654099,-7.829515059986));
#5042 = CARTESIAN_POINT('',(-3.983225465255,-7.829096008718));
#5043 = CARTESIAN_POINT('',(-3.983074323962,-7.828815988134));
#5044 = CARTESIAN_POINT('',(-3.982923142021,-7.828675152474));
#5045 = CARTESIAN_POINT('',(-3.982771944439,-7.828673574607));
#5046 = CARTESIAN_POINT('',(-3.982071186139,-7.829311682939));
#5047 = CARTESIAN_POINT('',(-3.981521716166,-7.831652113969));
#5048 = CARTESIAN_POINT('',(-3.980973593665,-7.835832211649));
#5049 = CARTESIAN_POINT('',(-3.980428009452,-7.841836769085));
#5050 = CARTESIAN_POINT('',(-3.979886096771,-7.849637047335));
#5051 = CARTESIAN_POINT('',(-3.979348930179,-7.859192122782));
#5052 = CARTESIAN_POINT('',(-3.978266162199,-7.882131134679));
#5053 = CARTESIAN_POINT('',(-3.977720965534,-7.895646176717));
#5054 = CARTESIAN_POINT('',(-3.977183039268,-7.910938227651));
#5055 = CARTESIAN_POINT('',(-3.976653337893,-7.927940179433));
#5056 = CARTESIAN_POINT('',(-3.97613267756,-7.946577797292));
#5057 = CARTESIAN_POINT('',(-3.975621748072,-7.9667725681));
#5058 = CARTESIAN_POINT('',(-3.974507775428,-8.014996450148));
#5059 = CARTESIAN_POINT('',(-3.973909893053,-8.043765895403));
#5060 = CARTESIAN_POINT('',(-3.973328480079,-8.074607381334));
#5061 = CARTESIAN_POINT('',(-3.972764271526,-8.107374309232));
#5062 = CARTESIAN_POINT('',(-3.972217773104,-8.141923243359));
#5063 = CARTESIAN_POINT('',(-3.971689299209,-8.178118169466));
#5064 = CARTESIAN_POINT('',(-3.970517772805,-8.264708387124));
#5065 = CARTESIAN_POINT('',(-3.969887127075,-8.316132745221));
#5066 = CARTESIAN_POINT('',(-3.969287345365,-8.369840263095));
#5067 = CARTESIAN_POINT('',(-3.968718433622,-8.425584610639));
#5068 = CARTESIAN_POINT('',(-3.968180187899,-8.483143725061));
#5069 = CARTESIAN_POINT('',(-3.967672250147,-8.542322843796));
#5070 = CARTESIAN_POINT('',(-3.966821870912,-8.650174716512));
#5071 = CARTESIAN_POINT('',(-3.966467702147,-8.69827165078));
#5072 = CARTESIAN_POINT('',(-3.966131452045,-8.747168804663));
#5073 = CARTESIAN_POINT('',(-3.965812908489,-8.79679299586));
#5074 = CARTESIAN_POINT('',(-3.965511856182,-8.847077395715));
#5075 = CARTESIAN_POINT('',(-3.965228079903,-8.897961529579));
#5076 = CARTESIAN_POINT('',(-3.964758066488,-8.988593591609));
#5077 = CARTESIAN_POINT('',(-3.964564683027,-9.028112331169));
#5078 = CARTESIAN_POINT('',(-3.964381125182,-9.067923209188));
#5079 = CARTESIAN_POINT('',(-3.964207305694,-9.108003267945));
#5080 = CARTESIAN_POINT('',(-3.964043142245,-9.148330878676));
#5081 = CARTESIAN_POINT('',(-3.963888557459,-9.188885741575));
#5082 = CARTESIAN_POINT('',(-3.963396073722,-9.327260324307));
#5083 = CARTESIAN_POINT('',(-3.963103201547,-9.426059528317));
#5084 = CARTESIAN_POINT('',(-3.962863831157,-9.525793306447));
#5085 = CARTESIAN_POINT('',(-3.96267721142,-9.626228775745));
#5086 = CARTESIAN_POINT('',(-3.962542794258,-9.72715077126));
#5087 = CARTESIAN_POINT('',(-3.962460230829,-9.828360430513));
#5088 = CARTESIAN_POINT('',(-3.962379653874,-10.09349965833));
#5089 = CARTESIAN_POINT('',(-3.962465277739,-10.25744978899));
#5090 = CARTESIAN_POINT('',(-3.962685529935,-10.42082470383));
#5091 = CARTESIAN_POINT('',(-3.963041789861,-10.58281531076));
#5092 = CARTESIAN_POINT('',(-3.963536758935,-10.74247987202));
#5093 = CARTESIAN_POINT('',(-3.964174088701,-10.89876356317));
#5094 = CARTESIAN_POINT('',(-3.965229335947,-11.10229267658));
#5095 = CARTESIAN_POINT('',(-3.965515627383,-11.15360831122));
#5096 = CARTESIAN_POINT('',(-3.965819492328,-11.20431361805));
#5097 = CARTESIAN_POINT('',(-3.966141151648,-11.25434652706));
#5098 = CARTESIAN_POINT('',(-3.966480826196,-11.30363838183));
#5099 = CARTESIAN_POINT('',(-3.966838733384,-11.35211394079));
#5100 = CARTESIAN_POINT('',(-3.967692592423,-11.46005703713));
#5101 = CARTESIAN_POINT('',(-3.968199754598,-11.51897212874));
#5102 = CARTESIAN_POINT('',(-3.96873702026,-11.57627339188));
#5103 = CARTESIAN_POINT('',(-3.969304741273,-11.63176760211));
#5104 = CARTESIAN_POINT('',(-3.969903116232,-11.68523458293));
#5105 = CARTESIAN_POINT('',(-3.970532135301,-11.73643021687));
#5106 = CARTESIAN_POINT('',(-3.971701102472,-11.82269339248));
#5107 = CARTESIAN_POINT('',(-3.972228784809,-11.85877999197));
#5108 = CARTESIAN_POINT('',(-3.972774409993,-11.89322557943));
#5109 = CARTESIAN_POINT('',(-3.973337663515,-11.92589492096));
#5110 = CARTESIAN_POINT('',(-3.973918040793,-11.95664544853));
#5111 = CARTESIAN_POINT('',(-3.974514809534,-11.98533148429));
#5112 = CARTESIAN_POINT('',(-3.975454345948,-12.02596789158));
#5113 = CARTESIAN_POINT('',(-3.975786118466,-12.03949541315));
#5114 = CARTESIAN_POINT('',(-3.976122131962,-12.05236883401));
#5115 = CARTESIAN_POINT('',(-3.976462206791,-12.06456617371));
#5116 = CARTESIAN_POINT('',(-3.976806139667,-12.07606600059));
#5117 = CARTESIAN_POINT('',(-3.977153701963,-12.08684776566));
#5118 = CARTESIAN_POINT('',(-3.978202470868,-12.11686526729));
#5119 = CARTESIAN_POINT('',(-3.978913757477,-12.13392573804));
#5120 = CARTESIAN_POINT('',(-3.979636337465,-12.14791624021));
#5121 = CARTESIAN_POINT('',(-3.980367809634,-12.15870706763));
#5122 = CARTESIAN_POINT('',(-3.981105530483,-12.16620361965));
#5123 = CARTESIAN_POINT('',(-3.981846612724,-12.17035390442));
#5124 = CARTESIAN_POINT('',(-3.983101785016,-12.17171206708));
#5125 = CARTESIAN_POINT('',(-3.983615817535,-12.17065946722));
#5126 = CARTESIAN_POINT('',(-3.984129006101,-12.16799733831));
#5127 = CARTESIAN_POINT('',(-3.984640375021,-12.16373618011));
#5128 = CARTESIAN_POINT('',(-3.985148989225,-12.15789695003));
#5129 = CARTESIAN_POINT('',(-3.985653955325,-12.1505101169));
#5130 = CARTESIAN_POINT('',(-3.986380053483,-12.13760430979));
#5131 = CARTESIAN_POINT('',(-3.986604773964,-12.13328719272));
#5132 = CARTESIAN_POINT('',(-3.986828508793,-12.128666922));
#5133 = CARTESIAN_POINT('',(-3.987051186037,-12.1237473138));
#5134 = CARTESIAN_POINT('',(-3.987272737153,-12.11853244199));
#5135 = CARTESIAN_POINT('',(-3.987493096994,-12.11302663815));
#5136 = CARTESIAN_POINT('',(-3.988062620907,-12.09797112249));
#5137 = CARTESIAN_POINT('',(-3.988409834168,-12.08797528135));
#5138 = CARTESIAN_POINT('',(-3.98875359064,-12.07726559309));
#5139 = CARTESIAN_POINT('',(-3.989093663472,-12.06586189662));
#5140 = CARTESIAN_POINT('',(-3.98942985032,-12.05378491911));
#5141 = CARTESIAN_POINT('',(-3.989761971766,-12.04105595027));
#5142 = CARTESIAN_POINT('',(-3.990713700551,-12.00227999226));
#5143 = CARTESIAN_POINT('',(-3.991322229441,-11.97458193533));
#5144 = CARTESIAN_POINT('',(-3.991914402985,-11.94475008657));
#5145 = CARTESIAN_POINT('',(-3.992489443202,-11.91293371758));
#5146 = CARTESIAN_POINT('',(-3.993046808954,-11.87927916862));
#5147 = CARTESIAN_POINT('',(-3.993586157369,-11.8439253864));
#5148 = CARTESIAN_POINT('',(-3.994786138454,-11.75890074708));
#5149 = CARTESIAN_POINT('',(-3.995434030233,-11.70813906474));
#5150 = CARTESIAN_POINT('',(-3.996050659678,-11.65499234373));
#5151 = CARTESIAN_POINT('',(-3.996635985995,-11.59971650931));
#5152 = CARTESIAN_POINT('',(-3.99719019085,-11.54254230315));
#5153 = CARTESIAN_POINT('',(-3.997713620725,-11.4836721034));
#5154 = CARTESIAN_POINT('',(-3.998596296453,-11.3755630093));
#5155 = CARTESIAN_POINT('',(-3.998966913998,-11.32690049474));
#5156 = CARTESIAN_POINT('',(-3.999318794613,-11.2773754704));
#5157 = CARTESIAN_POINT('',(-3.999652158774,-11.2270672104));
#5158 = CARTESIAN_POINT('',(-3.999967231253,-11.17604800766));
#5159 = CARTESIAN_POINT('',(-4.000264237653,-11.1243831879));
#5160 = CARTESIAN_POINT('',(-4.00131737304,-10.92726379881));
#5161 = CARTESIAN_POINT('',(-4.001953895092,-10.7779381212));
#5162 = CARTESIAN_POINT('',(-4.002458262394,-10.62533144487));
#5163 = CARTESIAN_POINT('',(-4.002833827567,-10.47043641631));
#5164 = CARTESIAN_POINT('',(-4.003083217785,-10.31411573019));
#5165 = CARTESIAN_POINT('',(-4.003208032713,-10.1570988262));
#5166 = CARTESIAN_POINT('',(-4.003208022078,-9.88593064653));
#5167 = CARTESIAN_POINT('',(-4.00314222606,-9.771895281249));
#5168 = CARTESIAN_POINT('',(-4.003010690932,-9.658136195597));
#5169 = CARTESIAN_POINT('',(-4.00281300707,-9.544930963727));
#5170 = CARTESIAN_POINT('',(-4.002548454096,-9.432583444441));
#5171 = CARTESIAN_POINT('',(-4.002216010614,-9.321426371297));
#5172 = CARTESIAN_POINT('',(-4.0016626662,-9.170484950442));
#5173 = CARTESIAN_POINT('',(-4.001501247563,-9.12936611338));
#5174 = CARTESIAN_POINT('',(-4.001329891069,-9.08849015883));
#5175 = CARTESIAN_POINT('',(-4.00114851624,-9.047878701305));
#5176 = CARTESIAN_POINT('',(-4.000957037532,-9.007554783334));
#5177 = CARTESIAN_POINT('',(-4.000755364329,-8.967542875459));
#5178 = CARTESIAN_POINT('',(-4.000268443643,-8.876404063239));
#5179 = CARTESIAN_POINT('',(-3.999976176624,-8.825508894071));
#5180 = CARTESIAN_POINT('',(-3.999666387072,-8.775239187574));
#5181 = CARTESIAN_POINT('',(-3.999338859594,-8.725657279182));
#5182 = CARTESIAN_POINT('',(-3.99899337939,-8.676832035612));
#5183 = CARTESIAN_POINT('',(-3.998629735405,-8.628838869555));
#5184 = CARTESIAN_POINT('',(-3.99775942926,-8.521582412625));
#5185 = CARTESIAN_POINT('',(-3.997241163258,-8.462903321495));
#5186 = CARTESIAN_POINT('',(-3.996692477068,-8.405889623765));
#5187 = CARTESIAN_POINT('',(-3.996113024478,-8.350739073305));
#5188 = CARTESIAN_POINT('',(-3.995502616457,-8.297677048011));
#5189 = CARTESIAN_POINT('',(-3.994861276129,-8.246953562765));
#5190 = CARTESIAN_POINT('',(-3.993668674733,-8.161564472497));
#5191 = CARTESIAN_POINT('',(-3.993129698622,-8.12585806104));
#5192 = CARTESIAN_POINT('',(-3.992572537092,-8.09184866459));
#5193 = CARTESIAN_POINT('',(-3.991997520956,-8.059676049908));
#5194 = CARTESIAN_POINT('',(-3.991405179119,-8.029487687951));
#5195 = CARTESIAN_POINT('',(-3.990796277542,-8.001434307875));
#5196 = CARTESIAN_POINT('',(-3.989312907145,-7.940217818865));
#5197 = CARTESIAN_POINT('',(-3.988424312004,-7.909081188421));
#5198 = CARTESIAN_POINT('',(-3.987509230906,-7.882668824535));
#5199 = CARTESIAN_POINT('',(-3.986571664543,-7.861359430767));
#5200 = CARTESIAN_POINT('',(-3.985616530156,-7.845476888527));
#5201 = CARTESIAN_POINT('',(-3.984649756052,-7.835252427985));
#5202 = CARTESIAN_POINT('',(-3.983678396655,-7.830769230769));
#5203 = ( GEOMETRIC_REPRESENTATION_CONTEXT(2) 
PARAMETRIC_REPRESENTATION_CONTEXT() REPRESENTATION_CONTEXT('2D SPACE',''
  ) );
#5204 = PCURVE('',#5205,#5210);
#5205 = CONICAL_SURFACE('',#5206,2.4,0.655695626242);
#5206 = AXIS2_PLACEMENT_3D('',#5207,#5208,#5209);
#5207 = CARTESIAN_POINT('',(-70.73181474612,-79.21709612036,11.));
#5208 = DIRECTION('',(-0.707106781187,-0.707106781187,-0.));
#5209 = DIRECTION('',(0.,-0.,-1.));
#5210 = DEFINITIONAL_REPRESENTATION('',(#5211),#5376);
#5211 = B_SPLINE_CURVE_WITH_KNOTS('',7,(#5212,#5213,#5214,#5215,#5216,
    #5217,#5218,#5219,#5220,#5221,#5222,#5223,#5224,#5225,#5226,#5227,
    #5228,#5229,#5230,#5231,#5232,#5233,#5234,#5235,#5236,#5237,#5238,
    #5239,#5240,#5241,#5242,#5243,#5244,#5245,#5246,#5247,#5248,#5249,
    #5250,#5251,#5252,#5253,#5254,#5255,#5256,#5257,#5258,#5259,#5260,
    #5261,#5262,#5263,#5264,#5265,#5266,#5267,#5268,#5269,#5270,#5271,
    #5272,#5273,#5274,#5275,#5276,#5277,#5278,#5279,#5280,#5281,#5282,
    #5283,#5284,#5285,#5286,#5287,#5288,#5289,#5290,#5291,#5292,#5293,
    #5294,#5295,#5296,#5297,#5298,#5299,#5300,#5301,#5302,#5303,#5304,
    #5305,#5306,#5307,#5308,#5309,#5310,#5311,#5312,#5313,#5314,#5315,
    #5316,#5317,#5318,#5319,#5320,#5321,#5322,#5323,#5324,#5325,#5326,
    #5327,#5328,#5329,#5330,#5331,#5332,#5333,#5334,#5335,#5336,#5337,
    #5338,#5339,#5340,#5341,#5342,#5343,#5344,#5345,#5346,#5347,#5348,
    #5349,#5350,#5351,#5352,#5353,#5354,#5355,#5356,#5357,#5358,#5359,
    #5360,#5361,#5362,#5363,#5364,#5365,#5366,#5367,#5368,#5369,#5370,
    #5371,#5372,#5373,#5374,#5375),.UNSPECIFIED.,.F.,.F.,(8,6,6,6,6,6,6,
    6,6,6,6,6,6,6,6,6,6,6,6,6,6,6,6,6,6,6,6,8),(0.,6.961902670066E-03,
    3.226848275154E-02,5.852542910918E-02,9.069470163673E-02,
    0.132380058211,0.16484109377,0.189584511379,0.248835107308,
    0.34464280797,0.377411080489,0.418987055433,0.4511170334,
    0.468299584588,0.502466915864,0.526150990491,0.536828723558,
    0.553905601926,0.586394621052,0.628713942385,0.662147188636,
    0.754839889294,0.822134784025,0.84751869794,0.880446519903,
    0.922535433142,0.955143858837,1.),.UNSPECIFIED.);
#5212 = CARTESIAN_POINT('',(0.,-0.3));
#5213 = CARTESIAN_POINT('',(-7.353528362657E-03,-0.299094778228));
#5214 = CARTESIAN_POINT('',(-1.470723047272E-02,-0.298191673706));
#5215 = CARTESIAN_POINT('',(-2.206057607188E-02,-0.297290842459));
#5216 = CARTESIAN_POINT('',(-2.941303347373E-02,-0.296392438324));
#5217 = CARTESIAN_POINT('',(-3.676406956374E-02,-0.295496612945));
#5218 = CARTESIAN_POINT('',(-4.411314979925E-02,-0.294603515776));
#5219 = CARTESIAN_POINT('',(-7.816465448605E-02,-0.290477330049));
#5220 = CARTESIAN_POINT('',(-0.104837831239,-0.287279212945));
#5221 = CARTESIAN_POINT('',(-0.131451484859,-0.284126267499));
#5222 = CARTESIAN_POINT('',(-0.15798069442,-0.281024970676));
#5223 = CARTESIAN_POINT('',(-0.184402644424,-0.277980996959));
#5224 = CARTESIAN_POINT('',(-0.210695867546,-0.274999263644));
#5225 = CARTESIAN_POINT('',(-0.26396490777,-0.269059207554));
#5226 = CARTESIAN_POINT('',(-0.2909310409,-0.266105773481));
#5227 = CARTESIAN_POINT('',(-0.317716161883,-0.26322822097));
#5228 = CARTESIAN_POINT('',(-0.344303168093,-0.260429858568));
#5229 = CARTESIAN_POINT('',(-0.370678829012,-0.257712931956));
#5230 = CARTESIAN_POINT('',(-0.396833036085,-0.255078799616));
#5231 = CARTESIAN_POINT('',(-0.45452065394,-0.249403073412));
#5232 = CARTESIAN_POINT('',(-0.485939394497,-0.246403275396));
#5233 = CARTESIAN_POINT('',(-0.517003248021,-0.243529583757));
#5234 = CARTESIAN_POINT('',(-0.547707391587,-0.240781265309));
#5235 = CARTESIAN_POINT('',(-0.578052406467,-0.238156350416));
#5236 = CARTESIAN_POINT('',(-0.608043479049,-0.235651999054));
#5237 = CARTESIAN_POINT('',(-0.676105428353,-0.230171590322));
#5238 = CARTESIAN_POINT('',(-0.713938784633,-0.227275403068));
#5239 = CARTESIAN_POINT('',(-0.7512137793,-0.224568549494));
#5240 = CARTESIAN_POINT('',(-0.787956677768,-0.222042612419));
#5241 = CARTESIAN_POINT('',(-0.824196629145,-0.219688872191));
#5242 = CARTESIAN_POINT('',(-0.859966393229,-0.217498665785));
#5243 = CARTESIAN_POINT('',(-0.922820285398,-0.213879122128));
#5244 = CARTESIAN_POINT('',(-0.95007323486,-0.212388753217));
#5245 = CARTESIAN_POINT('',(-0.977078564181,-0.21098876461));
#5246 = CARTESIAN_POINT('',(-1.003852129945,-0.209675531543));
#5247 = CARTESIAN_POINT('',(-1.030409390296,-0.208445679283));
#5248 = CARTESIAN_POINT('',(-1.056765798209,-0.207296083369));
#5249 = CARTESIAN_POINT('',(-1.10288633635,-0.205406575316));
#5250 = CARTESIAN_POINT('',(-1.122727727224,-0.204634252326));
#5251 = CARTESIAN_POINT('',(-1.142468095538,-0.203905639079));
#5252 = CARTESIAN_POINT('',(-1.162114039527,-0.20321956668));
#5253 = CARTESIAN_POINT('',(-1.18167202751,-0.202574959139));
#5254 = CARTESIAN_POINT('',(-1.201148397892,-0.201970833375));
#5255 = CARTESIAN_POINT('',(-1.267006907379,-0.200054465519));
#5256 = CARTESIAN_POINT('',(-1.313029244025,-0.198929733046));
#5257 = CARTESIAN_POINT('',(-1.358706738089,-0.198019671697));
#5258 = CARTESIAN_POINT('',(-1.404118843227,-0.19731517732));
#5259 = CARTESIAN_POINT('',(-1.449340522643,-0.196809880386));
#5260 = CARTESIAN_POINT('',(-1.494447573539,-0.196499971317));
#5261 = CARTESIAN_POINT('',(-1.612403950753,-0.196197633305));
#5262 = CARTESIAN_POINT('',(-1.685132483065,-0.196519201625));
#5263 = CARTESIAN_POINT('',(-1.758082864396,-0.197343292559));
#5264 = CARTESIAN_POINT('',(-1.831562979408,-0.198684105466));
#5265 = CARTESIAN_POINT('',(-1.905886302492,-0.200573254023));
#5266 = CARTESIAN_POINT('',(-1.981389249189,-0.203058997893));
#5267 = CARTESIAN_POINT('',(-2.084954767183,-0.207301105333));
#5268 = CARTESIAN_POINT('',(-2.111537123453,-0.208460930205));
#5269 = CARTESIAN_POINT('',(-2.138323873722,-0.209702404278));
#5270 = CARTESIAN_POINT('',(-2.165330871556,-0.21102873464));
#5271 = CARTESIAN_POINT('',(-2.192573972043,-0.212443387025));
#5272 = CARTESIAN_POINT('',(-2.220069442111,-0.213950085408));
#5273 = CARTESIAN_POINT('',(-2.283062165659,-0.217586330569));
#5274 = CARTESIAN_POINT('',(-2.318721047061,-0.219774290203));
#5275 = CARTESIAN_POINT('',(-2.354847690221,-0.222124862426));
#5276 = CARTESIAN_POINT('',(-2.391474475847,-0.224646624186));
#5277 = CARTESIAN_POINT('',(-2.42863019599,-0.227348201494));
#5278 = CARTESIAN_POINT('',(-2.466340759845,-0.23023791346));
#5279 = CARTESIAN_POINT('',(-2.534219806155,-0.235707897743));
#5280 = CARTESIAN_POINT('',(-2.564153339509,-0.238209155243));
#5281 = CARTESIAN_POINT('',(-2.594439385918,-0.24083050461));
#5282 = CARTESIAN_POINT('',(-2.625083049673,-0.24357475836));
#5283 = CARTESIAN_POINT('',(-2.656084859067,-0.246443862884));
#5284 = CARTESIAN_POINT('',(-2.687439972412,-0.249438535588));
#5285 = CARTESIAN_POINT('',(-2.736088606317,-0.254226084737));
#5286 = CARTESIAN_POINT('',(-2.75313751628,-0.255929907636));
#5287 = CARTESIAN_POINT('',(-2.770282144846,-0.25766920606));
#5288 = CARTESIAN_POINT('',(-2.787520005423,-0.259443679407));
#5289 = CARTESIAN_POINT('',(-2.804848009092,-0.261252869056));
#5290 = CARTESIAN_POINT('',(-2.822262379779,-0.26309613628));
#5291 = CARTESIAN_POINT('',(-2.874549567653,-0.268704049361));
#5292 = CARTESIAN_POINT('',(-2.909669832846,-0.272567483315));
#5293 = CARTESIAN_POINT('',(-2.945075517475,-0.276555568073));
#5294 = CARTESIAN_POINT('',(-2.980720793063,-0.280658625075));
#5295 = CARTESIAN_POINT('',(-3.016554582506,-0.28486437366));
#5296 = CARTESIAN_POINT('',(-3.05251729239,-0.289157633569));
#5297 = CARTESIAN_POINT('',(-3.113506026189,-0.296543947054));
#5298 = CARTESIAN_POINT('',(-3.138505079791,-0.299601447412));
#5299 = CARTESIAN_POINT('',(-3.163512206101,-0.3026865944));
#5300 = CARTESIAN_POINT('',(-3.188506603105,-0.305793294781));
#5301 = CARTESIAN_POINT('',(-3.213468655891,-0.308915336349));
#5302 = CARTESIAN_POINT('',(-3.238379425763,-0.312046428064));
#5303 = CARTESIAN_POINT('',(-3.274419331767,-0.316593088674));
#5304 = CARTESIAN_POINT('',(-3.285604486428,-0.318006516366));
#5305 = CARTESIAN_POINT('',(-3.296774023308,-0.319419958811));
#5306 = CARTESIAN_POINT('',(-3.307926447588,-0.320832862598));
#5307 = CARTESIAN_POINT('',(-3.319060349664,-0.322244685344));
#5308 = CARTESIAN_POINT('',(-3.33017440514,-0.323654895698));
#5309 = CARTESIAN_POINT('',(-3.359008340355,-0.327314909246));
#5310 = CARTESIAN_POINT('',(-3.376695422911,-0.329561398975));
#5311 = CARTESIAN_POINT('',(-3.394323526261,-0.331800317595));
#5312 = CARTESIAN_POINT('',(-3.411888260404,-0.334029650282));
#5313 = CARTESIAN_POINT('',(-3.429385871097,-0.336247494696));
#5314 = CARTESIAN_POINT('',(-3.446813169376,-0.338452063364));
#5315 = CARTESIAN_POINT('',(-3.497184263239,-0.344807476342));
#5316 = CARTESIAN_POINT('',(-3.529936006308,-0.34891907625));
#5317 = CARTESIAN_POINT('',(-3.562406118675,-0.352965185833));
#5318 = CARTESIAN_POINT('',(-3.594584328506,-0.356936071864));
#5319 = CARTESIAN_POINT('',(-3.62646599823,-0.360823492239));
#5320 = CARTESIAN_POINT('',(-3.658051459031,-0.364620620369));
#5321 = CARTESIAN_POINT('',(-3.73010791886,-0.37314324736));
#5322 = CARTESIAN_POINT('',(-3.770372153997,-0.37780158614));
#5323 = CARTESIAN_POINT('',(-3.810153210329,-0.382285339271));
#5324 = CARTESIAN_POINT('',(-3.849469053202,-0.386585424867));
#5325 = CARTESIAN_POINT('',(-3.888341377719,-0.390695027583));
#5326 = CARTESIAN_POINT('',(-3.926796532734,-0.394609300405));
#5327 = CARTESIAN_POINT('',(-3.99494255914,-0.401260607843));
#5328 = CARTESIAN_POINT('',(-4.024776309657,-0.4040720592));
#5329 = CARTESIAN_POINT('',(-4.054382412722,-0.406757746723));
#5330 = CARTESIAN_POINT('',(-4.083774890508,-0.409316357607));
#5331 = CARTESIAN_POINT('',(-4.112967520007,-0.411746899348));
#5332 = CARTESIAN_POINT('',(-4.141974282018,-0.41404865908));
#5333 = CARTESIAN_POINT('',(-4.250755471266,-0.422244366424));
#5334 = CARTESIAN_POINT('',(-4.32935424709,-0.427271713465));
#5335 = CARTESIAN_POINT('',(-4.406958609172,-0.431297246917));
#5336 = CARTESIAN_POINT('',(-4.483818142966,-0.434315355124));
#5337 = CARTESIAN_POINT('',(-4.560171000334,-0.436326308233));
#5338 = CARTESIAN_POINT('',(-4.636260093413,-0.437332770625));
#5339 = CARTESIAN_POINT('',(-4.767666114702,-0.437332684874));
#5340 = CARTESIAN_POINT('',(-4.822926871555,-0.436802133352));
#5341 = CARTESIAN_POINT('',(-4.878283336701,-0.435741486918));
#5342 = CARTESIAN_POINT('',(-4.933831306737,-0.434150324143));
#5343 = CARTESIAN_POINT('',(-4.989662526073,-0.432028591369));
#5344 = CARTESIAN_POINT('',(-5.045873985185,-0.429376944919));
#5345 = CARTESIAN_POINT('',(-5.123967905067,-0.424996445283));
#5346 = CARTESIAN_POINT('',(-5.145426797212,-0.423721421702));
#5347 = CARTESIAN_POINT('',(-5.16696101656,-0.422371216018));
#5348 = CARTESIAN_POINT('',(-5.188576337969,-0.42094592839));
#5349 = CARTESIAN_POINT('',(-5.210278635466,-0.419445698142));
#5350 = CARTESIAN_POINT('',(-5.232073882247,-0.417870703762));
#5351 = CARTESIAN_POINT('',(-5.282369230798,-0.414081390918));
#5352 = CARTESIAN_POINT('',(-5.310936445811,-0.411816226793));
#5353 = CARTESIAN_POINT('',(-5.339683752665,-0.409426125171));
#5354 = CARTESIAN_POINT('',(-5.3686245085,-0.406911764698));
#5355 = CARTESIAN_POINT('',(-5.397771886725,-0.404274085463));
#5356 = CARTESIAN_POINT('',(-5.427139293093,-0.401514326423));
#5357 = CARTESIAN_POINT('',(-5.494577918116,-0.394952459973));
#5358 = CARTESIAN_POINT('',(-5.532794541763,-0.391074271769));
#5359 = CARTESIAN_POINT('',(-5.571422066609,-0.387002574184));
#5360 = CARTESIAN_POINT('',(-5.610486534088,-0.382742054091));
#5361 = CARTESIAN_POINT('',(-5.650009537217,-0.378299296916));
#5362 = CARTESIAN_POINT('',(-5.690009144642,-0.37368307427));
#5363 = CARTESIAN_POINT('',(-5.761871792435,-0.36520252854));
#5364 = CARTESIAN_POINT('',(-5.793535994825,-0.361403307447));
#5365 = CARTESIAN_POINT('',(-5.825498472578,-0.357512406359));
#5366 = CARTESIAN_POINT('',(-5.857759948476,-0.3535366096));
#5367 = CARTESIAN_POINT('',(-5.890316175408,-0.349484126703));
#5368 = CARTESIAN_POINT('',(-5.923157284417,-0.345364671364));
#5369 = CARTESIAN_POINT('',(-6.001813030772,-0.3354462314));
#5370 = CARTESIAN_POINT('',(-6.047882219251,-0.329595684416));
#5371 = CARTESIAN_POINT('',(-6.094407686407,-0.323670315559));
#5372 = CARTESIAN_POINT('',(-6.141309796516,-0.317706787387));
#5373 = CARTESIAN_POINT('',(-6.188494040685,-0.311745185807));
#5374 = CARTESIAN_POINT('',(-6.235840540873,-0.305828156381));
#5375 = CARTESIAN_POINT('',(-6.28318530718,-0.3));
#5376 = ( GEOMETRIC_REPRESENTATION_CONTEXT(2) 
PARAMETRIC_REPRESENTATION_CONTEXT() REPRESENTATION_CONTEXT('2D SPACE',''
  ) );
#5377 = FACE_BOUND('',#5378,.T.);
#5378 = EDGE_LOOP('',(#5379));
#5379 = ORIENTED_EDGE('',*,*,#5380,.F.);
#5380 = EDGE_CURVE('',#5381,#5381,#5383,.T.);
#5381 = VERTEX_POINT('',#5382);
#5382 = CARTESIAN_POINT('',(79.004964086008,-70.51968271176,
    8.830769230769));
#5383 = SURFACE_CURVE('',#5384,(#5549,#5717),.PCURVE_S1.);
#5384 = B_SPLINE_CURVE_WITH_KNOTS('',7,(#5385,#5386,#5387,#5388,#5389,
    #5390,#5391,#5392,#5393,#5394,#5395,#5396,#5397,#5398,#5399,#5400,
    #5401,#5402,#5403,#5404,#5405,#5406,#5407,#5408,#5409,#5410,#5411,
    #5412,#5413,#5414,#5415,#5416,#5417,#5418,#5419,#5420,#5421,#5422,
    #5423,#5424,#5425,#5426,#5427,#5428,#5429,#5430,#5431,#5432,#5433,
    #5434,#5435,#5436,#5437,#5438,#5439,#5440,#5441,#5442,#5443,#5444,
    #5445,#5446,#5447,#5448,#5449,#5450,#5451,#5452,#5453,#5454,#5455,
    #5456,#5457,#5458,#5459,#5460,#5461,#5462,#5463,#5464,#5465,#5466,
    #5467,#5468,#5469,#5470,#5471,#5472,#5473,#5474,#5475,#5476,#5477,
    #5478,#5479,#5480,#5481,#5482,#5483,#5484,#5485,#5486,#5487,#5488,
    #5489,#5490,#5491,#5492,#5493,#5494,#5495,#5496,#5497,#5498,#5499,
    #5500,#5501,#5502,#5503,#5504,#5505,#5506,#5507,#5508,#5509,#5510,
    #5511,#5512,#5513,#5514,#5515,#5516,#5517,#5518,#5519,#5520,#5521,
    #5522,#5523,#5524,#5525,#5526,#5527,#5528,#5529,#5530,#5531,#5532,
    #5533,#5534,#5535,#5536,#5537,#5538,#5539,#5540,#5541,#5542,#5543,
    #5544,#5545,#5546,#5547,#5548),.UNSPECIFIED.,.T.,.F.,(8,6,6,6,6,6,6,
    6,6,6,6,6,6,6,6,6,6,6,6,6,6,6,6,6,6,6,6,8),(0.,6.961902909904E-03,
    3.234116549702E-02,5.852542926723E-02,9.069470105091E-02,
    0.132380056661,0.16484109147,0.189584508507,0.248835103066,
    0.344642801511,0.377411073271,0.418987047253,0.451117024477,
    0.468299575268,0.502466905753,0.526150979832,0.536828712652,
    0.553905590624,0.586394608998,0.628713929352,0.662147174827,
    0.754838259859,0.822134772133,0.847518687746,0.880446511911,
    0.922535427963,0.955143855838,1.),.UNSPECIFIED.);
#5385 = CARTESIAN_POINT('',(79.004964086008,-70.51968271176,
    8.830769230769));
#5386 = CARTESIAN_POINT('',(78.994324760651,-70.53160221403,
    8.830072906329));
#5387 = CARTESIAN_POINT('',(78.983675222271,-70.54352893507,
    8.829515059986));
#5388 = CARTESIAN_POINT('',(78.973017207943,-70.55546091717,
    8.829096008719));
#5389 = CARTESIAN_POINT('',(78.962352463856,-70.56739619657,
    8.828815988135));
#5390 = CARTESIAN_POINT('',(78.95168274532,-70.5793328035,8.828675152474
    ));
#5391 = CARTESIAN_POINT('',(78.941009816764,-70.59126876219,
    8.828673574607));
#5392 = CARTESIAN_POINT('',(78.891422597514,-70.64670443272,
    8.829313120216));
#5393 = CARTESIAN_POINT('',(78.852488874711,-70.69017381321,
    8.831665573381));
#5394 = CARTESIAN_POINT('',(78.813623156424,-70.73351090893,
    8.835868275954));
#5395 = CARTESIAN_POINT('',(78.774910662875,-70.77662126356,
    8.841905844745));
#5396 = CARTESIAN_POINT('',(78.736432841709,-70.81941534228,
    8.849749212867));
#5397 = CARTESIAN_POINT('',(78.698267248285,-70.8618085863,
    8.859356999667));
#5398 = CARTESIAN_POINT('',(78.621509270907,-70.94696377688,
    8.882355815317));
#5399 = CARTESIAN_POINT('',(78.582939189786,-70.98969760107,
    8.895857969786));
#5400 = CARTESIAN_POINT('',(78.544855907003,-71.03183785601,
    8.91112656899));
#5401 = CARTESIAN_POINT('',(78.507327905118,-71.07331143072,
    8.928094999139));
#5402 = CARTESIAN_POINT('',(78.47041418443,-71.1140561823,8.946689616872
    ));
#5403 = CARTESIAN_POINT('',(78.434165022556,-71.15401993121,
    8.966832558416));
#5404 = CARTESIAN_POINT('',(78.354956448405,-71.24124520916,
    9.014996450148));
#5405 = CARTESIAN_POINT('',(78.312356899365,-71.28808711324,
    9.043765895403));
#5406 = CARTESIAN_POINT('',(78.270898614573,-71.33360941172,
    9.074607381334));
#5407 = CARTESIAN_POINT('',(78.230637262853,-71.37775747267,
    9.107374309232));
#5408 = CARTESIAN_POINT('',(78.191612232014,-71.42049469375,
    9.14192324336));
#5409 = CARTESIAN_POINT('',(78.153849206696,-71.46179940673,
    9.178118169466));
#5410 = CARTESIAN_POINT('',(78.070083122032,-71.55331595975,
    9.264708387125));
#5411 = CARTESIAN_POINT('',(78.024951048504,-71.60254386057,
    9.316132745221));
#5412 = CARTESIAN_POINT('',(77.981992648104,-71.64933033,9.369840263095)
  );
#5413 = CARTESIAN_POINT('',(77.941214602175,-71.6936805904,9.42558461064
    ));
#5414 = CARTESIAN_POINT('',(77.902608071156,-71.73561581277,
    9.483143725061));
#5415 = CARTESIAN_POINT('',(77.866152614811,-71.77516868872,
    9.542322843796));
#5416 = CARTESIAN_POINT('',(77.805084858854,-71.84135525241,
    9.650174716512));
#5417 = CARTESIAN_POINT('',(77.779638571566,-71.86890923962,
    9.69827165078));
#5418 = CARTESIAN_POINT('',(77.755468692598,-71.89505900147,
    9.747168804663));
#5419 = CARTESIAN_POINT('',(77.73256199511,-71.91982289097,
    9.796792995861));
#5420 = CARTESIAN_POINT('',(77.710904827889,-71.94321933194,
    9.847077395716));
#5421 = CARTESIAN_POINT('',(77.69048335981,-71.96526657415,9.89796152958
    ));
#5422 = CARTESIAN_POINT('',(77.656648982365,-72.00177311951,
    9.98859359161));
#5423 = CARTESIAN_POINT('',(77.642724340163,-72.01678999136,
    10.02811233117));
#5424 = CARTESIAN_POINT('',(77.629503915749,-72.0310408305,
    10.067923209188));
#5425 = CARTESIAN_POINT('',(77.616982028868,-72.04453297028,
    10.108003267945));
#5426 = CARTESIAN_POINT('',(77.605153300961,-72.05727331091,
    10.148330878676));
#5427 = CARTESIAN_POINT('',(77.594012655172,-72.06926831955,
    10.188885741575));
#5428 = CARTESIAN_POINT('',(77.558514169345,-72.10747695879,
    10.327260324309));
#5429 = CARTESIAN_POINT('',(77.53739286564,-72.13018887441,
    10.426059528321));
#5430 = CARTESIAN_POINT('',(77.520123250786,-72.14874551037,
    10.525793306452));
#5431 = CARTESIAN_POINT('',(77.506655712338,-72.16320935432,
    10.626228775752));
#5432 = CARTESIAN_POINT('',(77.496953847137,-72.1736258173,
    10.72715077127));
#5433 = CARTESIAN_POINT('',(77.490994305926,-72.18002363612,
    10.828360430523));
#5434 = CARTESIAN_POINT('',(77.485178067161,-72.1862674454,
    11.093499658341));
#5435 = CARTESIAN_POINT('',(77.491358389278,-72.179632357,
    11.257449789012));
#5436 = CARTESIAN_POINT('',(77.507258430281,-72.16256687542,
    11.420824703834));
#5437 = CARTESIAN_POINT('',(77.532971152833,-72.13495795708,
    11.582815310772));
#5438 = CARTESIAN_POINT('',(77.568675827545,-72.09658162285,
    11.742479872024));
#5439 = CARTESIAN_POINT('',(77.614610708507,-72.0471313692,
    11.898763563168));
#5440 = CARTESIAN_POINT('',(77.690573797519,-71.96516903431,
    12.102292676581));
#5441 = CARTESIAN_POINT('',(77.711176235267,-71.9429263565,
    12.153608311219));
#5442 = CARTESIAN_POINT('',(77.733035641987,-71.91931124031,
    12.204313618053));
#5443 = CARTESIAN_POINT('',(77.756166211143,-71.89430495676,
    12.254346527064));
#5444 = CARTESIAN_POINT('',(77.780581943214,-71.8678886041,
    12.303638381833));
#5445 = CARTESIAN_POINT('',(77.806296388866,-71.84004336516,
    12.352113940785));
#5446 = CARTESIAN_POINT('',(77.867612647507,-71.7735846793,
    12.46005703713));
#5447 = CARTESIAN_POINT('',(77.90401163188,-71.73409145274,
    12.518972128733));
#5448 = CARTESIAN_POINT('',(77.942547043305,-71.6922318302,
    12.576273391878));
#5449 = CARTESIAN_POINT('',(77.983238922003,-71.64797364182,
    12.631767602108));
#5450 = CARTESIAN_POINT('',(78.026095775339,-71.60129618121,
    12.685234582929));
#5451 = CARTESIAN_POINT('',(78.071110702813,-71.55219458388,
    12.736430216869));
#5452 = CARTESIAN_POINT('',(78.154692655376,-71.46087690536,
    12.822693392476));
#5453 = CARTESIAN_POINT('',(78.19239863301,-71.41963361545,
    12.858779991964));
#5454 = CARTESIAN_POINT('',(78.231360841664,-71.37696425897,
    12.89322557943));
#5455 = CARTESIAN_POINT('',(78.27155360882,-71.33289053094,
    12.925894920958));
#5456 = CARTESIAN_POINT('',(78.312937648473,-71.28744896476,
    12.956645448532));
#5457 = CARTESIAN_POINT('',(78.355457507876,-71.2406939986,
    12.985331484287));
#5458 = CARTESIAN_POINT('',(78.422345642922,-71.16703524662,
    13.025967891577));
#5459 = CARTESIAN_POINT('',(78.445955621823,-71.14101569827,
    13.039495413147));
#5460 = CARTESIAN_POINT('',(78.469857246728,-71.11465433394,
    13.052368834012));
#5461 = CARTESIAN_POINT('',(78.494037267872,-71.08796482852,
    13.064566173707));
#5462 = CARTESIAN_POINT('',(78.518480779477,-71.06096273638,
    13.076066000587));
#5463 = CARTESIAN_POINT('',(78.543171109232,-71.03366563312,
    13.086847765661));
#5464 = CARTESIAN_POINT('',(78.617640091903,-70.95126586371,
    13.116865267294));
#5465 = CARTESIAN_POINT('',(78.668101140115,-70.89534109481,
    13.133925738039));
#5466 = CARTESIAN_POINT('',(78.71931630729,-70.83848592408,
    13.14791624021));
#5467 = CARTESIAN_POINT('',(78.771112696014,-70.78088693649,
    13.15870706763));
#5468 = CARTESIAN_POINT('',(78.823301170598,-70.72275063522,
    13.166203619655));
#5469 = CARTESIAN_POINT('',(78.875676471092,-70.66430374834,
    13.170353904425));
#5470 = CARTESIAN_POINT('',(78.964298906747,-70.56523548798,
    13.171712067086));
#5471 = CARTESIAN_POINT('',(79.000568266461,-70.52464216979,
    13.170659467221));
#5472 = CARTESIAN_POINT('',(79.036753677107,-70.48409370243,
    13.167997338319));
#5473 = CARTESIAN_POINT('',(79.072786495053,-70.44366734667,
    13.163736180118));
#5474 = CARTESIAN_POINT('',(79.108601212718,-70.40343739548,
    13.157896950035));
#5475 = CARTESIAN_POINT('',(79.144135508918,-70.36347506691,
    13.150510116911));
#5476 = CARTESIAN_POINT('',(79.195197525705,-70.30598310102,
    13.137604309797));
#5477 = CARTESIAN_POINT('',(79.21099603146,-70.28818570666,
    13.133287192733));
#5478 = CARTESIAN_POINT('',(79.226720587258,-70.27046224139,
    13.128666922013));
#5479 = CARTESIAN_POINT('',(79.242366210175,-70.25281847077,
    13.123747313808));
#5480 = CARTESIAN_POINT('',(79.257928163589,-70.23525989848,
    13.118532441996));
#5481 = CARTESIAN_POINT('',(79.273401957181,-70.21779176628,
    13.113026638161));
#5482 = CARTESIAN_POINT('',(79.313382774564,-70.1726349081,
    13.097971122503));
#5483 = CARTESIAN_POINT('',(79.337745932167,-70.14509473426,
    13.087975281364));
#5484 = CARTESIAN_POINT('',(79.361855432223,-70.11781892512,
    13.077265593101));
#5485 = CARTESIAN_POINT('',(79.385695762655,-70.09082584217,
    13.065861896629));
#5486 = CARTESIAN_POINT('',(79.409253166136,-70.06413193304,
    13.053784919121));
#5487 = CARTESIAN_POINT('',(79.432515519407,-70.03775184886,
    13.041055950287));
#5488 = CARTESIAN_POINT('',(79.499147668246,-69.96213178879,
    13.002279992275));
#5489 = CARTESIAN_POINT('',(79.541715729693,-69.91374904699,
    12.97458193535));
#5490 = CARTESIAN_POINT('',(79.583105822691,-69.86663689095,
    12.944750086596));
#5491 = CARTESIAN_POINT('',(79.623266868173,-69.82086016459,
    12.912933717608));
#5492 = CARTESIAN_POINT('',(79.662164443591,-69.77646494655,
    12.879279168645));
#5493 = CARTESIAN_POINT('',(79.69977794427,-69.73348149577,
    12.843925386423));
#5494 = CARTESIAN_POINT('',(79.783406938724,-69.63779968664,
    12.758900747116));
#5495 = CARTESIAN_POINT('',(79.828516889706,-69.58610184978,
    12.708139064774));
#5496 = CARTESIAN_POINT('',(79.871412263474,-69.53686549152,
    12.654992343766));
#5497 = CARTESIAN_POINT('',(79.912096829178,-69.49009968645,
    12.599716509349));
#5498 = CARTESIAN_POINT('',(79.950589354172,-69.44579530556,
    12.542542303199));
#5499 = CARTESIAN_POINT('',(79.986919498832,-69.40392954318,
    12.483672103452));
#5500 = CARTESIAN_POINT('',(80.048145833313,-69.33329683952,
    12.375563009358));
#5501 = CARTESIAN_POINT('',(80.073839354628,-69.30362732556,
    12.326900494798));
#5502 = CARTESIAN_POINT('',(80.098221505348,-69.27544703912,
    12.277375470459));
#5503 = CARTESIAN_POINT('',(80.12130982762,-69.24874029464,
    12.227067210467));
#5504 = CARTESIAN_POINT('',(80.143121945803,-69.22349087136,
    12.176048007731));
#5505 = CARTESIAN_POINT('',(80.163675336558,-69.19968230078,
    12.124383187973));
#5506 = CARTESIAN_POINT('',(80.236527465199,-69.11523983993,
    11.92726632057));
#5507 = CARTESIAN_POINT('',(80.280503707229,-69.06415395474,
    11.777943319236));
#5508 = CARTESIAN_POINT('',(80.315317869973,-69.02364687775,
    11.625339412824));
#5509 = CARTESIAN_POINT('',(80.341225969652,-68.99347052844,
    11.470447199941));
#5510 = CARTESIAN_POINT('',(80.358425093528,-68.97342743775,
    11.314129334624));
#5511 = CARTESIAN_POINT('',(80.367033348116,-68.96339573152,
    11.157115224419));
#5512 = CARTESIAN_POINT('',(80.367034166241,-68.96339477811,
    10.885947047535));
#5513 = CARTESIAN_POINT('',(80.36249708358,-68.96868210208,
    10.771908915435));
#5514 = CARTESIAN_POINT('',(80.353426195452,-68.97925293479,
    10.658147050043));
#5515 = CARTESIAN_POINT('',(80.339791059384,-68.99513831481,
    10.5449390431));
#5516 = CARTESIAN_POINT('',(80.321537612319,-69.01639238113,
    10.432588773667));
#5517 = CARTESIAN_POINT('',(80.298588647054,-69.04309141273,
    10.321428998501));
#5518 = CARTESIAN_POINT('',(80.260365526041,-69.08750960356,
    10.170484950548));
#5519 = CARTESIAN_POINT('',(80.249213325491,-69.10046495975,
    10.129366113481));
#5520 = CARTESIAN_POINT('',(80.237372011594,-69.11421575284,
    10.088490158926));
#5521 = CARTESIAN_POINT('',(80.224835465685,-69.12876795984,
    10.047878701396));
#5522 = CARTESIAN_POINT('',(80.211597159083,-69.14412791241,
    10.00755478342));
#5523 = CARTESIAN_POINT('',(80.197650153084,-69.16030229682,
    9.96754287554));
#5524 = CARTESIAN_POINT('',(80.163966295586,-69.19934505193,
    9.876404063311));
#5525 = CARTESIAN_POINT('',(80.143740980468,-69.22277379287,
    9.825508894139));
#5526 = CARTESIAN_POINT('',(80.122294831444,-69.24760005603,
    9.775239187638));
#5527 = CARTESIAN_POINT('',(80.099611164407,-69.27383956575,
    9.725657279243));
#5528 = CARTESIAN_POINT('',(80.075673142974,-69.30150782893,
    9.676832035669));
#5529 = CARTESIAN_POINT('',(80.050463988138,-69.33061987243,
    9.628838869608));
#5530 = CARTESIAN_POINT('',(79.990098518262,-69.40026522283,
    9.521582412672));
#5531 = CARTESIAN_POINT('',(79.954128703839,-69.44171962361,
    9.462903321539));
#5532 = CARTESIAN_POINT('',(79.916021763768,-69.48558481363,
    9.405889623806));
#5533 = CARTESIAN_POINT('',(79.875748178226,-69.53188368447,
    9.350739073343));
#5534 = CARTESIAN_POINT('',(79.833288800145,-69.58062607,9.297677048046)
  );
#5535 = CARTESIAN_POINT('',(79.788638766898,-69.63180442792,
    9.246953562796));
#5536 = CARTESIAN_POINT('',(79.705531874065,-69.72690462354,
    9.161564472524));
#5537 = CARTESIAN_POINT('',(79.667947893019,-69.76986151458,
    9.125858061066));
#5538 = CARTESIAN_POINT('',(79.629068267401,-69.81424370529,
    9.091848664614));
#5539 = CARTESIAN_POINT('',(79.588912728468,-69.86002186992,
    9.05967604993));
#5540 = CARTESIAN_POINT('',(79.547514805101,-69.90715086956,
    9.029487687971));
#5541 = CARTESIAN_POINT('',(79.50492468874,-69.95556677553,
    9.001434307894));
#5542 = CARTESIAN_POINT('',(79.401081071299,-70.07343718529,
    8.940217818878));
#5543 = CARTESIAN_POINT('',(79.338806406355,-70.14398577312,
    8.90908118843));
#5544 = CARTESIAN_POINT('',(79.274600770627,-70.21657114585,
    8.882668824541));
#5545 = CARTESIAN_POINT('',(79.20873688241,-70.29086873649,8.86135943077
    ));
#5546 = CARTESIAN_POINT('',(79.141553678877,-70.36648291783,
    8.845476888528));
#5547 = CARTESIAN_POINT('',(79.073464042476,-70.4429404975,
    8.835252427986));
#5548 = CARTESIAN_POINT('',(79.004964086008,-70.51968271176,
    8.830769230769));
#5549 = PCURVE('',#1432,#5550);
#5550 = DEFINITIONAL_REPRESENTATION('',(#5551),#5716);
#5551 = B_SPLINE_CURVE_WITH_KNOTS('',7,(#5552,#5553,#5554,#5555,#5556,
    #5557,#5558,#5559,#5560,#5561,#5562,#5563,#5564,#5565,#5566,#5567,
    #5568,#5569,#5570,#5571,#5572,#5573,#5574,#5575,#5576,#5577,#5578,
    #5579,#5580,#5581,#5582,#5583,#5584,#5585,#5586,#5587,#5588,#5589,
    #5590,#5591,#5592,#5593,#5594,#5595,#5596,#5597,#5598,#5599,#5600,
    #5601,#5602,#5603,#5604,#5605,#5606,#5607,#5608,#5609,#5610,#5611,
    #5612,#5613,#5614,#5615,#5616,#5617,#5618,#5619,#5620,#5621,#5622,
    #5623,#5624,#5625,#5626,#5627,#5628,#5629,#5630,#5631,#5632,#5633,
    #5634,#5635,#5636,#5637,#5638,#5639,#5640,#5641,#5642,#5643,#5644,
    #5645,#5646,#5647,#5648,#5649,#5650,#5651,#5652,#5653,#5654,#5655,
    #5656,#5657,#5658,#5659,#5660,#5661,#5662,#5663,#5664,#5665,#5666,
    #5667,#5668,#5669,#5670,#5671,#5672,#5673,#5674,#5675,#5676,#5677,
    #5678,#5679,#5680,#5681,#5682,#5683,#5684,#5685,#5686,#5687,#5688,
    #5689,#5690,#5691,#5692,#5693,#5694,#5695,#5696,#5697,#5698,#5699,
    #5700,#5701,#5702,#5703,#5704,#5705,#5706,#5707,#5708,#5709,#5710,
    #5711,#5712,#5713,#5714,#5715),.UNSPECIFIED.,.T.,.F.,(8,6,6,6,6,6,6,
    6,6,6,6,6,6,6,6,6,6,6,6,6,6,6,6,6,6,6,6,8),(0.,6.961902909904E-03,
    3.234116549702E-02,5.852542926723E-02,9.069470105091E-02,
    0.132380056661,0.16484109147,0.189584508507,0.248835103066,
    0.344642801511,0.377411073271,0.418987047253,0.451117024477,
    0.468299575268,0.502466905753,0.526150979832,0.536828712652,
    0.553905590624,0.586394608998,0.628713929352,0.662147174827,
    0.754838259859,0.822134772133,0.847518687746,0.880446511911,
    0.922535427963,0.955143855838,1.),.UNSPECIFIED.);
#5552 = CARTESIAN_POINT('',(-5.55447472345,-7.830769230769));
#5553 = CARTESIAN_POINT('',(-5.554323853155,-7.830072906329));
#5554 = CARTESIAN_POINT('',(-5.554172867785,-7.829515059986));
#5555 = CARTESIAN_POINT('',(-5.55402179205,-7.829096008719));
#5556 = CARTESIAN_POINT('',(-5.553870650757,-7.828815988135));
#5557 = CARTESIAN_POINT('',(-5.553719468816,-7.828675152474));
#5558 = CARTESIAN_POINT('',(-5.553568271234,-7.828673574607));
#5559 = CARTESIAN_POINT('',(-5.552865934544,-7.829313120216));
#5560 = CARTESIAN_POINT('',(-5.552314886574,-7.831665573381));
#5561 = CARTESIAN_POINT('',(-5.551765197481,-7.835868275954));
#5562 = CARTESIAN_POINT('',(-5.551218068288,-7.841905844745));
#5563 = CARTESIAN_POINT('',(-5.550674641643,-7.849749212867));
#5564 = CARTESIAN_POINT('',(-5.550136000699,-7.859356999667));
#5565 = CARTESIAN_POINT('',(-5.549053434427,-7.882355815317));
#5566 = CARTESIAN_POINT('',(-5.548509847356,-7.895857969786));
#5567 = CARTESIAN_POINT('',(-5.547973500996,-7.91112656899));
#5568 = CARTESIAN_POINT('',(-5.547445340874,-7.928094999139));
#5569 = CARTESIAN_POINT('',(-5.546926175674,-7.946689616872));
#5570 = CARTESIAN_POINT('',(-5.546416689089,-7.966832558416));
#5571 = CARTESIAN_POINT('',(-5.545304102223,-8.014996450148));
#5572 = CARTESIAN_POINT('',(-5.544706219848,-8.043765895403));
#5573 = CARTESIAN_POINT('',(-5.544124806874,-8.074607381334));
#5574 = CARTESIAN_POINT('',(-5.543560598321,-8.107374309232));
#5575 = CARTESIAN_POINT('',(-5.543014099898,-8.14192324336));
#5576 = CARTESIAN_POINT('',(-5.542485626004,-8.178118169466));
#5577 = CARTESIAN_POINT('',(-5.5413140996,-8.264708387125));
#5578 = CARTESIAN_POINT('',(-5.54068345387,-8.316132745221));
#5579 = CARTESIAN_POINT('',(-5.54008367216,-8.369840263095));
#5580 = CARTESIAN_POINT('',(-5.539514760417,-8.425584610639));
#5581 = CARTESIAN_POINT('',(-5.538976514693,-8.483143725061));
#5582 = CARTESIAN_POINT('',(-5.538468576942,-8.542322843796));
#5583 = CARTESIAN_POINT('',(-5.537618197707,-8.650174716512));
#5584 = CARTESIAN_POINT('',(-5.537264028942,-8.69827165078));
#5585 = CARTESIAN_POINT('',(-5.536927778839,-8.747168804663));
#5586 = CARTESIAN_POINT('',(-5.536609235284,-8.796792995861));
#5587 = CARTESIAN_POINT('',(-5.536308182977,-8.847077395715));
#5588 = CARTESIAN_POINT('',(-5.536024406698,-8.89796152958));
#5589 = CARTESIAN_POINT('',(-5.535554393283,-8.98859359161));
#5590 = CARTESIAN_POINT('',(-5.535361009822,-9.02811233117));
#5591 = CARTESIAN_POINT('',(-5.535177451977,-9.067923209188));
#5592 = CARTESIAN_POINT('',(-5.535003632489,-9.108003267945));
#5593 = CARTESIAN_POINT('',(-5.53483946904,-9.148330878676));
#5594 = CARTESIAN_POINT('',(-5.534684884254,-9.188885741575));
#5595 = CARTESIAN_POINT('',(-5.534192400517,-9.327260324309));
#5596 = CARTESIAN_POINT('',(-5.533899528342,-9.426059528321));
#5597 = CARTESIAN_POINT('',(-5.533660157951,-9.525793306452));
#5598 = CARTESIAN_POINT('',(-5.533473538214,-9.626228775752));
#5599 = CARTESIAN_POINT('',(-5.533339121053,-9.72715077127));
#5600 = CARTESIAN_POINT('',(-5.533256557624,-9.828360430523));
#5601 = CARTESIAN_POINT('',(-5.533175980669,-10.09349965834));
#5602 = CARTESIAN_POINT('',(-5.533261604534,-10.25744978901));
#5603 = CARTESIAN_POINT('',(-5.53348185673,-10.42082470383));
#5604 = CARTESIAN_POINT('',(-5.533838116656,-10.58281531077));
#5605 = CARTESIAN_POINT('',(-5.53433308573,-10.74247987202));
#5606 = CARTESIAN_POINT('',(-5.534970415496,-10.89876356316));
#5607 = CARTESIAN_POINT('',(-5.536025662742,-11.10229267658));
#5608 = CARTESIAN_POINT('',(-5.536311954178,-11.15360831121));
#5609 = CARTESIAN_POINT('',(-5.536615819123,-11.20431361805));
#5610 = CARTESIAN_POINT('',(-5.536937478443,-11.25434652706));
#5611 = CARTESIAN_POINT('',(-5.537277152991,-11.30363838183));
#5612 = CARTESIAN_POINT('',(-5.537635060179,-11.35211394078));
#5613 = CARTESIAN_POINT('',(-5.538488919218,-11.46005703713));
#5614 = CARTESIAN_POINT('',(-5.538996081393,-11.51897212873));
#5615 = CARTESIAN_POINT('',(-5.539533347055,-11.57627339187));
#5616 = CARTESIAN_POINT('',(-5.540101068068,-11.6317676021));
#5617 = CARTESIAN_POINT('',(-5.540699443027,-11.68523458292));
#5618 = CARTESIAN_POINT('',(-5.541328462096,-11.73643021686));
#5619 = CARTESIAN_POINT('',(-5.542497429267,-11.82269339247));
#5620 = CARTESIAN_POINT('',(-5.543025111604,-11.85877999196));
#5621 = CARTESIAN_POINT('',(-5.543570736788,-11.89322557943));
#5622 = CARTESIAN_POINT('',(-5.544133990309,-11.92589492095));
#5623 = CARTESIAN_POINT('',(-5.544714367588,-11.95664544853));
#5624 = CARTESIAN_POINT('',(-5.545311136329,-11.98533148428));
#5625 = CARTESIAN_POINT('',(-5.546250672743,-12.02596789157));
#5626 = CARTESIAN_POINT('',(-5.546582445261,-12.03949541314));
#5627 = CARTESIAN_POINT('',(-5.546918458756,-12.05236883401));
#5628 = CARTESIAN_POINT('',(-5.547258533586,-12.0645661737));
#5629 = CARTESIAN_POINT('',(-5.547602466462,-12.07606600058));
#5630 = CARTESIAN_POINT('',(-5.547950028758,-12.08684776566));
#5631 = CARTESIAN_POINT('',(-5.548998797663,-12.11686526729));
#5632 = CARTESIAN_POINT('',(-5.549710084272,-12.13392573803));
#5633 = CARTESIAN_POINT('',(-5.55043266426,-12.14791624021));
#5634 = CARTESIAN_POINT('',(-5.551164136428,-12.15870706763));
#5635 = CARTESIAN_POINT('',(-5.551901857278,-12.16620361965));
#5636 = CARTESIAN_POINT('',(-5.552642939519,-12.17035390442));
#5637 = CARTESIAN_POINT('',(-5.55389811181,-12.17171206708));
#5638 = CARTESIAN_POINT('',(-5.55441214433,-12.17065946722));
#5639 = CARTESIAN_POINT('',(-5.554925332896,-12.16799733831));
#5640 = CARTESIAN_POINT('',(-5.555436701816,-12.16373618011));
#5641 = CARTESIAN_POINT('',(-5.55594531602,-12.15789695003));
#5642 = CARTESIAN_POINT('',(-5.55645028212,-12.15051011691));
#5643 = CARTESIAN_POINT('',(-5.557176380278,-12.13760430979));
#5644 = CARTESIAN_POINT('',(-5.557401100758,-12.13328719273));
#5645 = CARTESIAN_POINT('',(-5.557624835588,-12.12866692201));
#5646 = CARTESIAN_POINT('',(-5.557847512831,-12.1237473138));
#5647 = CARTESIAN_POINT('',(-5.558069063948,-12.11853244199));
#5648 = CARTESIAN_POINT('',(-5.558289423788,-12.11302663816));
#5649 = CARTESIAN_POINT('',(-5.558858947702,-12.0979711225));
#5650 = CARTESIAN_POINT('',(-5.559206160963,-12.08797528136));
#5651 = CARTESIAN_POINT('',(-5.559549917435,-12.0772655931));
#5652 = CARTESIAN_POINT('',(-5.559889990266,-12.06586189662));
#5653 = CARTESIAN_POINT('',(-5.560226177115,-12.05378491912));
#5654 = CARTESIAN_POINT('',(-5.56055829856,-12.04105595028));
#5655 = CARTESIAN_POINT('',(-5.561510027346,-12.00227999227));
#5656 = CARTESIAN_POINT('',(-5.562118556235,-11.97458193535));
#5657 = CARTESIAN_POINT('',(-5.56271072978,-11.94475008659));
#5658 = CARTESIAN_POINT('',(-5.563285769996,-11.9129337176));
#5659 = CARTESIAN_POINT('',(-5.563843135749,-11.87927916864));
#5660 = CARTESIAN_POINT('',(-5.564382484163,-11.84392538642));
#5661 = CARTESIAN_POINT('',(-5.565582465249,-11.75890074711));
#5662 = CARTESIAN_POINT('',(-5.566230357027,-11.70813906477));
#5663 = CARTESIAN_POINT('',(-5.566846986473,-11.65499234376));
#5664 = CARTESIAN_POINT('',(-5.567432312789,-11.59971650934));
#5665 = CARTESIAN_POINT('',(-5.567986517644,-11.54254230319));
#5666 = CARTESIAN_POINT('',(-5.568509947519,-11.48367210345));
#5667 = CARTESIAN_POINT('',(-5.569392623248,-11.37556300935));
#5668 = CARTESIAN_POINT('',(-5.569763240793,-11.32690049479));
#5669 = CARTESIAN_POINT('',(-5.570115121408,-11.27737547045));
#5670 = CARTESIAN_POINT('',(-5.570448485569,-11.22706721046));
#5671 = CARTESIAN_POINT('',(-5.570763558048,-11.17604800773));
#5672 = CARTESIAN_POINT('',(-5.571060564448,-11.12438318797));
#5673 = CARTESIAN_POINT('',(-5.572113686362,-10.92726632057));
#5674 = CARTESIAN_POINT('',(-5.57275019973,-10.77794331923));
#5675 = CARTESIAN_POINT('',(-5.573254562855,-10.62533941282));
#5676 = CARTESIAN_POINT('',(-5.573630128213,-10.47044719994));
#5677 = CARTESIAN_POINT('',(-5.573879522875,-10.31412933462));
#5678 = CARTESIAN_POINT('',(-5.574004346473,-10.15711522441));
#5679 = CARTESIAN_POINT('',(-5.574004358336,-9.885947047535));
#5680 = CARTESIAN_POINT('',(-5.57393856862,-9.771908915435));
#5681 = CARTESIAN_POINT('',(-5.573807036681,-9.658147050043));
#5682 = CARTESIAN_POINT('',(-5.573609352889,-9.5449390431));
#5683 = CARTESIAN_POINT('',(-5.573344796829,-9.432588773667));
#5684 = CARTESIAN_POINT('',(-5.57301234704,-9.321428998501));
#5685 = CARTESIAN_POINT('',(-5.572458992996,-9.170484950548));
#5686 = CARTESIAN_POINT('',(-5.572297574358,-9.129366113481));
#5687 = CARTESIAN_POINT('',(-5.572126217864,-9.088490158926));
#5688 = CARTESIAN_POINT('',(-5.571944843036,-9.047878701396));
#5689 = CARTESIAN_POINT('',(-5.571753364328,-9.00755478342));
#5690 = CARTESIAN_POINT('',(-5.571551691124,-8.96754287554));
#5691 = CARTESIAN_POINT('',(-5.571064770438,-8.876404063311));
#5692 = CARTESIAN_POINT('',(-5.570772503419,-8.825508894139));
#5693 = CARTESIAN_POINT('',(-5.570462713867,-8.775239187638));
#5694 = CARTESIAN_POINT('',(-5.57013518639,-8.725657279243));
#5695 = CARTESIAN_POINT('',(-5.569789706185,-8.676832035669));
#5696 = CARTESIAN_POINT('',(-5.569426062201,-8.628838869608));
#5697 = CARTESIAN_POINT('',(-5.568555756055,-8.521582412672));
#5698 = CARTESIAN_POINT('',(-5.568037490054,-8.462903321539));
#5699 = CARTESIAN_POINT('',(-5.567488803864,-8.405889623806));
#5700 = CARTESIAN_POINT('',(-5.566909351273,-8.350739073343));
#5701 = CARTESIAN_POINT('',(-5.566298943252,-8.297677048046));
#5702 = CARTESIAN_POINT('',(-5.565657602924,-8.246953562796));
#5703 = CARTESIAN_POINT('',(-5.564465001528,-8.161564472524));
#5704 = CARTESIAN_POINT('',(-5.563926025417,-8.125858061066));
#5705 = CARTESIAN_POINT('',(-5.563368863887,-8.091848664614));
#5706 = CARTESIAN_POINT('',(-5.562793847751,-8.05967604993));
#5707 = CARTESIAN_POINT('',(-5.562201505914,-8.029487687971));
#5708 = CARTESIAN_POINT('',(-5.561592604337,-8.001434307894));
#5709 = CARTESIAN_POINT('',(-5.56010923394,-7.940217818878));
#5710 = CARTESIAN_POINT('',(-5.559220638799,-7.90908118843));
#5711 = CARTESIAN_POINT('',(-5.558305557701,-7.882668824541));
#5712 = CARTESIAN_POINT('',(-5.557367991338,-7.86135943077));
#5713 = CARTESIAN_POINT('',(-5.556412856951,-7.845476888528));
#5714 = CARTESIAN_POINT('',(-5.555446082847,-7.835252427986));
#5715 = CARTESIAN_POINT('',(-5.55447472345,-7.830769230769));
#5716 = ( GEOMETRIC_REPRESENTATION_CONTEXT(2) 
PARAMETRIC_REPRESENTATION_CONTEXT() REPRESENTATION_CONTEXT('2D SPACE',''
  ) );
#5717 = PCURVE('',#5718,#5723);
#5718 = CONICAL_SURFACE('',#5719,2.4,0.655695626242);
#5719 = AXIS2_PLACEMENT_3D('',#5720,#5721,#5722);
#5720 = CARTESIAN_POINT('',(79.217096120364,-70.73181474612,11.));
#5721 = DIRECTION('',(0.707106781187,-0.707106781187,-0.));
#5722 = DIRECTION('',(0.,0.,-1.));
#5723 = DEFINITIONAL_REPRESENTATION('',(#5724),#5889);
#5724 = B_SPLINE_CURVE_WITH_KNOTS('',7,(#5725,#5726,#5727,#5728,#5729,
    #5730,#5731,#5732,#5733,#5734,#5735,#5736,#5737,#5738,#5739,#5740,
    #5741,#5742,#5743,#5744,#5745,#5746,#5747,#5748,#5749,#5750,#5751,
    #5752,#5753,#5754,#5755,#5756,#5757,#5758,#5759,#5760,#5761,#5762,
    #5763,#5764,#5765,#5766,#5767,#5768,#5769,#5770,#5771,#5772,#5773,
    #5774,#5775,#5776,#5777,#5778,#5779,#5780,#5781,#5782,#5783,#5784,
    #5785,#5786,#5787,#5788,#5789,#5790,#5791,#5792,#5793,#5794,#5795,
    #5796,#5797,#5798,#5799,#5800,#5801,#5802,#5803,#5804,#5805,#5806,
    #5807,#5808,#5809,#5810,#5811,#5812,#5813,#5814,#5815,#5816,#5817,
    #5818,#5819,#5820,#5821,#5822,#5823,#5824,#5825,#5826,#5827,#5828,
    #5829,#5830,#5831,#5832,#5833,#5834,#5835,#5836,#5837,#5838,#5839,
    #5840,#5841,#5842,#5843,#5844,#5845,#5846,#5847,#5848,#5849,#5850,
    #5851,#5852,#5853,#5854,#5855,#5856,#5857,#5858,#5859,#5860,#5861,
    #5862,#5863,#5864,#5865,#5866,#5867,#5868,#5869,#5870,#5871,#5872,
    #5873,#5874,#5875,#5876,#5877,#5878,#5879,#5880,#5881,#5882,#5883,
    #5884,#5885,#5886,#5887,#5888),.UNSPECIFIED.,.F.,.F.,(8,6,6,6,6,6,6,
    6,6,6,6,6,6,6,6,6,6,6,6,6,6,6,6,6,6,6,6,8),(0.,6.961902909904E-03,
    3.234116549702E-02,5.852542926723E-02,9.069470105091E-02,
    0.132380056661,0.16484109147,0.189584508507,0.248835103066,
    0.344642801511,0.377411073271,0.418987047253,0.451117024477,
    0.468299575268,0.502466905753,0.526150979832,0.536828712652,
    0.553905590624,0.586394608998,0.628713929352,0.662147174827,
    0.754838259859,0.822134772133,0.847518687746,0.880446511911,
    0.922535427963,0.955143855838,1.),.UNSPECIFIED.);
#5725 = CARTESIAN_POINT('',(0.,-0.3));
#5726 = CARTESIAN_POINT('',(-7.353528362681E-03,-0.299094778228));
#5727 = CARTESIAN_POINT('',(-1.470723047274E-02,-0.298191673706));
#5728 = CARTESIAN_POINT('',(-2.206057607189E-02,-0.297290842459));
#5729 = CARTESIAN_POINT('',(-2.941303347373E-02,-0.296392438324));
#5730 = CARTESIAN_POINT('',(-3.676406956374E-02,-0.295496612945));
#5731 = CARTESIAN_POINT('',(-4.411314979925E-02,-0.294603515776));
#5732 = CARTESIAN_POINT('',(-7.824135220147E-02,-0.290468036216));
#5733 = CARTESIAN_POINT('',(-0.104991052757,-0.287260841905));
#5734 = CARTESIAN_POINT('',(-0.131680805512,-0.284099100602));
#5735 = CARTESIAN_POINT('',(-0.158285478168,-0.280989343213));
#5736 = CARTESIAN_POINT('',(-0.184782072455,-0.277937288222));
#5737 = CARTESIAN_POINT('',(-0.211148956093,-0.274947887819));
#5738 = CARTESIAN_POINT('',(-0.264412779352,-0.26901016142));
#5739 = CARTESIAN_POINT('',(-0.29130176655,-0.266065950463));
#5740 = CARTESIAN_POINT('',(-0.318010554669,-0.263197237935));
#5741 = CARTESIAN_POINT('',(-0.344522210624,-0.260407296635));
#5742 = CARTESIAN_POINT('',(-0.370823630356,-0.257698348718));
#5743 = CARTESIAN_POINT('',(-0.396904799251,-0.255071739035));
#5744 = CARTESIAN_POINT('',(-0.454520653941,-0.249403073412));
#5745 = CARTESIAN_POINT('',(-0.485939394497,-0.246403275396));
#5746 = CARTESIAN_POINT('',(-0.517003248021,-0.243529583757));
#5747 = CARTESIAN_POINT('',(-0.547707391587,-0.240781265309));
#5748 = CARTESIAN_POINT('',(-0.578052406467,-0.238156350416));
#5749 = CARTESIAN_POINT('',(-0.608043479049,-0.235651999054));
#5750 = CARTESIAN_POINT('',(-0.676105428353,-0.230171590322));
#5751 = CARTESIAN_POINT('',(-0.713938784633,-0.227275403068));
#5752 = CARTESIAN_POINT('',(-0.7512137793,-0.224568549494));
#5753 = CARTESIAN_POINT('',(-0.787956677768,-0.222042612419));
#5754 = CARTESIAN_POINT('',(-0.824196629145,-0.219688872191));
#5755 = CARTESIAN_POINT('',(-0.859966393229,-0.217498665785));
#5756 = CARTESIAN_POINT('',(-0.922820285398,-0.213879122128));
#5757 = CARTESIAN_POINT('',(-0.95007323486,-0.212388753218));
#5758 = CARTESIAN_POINT('',(-0.977078564181,-0.21098876461));
#5759 = CARTESIAN_POINT('',(-1.003852129945,-0.209675531543));
#5760 = CARTESIAN_POINT('',(-1.030409390296,-0.208445679283));
#5761 = CARTESIAN_POINT('',(-1.056765798209,-0.207296083369));
#5762 = CARTESIAN_POINT('',(-1.10288633635,-0.205406575316));
#5763 = CARTESIAN_POINT('',(-1.122727727224,-0.204634252326));
#5764 = CARTESIAN_POINT('',(-1.142468095538,-0.203905639079));
#5765 = CARTESIAN_POINT('',(-1.162114039527,-0.20321956668));
#5766 = CARTESIAN_POINT('',(-1.18167202751,-0.202574959139));
#5767 = CARTESIAN_POINT('',(-1.201148397892,-0.201970833375));
#5768 = CARTESIAN_POINT('',(-1.26700690738,-0.200054465519));
#5769 = CARTESIAN_POINT('',(-1.313029244026,-0.198929733047));
#5770 = CARTESIAN_POINT('',(-1.358706738092,-0.198019671697));
#5771 = CARTESIAN_POINT('',(-1.404118843231,-0.19731517732));
#5772 = CARTESIAN_POINT('',(-1.449340522647,-0.196809880386));
#5773 = CARTESIAN_POINT('',(-1.494447573544,-0.196499971318));
#5774 = CARTESIAN_POINT('',(-1.612403950757,-0.196197633306));
#5775 = CARTESIAN_POINT('',(-1.685132483072,-0.196519201623));
#5776 = CARTESIAN_POINT('',(-1.758082864394,-0.197343292564));
#5777 = CARTESIAN_POINT('',(-1.831562979412,-0.198684105463));
#5778 = CARTESIAN_POINT('',(-1.905886302492,-0.200573254024));
#5779 = CARTESIAN_POINT('',(-1.981389249188,-0.203058997893));
#5780 = CARTESIAN_POINT('',(-2.084954767181,-0.207301105333));
#5781 = CARTESIAN_POINT('',(-2.11153712345,-0.208460930205));
#5782 = CARTESIAN_POINT('',(-2.138323873719,-0.209702404278));
#5783 = CARTESIAN_POINT('',(-2.165330871553,-0.211028734639));
#5784 = CARTESIAN_POINT('',(-2.19257397204,-0.212443387025));
#5785 = CARTESIAN_POINT('',(-2.220069442107,-0.213950085408));
#5786 = CARTESIAN_POINT('',(-2.283062165655,-0.217586330569));
#5787 = CARTESIAN_POINT('',(-2.318721047057,-0.219774290203));
#5788 = CARTESIAN_POINT('',(-2.354847690216,-0.222124862426));
#5789 = CARTESIAN_POINT('',(-2.391474475842,-0.224646624186));
#5790 = CARTESIAN_POINT('',(-2.428630195985,-0.227348201494));
#5791 = CARTESIAN_POINT('',(-2.46634075984,-0.23023791346));
#5792 = CARTESIAN_POINT('',(-2.53421980615,-0.235707897743));
#5793 = CARTESIAN_POINT('',(-2.564153339503,-0.238209155243));
#5794 = CARTESIAN_POINT('',(-2.594439385912,-0.24083050461));
#5795 = CARTESIAN_POINT('',(-2.625083049666,-0.24357475836));
#5796 = CARTESIAN_POINT('',(-2.65608485906,-0.246443862884));
#5797 = CARTESIAN_POINT('',(-2.687439972405,-0.249438535588));
#5798 = CARTESIAN_POINT('',(-2.73608860631,-0.254226084737));
#5799 = CARTESIAN_POINT('',(-2.753137516273,-0.255929907635));
#5800 = CARTESIAN_POINT('',(-2.770282144839,-0.257669206059));
#5801 = CARTESIAN_POINT('',(-2.787520005416,-0.259443679407));
#5802 = CARTESIAN_POINT('',(-2.804848009084,-0.261252869056));
#5803 = CARTESIAN_POINT('',(-2.822262379772,-0.263096136279));
#5804 = CARTESIAN_POINT('',(-2.874549567645,-0.26870404936));
#5805 = CARTESIAN_POINT('',(-2.909669832838,-0.272567483314));
#5806 = CARTESIAN_POINT('',(-2.945075517466,-0.276555568072));
#5807 = CARTESIAN_POINT('',(-2.980720793053,-0.280658625075));
#5808 = CARTESIAN_POINT('',(-3.016554582496,-0.284864373659));
#5809 = CARTESIAN_POINT('',(-3.05251729238,-0.289157633568));
#5810 = CARTESIAN_POINT('',(-3.113506026178,-0.296543947052));
#5811 = CARTESIAN_POINT('',(-3.13850507978,-0.299601447411));
#5812 = CARTESIAN_POINT('',(-3.16351220609,-0.302686594398));
#5813 = CARTESIAN_POINT('',(-3.188506603093,-0.305793294779));
#5814 = CARTESIAN_POINT('',(-3.213468655879,-0.308915336348));
#5815 = CARTESIAN_POINT('',(-3.238379425751,-0.312046428063));
#5816 = CARTESIAN_POINT('',(-3.274419331754,-0.316593088672));
#5817 = CARTESIAN_POINT('',(-3.285604486415,-0.318006516364));
#5818 = CARTESIAN_POINT('',(-3.296774023295,-0.31941995881));
#5819 = CARTESIAN_POINT('',(-3.307926447575,-0.320832862596));
#5820 = CARTESIAN_POINT('',(-3.319060349651,-0.322244685343));
#5821 = CARTESIAN_POINT('',(-3.330174405127,-0.323654895696));
#5822 = CARTESIAN_POINT('',(-3.359008340341,-0.327314909244));
#5823 = CARTESIAN_POINT('',(-3.376695422897,-0.329561398973));
#5824 = CARTESIAN_POINT('',(-3.394323526247,-0.331800317594));
#5825 = CARTESIAN_POINT('',(-3.411888260389,-0.33402965028));
#5826 = CARTESIAN_POINT('',(-3.429385871082,-0.336247494694));
#5827 = CARTESIAN_POINT('',(-3.446813169361,-0.338452063362));
#5828 = CARTESIAN_POINT('',(-3.497184263223,-0.34480747634));
#5829 = CARTESIAN_POINT('',(-3.529936006291,-0.348919076248));
#5830 = CARTESIAN_POINT('',(-3.562406118657,-0.35296518583));
#5831 = CARTESIAN_POINT('',(-3.594584328487,-0.356936071861));
#5832 = CARTESIAN_POINT('',(-3.626465998211,-0.360823492236));
#5833 = CARTESIAN_POINT('',(-3.658051459012,-0.364620620366));
#5834 = CARTESIAN_POINT('',(-3.730107918838,-0.373143247357));
#5835 = CARTESIAN_POINT('',(-3.770372153974,-0.377801586138));
#5836 = CARTESIAN_POINT('',(-3.810153210305,-0.382285339268));
#5837 = CARTESIAN_POINT('',(-3.849469053176,-0.386585424864));
#5838 = CARTESIAN_POINT('',(-3.888341377692,-0.390695027581));
#5839 = CARTESIAN_POINT('',(-3.926796532705,-0.394609300402));
#5840 = CARTESIAN_POINT('',(-3.994942559109,-0.40126060784));
#5841 = CARTESIAN_POINT('',(-4.024776309624,-0.404072059197));
#5842 = CARTESIAN_POINT('',(-4.054382412687,-0.40675774672));
#5843 = CARTESIAN_POINT('',(-4.083774890472,-0.409316357603));
#5844 = CARTESIAN_POINT('',(-4.112967519969,-0.411746899345));
#5845 = CARTESIAN_POINT('',(-4.141974281978,-0.414048659077));
#5846 = CARTESIAN_POINT('',(-4.250754079627,-0.422244261577));
#5847 = CARTESIAN_POINT('',(-4.329351511075,-0.427271538468));
#5848 = CARTESIAN_POINT('',(-4.406954557276,-0.431297036736));
#5849 = CARTESIAN_POINT('',(-4.483812792045,-0.434315144995));
#5850 = CARTESIAN_POINT('',(-4.560164355442,-0.436326133214));
#5851 = CARTESIAN_POINT('',(-4.636252146965,-0.437332665521));
#5852 = CARTESIAN_POINT('',(-4.767658166901,-0.437332761181));
#5853 = CARTESIAN_POINT('',(-4.822920236991,-0.436802260468));
#5854 = CARTESIAN_POINT('',(-4.878278010607,-0.435741639479));
#5855 = CARTESIAN_POINT('',(-4.933827291698,-0.434150476724));
#5856 = CARTESIAN_POINT('',(-4.989659831109,-0.432028718497));
#5857 = CARTESIAN_POINT('',(-5.045872625926,-0.429377021164));
#5858 = CARTESIAN_POINT('',(-5.123967905012,-0.424996445287));
#5859 = CARTESIAN_POINT('',(-5.145426797159,-0.423721421706));
#5860 = CARTESIAN_POINT('',(-5.166961016509,-0.422371216021));
#5861 = CARTESIAN_POINT('',(-5.18857633792,-0.420945928393));
#5862 = CARTESIAN_POINT('',(-5.21027863542,-0.419445698145));
#5863 = CARTESIAN_POINT('',(-5.232073882203,-0.417870703765));
#5864 = CARTESIAN_POINT('',(-5.282369230757,-0.414081390922));
#5865 = CARTESIAN_POINT('',(-5.310936445772,-0.411816226797));
#5866 = CARTESIAN_POINT('',(-5.339683752628,-0.409426125174));
#5867 = CARTESIAN_POINT('',(-5.368624508464,-0.406911764702));
#5868 = CARTESIAN_POINT('',(-5.39777188669,-0.404274085466));
#5869 = CARTESIAN_POINT('',(-5.42713929306,-0.401514326426));
#5870 = CARTESIAN_POINT('',(-5.494577918085,-0.394952459975));
#5871 = CARTESIAN_POINT('',(-5.532794541733,-0.391074271772));
#5872 = CARTESIAN_POINT('',(-5.571422066581,-0.387002574187));
#5873 = CARTESIAN_POINT('',(-5.610486534061,-0.382742054095));
#5874 = CARTESIAN_POINT('',(-5.65000953719,-0.378299296919));
#5875 = CARTESIAN_POINT('',(-5.690009144616,-0.373683074272));
#5876 = CARTESIAN_POINT('',(-5.761871792411,-0.365202528543));
#5877 = CARTESIAN_POINT('',(-5.793535994801,-0.36140330745));
#5878 = CARTESIAN_POINT('',(-5.825498472555,-0.357512406362));
#5879 = CARTESIAN_POINT('',(-5.857759948454,-0.353536609603));
#5880 = CARTESIAN_POINT('',(-5.890316175385,-0.349484126706));
#5881 = CARTESIAN_POINT('',(-5.923157284395,-0.345364671367));
#5882 = CARTESIAN_POINT('',(-6.001813030754,-0.335446231402));
#5883 = CARTESIAN_POINT('',(-6.047882219235,-0.329595684418));
#5884 = CARTESIAN_POINT('',(-6.094407686394,-0.323670315561));
#5885 = CARTESIAN_POINT('',(-6.141309796506,-0.317706787388));
#5886 = CARTESIAN_POINT('',(-6.188494040678,-0.311745185808));
#5887 = CARTESIAN_POINT('',(-6.23584054087,-0.305828156381));
#5888 = CARTESIAN_POINT('',(-6.28318530718,-0.3));
#5889 = ( GEOMETRIC_REPRESENTATION_CONTEXT(2) 
PARAMETRIC_REPRESENTATION_CONTEXT() REPRESENTATION_CONTEXT('2D SPACE',''
  ) );
#5890 = FACE_BOUND('',#5891,.T.);
#5891 = EDGE_LOOP('',(#5892,#5893,#5894,#5895,#5896,#5897,#5898,#5899));
#5892 = ORIENTED_EDGE('',*,*,#1975,.F.);
#5893 = ORIENTED_EDGE('',*,*,#2075,.T.);
#5894 = ORIENTED_EDGE('',*,*,#2145,.T.);
#5895 = ORIENTED_EDGE('',*,*,#2276,.T.);
#5896 = ORIENTED_EDGE('',*,*,#2347,.F.);
#5897 = ORIENTED_EDGE('',*,*,#2323,.F.);
#5898 = ORIENTED_EDGE('',*,*,#2199,.T.);
#5899 = ORIENTED_EDGE('',*,*,#2099,.T.);
#5900 = FACE_BOUND('',#5901,.T.);
#5901 = EDGE_LOOP('',(#5902,#5903,#5904,#5905,#5906,#5907,#5908,#5909));
#5902 = ORIENTED_EDGE('',*,*,#2379,.F.);
#5903 = ORIENTED_EDGE('',*,*,#2479,.T.);
#5904 = ORIENTED_EDGE('',*,*,#2549,.T.);
#5905 = ORIENTED_EDGE('',*,*,#2680,.T.);
#5906 = ORIENTED_EDGE('',*,*,#2751,.F.);
#5907 = ORIENTED_EDGE('',*,*,#2727,.F.);
#5908 = ORIENTED_EDGE('',*,*,#2603,.T.);
#5909 = ORIENTED_EDGE('',*,*,#2503,.T.);
#5910 = FACE_BOUND('',#5911,.T.);
#5911 = EDGE_LOOP('',(#5912,#5913,#5914,#5915,#5916,#5917,#5918,#5919));
#5912 = ORIENTED_EDGE('',*,*,#2783,.F.);
#5913 = ORIENTED_EDGE('',*,*,#2883,.T.);
#5914 = ORIENTED_EDGE('',*,*,#2953,.T.);
#5915 = ORIENTED_EDGE('',*,*,#3084,.T.);
#5916 = ORIENTED_EDGE('',*,*,#3155,.F.);
#5917 = ORIENTED_EDGE('',*,*,#3131,.F.);
#5918 = ORIENTED_EDGE('',*,*,#3007,.T.);
#5919 = ORIENTED_EDGE('',*,*,#2907,.T.);
#5920 = FACE_BOUND('',#5921,.T.);
#5921 = EDGE_LOOP('',(#5922,#5923,#5924,#5925,#5926,#5927,#5928,#5929));
#5922 = ORIENTED_EDGE('',*,*,#3187,.F.);
#5923 = ORIENTED_EDGE('',*,*,#3287,.T.);
#5924 = ORIENTED_EDGE('',*,*,#3357,.T.);
#5925 = ORIENTED_EDGE('',*,*,#3488,.T.);
#5926 = ORIENTED_EDGE('',*,*,#3559,.F.);
#5927 = ORIENTED_EDGE('',*,*,#3535,.F.);
#5928 = ORIENTED_EDGE('',*,*,#3411,.T.);
#5929 = ORIENTED_EDGE('',*,*,#3311,.T.);
#5930 = ADVANCED_FACE('',(#5931),#1400,.T.);
#5931 = FACE_BOUND('',#5932,.T.);
#5932 = EDGE_LOOP('',(#5933,#5934,#5935,#5936));
#5933 = ORIENTED_EDGE('',*,*,#1467,.F.);
#5934 = ORIENTED_EDGE('',*,*,#1385,.T.);
#5935 = ORIENTED_EDGE('',*,*,#3819,.F.);
#5936 = ORIENTED_EDGE('',*,*,#1515,.F.);
#5937 = ADVANCED_FACE('',(#5938),#1579,.T.);
#5938 = FACE_BOUND('',#5939,.T.);
#5939 = EDGE_LOOP('',(#5940,#5941,#5942,#5943));
#5940 = ORIENTED_EDGE('',*,*,#1744,.T.);
#5941 = ORIENTED_EDGE('',*,*,#1641,.T.);
#5942 = ORIENTED_EDGE('',*,*,#1563,.F.);
#5943 = ORIENTED_EDGE('',*,*,#3799,.T.);
#5944 = ADVANCED_FACE('',(#5945),#1705,.T.);
#5945 = FACE_BOUND('',#5946,.T.);
#5946 = EDGE_LOOP('',(#5947,#5948,#5949,#5950));
#5947 = ORIENTED_EDGE('',*,*,#1767,.F.);
#5948 = ORIENTED_EDGE('',*,*,#1690,.T.);
#5949 = ORIENTED_EDGE('',*,*,#3779,.F.);
#5950 = ORIENTED_EDGE('',*,*,#1815,.F.);
#5951 = ADVANCED_FACE('',(#5952,#5955,#5990,#6096,#6202,#6308,#6414),
  #1960,.T.);
#5952 = FACE_BOUND('',#5953,.T.);
#5953 = EDGE_LOOP('',(#5954));
#5954 = ORIENTED_EDGE('',*,*,#1945,.T.);
#5955 = FACE_BOUND('',#5956,.T.);
#5956 = EDGE_LOOP('',(#5957));
#5957 = ORIENTED_EDGE('',*,*,#5958,.T.);
#5958 = EDGE_CURVE('',#5959,#5959,#5961,.T.);
#5959 = VERTEX_POINT('',#5960);
#5960 = CARTESIAN_POINT('',(-36.9,80.,45.));
#5961 = SURFACE_CURVE('',#5962,(#5967,#5978),.PCURVE_S1.);
#5962 = CIRCLE('',#5963,8.1);
#5963 = AXIS2_PLACEMENT_3D('',#5964,#5965,#5966);
#5964 = CARTESIAN_POINT('',(-45.,80.,45.));
#5965 = DIRECTION('',(0.,0.,-1.));
#5966 = DIRECTION('',(1.,0.,0.));
#5967 = PCURVE('',#1960,#5968);
#5968 = DEFINITIONAL_REPRESENTATION('',(#5969),#5977);
#5969 = ( BOUNDED_CURVE() B_SPLINE_CURVE(2,(#5970,#5971,#5972,#5973,
#5974,#5975,#5976),.UNSPECIFIED.,.T.,.F.) B_SPLINE_CURVE_WITH_KNOTS((1,2
    ,2,2,2,1),(-2.094395102393,0.,2.094395102393,4.188790204786,
6.28318530718,8.377580409573),.UNSPECIFIED.) CURVE() 
GEOMETRIC_REPRESENTATION_ITEM() RATIONAL_B_SPLINE_CURVE((1.,0.5,1.,0.5,
1.,0.5,1.)) REPRESENTATION_ITEM('') );
#5970 = CARTESIAN_POINT('',(-36.9,80.));
#5971 = CARTESIAN_POINT('',(-36.9,65.970388458692));
#5972 = CARTESIAN_POINT('',(-49.05,72.985194229346));
#5973 = CARTESIAN_POINT('',(-61.2,80.));
#5974 = CARTESIAN_POINT('',(-49.05,87.014805770654));
#5975 = CARTESIAN_POINT('',(-36.9,94.029611541308));
#5976 = CARTESIAN_POINT('',(-36.9,80.));
#5977 = ( GEOMETRIC_REPRESENTATION_CONTEXT(2) 
PARAMETRIC_REPRESENTATION_CONTEXT() REPRESENTATION_CONTEXT('2D SPACE',''
  ) );
#5978 = PCURVE('',#5979,#5984);
#5979 = CYLINDRICAL_SURFACE('',#5980,8.1);
#5980 = AXIS2_PLACEMENT_3D('',#5981,#5982,#5983);
#5981 = CARTESIAN_POINT('',(-45.,80.,42.4));
#5982 = DIRECTION('',(-0.,-0.,-1.));
#5983 = DIRECTION('',(1.,0.,0.));
#5984 = DEFINITIONAL_REPRESENTATION('',(#5985),#5989);
#5985 = LINE('',#5986,#5987);
#5986 = CARTESIAN_POINT('',(-6.28318530718,-2.6));
#5987 = VECTOR('',#5988,1.);
#5988 = DIRECTION('',(1.,-0.));
#5989 = ( GEOMETRIC_REPRESENTATION_CONTEXT(2) 
PARAMETRIC_REPRESENTATION_CONTEXT() REPRESENTATION_CONTEXT('2D SPACE',''
  ) );
#5990 = FACE_BOUND('',#5991,.T.);
#5991 = EDGE_LOOP('',(#5992,#6020,#6046,#6072));
#5992 = ORIENTED_EDGE('',*,*,#5993,.T.);
#5993 = EDGE_CURVE('',#5994,#5996,#5998,.T.);
#5994 = VERTEX_POINT('',#5995);
#5995 = CARTESIAN_POINT('',(-9.5,72.5,45.));
#5996 = VERTEX_POINT('',#5997);
#5997 = CARTESIAN_POINT('',(-12.5,72.5,45.));
#5998 = SURFACE_CURVE('',#5999,(#6003,#6009),.PCURVE_S1.);
#5999 = LINE('',#6000,#6001);
#6000 = CARTESIAN_POINT('',(-6.25,72.5,45.));
#6001 = VECTOR('',#6002,1.);
#6002 = DIRECTION('',(-1.,0.,0.));
#6003 = PCURVE('',#1960,#6004);
#6004 = DEFINITIONAL_REPRESENTATION('',(#6005),#6008);
#6005 = B_SPLINE_CURVE_WITH_KNOTS('',1,(#6006,#6007),.UNSPECIFIED.,.F.,
  .F.,(2,2),(3.25,6.25),.PIECEWISE_BEZIER_KNOTS.);
#6006 = CARTESIAN_POINT('',(-9.5,72.5));
#6007 = CARTESIAN_POINT('',(-12.5,72.5));
#6008 = ( GEOMETRIC_REPRESENTATION_CONTEXT(2) 
PARAMETRIC_REPRESENTATION_CONTEXT() REPRESENTATION_CONTEXT('2D SPACE',''
  ) );
#6009 = PCURVE('',#6010,#6015);
#6010 = PLANE('',#6011);
#6011 = AXIS2_PLACEMENT_3D('',#6012,#6013,#6014);
#6012 = CARTESIAN_POINT('',(-12.5,72.5,42.4));
#6013 = DIRECTION('',(0.,1.,0.));
#6014 = DIRECTION('',(0.,0.,1.));
#6015 = DEFINITIONAL_REPRESENTATION('',(#6016),#6019);
#6016 = B_SPLINE_CURVE_WITH_KNOTS('',1,(#6017,#6018),.UNSPECIFIED.,.F.,
  .F.,(2,2),(3.25,6.25),.PIECEWISE_BEZIER_KNOTS.);
#6017 = CARTESIAN_POINT('',(2.6,3.));
#6018 = CARTESIAN_POINT('',(2.6,0.));
#6019 = ( GEOMETRIC_REPRESENTATION_CONTEXT(2) 
PARAMETRIC_REPRESENTATION_CONTEXT() REPRESENTATION_CONTEXT('2D SPACE',''
  ) );
#6020 = ORIENTED_EDGE('',*,*,#6021,.T.);
#6021 = EDGE_CURVE('',#5996,#6022,#6024,.T.);
#6022 = VERTEX_POINT('',#6023);
#6023 = CARTESIAN_POINT('',(-12.5,96.5,45.));
#6024 = SURFACE_CURVE('',#6025,(#6029,#6035),.PCURVE_S1.);
#6025 = LINE('',#6026,#6027);
#6026 = CARTESIAN_POINT('',(-12.5,36.25,45.));
#6027 = VECTOR('',#6028,1.);
#6028 = DIRECTION('',(0.,1.,0.));
#6029 = PCURVE('',#1960,#6030);
#6030 = DEFINITIONAL_REPRESENTATION('',(#6031),#6034);
#6031 = B_SPLINE_CURVE_WITH_KNOTS('',1,(#6032,#6033),.UNSPECIFIED.,.F.,
  .F.,(2,2),(36.25,60.25),.PIECEWISE_BEZIER_KNOTS.);
#6032 = CARTESIAN_POINT('',(-12.5,72.5));
#6033 = CARTESIAN_POINT('',(-12.5,96.5));
#6034 = ( GEOMETRIC_REPRESENTATION_CONTEXT(2) 
PARAMETRIC_REPRESENTATION_CONTEXT() REPRESENTATION_CONTEXT('2D SPACE',''
  ) );
#6035 = PCURVE('',#6036,#6041);
#6036 = PLANE('',#6037);
#6037 = AXIS2_PLACEMENT_3D('',#6038,#6039,#6040);
#6038 = CARTESIAN_POINT('',(-12.5,72.5,42.4));
#6039 = DIRECTION('',(1.,0.,0.));
#6040 = DIRECTION('',(0.,0.,1.));
#6041 = DEFINITIONAL_REPRESENTATION('',(#6042),#6045);
#6042 = B_SPLINE_CURVE_WITH_KNOTS('',1,(#6043,#6044),.UNSPECIFIED.,.F.,
  .F.,(2,2),(36.25,60.25),.PIECEWISE_BEZIER_KNOTS.);
#6043 = CARTESIAN_POINT('',(2.6,0.));
#6044 = CARTESIAN_POINT('',(2.6,-24.));
#6045 = ( GEOMETRIC_REPRESENTATION_CONTEXT(2) 
PARAMETRIC_REPRESENTATION_CONTEXT() REPRESENTATION_CONTEXT('2D SPACE',''
  ) );
#6046 = ORIENTED_EDGE('',*,*,#6047,.F.);
#6047 = EDGE_CURVE('',#6048,#6022,#6050,.T.);
#6048 = VERTEX_POINT('',#6049);
#6049 = CARTESIAN_POINT('',(-9.5,96.5,45.));
#6050 = SURFACE_CURVE('',#6051,(#6055,#6061),.PCURVE_S1.);
#6051 = LINE('',#6052,#6053);
#6052 = CARTESIAN_POINT('',(-6.25,96.5,45.));
#6053 = VECTOR('',#6054,1.);
#6054 = DIRECTION('',(-1.,0.,0.));
#6055 = PCURVE('',#1960,#6056);
#6056 = DEFINITIONAL_REPRESENTATION('',(#6057),#6060);
#6057 = B_SPLINE_CURVE_WITH_KNOTS('',1,(#6058,#6059),.UNSPECIFIED.,.F.,
  .F.,(2,2),(3.25,6.25),.PIECEWISE_BEZIER_KNOTS.);
#6058 = CARTESIAN_POINT('',(-9.5,96.5));
#6059 = CARTESIAN_POINT('',(-12.5,96.5));
#6060 = ( GEOMETRIC_REPRESENTATION_CONTEXT(2) 
PARAMETRIC_REPRESENTATION_CONTEXT() REPRESENTATION_CONTEXT('2D SPACE',''
  ) );
#6061 = PCURVE('',#6062,#6067);
#6062 = PLANE('',#6063);
#6063 = AXIS2_PLACEMENT_3D('',#6064,#6065,#6066);
#6064 = CARTESIAN_POINT('',(-12.5,96.5,42.4));
#6065 = DIRECTION('',(0.,1.,0.));
#6066 = DIRECTION('',(0.,0.,1.));
#6067 = DEFINITIONAL_REPRESENTATION('',(#6068),#6071);
#6068 = B_SPLINE_CURVE_WITH_KNOTS('',1,(#6069,#6070),.UNSPECIFIED.,.F.,
  .F.,(2,2),(3.25,6.25),.PIECEWISE_BEZIER_KNOTS.);
#6069 = CARTESIAN_POINT('',(2.6,3.));
#6070 = CARTESIAN_POINT('',(2.6,0.));
#6071 = ( GEOMETRIC_REPRESENTATION_CONTEXT(2) 
PARAMETRIC_REPRESENTATION_CONTEXT() REPRESENTATION_CONTEXT('2D SPACE',''
  ) );
#6072 = ORIENTED_EDGE('',*,*,#6073,.F.);
#6073 = EDGE_CURVE('',#5994,#6048,#6074,.T.);
#6074 = SURFACE_CURVE('',#6075,(#6079,#6085),.PCURVE_S1.);
#6075 = LINE('',#6076,#6077);
#6076 = CARTESIAN_POINT('',(-9.5,36.25,45.));
#6077 = VECTOR('',#6078,1.);
#6078 = DIRECTION('',(0.,1.,0.));
#6079 = PCURVE('',#1960,#6080);
#6080 = DEFINITIONAL_REPRESENTATION('',(#6081),#6084);
#6081 = B_SPLINE_CURVE_WITH_KNOTS('',1,(#6082,#6083),.UNSPECIFIED.,.F.,
  .F.,(2,2),(36.25,60.25),.PIECEWISE_BEZIER_KNOTS.);
#6082 = CARTESIAN_POINT('',(-9.5,72.5));
#6083 = CARTESIAN_POINT('',(-9.5,96.5));
#6084 = ( GEOMETRIC_REPRESENTATION_CONTEXT(2) 
PARAMETRIC_REPRESENTATION_CONTEXT() REPRESENTATION_CONTEXT('2D SPACE',''
  ) );
#6085 = PCURVE('',#6086,#6091);
#6086 = PLANE('',#6087);
#6087 = AXIS2_PLACEMENT_3D('',#6088,#6089,#6090);
#6088 = CARTESIAN_POINT('',(-9.5,72.5,42.4));
#6089 = DIRECTION('',(1.,0.,0.));
#6090 = DIRECTION('',(0.,0.,1.));
#6091 = DEFINITIONAL_REPRESENTATION('',(#6092),#6095);
#6092 = B_SPLINE_CURVE_WITH_KNOTS('',1,(#6093,#6094),.UNSPECIFIED.,.F.,
  .F.,(2,2),(36.25,60.25),.PIECEWISE_BEZIER_KNOTS.);
#6093 = CARTESIAN_POINT('',(2.6,0.));
#6094 = CARTESIAN_POINT('',(2.6,-24.));
#6095 = ( GEOMETRIC_REPRESENTATION_CONTEXT(2) 
PARAMETRIC_REPRESENTATION_CONTEXT() REPRESENTATION_CONTEXT('2D SPACE',''
  ) );
#6096 = FACE_BOUND('',#6097,.T.);
#6097 = EDGE_LOOP('',(#6098,#6126,#6152,#6178));
#6098 = ORIENTED_EDGE('',*,*,#6099,.T.);
#6099 = EDGE_CURVE('',#6100,#6102,#6104,.T.);
#6100 = VERTEX_POINT('',#6101);
#6101 = CARTESIAN_POINT('',(-4.,72.5,45.));
#6102 = VERTEX_POINT('',#6103);
#6103 = CARTESIAN_POINT('',(-7.,72.5,45.));
#6104 = SURFACE_CURVE('',#6105,(#6109,#6115),.PCURVE_S1.);
#6105 = LINE('',#6106,#6107);
#6106 = CARTESIAN_POINT('',(-3.5,72.5,45.));
#6107 = VECTOR('',#6108,1.);
#6108 = DIRECTION('',(-1.,0.,0.));
#6109 = PCURVE('',#1960,#6110);
#6110 = DEFINITIONAL_REPRESENTATION('',(#6111),#6114);
#6111 = B_SPLINE_CURVE_WITH_KNOTS('',1,(#6112,#6113),.UNSPECIFIED.,.F.,
  .F.,(2,2),(0.5,3.5),.PIECEWISE_BEZIER_KNOTS.);
#6112 = CARTESIAN_POINT('',(-4.,72.5));
#6113 = CARTESIAN_POINT('',(-7.,72.5));
#6114 = ( GEOMETRIC_REPRESENTATION_CONTEXT(2) 
PARAMETRIC_REPRESENTATION_CONTEXT() REPRESENTATION_CONTEXT('2D SPACE',''
  ) );
#6115 = PCURVE('',#6116,#6121);
#6116 = PLANE('',#6117);
#6117 = AXIS2_PLACEMENT_3D('',#6118,#6119,#6120);
#6118 = CARTESIAN_POINT('',(-7.,72.5,42.4));
#6119 = DIRECTION('',(0.,1.,0.));
#6120 = DIRECTION('',(0.,0.,1.));
#6121 = DEFINITIONAL_REPRESENTATION('',(#6122),#6125);
#6122 = B_SPLINE_CURVE_WITH_KNOTS('',1,(#6123,#6124),.UNSPECIFIED.,.F.,
  .F.,(2,2),(0.5,3.5),.PIECEWISE_BEZIER_KNOTS.);
#6123 = CARTESIAN_POINT('',(2.6,3.));
#6124 = CARTESIAN_POINT('',(2.6,0.));
#6125 = ( GEOMETRIC_REPRESENTATION_CONTEXT(2) 
PARAMETRIC_REPRESENTATION_CONTEXT() REPRESENTATION_CONTEXT('2D SPACE',''
  ) );
#6126 = ORIENTED_EDGE('',*,*,#6127,.T.);
#6127 = EDGE_CURVE('',#6102,#6128,#6130,.T.);
#6128 = VERTEX_POINT('',#6129);
#6129 = CARTESIAN_POINT('',(-7.,96.5,45.));
#6130 = SURFACE_CURVE('',#6131,(#6135,#6141),.PCURVE_S1.);
#6131 = LINE('',#6132,#6133);
#6132 = CARTESIAN_POINT('',(-7.,36.25,45.));
#6133 = VECTOR('',#6134,1.);
#6134 = DIRECTION('',(0.,1.,0.));
#6135 = PCURVE('',#1960,#6136);
#6136 = DEFINITIONAL_REPRESENTATION('',(#6137),#6140);
#6137 = B_SPLINE_CURVE_WITH_KNOTS('',1,(#6138,#6139),.UNSPECIFIED.,.F.,
  .F.,(2,2),(36.25,60.25),.PIECEWISE_BEZIER_KNOTS.);
#6138 = CARTESIAN_POINT('',(-7.,72.5));
#6139 = CARTESIAN_POINT('',(-7.,96.5));
#6140 = ( GEOMETRIC_REPRESENTATION_CONTEXT(2) 
PARAMETRIC_REPRESENTATION_CONTEXT() REPRESENTATION_CONTEXT('2D SPACE',''
  ) );
#6141 = PCURVE('',#6142,#6147);
#6142 = PLANE('',#6143);
#6143 = AXIS2_PLACEMENT_3D('',#6144,#6145,#6146);
#6144 = CARTESIAN_POINT('',(-7.,72.5,42.4));
#6145 = DIRECTION('',(1.,0.,0.));
#6146 = DIRECTION('',(0.,0.,1.));
#6147 = DEFINITIONAL_REPRESENTATION('',(#6148),#6151);
#6148 = B_SPLINE_CURVE_WITH_KNOTS('',1,(#6149,#6150),.UNSPECIFIED.,.F.,
  .F.,(2,2),(36.25,60.25),.PIECEWISE_BEZIER_KNOTS.);
#6149 = CARTESIAN_POINT('',(2.6,0.));
#6150 = CARTESIAN_POINT('',(2.6,-24.));
#6151 = ( GEOMETRIC_REPRESENTATION_CONTEXT(2) 
PARAMETRIC_REPRESENTATION_CONTEXT() REPRESENTATION_CONTEXT('2D SPACE',''
  ) );
#6152 = ORIENTED_EDGE('',*,*,#6153,.F.);
#6153 = EDGE_CURVE('',#6154,#6128,#6156,.T.);
#6154 = VERTEX_POINT('',#6155);
#6155 = CARTESIAN_POINT('',(-4.,96.5,45.));
#6156 = SURFACE_CURVE('',#6157,(#6161,#6167),.PCURVE_S1.);
#6157 = LINE('',#6158,#6159);
#6158 = CARTESIAN_POINT('',(-3.5,96.5,45.));
#6159 = VECTOR('',#6160,1.);
#6160 = DIRECTION('',(-1.,0.,0.));
#6161 = PCURVE('',#1960,#6162);
#6162 = DEFINITIONAL_REPRESENTATION('',(#6163),#6166);
#6163 = B_SPLINE_CURVE_WITH_KNOTS('',1,(#6164,#6165),.UNSPECIFIED.,.F.,
  .F.,(2,2),(0.5,3.5),.PIECEWISE_BEZIER_KNOTS.);
#6164 = CARTESIAN_POINT('',(-4.,96.5));
#6165 = CARTESIAN_POINT('',(-7.,96.5));
#6166 = ( GEOMETRIC_REPRESENTATION_CONTEXT(2) 
PARAMETRIC_REPRESENTATION_CONTEXT() REPRESENTATION_CONTEXT('2D SPACE',''
  ) );
#6167 = PCURVE('',#6168,#6173);
#6168 = PLANE('',#6169);
#6169 = AXIS2_PLACEMENT_3D('',#6170,#6171,#6172);
#6170 = CARTESIAN_POINT('',(-7.,96.5,42.4));
#6171 = DIRECTION('',(0.,1.,0.));
#6172 = DIRECTION('',(0.,0.,1.));
#6173 = DEFINITIONAL_REPRESENTATION('',(#6174),#6177);
#6174 = B_SPLINE_CURVE_WITH_KNOTS('',1,(#6175,#6176),.UNSPECIFIED.,.F.,
  .F.,(2,2),(0.5,3.5),.PIECEWISE_BEZIER_KNOTS.);
#6175 = CARTESIAN_POINT('',(2.6,3.));
#6176 = CARTESIAN_POINT('',(2.6,0.));
#6177 = ( GEOMETRIC_REPRESENTATION_CONTEXT(2) 
PARAMETRIC_REPRESENTATION_CONTEXT() REPRESENTATION_CONTEXT('2D SPACE',''
  ) );
#6178 = ORIENTED_EDGE('',*,*,#6179,.F.);
#6179 = EDGE_CURVE('',#6100,#6154,#6180,.T.);
#6180 = SURFACE_CURVE('',#6181,(#6185,#6191),.PCURVE_S1.);
#6181 = LINE('',#6182,#6183);
#6182 = CARTESIAN_POINT('',(-4.,36.25,45.));
#6183 = VECTOR('',#6184,1.);
#6184 = DIRECTION('',(0.,1.,0.));
#6185 = PCURVE('',#1960,#6186);
#6186 = DEFINITIONAL_REPRESENTATION('',(#6187),#6190);
#6187 = B_SPLINE_CURVE_WITH_KNOTS('',1,(#6188,#6189),.UNSPECIFIED.,.F.,
  .F.,(2,2),(36.25,60.25),.PIECEWISE_BEZIER_KNOTS.);
#6188 = CARTESIAN_POINT('',(-4.,72.5));
#6189 = CARTESIAN_POINT('',(-4.,96.5));
#6190 = ( GEOMETRIC_REPRESENTATION_CONTEXT(2) 
PARAMETRIC_REPRESENTATION_CONTEXT() REPRESENTATION_CONTEXT('2D SPACE',''
  ) );
#6191 = PCURVE('',#6192,#6197);
#6192 = PLANE('',#6193);
#6193 = AXIS2_PLACEMENT_3D('',#6194,#6195,#6196);
#6194 = CARTESIAN_POINT('',(-4.,72.5,42.4));
#6195 = DIRECTION('',(1.,0.,0.));
#6196 = DIRECTION('',(0.,0.,1.));
#6197 = DEFINITIONAL_REPRESENTATION('',(#6198),#6201);
#6198 = B_SPLINE_CURVE_WITH_KNOTS('',1,(#6199,#6200),.UNSPECIFIED.,.F.,
  .F.,(2,2),(36.25,60.25),.PIECEWISE_BEZIER_KNOTS.);
#6199 = CARTESIAN_POINT('',(2.6,0.));
#6200 = CARTESIAN_POINT('',(2.6,-24.));
#6201 = ( GEOMETRIC_REPRESENTATION_CONTEXT(2) 
PARAMETRIC_REPRESENTATION_CONTEXT() REPRESENTATION_CONTEXT('2D SPACE',''
  ) );
#6202 = FACE_BOUND('',#6203,.T.);
#6203 = EDGE_LOOP('',(#6204,#6232,#6258,#6284));
#6204 = ORIENTED_EDGE('',*,*,#6205,.T.);
#6205 = EDGE_CURVE('',#6206,#6208,#6210,.T.);
#6206 = VERTEX_POINT('',#6207);
#6207 = CARTESIAN_POINT('',(1.5,72.5,45.));
#6208 = VERTEX_POINT('',#6209);
#6209 = CARTESIAN_POINT('',(-1.5,72.5,45.));
#6210 = SURFACE_CURVE('',#6211,(#6215,#6221),.PCURVE_S1.);
#6211 = LINE('',#6212,#6213);
#6212 = CARTESIAN_POINT('',(-0.75,72.5,45.));
#6213 = VECTOR('',#6214,1.);
#6214 = DIRECTION('',(-1.,0.,0.));
#6215 = PCURVE('',#1960,#6216);
#6216 = DEFINITIONAL_REPRESENTATION('',(#6217),#6220);
#6217 = B_SPLINE_CURVE_WITH_KNOTS('',1,(#6218,#6219),.UNSPECIFIED.,.F.,
  .F.,(2,2),(-2.25,0.75),.PIECEWISE_BEZIER_KNOTS.);
#6218 = CARTESIAN_POINT('',(1.5,72.5));
#6219 = CARTESIAN_POINT('',(-1.5,72.5));
#6220 = ( GEOMETRIC_REPRESENTATION_CONTEXT(2) 
PARAMETRIC_REPRESENTATION_CONTEXT() REPRESENTATION_CONTEXT('2D SPACE',''
  ) );
#6221 = PCURVE('',#6222,#6227);
#6222 = PLANE('',#6223);
#6223 = AXIS2_PLACEMENT_3D('',#6224,#6225,#6226);
#6224 = CARTESIAN_POINT('',(-1.5,72.5,42.4));
#6225 = DIRECTION('',(0.,1.,0.));
#6226 = DIRECTION('',(0.,0.,1.));
#6227 = DEFINITIONAL_REPRESENTATION('',(#6228),#6231);
#6228 = B_SPLINE_CURVE_WITH_KNOTS('',1,(#6229,#6230),.UNSPECIFIED.,.F.,
  .F.,(2,2),(-2.25,0.75),.PIECEWISE_BEZIER_KNOTS.);
#6229 = CARTESIAN_POINT('',(2.6,3.));
#6230 = CARTESIAN_POINT('',(2.6,0.));
#6231 = ( GEOMETRIC_REPRESENTATION_CONTEXT(2) 
PARAMETRIC_REPRESENTATION_CONTEXT() REPRESENTATION_CONTEXT('2D SPACE',''
  ) );
#6232 = ORIENTED_EDGE('',*,*,#6233,.T.);
#6233 = EDGE_CURVE('',#6208,#6234,#6236,.T.);
#6234 = VERTEX_POINT('',#6235);
#6235 = CARTESIAN_POINT('',(-1.5,96.5,45.));
#6236 = SURFACE_CURVE('',#6237,(#6241,#6247),.PCURVE_S1.);
#6237 = LINE('',#6238,#6239);
#6238 = CARTESIAN_POINT('',(-1.5,36.25,45.));
#6239 = VECTOR('',#6240,1.);
#6240 = DIRECTION('',(0.,1.,0.));
#6241 = PCURVE('',#1960,#6242);
#6242 = DEFINITIONAL_REPRESENTATION('',(#6243),#6246);
#6243 = B_SPLINE_CURVE_WITH_KNOTS('',1,(#6244,#6245),.UNSPECIFIED.,.F.,
  .F.,(2,2),(36.25,60.25),.PIECEWISE_BEZIER_KNOTS.);
#6244 = CARTESIAN_POINT('',(-1.5,72.5));
#6245 = CARTESIAN_POINT('',(-1.5,96.5));
#6246 = ( GEOMETRIC_REPRESENTATION_CONTEXT(2) 
PARAMETRIC_REPRESENTATION_CONTEXT() REPRESENTATION_CONTEXT('2D SPACE',''
  ) );
#6247 = PCURVE('',#6248,#6253);
#6248 = PLANE('',#6249);
#6249 = AXIS2_PLACEMENT_3D('',#6250,#6251,#6252);
#6250 = CARTESIAN_POINT('',(-1.5,72.5,42.4));
#6251 = DIRECTION('',(1.,0.,0.));
#6252 = DIRECTION('',(0.,0.,1.));
#6253 = DEFINITIONAL_REPRESENTATION('',(#6254),#6257);
#6254 = B_SPLINE_CURVE_WITH_KNOTS('',1,(#6255,#6256),.UNSPECIFIED.,.F.,
  .F.,(2,2),(36.25,60.25),.PIECEWISE_BEZIER_KNOTS.);
#6255 = CARTESIAN_POINT('',(2.6,0.));
#6256 = CARTESIAN_POINT('',(2.6,-24.));
#6257 = ( GEOMETRIC_REPRESENTATION_CONTEXT(2) 
PARAMETRIC_REPRESENTATION_CONTEXT() REPRESENTATION_CONTEXT('2D SPACE',''
  ) );
#6258 = ORIENTED_EDGE('',*,*,#6259,.F.);
#6259 = EDGE_CURVE('',#6260,#6234,#6262,.T.);
#6260 = VERTEX_POINT('',#6261);
#6261 = CARTESIAN_POINT('',(1.5,96.5,45.));
#6262 = SURFACE_CURVE('',#6263,(#6267,#6273),.PCURVE_S1.);
#6263 = LINE('',#6264,#6265);
#6264 = CARTESIAN_POINT('',(-0.75,96.5,45.));
#6265 = VECTOR('',#6266,1.);
#6266 = DIRECTION('',(-1.,0.,0.));
#6267 = PCURVE('',#1960,#6268);
#6268 = DEFINITIONAL_REPRESENTATION('',(#6269),#6272);
#6269 = B_SPLINE_CURVE_WITH_KNOTS('',1,(#6270,#6271),.UNSPECIFIED.,.F.,
  .F.,(2,2),(-2.25,0.75),.PIECEWISE_BEZIER_KNOTS.);
#6270 = CARTESIAN_POINT('',(1.5,96.5));
#6271 = CARTESIAN_POINT('',(-1.5,96.5));
#6272 = ( GEOMETRIC_REPRESENTATION_CONTEXT(2) 
PARAMETRIC_REPRESENTATION_CONTEXT() REPRESENTATION_CONTEXT('2D SPACE',''
  ) );
#6273 = PCURVE('',#6274,#6279);
#6274 = PLANE('',#6275);
#6275 = AXIS2_PLACEMENT_3D('',#6276,#6277,#6278);
#6276 = CARTESIAN_POINT('',(-1.5,96.5,42.4));
#6277 = DIRECTION('',(0.,1.,0.));
#6278 = DIRECTION('',(0.,0.,1.));
#6279 = DEFINITIONAL_REPRESENTATION('',(#6280),#6283);
#6280 = B_SPLINE_CURVE_WITH_KNOTS('',1,(#6281,#6282),.UNSPECIFIED.,.F.,
  .F.,(2,2),(-2.25,0.75),.PIECEWISE_BEZIER_KNOTS.);
#6281 = CARTESIAN_POINT('',(2.6,3.));
#6282 = CARTESIAN_POINT('',(2.6,0.));
#6283 = ( GEOMETRIC_REPRESENTATION_CONTEXT(2) 
PARAMETRIC_REPRESENTATION_CONTEXT() REPRESENTATION_CONTEXT('2D SPACE',''
  ) );
#6284 = ORIENTED_EDGE('',*,*,#6285,.F.);
#6285 = EDGE_CURVE('',#6206,#6260,#6286,.T.);
#6286 = SURFACE_CURVE('',#6287,(#6291,#6297),.PCURVE_S1.);
#6287 = LINE('',#6288,#6289);
#6288 = CARTESIAN_POINT('',(1.5,36.25,45.));
#6289 = VECTOR('',#6290,1.);
#6290 = DIRECTION('',(0.,1.,0.));
#6291 = PCURVE('',#1960,#6292);
#6292 = DEFINITIONAL_REPRESENTATION('',(#6293),#6296);
#6293 = B_SPLINE_CURVE_WITH_KNOTS('',1,(#6294,#6295),.UNSPECIFIED.,.F.,
  .F.,(2,2),(36.25,60.25),.PIECEWISE_BEZIER_KNOTS.);
#6294 = CARTESIAN_POINT('',(1.5,72.5));
#6295 = CARTESIAN_POINT('',(1.5,96.5));
#6296 = ( GEOMETRIC_REPRESENTATION_CONTEXT(2) 
PARAMETRIC_REPRESENTATION_CONTEXT() REPRESENTATION_CONTEXT('2D SPACE',''
  ) );
#6297 = PCURVE('',#6298,#6303);
#6298 = PLANE('',#6299);
#6299 = AXIS2_PLACEMENT_3D('',#6300,#6301,#6302);
#6300 = CARTESIAN_POINT('',(1.5,72.5,42.4));
#6301 = DIRECTION('',(1.,0.,0.));
#6302 = DIRECTION('',(0.,0.,1.));
#6303 = DEFINITIONAL_REPRESENTATION('',(#6304),#6307);
#6304 = B_SPLINE_CURVE_WITH_KNOTS('',1,(#6305,#6306),.UNSPECIFIED.,.F.,
  .F.,(2,2),(36.25,60.25),.PIECEWISE_BEZIER_KNOTS.);
#6305 = CARTESIAN_POINT('',(2.6,0.));
#6306 = CARTESIAN_POINT('',(2.6,-24.));
#6307 = ( GEOMETRIC_REPRESENTATION_CONTEXT(2) 
PARAMETRIC_REPRESENTATION_CONTEXT() REPRESENTATION_CONTEXT('2D SPACE',''
  ) );
#6308 = FACE_BOUND('',#6309,.T.);
#6309 = EDGE_LOOP('',(#6310,#6338,#6364,#6390));
#6310 = ORIENTED_EDGE('',*,*,#6311,.T.);
#6311 = EDGE_CURVE('',#6312,#6314,#6316,.T.);
#6312 = VERTEX_POINT('',#6313);
#6313 = CARTESIAN_POINT('',(7.,72.5,45.));
#6314 = VERTEX_POINT('',#6315);
#6315 = CARTESIAN_POINT('',(4.,72.5,45.));
#6316 = SURFACE_CURVE('',#6317,(#6321,#6327),.PCURVE_S1.);
#6317 = LINE('',#6318,#6319);
#6318 = CARTESIAN_POINT('',(2.,72.5,45.));
#6319 = VECTOR('',#6320,1.);
#6320 = DIRECTION('',(-1.,0.,0.));
#6321 = PCURVE('',#1960,#6322);
#6322 = DEFINITIONAL_REPRESENTATION('',(#6323),#6326);
#6323 = B_SPLINE_CURVE_WITH_KNOTS('',1,(#6324,#6325),.UNSPECIFIED.,.F.,
  .F.,(2,2),(-5.,-2.),.PIECEWISE_BEZIER_KNOTS.);
#6324 = CARTESIAN_POINT('',(7.,72.5));
#6325 = CARTESIAN_POINT('',(4.,72.5));
#6326 = ( GEOMETRIC_REPRESENTATION_CONTEXT(2) 
PARAMETRIC_REPRESENTATION_CONTEXT() REPRESENTATION_CONTEXT('2D SPACE',''
  ) );
#6327 = PCURVE('',#6328,#6333);
#6328 = PLANE('',#6329);
#6329 = AXIS2_PLACEMENT_3D('',#6330,#6331,#6332);
#6330 = CARTESIAN_POINT('',(4.,72.5,42.4));
#6331 = DIRECTION('',(0.,1.,0.));
#6332 = DIRECTION('',(0.,0.,1.));
#6333 = DEFINITIONAL_REPRESENTATION('',(#6334),#6337);
#6334 = B_SPLINE_CURVE_WITH_KNOTS('',1,(#6335,#6336),.UNSPECIFIED.,.F.,
  .F.,(2,2),(-5.,-2.),.PIECEWISE_BEZIER_KNOTS.);
#6335 = CARTESIAN_POINT('',(2.6,3.));
#6336 = CARTESIAN_POINT('',(2.6,0.));
#6337 = ( GEOMETRIC_REPRESENTATION_CONTEXT(2) 
PARAMETRIC_REPRESENTATION_CONTEXT() REPRESENTATION_CONTEXT('2D SPACE',''
  ) );
#6338 = ORIENTED_EDGE('',*,*,#6339,.T.);
#6339 = EDGE_CURVE('',#6314,#6340,#6342,.T.);
#6340 = VERTEX_POINT('',#6341);
#6341 = CARTESIAN_POINT('',(4.,96.5,45.));
#6342 = SURFACE_CURVE('',#6343,(#6347,#6353),.PCURVE_S1.);
#6343 = LINE('',#6344,#6345);
#6344 = CARTESIAN_POINT('',(4.,36.25,45.));
#6345 = VECTOR('',#6346,1.);
#6346 = DIRECTION('',(0.,1.,0.));
#6347 = PCURVE('',#1960,#6348);
#6348 = DEFINITIONAL_REPRESENTATION('',(#6349),#6352);
#6349 = B_SPLINE_CURVE_WITH_KNOTS('',1,(#6350,#6351),.UNSPECIFIED.,.F.,
  .F.,(2,2),(36.25,60.25),.PIECEWISE_BEZIER_KNOTS.);
#6350 = CARTESIAN_POINT('',(4.,72.5));
#6351 = CARTESIAN_POINT('',(4.,96.5));
#6352 = ( GEOMETRIC_REPRESENTATION_CONTEXT(2) 
PARAMETRIC_REPRESENTATION_CONTEXT() REPRESENTATION_CONTEXT('2D SPACE',''
  ) );
#6353 = PCURVE('',#6354,#6359);
#6354 = PLANE('',#6355);
#6355 = AXIS2_PLACEMENT_3D('',#6356,#6357,#6358);
#6356 = CARTESIAN_POINT('',(4.,72.5,42.4));
#6357 = DIRECTION('',(1.,0.,0.));
#6358 = DIRECTION('',(0.,0.,1.));
#6359 = DEFINITIONAL_REPRESENTATION('',(#6360),#6363);
#6360 = B_SPLINE_CURVE_WITH_KNOTS('',1,(#6361,#6362),.UNSPECIFIED.,.F.,
  .F.,(2,2),(36.25,60.25),.PIECEWISE_BEZIER_KNOTS.);
#6361 = CARTESIAN_POINT('',(2.6,0.));
#6362 = CARTESIAN_POINT('',(2.6,-24.));
#6363 = ( GEOMETRIC_REPRESENTATION_CONTEXT(2) 
PARAMETRIC_REPRESENTATION_CONTEXT() REPRESENTATION_CONTEXT('2D SPACE',''
  ) );
#6364 = ORIENTED_EDGE('',*,*,#6365,.F.);
#6365 = EDGE_CURVE('',#6366,#6340,#6368,.T.);
#6366 = VERTEX_POINT('',#6367);
#6367 = CARTESIAN_POINT('',(7.,96.5,45.));
#6368 = SURFACE_CURVE('',#6369,(#6373,#6379),.PCURVE_S1.);
#6369 = LINE('',#6370,#6371);
#6370 = CARTESIAN_POINT('',(2.,96.5,45.));
#6371 = VECTOR('',#6372,1.);
#6372 = DIRECTION('',(-1.,0.,0.));
#6373 = PCURVE('',#1960,#6374);
#6374 = DEFINITIONAL_REPRESENTATION('',(#6375),#6378);
#6375 = B_SPLINE_CURVE_WITH_KNOTS('',1,(#6376,#6377),.UNSPECIFIED.,.F.,
  .F.,(2,2),(-5.,-2.),.PIECEWISE_BEZIER_KNOTS.);
#6376 = CARTESIAN_POINT('',(7.,96.5));
#6377 = CARTESIAN_POINT('',(4.,96.5));
#6378 = ( GEOMETRIC_REPRESENTATION_CONTEXT(2) 
PARAMETRIC_REPRESENTATION_CONTEXT() REPRESENTATION_CONTEXT('2D SPACE',''
  ) );
#6379 = PCURVE('',#6380,#6385);
#6380 = PLANE('',#6381);
#6381 = AXIS2_PLACEMENT_3D('',#6382,#6383,#6384);
#6382 = CARTESIAN_POINT('',(4.,96.5,42.4));
#6383 = DIRECTION('',(0.,1.,0.));
#6384 = DIRECTION('',(0.,0.,1.));
#6385 = DEFINITIONAL_REPRESENTATION('',(#6386),#6389);
#6386 = B_SPLINE_CURVE_WITH_KNOTS('',1,(#6387,#6388),.UNSPECIFIED.,.F.,
  .F.,(2,2),(-5.,-2.),.PIECEWISE_BEZIER_KNOTS.);
#6387 = CARTESIAN_POINT('',(2.6,3.));
#6388 = CARTESIAN_POINT('',(2.6,0.));
#6389 = ( GEOMETRIC_REPRESENTATION_CONTEXT(2) 
PARAMETRIC_REPRESENTATION_CONTEXT() REPRESENTATION_CONTEXT('2D SPACE',''
  ) );
#6390 = ORIENTED_EDGE('',*,*,#6391,.F.);
#6391 = EDGE_CURVE('',#6312,#6366,#6392,.T.);
#6392 = SURFACE_CURVE('',#6393,(#6397,#6403),.PCURVE_S1.);
#6393 = LINE('',#6394,#6395);
#6394 = CARTESIAN_POINT('',(7.,36.25,45.));
#6395 = VECTOR('',#6396,1.);
#6396 = DIRECTION('',(0.,1.,0.));
#6397 = PCURVE('',#1960,#6398);
#6398 = DEFINITIONAL_REPRESENTATION('',(#6399),#6402);
#6399 = B_SPLINE_CURVE_WITH_KNOTS('',1,(#6400,#6401),.UNSPECIFIED.,.F.,
  .F.,(2,2),(36.25,60.25),.PIECEWISE_BEZIER_KNOTS.);
#6400 = CARTESIAN_POINT('',(7.,72.5));
#6401 = CARTESIAN_POINT('',(7.,96.5));
#6402 = ( GEOMETRIC_REPRESENTATION_CONTEXT(2) 
PARAMETRIC_REPRESENTATION_CONTEXT() REPRESENTATION_CONTEXT('2D SPACE',''
  ) );
#6403 = PCURVE('',#6404,#6409);
#6404 = PLANE('',#6405);
#6405 = AXIS2_PLACEMENT_3D('',#6406,#6407,#6408);
#6406 = CARTESIAN_POINT('',(7.,72.5,42.4));
#6407 = DIRECTION('',(1.,0.,0.));
#6408 = DIRECTION('',(0.,0.,1.));
#6409 = DEFINITIONAL_REPRESENTATION('',(#6410),#6413);
#6410 = B_SPLINE_CURVE_WITH_KNOTS('',1,(#6411,#6412),.UNSPECIFIED.,.F.,
  .F.,(2,2),(36.25,60.25),.PIECEWISE_BEZIER_KNOTS.);
#6411 = CARTESIAN_POINT('',(2.6,0.));
#6412 = CARTESIAN_POINT('',(2.6,-24.));
#6413 = ( GEOMETRIC_REPRESENTATION_CONTEXT(2) 
PARAMETRIC_REPRESENTATION_CONTEXT() REPRESENTATION_CONTEXT('2D SPACE',''
  ) );
#6414 = FACE_BOUND('',#6415,.T.);
#6415 = EDGE_LOOP('',(#6416,#6444,#6470,#6496));
#6416 = ORIENTED_EDGE('',*,*,#6417,.T.);
#6417 = EDGE_CURVE('',#6418,#6420,#6422,.T.);
#6418 = VERTEX_POINT('',#6419);
#6419 = CARTESIAN_POINT('',(12.5,72.5,45.));
#6420 = VERTEX_POINT('',#6421);
#6421 = CARTESIAN_POINT('',(9.5,72.5,45.));
#6422 = SURFACE_CURVE('',#6423,(#6427,#6433),.PCURVE_S1.);
#6423 = LINE('',#6424,#6425);
#6424 = CARTESIAN_POINT('',(4.75,72.5,45.));
#6425 = VECTOR('',#6426,1.);
#6426 = DIRECTION('',(-1.,0.,0.));
#6427 = PCURVE('',#1960,#6428);
#6428 = DEFINITIONAL_REPRESENTATION('',(#6429),#6432);
#6429 = B_SPLINE_CURVE_WITH_KNOTS('',1,(#6430,#6431),.UNSPECIFIED.,.F.,
  .F.,(2,2),(-7.75,-4.75),.PIECEWISE_BEZIER_KNOTS.);
#6430 = CARTESIAN_POINT('',(12.5,72.5));
#6431 = CARTESIAN_POINT('',(9.5,72.5));
#6432 = ( GEOMETRIC_REPRESENTATION_CONTEXT(2) 
PARAMETRIC_REPRESENTATION_CONTEXT() REPRESENTATION_CONTEXT('2D SPACE',''
  ) );
#6433 = PCURVE('',#6434,#6439);
#6434 = PLANE('',#6435);
#6435 = AXIS2_PLACEMENT_3D('',#6436,#6437,#6438);
#6436 = CARTESIAN_POINT('',(9.5,72.5,42.4));
#6437 = DIRECTION('',(0.,1.,0.));
#6438 = DIRECTION('',(0.,0.,1.));
#6439 = DEFINITIONAL_REPRESENTATION('',(#6440),#6443);
#6440 = B_SPLINE_CURVE_WITH_KNOTS('',1,(#6441,#6442),.UNSPECIFIED.,.F.,
  .F.,(2,2),(-7.75,-4.75),.PIECEWISE_BEZIER_KNOTS.);
#6441 = CARTESIAN_POINT('',(2.6,3.));
#6442 = CARTESIAN_POINT('',(2.6,0.));
#6443 = ( GEOMETRIC_REPRESENTATION_CONTEXT(2) 
PARAMETRIC_REPRESENTATION_CONTEXT() REPRESENTATION_CONTEXT('2D SPACE',''
  ) );
#6444 = ORIENTED_EDGE('',*,*,#6445,.T.);
#6445 = EDGE_CURVE('',#6420,#6446,#6448,.T.);
#6446 = VERTEX_POINT('',#6447);
#6447 = CARTESIAN_POINT('',(9.5,96.5,45.));
#6448 = SURFACE_CURVE('',#6449,(#6453,#6459),.PCURVE_S1.);
#6449 = LINE('',#6450,#6451);
#6450 = CARTESIAN_POINT('',(9.5,36.25,45.));
#6451 = VECTOR('',#6452,1.);
#6452 = DIRECTION('',(0.,1.,0.));
#6453 = PCURVE('',#1960,#6454);
#6454 = DEFINITIONAL_REPRESENTATION('',(#6455),#6458);
#6455 = B_SPLINE_CURVE_WITH_KNOTS('',1,(#6456,#6457),.UNSPECIFIED.,.F.,
  .F.,(2,2),(36.25,60.25),.PIECEWISE_BEZIER_KNOTS.);
#6456 = CARTESIAN_POINT('',(9.5,72.5));
#6457 = CARTESIAN_POINT('',(9.5,96.5));
#6458 = ( GEOMETRIC_REPRESENTATION_CONTEXT(2) 
PARAMETRIC_REPRESENTATION_CONTEXT() REPRESENTATION_CONTEXT('2D SPACE',''
  ) );
#6459 = PCURVE('',#6460,#6465);
#6460 = PLANE('',#6461);
#6461 = AXIS2_PLACEMENT_3D('',#6462,#6463,#6464);
#6462 = CARTESIAN_POINT('',(9.5,72.5,42.4));
#6463 = DIRECTION('',(1.,0.,0.));
#6464 = DIRECTION('',(0.,0.,1.));
#6465 = DEFINITIONAL_REPRESENTATION('',(#6466),#6469);
#6466 = B_SPLINE_CURVE_WITH_KNOTS('',1,(#6467,#6468),.UNSPECIFIED.,.F.,
  .F.,(2,2),(36.25,60.25),.PIECEWISE_BEZIER_KNOTS.);
#6467 = CARTESIAN_POINT('',(2.6,0.));
#6468 = CARTESIAN_POINT('',(2.6,-24.));
#6469 = ( GEOMETRIC_REPRESENTATION_CONTEXT(2) 
PARAMETRIC_REPRESENTATION_CONTEXT() REPRESENTATION_CONTEXT('2D SPACE',''
  ) );
#6470 = ORIENTED_EDGE('',*,*,#6471,.F.);
#6471 = EDGE_CURVE('',#6472,#6446,#6474,.T.);
#6472 = VERTEX_POINT('',#6473);
#6473 = CARTESIAN_POINT('',(12.5,96.5,45.));
#6474 = SURFACE_CURVE('',#6475,(#6479,#6485),.PCURVE_S1.);
#6475 = LINE('',#6476,#6477);
#6476 = CARTESIAN_POINT('',(4.75,96.5,45.));
#6477 = VECTOR('',#6478,1.);
#6478 = DIRECTION('',(-1.,0.,0.));
#6479 = PCURVE('',#1960,#6480);
#6480 = DEFINITIONAL_REPRESENTATION('',(#6481),#6484);
#6481 = B_SPLINE_CURVE_WITH_KNOTS('',1,(#6482,#6483),.UNSPECIFIED.,.F.,
  .F.,(2,2),(-7.75,-4.75),.PIECEWISE_BEZIER_KNOTS.);
#6482 = CARTESIAN_POINT('',(12.5,96.5));
#6483 = CARTESIAN_POINT('',(9.5,96.5));
#6484 = ( GEOMETRIC_REPRESENTATION_CONTEXT(2) 
PARAMETRIC_REPRESENTATION_CONTEXT() REPRESENTATION_CONTEXT('2D SPACE',''
  ) );
#6485 = PCURVE('',#6486,#6491);
#6486 = PLANE('',#6487);
#6487 = AXIS2_PLACEMENT_3D('',#6488,#6489,#6490);
#6488 = CARTESIAN_POINT('',(9.5,96.5,42.4));
#6489 = DIRECTION('',(0.,1.,0.));
#6490 = DIRECTION('',(0.,0.,1.));
#6491 = DEFINITIONAL_REPRESENTATION('',(#6492),#6495);
#6492 = B_SPLINE_CURVE_WITH_KNOTS('',1,(#6493,#6494),.UNSPECIFIED.,.F.,
  .F.,(2,2),(-7.75,-4.75),.PIECEWISE_BEZIER_KNOTS.);
#6493 = CARTESIAN_POINT('',(2.6,3.));
#6494 = CARTESIAN_POINT('',(2.6,0.));
#6495 = ( GEOMETRIC_REPRESENTATION_CONTEXT(2) 
PARAMETRIC_REPRESENTATION_CONTEXT() REPRESENTATION_CONTEXT('2D SPACE',''
  ) );
#6496 = ORIENTED_EDGE('',*,*,#6497,.F.);
#6497 = EDGE_CURVE('',#6418,#6472,#6498,.T.);
#6498 = SURFACE_CURVE('',#6499,(#6503,#6509),.PCURVE_S1.);
#6499 = LINE('',#6500,#6501);
#6500 = CARTESIAN_POINT('',(12.5,36.25,45.));
#6501 = VECTOR('',#6502,1.);
#6502 = DIRECTION('',(0.,1.,0.));
#6503 = PCURVE('',#1960,#6504);
#6504 = DEFINITIONAL_REPRESENTATION('',(#6505),#6508);
#6505 = B_SPLINE_CURVE_WITH_KNOTS('',1,(#6506,#6507),.UNSPECIFIED.,.F.,
  .F.,(2,2),(36.25,60.25),.PIECEWISE_BEZIER_KNOTS.);
#6506 = CARTESIAN_POINT('',(12.5,72.5));
#6507 = CARTESIAN_POINT('',(12.5,96.5));
#6508 = ( GEOMETRIC_REPRESENTATION_CONTEXT(2) 
PARAMETRIC_REPRESENTATION_CONTEXT() REPRESENTATION_CONTEXT('2D SPACE',''
  ) );
#6509 = PCURVE('',#6510,#6515);
#6510 = PLANE('',#6511);
#6511 = AXIS2_PLACEMENT_3D('',#6512,#6513,#6514);
#6512 = CARTESIAN_POINT('',(12.5,72.5,42.4));
#6513 = DIRECTION('',(1.,0.,0.));
#6514 = DIRECTION('',(0.,0.,1.));
#6515 = DEFINITIONAL_REPRESENTATION('',(#6516),#6519);
#6516 = B_SPLINE_CURVE_WITH_KNOTS('',1,(#6517,#6518),.UNSPECIFIED.,.F.,
  .F.,(2,2),(36.25,60.25),.PIECEWISE_BEZIER_KNOTS.);
#6517 = CARTESIAN_POINT('',(2.6,0.));
#6518 = CARTESIAN_POINT('',(2.6,-24.));
#6519 = ( GEOMETRIC_REPRESENTATION_CONTEXT(2) 
PARAMETRIC_REPRESENTATION_CONTEXT() REPRESENTATION_CONTEXT('2D SPACE',''
  ) );
#6520 = ADVANCED_FACE('',(#6521,#6597,#6627,#6713,#6799,#6885,#6971),
  #3658,.F.);
#6521 = FACE_BOUND('',#6522,.F.);
#6522 = EDGE_LOOP('',(#6523,#6524,#6525,#6548,#6576));
#6523 = ORIENTED_EDGE('',*,*,#3755,.T.);
#6524 = ORIENTED_EDGE('',*,*,#3641,.T.);
#6525 = ORIENTED_EDGE('',*,*,#6526,.F.);
#6526 = EDGE_CURVE('',#6527,#3642,#6529,.T.);
#6527 = VERTEX_POINT('',#6528);
#6528 = CARTESIAN_POINT('',(1.5,104.3,43.4));
#6529 = SURFACE_CURVE('',#6530,(#6534,#6541),.PCURVE_S1.);
#6530 = LINE('',#6531,#6532);
#6531 = CARTESIAN_POINT('',(1.5,104.3,43.4));
#6532 = VECTOR('',#6533,1.);
#6533 = DIRECTION('',(1.110223024625E-16,1.,0.));
#6534 = PCURVE('',#3658,#6535);
#6535 = DEFINITIONAL_REPRESENTATION('',(#6536),#6540);
#6536 = LINE('',#6537,#6538);
#6537 = CARTESIAN_POINT('',(1.5,104.3));
#6538 = VECTOR('',#6539,1.);
#6539 = DIRECTION('',(1.110223024625E-16,1.));
#6540 = ( GEOMETRIC_REPRESENTATION_CONTEXT(2) 
PARAMETRIC_REPRESENTATION_CONTEXT() REPRESENTATION_CONTEXT('2D SPACE',''
  ) );
#6541 = PCURVE('',#3685,#6542);
#6542 = DEFINITIONAL_REPRESENTATION('',(#6543),#6547);
#6543 = LINE('',#6544,#6545);
#6544 = CARTESIAN_POINT('',(37.4,0.));
#6545 = VECTOR('',#6546,1.);
#6546 = DIRECTION('',(0.,1.));
#6547 = ( GEOMETRIC_REPRESENTATION_CONTEXT(2) 
PARAMETRIC_REPRESENTATION_CONTEXT() REPRESENTATION_CONTEXT('2D SPACE',''
  ) );
#6548 = ORIENTED_EDGE('',*,*,#6549,.T.);
#6549 = EDGE_CURVE('',#6527,#6550,#6552,.T.);
#6550 = VERTEX_POINT('',#6551);
#6551 = CARTESIAN_POINT('',(-1.5,104.3,43.4));
#6552 = SURFACE_CURVE('',#6553,(#6557,#6564),.PCURVE_S1.);
#6553 = LINE('',#6554,#6555);
#6554 = CARTESIAN_POINT('',(1.5,104.3,43.4));
#6555 = VECTOR('',#6556,1.);
#6556 = DIRECTION('',(-1.,1.110223024625E-16,0.));
#6557 = PCURVE('',#3658,#6558);
#6558 = DEFINITIONAL_REPRESENTATION('',(#6559),#6563);
#6559 = LINE('',#6560,#6561);
#6560 = CARTESIAN_POINT('',(1.5,104.3));
#6561 = VECTOR('',#6562,1.);
#6562 = DIRECTION('',(-1.,1.110223024625E-16));
#6563 = ( GEOMETRIC_REPRESENTATION_CONTEXT(2) 
PARAMETRIC_REPRESENTATION_CONTEXT() REPRESENTATION_CONTEXT('2D SPACE',''
  ) );
#6564 = PCURVE('',#6565,#6570);
#6565 = PLANE('',#6566);
#6566 = AXIS2_PLACEMENT_3D('',#6567,#6568,#6569);
#6567 = CARTESIAN_POINT('',(1.5,104.3,6.));
#6568 = DIRECTION('',(1.110223024625E-16,1.,0.));
#6569 = DIRECTION('',(0.,0.,1.));
#6570 = DEFINITIONAL_REPRESENTATION('',(#6571),#6575);
#6571 = LINE('',#6572,#6573);
#6572 = CARTESIAN_POINT('',(37.4,0.));
#6573 = VECTOR('',#6574,1.);
#6574 = DIRECTION('',(0.,-1.));
#6575 = ( GEOMETRIC_REPRESENTATION_CONTEXT(2) 
PARAMETRIC_REPRESENTATION_CONTEXT() REPRESENTATION_CONTEXT('2D SPACE',''
  ) );
#6576 = ORIENTED_EDGE('',*,*,#6577,.T.);
#6577 = EDGE_CURVE('',#6550,#3730,#6578,.T.);
#6578 = SURFACE_CURVE('',#6579,(#6583,#6590),.PCURVE_S1.);
#6579 = LINE('',#6580,#6581);
#6580 = CARTESIAN_POINT('',(-1.5,104.3,43.4));
#6581 = VECTOR('',#6582,1.);
#6582 = DIRECTION('',(1.110223024625E-16,1.,0.));
#6583 = PCURVE('',#3658,#6584);
#6584 = DEFINITIONAL_REPRESENTATION('',(#6585),#6589);
#6585 = LINE('',#6586,#6587);
#6586 = CARTESIAN_POINT('',(-1.5,104.3));
#6587 = VECTOR('',#6588,1.);
#6588 = DIRECTION('',(1.110223024625E-16,1.));
#6589 = ( GEOMETRIC_REPRESENTATION_CONTEXT(2) 
PARAMETRIC_REPRESENTATION_CONTEXT() REPRESENTATION_CONTEXT('2D SPACE',''
  ) );
#6590 = PCURVE('',#3744,#6591);
#6591 = DEFINITIONAL_REPRESENTATION('',(#6592),#6596);
#6592 = LINE('',#6593,#6594);
#6593 = CARTESIAN_POINT('',(37.4,0.));
#6594 = VECTOR('',#6595,1.);
#6595 = DIRECTION('',(0.,1.));
#6596 = ( GEOMETRIC_REPRESENTATION_CONTEXT(2) 
PARAMETRIC_REPRESENTATION_CONTEXT() REPRESENTATION_CONTEXT('2D SPACE',''
  ) );
#6597 = FACE_BOUND('',#6598,.F.);
#6598 = EDGE_LOOP('',(#6599));
#6599 = ORIENTED_EDGE('',*,*,#6600,.T.);
#6600 = EDGE_CURVE('',#6601,#6601,#6603,.T.);
#6601 = VERTEX_POINT('',#6602);
#6602 = CARTESIAN_POINT('',(-36.9,80.,43.4));
#6603 = SURFACE_CURVE('',#6604,(#6609,#6620),.PCURVE_S1.);
#6604 = CIRCLE('',#6605,8.1);
#6605 = AXIS2_PLACEMENT_3D('',#6606,#6607,#6608);
#6606 = CARTESIAN_POINT('',(-45.,80.,43.4));
#6607 = DIRECTION('',(0.,0.,-1.));
#6608 = DIRECTION('',(1.,0.,0.));
#6609 = PCURVE('',#3658,#6610);
#6610 = DEFINITIONAL_REPRESENTATION('',(#6611),#6619);
#6611 = ( BOUNDED_CURVE() B_SPLINE_CURVE(2,(#6612,#6613,#6614,#6615,
#6616,#6617,#6618),.UNSPECIFIED.,.T.,.F.) B_SPLINE_CURVE_WITH_KNOTS((1,2
    ,2,2,2,1),(-2.094395102393,0.,2.094395102393,4.188790204786,
6.28318530718,8.377580409573),.UNSPECIFIED.) CURVE() 
GEOMETRIC_REPRESENTATION_ITEM() RATIONAL_B_SPLINE_CURVE((1.,0.5,1.,0.5,
1.,0.5,1.)) REPRESENTATION_ITEM('') );
#6612 = CARTESIAN_POINT('',(-36.9,80.));
#6613 = CARTESIAN_POINT('',(-36.9,65.970388458692));
#6614 = CARTESIAN_POINT('',(-49.05,72.985194229346));
#6615 = CARTESIAN_POINT('',(-61.2,80.));
#6616 = CARTESIAN_POINT('',(-49.05,87.014805770654));
#6617 = CARTESIAN_POINT('',(-36.9,94.029611541308));
#6618 = CARTESIAN_POINT('',(-36.9,80.));
#6619 = ( GEOMETRIC_REPRESENTATION_CONTEXT(2) 
PARAMETRIC_REPRESENTATION_CONTEXT() REPRESENTATION_CONTEXT('2D SPACE',''
  ) );
#6620 = PCURVE('',#5979,#6621);
#6621 = DEFINITIONAL_REPRESENTATION('',(#6622),#6626);
#6622 = LINE('',#6623,#6624);
#6623 = CARTESIAN_POINT('',(-6.28318530718,-1.));
#6624 = VECTOR('',#6625,1.);
#6625 = DIRECTION('',(1.,-0.));
#6626 = ( GEOMETRIC_REPRESENTATION_CONTEXT(2) 
PARAMETRIC_REPRESENTATION_CONTEXT() REPRESENTATION_CONTEXT('2D SPACE',''
  ) );
#6627 = FACE_BOUND('',#6628,.F.);
#6628 = EDGE_LOOP('',(#6629,#6652,#6673,#6694));
#6629 = ORIENTED_EDGE('',*,*,#6630,.T.);
#6630 = EDGE_CURVE('',#6631,#6633,#6635,.T.);
#6631 = VERTEX_POINT('',#6632);
#6632 = CARTESIAN_POINT('',(-9.5,72.5,43.4));
#6633 = VERTEX_POINT('',#6634);
#6634 = CARTESIAN_POINT('',(-12.5,72.5,43.4));
#6635 = SURFACE_CURVE('',#6636,(#6640,#6646),.PCURVE_S1.);
#6636 = LINE('',#6637,#6638);
#6637 = CARTESIAN_POINT('',(-6.25,72.5,43.4));
#6638 = VECTOR('',#6639,1.);
#6639 = DIRECTION('',(-1.,0.,0.));
#6640 = PCURVE('',#3658,#6641);
#6641 = DEFINITIONAL_REPRESENTATION('',(#6642),#6645);
#6642 = B_SPLINE_CURVE_WITH_KNOTS('',1,(#6643,#6644),.UNSPECIFIED.,.F.,
  .F.,(2,2),(3.25,6.25),.PIECEWISE_BEZIER_KNOTS.);
#6643 = CARTESIAN_POINT('',(-9.5,72.5));
#6644 = CARTESIAN_POINT('',(-12.5,72.5));
#6645 = ( GEOMETRIC_REPRESENTATION_CONTEXT(2) 
PARAMETRIC_REPRESENTATION_CONTEXT() REPRESENTATION_CONTEXT('2D SPACE',''
  ) );
#6646 = PCURVE('',#6010,#6647);
#6647 = DEFINITIONAL_REPRESENTATION('',(#6648),#6651);
#6648 = B_SPLINE_CURVE_WITH_KNOTS('',1,(#6649,#6650),.UNSPECIFIED.,.F.,
  .F.,(2,2),(3.25,6.25),.PIECEWISE_BEZIER_KNOTS.);
#6649 = CARTESIAN_POINT('',(1.,3.));
#6650 = CARTESIAN_POINT('',(1.,0.));
#6651 = ( GEOMETRIC_REPRESENTATION_CONTEXT(2) 
PARAMETRIC_REPRESENTATION_CONTEXT() REPRESENTATION_CONTEXT('2D SPACE',''
  ) );
#6652 = ORIENTED_EDGE('',*,*,#6653,.T.);
#6653 = EDGE_CURVE('',#6633,#6654,#6656,.T.);
#6654 = VERTEX_POINT('',#6655);
#6655 = CARTESIAN_POINT('',(-12.5,96.5,43.4));
#6656 = SURFACE_CURVE('',#6657,(#6661,#6667),.PCURVE_S1.);
#6657 = LINE('',#6658,#6659);
#6658 = CARTESIAN_POINT('',(-12.5,36.25,43.4));
#6659 = VECTOR('',#6660,1.);
#6660 = DIRECTION('',(0.,1.,0.));
#6661 = PCURVE('',#3658,#6662);
#6662 = DEFINITIONAL_REPRESENTATION('',(#6663),#6666);
#6663 = B_SPLINE_CURVE_WITH_KNOTS('',1,(#6664,#6665),.UNSPECIFIED.,.F.,
  .F.,(2,2),(36.25,60.25),.PIECEWISE_BEZIER_KNOTS.);
#6664 = CARTESIAN_POINT('',(-12.5,72.5));
#6665 = CARTESIAN_POINT('',(-12.5,96.5));
#6666 = ( GEOMETRIC_REPRESENTATION_CONTEXT(2) 
PARAMETRIC_REPRESENTATION_CONTEXT() REPRESENTATION_CONTEXT('2D SPACE',''
  ) );
#6667 = PCURVE('',#6036,#6668);
#6668 = DEFINITIONAL_REPRESENTATION('',(#6669),#6672);
#6669 = B_SPLINE_CURVE_WITH_KNOTS('',1,(#6670,#6671),.UNSPECIFIED.,.F.,
  .F.,(2,2),(36.25,60.25),.PIECEWISE_BEZIER_KNOTS.);
#6670 = CARTESIAN_POINT('',(1.,0.));
#6671 = CARTESIAN_POINT('',(1.,-24.));
#6672 = ( GEOMETRIC_REPRESENTATION_CONTEXT(2) 
PARAMETRIC_REPRESENTATION_CONTEXT() REPRESENTATION_CONTEXT('2D SPACE',''
  ) );
#6673 = ORIENTED_EDGE('',*,*,#6674,.F.);
#6674 = EDGE_CURVE('',#6675,#6654,#6677,.T.);
#6675 = VERTEX_POINT('',#6676);
#6676 = CARTESIAN_POINT('',(-9.5,96.5,43.4));
#6677 = SURFACE_CURVE('',#6678,(#6682,#6688),.PCURVE_S1.);
#6678 = LINE('',#6679,#6680);
#6679 = CARTESIAN_POINT('',(-6.25,96.5,43.4));
#6680 = VECTOR('',#6681,1.);
#6681 = DIRECTION('',(-1.,0.,0.));
#6682 = PCURVE('',#3658,#6683);
#6683 = DEFINITIONAL_REPRESENTATION('',(#6684),#6687);
#6684 = B_SPLINE_CURVE_WITH_KNOTS('',1,(#6685,#6686),.UNSPECIFIED.,.F.,
  .F.,(2,2),(3.25,6.25),.PIECEWISE_BEZIER_KNOTS.);
#6685 = CARTESIAN_POINT('',(-9.5,96.5));
#6686 = CARTESIAN_POINT('',(-12.5,96.5));
#6687 = ( GEOMETRIC_REPRESENTATION_CONTEXT(2) 
PARAMETRIC_REPRESENTATION_CONTEXT() REPRESENTATION_CONTEXT('2D SPACE',''
  ) );
#6688 = PCURVE('',#6062,#6689);
#6689 = DEFINITIONAL_REPRESENTATION('',(#6690),#6693);
#6690 = B_SPLINE_CURVE_WITH_KNOTS('',1,(#6691,#6692),.UNSPECIFIED.,.F.,
  .F.,(2,2),(3.25,6.25),.PIECEWISE_BEZIER_KNOTS.);
#6691 = CARTESIAN_POINT('',(1.,3.));
#6692 = CARTESIAN_POINT('',(1.,0.));
#6693 = ( GEOMETRIC_REPRESENTATION_CONTEXT(2) 
PARAMETRIC_REPRESENTATION_CONTEXT() REPRESENTATION_CONTEXT('2D SPACE',''
  ) );
#6694 = ORIENTED_EDGE('',*,*,#6695,.F.);
#6695 = EDGE_CURVE('',#6631,#6675,#6696,.T.);
#6696 = SURFACE_CURVE('',#6697,(#6701,#6707),.PCURVE_S1.);
#6697 = LINE('',#6698,#6699);
#6698 = CARTESIAN_POINT('',(-9.5,36.25,43.4));
#6699 = VECTOR('',#6700,1.);
#6700 = DIRECTION('',(0.,1.,0.));
#6701 = PCURVE('',#3658,#6702);
#6702 = DEFINITIONAL_REPRESENTATION('',(#6703),#6706);
#6703 = B_SPLINE_CURVE_WITH_KNOTS('',1,(#6704,#6705),.UNSPECIFIED.,.F.,
  .F.,(2,2),(36.25,60.25),.PIECEWISE_BEZIER_KNOTS.);
#6704 = CARTESIAN_POINT('',(-9.5,72.5));
#6705 = CARTESIAN_POINT('',(-9.5,96.5));
#6706 = ( GEOMETRIC_REPRESENTATION_CONTEXT(2) 
PARAMETRIC_REPRESENTATION_CONTEXT() REPRESENTATION_CONTEXT('2D SPACE',''
  ) );
#6707 = PCURVE('',#6086,#6708);
#6708 = DEFINITIONAL_REPRESENTATION('',(#6709),#6712);
#6709 = B_SPLINE_CURVE_WITH_KNOTS('',1,(#6710,#6711),.UNSPECIFIED.,.F.,
  .F.,(2,2),(36.25,60.25),.PIECEWISE_BEZIER_KNOTS.);
#6710 = CARTESIAN_POINT('',(1.,0.));
#6711 = CARTESIAN_POINT('',(1.,-24.));
#6712 = ( GEOMETRIC_REPRESENTATION_CONTEXT(2) 
PARAMETRIC_REPRESENTATION_CONTEXT() REPRESENTATION_CONTEXT('2D SPACE',''
  ) );
#6713 = FACE_BOUND('',#6714,.F.);
#6714 = EDGE_LOOP('',(#6715,#6738,#6759,#6780));
#6715 = ORIENTED_EDGE('',*,*,#6716,.T.);
#6716 = EDGE_CURVE('',#6717,#6719,#6721,.T.);
#6717 = VERTEX_POINT('',#6718);
#6718 = CARTESIAN_POINT('',(-4.,72.5,43.4));
#6719 = VERTEX_POINT('',#6720);
#6720 = CARTESIAN_POINT('',(-7.,72.5,43.4));
#6721 = SURFACE_CURVE('',#6722,(#6726,#6732),.PCURVE_S1.);
#6722 = LINE('',#6723,#6724);
#6723 = CARTESIAN_POINT('',(-3.5,72.5,43.4));
#6724 = VECTOR('',#6725,1.);
#6725 = DIRECTION('',(-1.,0.,0.));
#6726 = PCURVE('',#3658,#6727);
#6727 = DEFINITIONAL_REPRESENTATION('',(#6728),#6731);
#6728 = B_SPLINE_CURVE_WITH_KNOTS('',1,(#6729,#6730),.UNSPECIFIED.,.F.,
  .F.,(2,2),(0.5,3.5),.PIECEWISE_BEZIER_KNOTS.);
#6729 = CARTESIAN_POINT('',(-4.,72.5));
#6730 = CARTESIAN_POINT('',(-7.,72.5));
#6731 = ( GEOMETRIC_REPRESENTATION_CONTEXT(2) 
PARAMETRIC_REPRESENTATION_CONTEXT() REPRESENTATION_CONTEXT('2D SPACE',''
  ) );
#6732 = PCURVE('',#6116,#6733);
#6733 = DEFINITIONAL_REPRESENTATION('',(#6734),#6737);
#6734 = B_SPLINE_CURVE_WITH_KNOTS('',1,(#6735,#6736),.UNSPECIFIED.,.F.,
  .F.,(2,2),(0.5,3.5),.PIECEWISE_BEZIER_KNOTS.);
#6735 = CARTESIAN_POINT('',(1.,3.));
#6736 = CARTESIAN_POINT('',(1.,0.));
#6737 = ( GEOMETRIC_REPRESENTATION_CONTEXT(2) 
PARAMETRIC_REPRESENTATION_CONTEXT() REPRESENTATION_CONTEXT('2D SPACE',''
  ) );
#6738 = ORIENTED_EDGE('',*,*,#6739,.T.);
#6739 = EDGE_CURVE('',#6719,#6740,#6742,.T.);
#6740 = VERTEX_POINT('',#6741);
#6741 = CARTESIAN_POINT('',(-7.,96.5,43.4));
#6742 = SURFACE_CURVE('',#6743,(#6747,#6753),.PCURVE_S1.);
#6743 = LINE('',#6744,#6745);
#6744 = CARTESIAN_POINT('',(-7.,36.25,43.4));
#6745 = VECTOR('',#6746,1.);
#6746 = DIRECTION('',(0.,1.,0.));
#6747 = PCURVE('',#3658,#6748);
#6748 = DEFINITIONAL_REPRESENTATION('',(#6749),#6752);
#6749 = B_SPLINE_CURVE_WITH_KNOTS('',1,(#6750,#6751),.UNSPECIFIED.,.F.,
  .F.,(2,2),(36.25,60.25),.PIECEWISE_BEZIER_KNOTS.);
#6750 = CARTESIAN_POINT('',(-7.,72.5));
#6751 = CARTESIAN_POINT('',(-7.,96.5));
#6752 = ( GEOMETRIC_REPRESENTATION_CONTEXT(2) 
PARAMETRIC_REPRESENTATION_CONTEXT() REPRESENTATION_CONTEXT('2D SPACE',''
  ) );
#6753 = PCURVE('',#6142,#6754);
#6754 = DEFINITIONAL_REPRESENTATION('',(#6755),#6758);
#6755 = B_SPLINE_CURVE_WITH_KNOTS('',1,(#6756,#6757),.UNSPECIFIED.,.F.,
  .F.,(2,2),(36.25,60.25),.PIECEWISE_BEZIER_KNOTS.);
#6756 = CARTESIAN_POINT('',(1.,0.));
#6757 = CARTESIAN_POINT('',(1.,-24.));
#6758 = ( GEOMETRIC_REPRESENTATION_CONTEXT(2) 
PARAMETRIC_REPRESENTATION_CONTEXT() REPRESENTATION_CONTEXT('2D SPACE',''
  ) );
#6759 = ORIENTED_EDGE('',*,*,#6760,.F.);
#6760 = EDGE_CURVE('',#6761,#6740,#6763,.T.);
#6761 = VERTEX_POINT('',#6762);
#6762 = CARTESIAN_POINT('',(-4.,96.5,43.4));
#6763 = SURFACE_CURVE('',#6764,(#6768,#6774),.PCURVE_S1.);
#6764 = LINE('',#6765,#6766);
#6765 = CARTESIAN_POINT('',(-3.5,96.5,43.4));
#6766 = VECTOR('',#6767,1.);
#6767 = DIRECTION('',(-1.,0.,0.));
#6768 = PCURVE('',#3658,#6769);
#6769 = DEFINITIONAL_REPRESENTATION('',(#6770),#6773);
#6770 = B_SPLINE_CURVE_WITH_KNOTS('',1,(#6771,#6772),.UNSPECIFIED.,.F.,
  .F.,(2,2),(0.5,3.5),.PIECEWISE_BEZIER_KNOTS.);
#6771 = CARTESIAN_POINT('',(-4.,96.5));
#6772 = CARTESIAN_POINT('',(-7.,96.5));
#6773 = ( GEOMETRIC_REPRESENTATION_CONTEXT(2) 
PARAMETRIC_REPRESENTATION_CONTEXT() REPRESENTATION_CONTEXT('2D SPACE',''
  ) );
#6774 = PCURVE('',#6168,#6775);
#6775 = DEFINITIONAL_REPRESENTATION('',(#6776),#6779);
#6776 = B_SPLINE_CURVE_WITH_KNOTS('',1,(#6777,#6778),.UNSPECIFIED.,.F.,
  .F.,(2,2),(0.5,3.5),.PIECEWISE_BEZIER_KNOTS.);
#6777 = CARTESIAN_POINT('',(1.,3.));
#6778 = CARTESIAN_POINT('',(1.,0.));
#6779 = ( GEOMETRIC_REPRESENTATION_CONTEXT(2) 
PARAMETRIC_REPRESENTATION_CONTEXT() REPRESENTATION_CONTEXT('2D SPACE',''
  ) );
#6780 = ORIENTED_EDGE('',*,*,#6781,.F.);
#6781 = EDGE_CURVE('',#6717,#6761,#6782,.T.);
#6782 = SURFACE_CURVE('',#6783,(#6787,#6793),.PCURVE_S1.);
#6783 = LINE('',#6784,#6785);
#6784 = CARTESIAN_POINT('',(-4.,36.25,43.4));
#6785 = VECTOR('',#6786,1.);
#6786 = DIRECTION('',(0.,1.,0.));
#6787 = PCURVE('',#3658,#6788);
#6788 = DEFINITIONAL_REPRESENTATION('',(#6789),#6792);
#6789 = B_SPLINE_CURVE_WITH_KNOTS('',1,(#6790,#6791),.UNSPECIFIED.,.F.,
  .F.,(2,2),(36.25,60.25),.PIECEWISE_BEZIER_KNOTS.);
#6790 = CARTESIAN_POINT('',(-4.,72.5));
#6791 = CARTESIAN_POINT('',(-4.,96.5));
#6792 = ( GEOMETRIC_REPRESENTATION_CONTEXT(2) 
PARAMETRIC_REPRESENTATION_CONTEXT() REPRESENTATION_CONTEXT('2D SPACE',''
  ) );
#6793 = PCURVE('',#6192,#6794);
#6794 = DEFINITIONAL_REPRESENTATION('',(#6795),#6798);
#6795 = B_SPLINE_CURVE_WITH_KNOTS('',1,(#6796,#6797),.UNSPECIFIED.,.F.,
  .F.,(2,2),(36.25,60.25),.PIECEWISE_BEZIER_KNOTS.);
#6796 = CARTESIAN_POINT('',(1.,0.));
#6797 = CARTESIAN_POINT('',(1.,-24.));
#6798 = ( GEOMETRIC_REPRESENTATION_CONTEXT(2) 
PARAMETRIC_REPRESENTATION_CONTEXT() REPRESENTATION_CONTEXT('2D SPACE',''
  ) );
#6799 = FACE_BOUND('',#6800,.F.);
#6800 = EDGE_LOOP('',(#6801,#6824,#6845,#6866));
#6801 = ORIENTED_EDGE('',*,*,#6802,.T.);
#6802 = EDGE_CURVE('',#6803,#6805,#6807,.T.);
#6803 = VERTEX_POINT('',#6804);
#6804 = CARTESIAN_POINT('',(1.5,72.5,43.4));
#6805 = VERTEX_POINT('',#6806);
#6806 = CARTESIAN_POINT('',(-1.5,72.5,43.4));
#6807 = SURFACE_CURVE('',#6808,(#6812,#6818),.PCURVE_S1.);
#6808 = LINE('',#6809,#6810);
#6809 = CARTESIAN_POINT('',(-0.75,72.5,43.4));
#6810 = VECTOR('',#6811,1.);
#6811 = DIRECTION('',(-1.,0.,0.));
#6812 = PCURVE('',#3658,#6813);
#6813 = DEFINITIONAL_REPRESENTATION('',(#6814),#6817);
#6814 = B_SPLINE_CURVE_WITH_KNOTS('',1,(#6815,#6816),.UNSPECIFIED.,.F.,
  .F.,(2,2),(-2.25,0.75),.PIECEWISE_BEZIER_KNOTS.);
#6815 = CARTESIAN_POINT('',(1.5,72.5));
#6816 = CARTESIAN_POINT('',(-1.5,72.5));
#6817 = ( GEOMETRIC_REPRESENTATION_CONTEXT(2) 
PARAMETRIC_REPRESENTATION_CONTEXT() REPRESENTATION_CONTEXT('2D SPACE',''
  ) );
#6818 = PCURVE('',#6222,#6819);
#6819 = DEFINITIONAL_REPRESENTATION('',(#6820),#6823);
#6820 = B_SPLINE_CURVE_WITH_KNOTS('',1,(#6821,#6822),.UNSPECIFIED.,.F.,
  .F.,(2,2),(-2.25,0.75),.PIECEWISE_BEZIER_KNOTS.);
#6821 = CARTESIAN_POINT('',(1.,3.));
#6822 = CARTESIAN_POINT('',(1.,0.));
#6823 = ( GEOMETRIC_REPRESENTATION_CONTEXT(2) 
PARAMETRIC_REPRESENTATION_CONTEXT() REPRESENTATION_CONTEXT('2D SPACE',''
  ) );
#6824 = ORIENTED_EDGE('',*,*,#6825,.T.);
#6825 = EDGE_CURVE('',#6805,#6826,#6828,.T.);
#6826 = VERTEX_POINT('',#6827);
#6827 = CARTESIAN_POINT('',(-1.5,96.5,43.4));
#6828 = SURFACE_CURVE('',#6829,(#6833,#6839),.PCURVE_S1.);
#6829 = LINE('',#6830,#6831);
#6830 = CARTESIAN_POINT('',(-1.5,36.25,43.4));
#6831 = VECTOR('',#6832,1.);
#6832 = DIRECTION('',(0.,1.,0.));
#6833 = PCURVE('',#3658,#6834);
#6834 = DEFINITIONAL_REPRESENTATION('',(#6835),#6838);
#6835 = B_SPLINE_CURVE_WITH_KNOTS('',1,(#6836,#6837),.UNSPECIFIED.,.F.,
  .F.,(2,2),(36.25,60.25),.PIECEWISE_BEZIER_KNOTS.);
#6836 = CARTESIAN_POINT('',(-1.5,72.5));
#6837 = CARTESIAN_POINT('',(-1.5,96.5));
#6838 = ( GEOMETRIC_REPRESENTATION_CONTEXT(2) 
PARAMETRIC_REPRESENTATION_CONTEXT() REPRESENTATION_CONTEXT('2D SPACE',''
  ) );
#6839 = PCURVE('',#6248,#6840);
#6840 = DEFINITIONAL_REPRESENTATION('',(#6841),#6844);
#6841 = B_SPLINE_CURVE_WITH_KNOTS('',1,(#6842,#6843),.UNSPECIFIED.,.F.,
  .F.,(2,2),(36.25,60.25),.PIECEWISE_BEZIER_KNOTS.);
#6842 = CARTESIAN_POINT('',(1.,0.));
#6843 = CARTESIAN_POINT('',(1.,-24.));
#6844 = ( GEOMETRIC_REPRESENTATION_CONTEXT(2) 
PARAMETRIC_REPRESENTATION_CONTEXT() REPRESENTATION_CONTEXT('2D SPACE',''
  ) );
#6845 = ORIENTED_EDGE('',*,*,#6846,.F.);
#6846 = EDGE_CURVE('',#6847,#6826,#6849,.T.);
#6847 = VERTEX_POINT('',#6848);
#6848 = CARTESIAN_POINT('',(1.5,96.5,43.4));
#6849 = SURFACE_CURVE('',#6850,(#6854,#6860),.PCURVE_S1.);
#6850 = LINE('',#6851,#6852);
#6851 = CARTESIAN_POINT('',(-0.75,96.5,43.4));
#6852 = VECTOR('',#6853,1.);
#6853 = DIRECTION('',(-1.,0.,0.));
#6854 = PCURVE('',#3658,#6855);
#6855 = DEFINITIONAL_REPRESENTATION('',(#6856),#6859);
#6856 = B_SPLINE_CURVE_WITH_KNOTS('',1,(#6857,#6858),.UNSPECIFIED.,.F.,
  .F.,(2,2),(-2.25,0.75),.PIECEWISE_BEZIER_KNOTS.);
#6857 = CARTESIAN_POINT('',(1.5,96.5));
#6858 = CARTESIAN_POINT('',(-1.5,96.5));
#6859 = ( GEOMETRIC_REPRESENTATION_CONTEXT(2) 
PARAMETRIC_REPRESENTATION_CONTEXT() REPRESENTATION_CONTEXT('2D SPACE',''
  ) );
#6860 = PCURVE('',#6274,#6861);
#6861 = DEFINITIONAL_REPRESENTATION('',(#6862),#6865);
#6862 = B_SPLINE_CURVE_WITH_KNOTS('',1,(#6863,#6864),.UNSPECIFIED.,.F.,
  .F.,(2,2),(-2.25,0.75),.PIECEWISE_BEZIER_KNOTS.);
#6863 = CARTESIAN_POINT('',(1.,3.));
#6864 = CARTESIAN_POINT('',(1.,0.));
#6865 = ( GEOMETRIC_REPRESENTATION_CONTEXT(2) 
PARAMETRIC_REPRESENTATION_CONTEXT() REPRESENTATION_CONTEXT('2D SPACE',''
  ) );
#6866 = ORIENTED_EDGE('',*,*,#6867,.F.);
#6867 = EDGE_CURVE('',#6803,#6847,#6868,.T.);
#6868 = SURFACE_CURVE('',#6869,(#6873,#6879),.PCURVE_S1.);
#6869 = LINE('',#6870,#6871);
#6870 = CARTESIAN_POINT('',(1.5,36.25,43.4));
#6871 = VECTOR('',#6872,1.);
#6872 = DIRECTION('',(0.,1.,0.));
#6873 = PCURVE('',#3658,#6874);
#6874 = DEFINITIONAL_REPRESENTATION('',(#6875),#6878);
#6875 = B_SPLINE_CURVE_WITH_KNOTS('',1,(#6876,#6877),.UNSPECIFIED.,.F.,
  .F.,(2,2),(36.25,60.25),.PIECEWISE_BEZIER_KNOTS.);
#6876 = CARTESIAN_POINT('',(1.5,72.5));
#6877 = CARTESIAN_POINT('',(1.5,96.5));
#6878 = ( GEOMETRIC_REPRESENTATION_CONTEXT(2) 
PARAMETRIC_REPRESENTATION_CONTEXT() REPRESENTATION_CONTEXT('2D SPACE',''
  ) );
#6879 = PCURVE('',#6298,#6880);
#6880 = DEFINITIONAL_REPRESENTATION('',(#6881),#6884);
#6881 = B_SPLINE_CURVE_WITH_KNOTS('',1,(#6882,#6883),.UNSPECIFIED.,.F.,
  .F.,(2,2),(36.25,60.25),.PIECEWISE_BEZIER_KNOTS.);
#6882 = CARTESIAN_POINT('',(1.,0.));
#6883 = CARTESIAN_POINT('',(1.,-24.));
#6884 = ( GEOMETRIC_REPRESENTATION_CONTEXT(2) 
PARAMETRIC_REPRESENTATION_CONTEXT() REPRESENTATION_CONTEXT('2D SPACE',''
  ) );
#6885 = FACE_BOUND('',#6886,.F.);
#6886 = EDGE_LOOP('',(#6887,#6910,#6931,#6952));
#6887 = ORIENTED_EDGE('',*,*,#6888,.T.);
#6888 = EDGE_CURVE('',#6889,#6891,#6893,.T.);
#6889 = VERTEX_POINT('',#6890);
#6890 = CARTESIAN_POINT('',(7.,72.5,43.4));
#6891 = VERTEX_POINT('',#6892);
#6892 = CARTESIAN_POINT('',(4.,72.5,43.4));
#6893 = SURFACE_CURVE('',#6894,(#6898,#6904),.PCURVE_S1.);
#6894 = LINE('',#6895,#6896);
#6895 = CARTESIAN_POINT('',(2.,72.5,43.4));
#6896 = VECTOR('',#6897,1.);
#6897 = DIRECTION('',(-1.,0.,0.));
#6898 = PCURVE('',#3658,#6899);
#6899 = DEFINITIONAL_REPRESENTATION('',(#6900),#6903);
#6900 = B_SPLINE_CURVE_WITH_KNOTS('',1,(#6901,#6902),.UNSPECIFIED.,.F.,
  .F.,(2,2),(-5.,-2.),.PIECEWISE_BEZIER_KNOTS.);
#6901 = CARTESIAN_POINT('',(7.,72.5));
#6902 = CARTESIAN_POINT('',(4.,72.5));
#6903 = ( GEOMETRIC_REPRESENTATION_CONTEXT(2) 
PARAMETRIC_REPRESENTATION_CONTEXT() REPRESENTATION_CONTEXT('2D SPACE',''
  ) );
#6904 = PCURVE('',#6328,#6905);
#6905 = DEFINITIONAL_REPRESENTATION('',(#6906),#6909);
#6906 = B_SPLINE_CURVE_WITH_KNOTS('',1,(#6907,#6908),.UNSPECIFIED.,.F.,
  .F.,(2,2),(-5.,-2.),.PIECEWISE_BEZIER_KNOTS.);
#6907 = CARTESIAN_POINT('',(1.,3.));
#6908 = CARTESIAN_POINT('',(1.,0.));
#6909 = ( GEOMETRIC_REPRESENTATION_CONTEXT(2) 
PARAMETRIC_REPRESENTATION_CONTEXT() REPRESENTATION_CONTEXT('2D SPACE',''
  ) );
#6910 = ORIENTED_EDGE('',*,*,#6911,.T.);
#6911 = EDGE_CURVE('',#6891,#6912,#6914,.T.);
#6912 = VERTEX_POINT('',#6913);
#6913 = CARTESIAN_POINT('',(4.,96.5,43.4));
#6914 = SURFACE_CURVE('',#6915,(#6919,#6925),.PCURVE_S1.);
#6915 = LINE('',#6916,#6917);
#6916 = CARTESIAN_POINT('',(4.,36.25,43.4));
#6917 = VECTOR('',#6918,1.);
#6918 = DIRECTION('',(0.,1.,0.));
#6919 = PCURVE('',#3658,#6920);
#6920 = DEFINITIONAL_REPRESENTATION('',(#6921),#6924);
#6921 = B_SPLINE_CURVE_WITH_KNOTS('',1,(#6922,#6923),.UNSPECIFIED.,.F.,
  .F.,(2,2),(36.25,60.25),.PIECEWISE_BEZIER_KNOTS.);
#6922 = CARTESIAN_POINT('',(4.,72.5));
#6923 = CARTESIAN_POINT('',(4.,96.5));
#6924 = ( GEOMETRIC_REPRESENTATION_CONTEXT(2) 
PARAMETRIC_REPRESENTATION_CONTEXT() REPRESENTATION_CONTEXT('2D SPACE',''
  ) );
#6925 = PCURVE('',#6354,#6926);
#6926 = DEFINITIONAL_REPRESENTATION('',(#6927),#6930);
#6927 = B_SPLINE_CURVE_WITH_KNOTS('',1,(#6928,#6929),.UNSPECIFIED.,.F.,
  .F.,(2,2),(36.25,60.25),.PIECEWISE_BEZIER_KNOTS.);
#6928 = CARTESIAN_POINT('',(1.,0.));
#6929 = CARTESIAN_POINT('',(1.,-24.));
#6930 = ( GEOMETRIC_REPRESENTATION_CONTEXT(2) 
PARAMETRIC_REPRESENTATION_CONTEXT() REPRESENTATION_CONTEXT('2D SPACE',''
  ) );
#6931 = ORIENTED_EDGE('',*,*,#6932,.F.);
#6932 = EDGE_CURVE('',#6933,#6912,#6935,.T.);
#6933 = VERTEX_POINT('',#6934);
#6934 = CARTESIAN_POINT('',(7.,96.5,43.4));
#6935 = SURFACE_CURVE('',#6936,(#6940,#6946),.PCURVE_S1.);
#6936 = LINE('',#6937,#6938);
#6937 = CARTESIAN_POINT('',(2.,96.5,43.4));
#6938 = VECTOR('',#6939,1.);
#6939 = DIRECTION('',(-1.,0.,0.));
#6940 = PCURVE('',#3658,#6941);
#6941 = DEFINITIONAL_REPRESENTATION('',(#6942),#6945);
#6942 = B_SPLINE_CURVE_WITH_KNOTS('',1,(#6943,#6944),.UNSPECIFIED.,.F.,
  .F.,(2,2),(-5.,-2.),.PIECEWISE_BEZIER_KNOTS.);
#6943 = CARTESIAN_POINT('',(7.,96.5));
#6944 = CARTESIAN_POINT('',(4.,96.5));
#6945 = ( GEOMETRIC_REPRESENTATION_CONTEXT(2) 
PARAMETRIC_REPRESENTATION_CONTEXT() REPRESENTATION_CONTEXT('2D SPACE',''
  ) );
#6946 = PCURVE('',#6380,#6947);
#6947 = DEFINITIONAL_REPRESENTATION('',(#6948),#6951);
#6948 = B_SPLINE_CURVE_WITH_KNOTS('',1,(#6949,#6950),.UNSPECIFIED.,.F.,
  .F.,(2,2),(-5.,-2.),.PIECEWISE_BEZIER_KNOTS.);
#6949 = CARTESIAN_POINT('',(1.,3.));
#6950 = CARTESIAN_POINT('',(1.,0.));
#6951 = ( GEOMETRIC_REPRESENTATION_CONTEXT(2) 
PARAMETRIC_REPRESENTATION_CONTEXT() REPRESENTATION_CONTEXT('2D SPACE',''
  ) );
#6952 = ORIENTED_EDGE('',*,*,#6953,.F.);
#6953 = EDGE_CURVE('',#6889,#6933,#6954,.T.);
#6954 = SURFACE_CURVE('',#6955,(#6959,#6965),.PCURVE_S1.);
#6955 = LINE('',#6956,#6957);
#6956 = CARTESIAN_POINT('',(7.,36.25,43.4));
#6957 = VECTOR('',#6958,1.);
#6958 = DIRECTION('',(0.,1.,0.));
#6959 = PCURVE('',#3658,#6960);
#6960 = DEFINITIONAL_REPRESENTATION('',(#6961),#6964);
#6961 = B_SPLINE_CURVE_WITH_KNOTS('',1,(#6962,#6963),.UNSPECIFIED.,.F.,
  .F.,(2,2),(36.25,60.25),.PIECEWISE_BEZIER_KNOTS.);
#6962 = CARTESIAN_POINT('',(7.,72.5));
#6963 = CARTESIAN_POINT('',(7.,96.5));
#6964 = ( GEOMETRIC_REPRESENTATION_CONTEXT(2) 
PARAMETRIC_REPRESENTATION_CONTEXT() REPRESENTATION_CONTEXT('2D SPACE',''
  ) );
#6965 = PCURVE('',#6404,#6966);
#6966 = DEFINITIONAL_REPRESENTATION('',(#6967),#6970);
#6967 = B_SPLINE_CURVE_WITH_KNOTS('',1,(#6968,#6969),.UNSPECIFIED.,.F.,
  .F.,(2,2),(36.25,60.25),.PIECEWISE_BEZIER_KNOTS.);
#6968 = CARTESIAN_POINT('',(1.,0.));
#6969 = CARTESIAN_POINT('',(1.,-24.));
#6970 = ( GEOMETRIC_REPRESENTATION_CONTEXT(2) 
PARAMETRIC_REPRESENTATION_CONTEXT() REPRESENTATION_CONTEXT('2D SPACE',''
  ) );
#6971 = FACE_BOUND('',#6972,.F.);
#6972 = EDGE_LOOP('',(#6973,#6996,#7017,#7038));
#6973 = ORIENTED_EDGE('',*,*,#6974,.T.);
#6974 = EDGE_CURVE('',#6975,#6977,#6979,.T.);
#6975 = VERTEX_POINT('',#6976);
#6976 = CARTESIAN_POINT('',(12.5,72.5,43.4));
#6977 = VERTEX_POINT('',#6978);
#6978 = CARTESIAN_POINT('',(9.5,72.5,43.4));
#6979 = SURFACE_CURVE('',#6980,(#6984,#6990),.PCURVE_S1.);
#6980 = LINE('',#6981,#6982);
#6981 = CARTESIAN_POINT('',(4.75,72.5,43.4));
#6982 = VECTOR('',#6983,1.);
#6983 = DIRECTION('',(-1.,0.,0.));
#6984 = PCURVE('',#3658,#6985);
#6985 = DEFINITIONAL_REPRESENTATION('',(#6986),#6989);
#6986 = B_SPLINE_CURVE_WITH_KNOTS('',1,(#6987,#6988),.UNSPECIFIED.,.F.,
  .F.,(2,2),(-7.75,-4.75),.PIECEWISE_BEZIER_KNOTS.);
#6987 = CARTESIAN_POINT('',(12.5,72.5));
#6988 = CARTESIAN_POINT('',(9.5,72.5));
#6989 = ( GEOMETRIC_REPRESENTATION_CONTEXT(2) 
PARAMETRIC_REPRESENTATION_CONTEXT() REPRESENTATION_CONTEXT('2D SPACE',''
  ) );
#6990 = PCURVE('',#6434,#6991);
#6991 = DEFINITIONAL_REPRESENTATION('',(#6992),#6995);
#6992 = B_SPLINE_CURVE_WITH_KNOTS('',1,(#6993,#6994),.UNSPECIFIED.,.F.,
  .F.,(2,2),(-7.75,-4.75),.PIECEWISE_BEZIER_KNOTS.);
#6993 = CARTESIAN_POINT('',(1.,3.));
#6994 = CARTESIAN_POINT('',(1.,0.));
#6995 = ( GEOMETRIC_REPRESENTATION_CONTEXT(2) 
PARAMETRIC_REPRESENTATION_CONTEXT() REPRESENTATION_CONTEXT('2D SPACE',''
  ) );
#6996 = ORIENTED_EDGE('',*,*,#6997,.T.);
#6997 = EDGE_CURVE('',#6977,#6998,#7000,.T.);
#6998 = VERTEX_POINT('',#6999);
#6999 = CARTESIAN_POINT('',(9.5,96.5,43.4));
#7000 = SURFACE_CURVE('',#7001,(#7005,#7011),.PCURVE_S1.);
#7001 = LINE('',#7002,#7003);
#7002 = CARTESIAN_POINT('',(9.5,36.25,43.4));
#7003 = VECTOR('',#7004,1.);
#7004 = DIRECTION('',(0.,1.,0.));
#7005 = PCURVE('',#3658,#7006);
#7006 = DEFINITIONAL_REPRESENTATION('',(#7007),#7010);
#7007 = B_SPLINE_CURVE_WITH_KNOTS('',1,(#7008,#7009),.UNSPECIFIED.,.F.,
  .F.,(2,2),(36.25,60.25),.PIECEWISE_BEZIER_KNOTS.);
#7008 = CARTESIAN_POINT('',(9.5,72.5));
#7009 = CARTESIAN_POINT('',(9.5,96.5));
#7010 = ( GEOMETRIC_REPRESENTATION_CONTEXT(2) 
PARAMETRIC_REPRESENTATION_CONTEXT() REPRESENTATION_CONTEXT('2D SPACE',''
  ) );
#7011 = PCURVE('',#6460,#7012);
#7012 = DEFINITIONAL_REPRESENTATION('',(#7013),#7016);
#7013 = B_SPLINE_CURVE_WITH_KNOTS('',1,(#7014,#7015),.UNSPECIFIED.,.F.,
  .F.,(2,2),(36.25,60.25),.PIECEWISE_BEZIER_KNOTS.);
#7014 = CARTESIAN_POINT('',(1.,0.));
#7015 = CARTESIAN_POINT('',(1.,-24.));
#7016 = ( GEOMETRIC_REPRESENTATION_CONTEXT(2) 
PARAMETRIC_REPRESENTATION_CONTEXT() REPRESENTATION_CONTEXT('2D SPACE',''
  ) );
#7017 = ORIENTED_EDGE('',*,*,#7018,.F.);
#7018 = EDGE_CURVE('',#7019,#6998,#7021,.T.);
#7019 = VERTEX_POINT('',#7020);
#7020 = CARTESIAN_POINT('',(12.5,96.5,43.4));
#7021 = SURFACE_CURVE('',#7022,(#7026,#7032),.PCURVE_S1.);
#7022 = LINE('',#7023,#7024);
#7023 = CARTESIAN_POINT('',(4.75,96.5,43.4));
#7024 = VECTOR('',#7025,1.);
#7025 = DIRECTION('',(-1.,0.,0.));
#7026 = PCURVE('',#3658,#7027);
#7027 = DEFINITIONAL_REPRESENTATION('',(#7028),#7031);
#7028 = B_SPLINE_CURVE_WITH_KNOTS('',1,(#7029,#7030),.UNSPECIFIED.,.F.,
  .F.,(2,2),(-7.75,-4.75),.PIECEWISE_BEZIER_KNOTS.);
#7029 = CARTESIAN_POINT('',(12.5,96.5));
#7030 = CARTESIAN_POINT('',(9.5,96.5));
#7031 = ( GEOMETRIC_REPRESENTATION_CONTEXT(2) 
PARAMETRIC_REPRESENTATION_CONTEXT() REPRESENTATION_CONTEXT('2D SPACE',''
  ) );
#7032 = PCURVE('',#6486,#7033);
#7033 = DEFINITIONAL_REPRESENTATION('',(#7034),#7037);
#7034 = B_SPLINE_CURVE_WITH_KNOTS('',1,(#7035,#7036),.UNSPECIFIED.,.F.,
  .F.,(2,2),(-7.75,-4.75),.PIECEWISE_BEZIER_KNOTS.);
#7035 = CARTESIAN_POINT('',(1.,3.));
#7036 = CARTESIAN_POINT('',(1.,0.));
#7037 = ( GEOMETRIC_REPRESENTATION_CONTEXT(2) 
PARAMETRIC_REPRESENTATION_CONTEXT() REPRESENTATION_CONTEXT('2D SPACE',''
  ) );
#7038 = ORIENTED_EDGE('',*,*,#7039,.F.);
#7039 = EDGE_CURVE('',#6975,#7019,#7040,.T.);
#7040 = SURFACE_CURVE('',#7041,(#7045,#7051),.PCURVE_S1.);
#7041 = LINE('',#7042,#7043);
#7042 = CARTESIAN_POINT('',(12.5,36.25,43.4));
#7043 = VECTOR('',#7044,1.);
#7044 = DIRECTION('',(0.,1.,0.));
#7045 = PCURVE('',#3658,#7046);
#7046 = DEFINITIONAL_REPRESENTATION('',(#7047),#7050);
#7047 = B_SPLINE_CURVE_WITH_KNOTS('',1,(#7048,#7049),.UNSPECIFIED.,.F.,
  .F.,(2,2),(36.25,60.25),.PIECEWISE_BEZIER_KNOTS.);
#7048 = CARTESIAN_POINT('',(12.5,72.5));
#7049 = CARTESIAN_POINT('',(12.5,96.5));
#7050 = ( GEOMETRIC_REPRESENTATION_CONTEXT(2) 
PARAMETRIC_REPRESENTATION_CONTEXT() REPRESENTATION_CONTEXT('2D SPACE',''
  ) );
#7051 = PCURVE('',#6510,#7052);
#7052 = DEFINITIONAL_REPRESENTATION('',(#7053),#7056);
#7053 = B_SPLINE_CURVE_WITH_KNOTS('',1,(#7054,#7055),.UNSPECIFIED.,.F.,
  .F.,(2,2),(36.25,60.25),.PIECEWISE_BEZIER_KNOTS.);
#7054 = CARTESIAN_POINT('',(1.,0.));
#7055 = CARTESIAN_POINT('',(1.,-24.));
#7056 = ( GEOMETRIC_REPRESENTATION_CONTEXT(2) 
PARAMETRIC_REPRESENTATION_CONTEXT() REPRESENTATION_CONTEXT('2D SPACE',''
  ) );
#7057 = ADVANCED_FACE('',(#7058),#3744,.T.);
#7058 = FACE_BOUND('',#7059,.T.);
#7059 = EDGE_LOOP('',(#7060,#7083,#7104,#7105));
#7060 = ORIENTED_EDGE('',*,*,#7061,.F.);
#7061 = EDGE_CURVE('',#7062,#3697,#7064,.T.);
#7062 = VERTEX_POINT('',#7063);
#7063 = CARTESIAN_POINT('',(-1.5,104.3,6.));
#7064 = SURFACE_CURVE('',#7065,(#7069,#7076),.PCURVE_S1.);
#7065 = LINE('',#7066,#7067);
#7066 = CARTESIAN_POINT('',(-1.5,104.3,6.));
#7067 = VECTOR('',#7068,1.);
#7068 = DIRECTION('',(1.110223024625E-16,1.,0.));
#7069 = PCURVE('',#3744,#7070);
#7070 = DEFINITIONAL_REPRESENTATION('',(#7071),#7075);
#7071 = LINE('',#7072,#7073);
#7072 = CARTESIAN_POINT('',(0.,0.));
#7073 = VECTOR('',#7074,1.);
#7074 = DIRECTION('',(0.,1.));
#7075 = ( GEOMETRIC_REPRESENTATION_CONTEXT(2) 
PARAMETRIC_REPRESENTATION_CONTEXT() REPRESENTATION_CONTEXT('2D SPACE',''
  ) );
#7076 = PCURVE('',#3713,#7077);
#7077 = DEFINITIONAL_REPRESENTATION('',(#7078),#7082);
#7078 = LINE('',#7079,#7080);
#7079 = CARTESIAN_POINT('',(-3.330669073875E-16,3.));
#7080 = VECTOR('',#7081,1.);
#7081 = DIRECTION('',(1.,0.));
#7082 = ( GEOMETRIC_REPRESENTATION_CONTEXT(2) 
PARAMETRIC_REPRESENTATION_CONTEXT() REPRESENTATION_CONTEXT('2D SPACE',''
  ) );
#7083 = ORIENTED_EDGE('',*,*,#7084,.T.);
#7084 = EDGE_CURVE('',#7062,#6550,#7085,.T.);
#7085 = SURFACE_CURVE('',#7086,(#7090,#7097),.PCURVE_S1.);
#7086 = LINE('',#7087,#7088);
#7087 = CARTESIAN_POINT('',(-1.5,104.3,6.));
#7088 = VECTOR('',#7089,1.);
#7089 = DIRECTION('',(0.,0.,1.));
#7090 = PCURVE('',#3744,#7091);
#7091 = DEFINITIONAL_REPRESENTATION('',(#7092),#7096);
#7092 = LINE('',#7093,#7094);
#7093 = CARTESIAN_POINT('',(0.,0.));
#7094 = VECTOR('',#7095,1.);
#7095 = DIRECTION('',(1.,0.));
#7096 = ( GEOMETRIC_REPRESENTATION_CONTEXT(2) 
PARAMETRIC_REPRESENTATION_CONTEXT() REPRESENTATION_CONTEXT('2D SPACE',''
  ) );
#7097 = PCURVE('',#6565,#7098);
#7098 = DEFINITIONAL_REPRESENTATION('',(#7099),#7103);
#7099 = LINE('',#7100,#7101);
#7100 = CARTESIAN_POINT('',(0.,-3.));
#7101 = VECTOR('',#7102,1.);
#7102 = DIRECTION('',(1.,0.));
#7103 = ( GEOMETRIC_REPRESENTATION_CONTEXT(2) 
PARAMETRIC_REPRESENTATION_CONTEXT() REPRESENTATION_CONTEXT('2D SPACE',''
  ) );
#7104 = ORIENTED_EDGE('',*,*,#6577,.T.);
#7105 = ORIENTED_EDGE('',*,*,#3729,.T.);
#7106 = ADVANCED_FACE('',(#7107),#3713,.F.);
#7107 = FACE_BOUND('',#7108,.F.);
#7108 = EDGE_LOOP('',(#7109,#7110,#7133,#7154));
#7109 = ORIENTED_EDGE('',*,*,#7061,.F.);
#7110 = ORIENTED_EDGE('',*,*,#7111,.F.);
#7111 = EDGE_CURVE('',#7112,#7062,#7114,.T.);
#7112 = VERTEX_POINT('',#7113);
#7113 = CARTESIAN_POINT('',(1.5,104.3,6.));
#7114 = SURFACE_CURVE('',#7115,(#7119,#7126),.PCURVE_S1.);
#7115 = LINE('',#7116,#7117);
#7116 = CARTESIAN_POINT('',(1.5,104.3,6.));
#7117 = VECTOR('',#7118,1.);
#7118 = DIRECTION('',(-1.,1.110223024625E-16,0.));
#7119 = PCURVE('',#3713,#7120);
#7120 = DEFINITIONAL_REPRESENTATION('',(#7121),#7125);
#7121 = LINE('',#7122,#7123);
#7122 = CARTESIAN_POINT('',(0.,0.));
#7123 = VECTOR('',#7124,1.);
#7124 = DIRECTION('',(0.,1.));
#7125 = ( GEOMETRIC_REPRESENTATION_CONTEXT(2) 
PARAMETRIC_REPRESENTATION_CONTEXT() REPRESENTATION_CONTEXT('2D SPACE',''
  ) );
#7126 = PCURVE('',#6565,#7127);
#7127 = DEFINITIONAL_REPRESENTATION('',(#7128),#7132);
#7128 = LINE('',#7129,#7130);
#7129 = CARTESIAN_POINT('',(0.,0.));
#7130 = VECTOR('',#7131,1.);
#7131 = DIRECTION('',(0.,-1.));
#7132 = ( GEOMETRIC_REPRESENTATION_CONTEXT(2) 
PARAMETRIC_REPRESENTATION_CONTEXT() REPRESENTATION_CONTEXT('2D SPACE',''
  ) );
#7133 = ORIENTED_EDGE('',*,*,#7134,.T.);
#7134 = EDGE_CURVE('',#7112,#3671,#7135,.T.);
#7135 = SURFACE_CURVE('',#7136,(#7140,#7147),.PCURVE_S1.);
#7136 = LINE('',#7137,#7138);
#7137 = CARTESIAN_POINT('',(1.5,104.3,6.));
#7138 = VECTOR('',#7139,1.);
#7139 = DIRECTION('',(1.110223024625E-16,1.,0.));
#7140 = PCURVE('',#3713,#7141);
#7141 = DEFINITIONAL_REPRESENTATION('',(#7142),#7146);
#7142 = LINE('',#7143,#7144);
#7143 = CARTESIAN_POINT('',(0.,0.));
#7144 = VECTOR('',#7145,1.);
#7145 = DIRECTION('',(1.,0.));
#7146 = ( GEOMETRIC_REPRESENTATION_CONTEXT(2) 
PARAMETRIC_REPRESENTATION_CONTEXT() REPRESENTATION_CONTEXT('2D SPACE',''
  ) );
#7147 = PCURVE('',#3685,#7148);
#7148 = DEFINITIONAL_REPRESENTATION('',(#7149),#7153);
#7149 = LINE('',#7150,#7151);
#7150 = CARTESIAN_POINT('',(0.,0.));
#7151 = VECTOR('',#7152,1.);
#7152 = DIRECTION('',(0.,1.));
#7153 = ( GEOMETRIC_REPRESENTATION_CONTEXT(2) 
PARAMETRIC_REPRESENTATION_CONTEXT() REPRESENTATION_CONTEXT('2D SPACE',''
  ) );
#7154 = ORIENTED_EDGE('',*,*,#3696,.F.);
#7155 = ADVANCED_FACE('',(#7156),#3685,.F.);
#7156 = FACE_BOUND('',#7157,.F.);
#7157 = EDGE_LOOP('',(#7158,#7159,#7180,#7181));
#7158 = ORIENTED_EDGE('',*,*,#7134,.F.);
#7159 = ORIENTED_EDGE('',*,*,#7160,.T.);
#7160 = EDGE_CURVE('',#7112,#6527,#7161,.T.);
#7161 = SURFACE_CURVE('',#7162,(#7166,#7173),.PCURVE_S1.);
#7162 = LINE('',#7163,#7164);
#7163 = CARTESIAN_POINT('',(1.5,104.3,6.));
#7164 = VECTOR('',#7165,1.);
#7165 = DIRECTION('',(0.,0.,1.));
#7166 = PCURVE('',#3685,#7167);
#7167 = DEFINITIONAL_REPRESENTATION('',(#7168),#7172);
#7168 = LINE('',#7169,#7170);
#7169 = CARTESIAN_POINT('',(0.,0.));
#7170 = VECTOR('',#7171,1.);
#7171 = DIRECTION('',(1.,0.));
#7172 = ( GEOMETRIC_REPRESENTATION_CONTEXT(2) 
PARAMETRIC_REPRESENTATION_CONTEXT() REPRESENTATION_CONTEXT('2D SPACE',''
  ) );
#7173 = PCURVE('',#6565,#7174);
#7174 = DEFINITIONAL_REPRESENTATION('',(#7175),#7179);
#7175 = LINE('',#7176,#7177);
#7176 = CARTESIAN_POINT('',(0.,0.));
#7177 = VECTOR('',#7178,1.);
#7178 = DIRECTION('',(1.,0.));
#7179 = ( GEOMETRIC_REPRESENTATION_CONTEXT(2) 
PARAMETRIC_REPRESENTATION_CONTEXT() REPRESENTATION_CONTEXT('2D SPACE',''
  ) );
#7180 = ORIENTED_EDGE('',*,*,#6526,.T.);
#7181 = ORIENTED_EDGE('',*,*,#3670,.T.);
#7182 = ADVANCED_FACE('',(#7183),#4179,.T.);
#7183 = FACE_BOUND('',#7184,.T.);
#7184 = EDGE_LOOP('',(#7185,#7208,#7235,#7236));
#7185 = ORIENTED_EDGE('',*,*,#7186,.T.);
#7186 = EDGE_CURVE('',#3842,#7187,#7189,.T.);
#7187 = VERTEX_POINT('',#7188);
#7188 = CARTESIAN_POINT('',(69.812575930583,78.297857304821,9.6));
#7189 = SEAM_CURVE('',#7190,(#7194,#7201),.PCURVE_S1.);
#7190 = LINE('',#7191,#7192);
#7191 = CARTESIAN_POINT('',(70.731814746125,79.217096120364,8.6));
#7192 = VECTOR('',#7193,1.);
#7193 = DIRECTION('',(-0.560469797627,-0.560469797627,0.60971076085));
#7194 = PCURVE('',#4179,#7195);
#7195 = DEFINITIONAL_REPRESENTATION('',(#7196),#7200);
#7196 = LINE('',#7197,#7198);
#7197 = CARTESIAN_POINT('',(-6.28318530718,0.));
#7198 = VECTOR('',#7199,1.);
#7199 = DIRECTION('',(-0.,-1.));
#7200 = ( GEOMETRIC_REPRESENTATION_CONTEXT(2) 
PARAMETRIC_REPRESENTATION_CONTEXT() REPRESENTATION_CONTEXT('2D SPACE',''
  ) );
#7201 = PCURVE('',#4179,#7202);
#7202 = DEFINITIONAL_REPRESENTATION('',(#7203),#7207);
#7203 = LINE('',#7204,#7205);
#7204 = CARTESIAN_POINT('',(0.,-0.));
#7205 = VECTOR('',#7206,1.);
#7206 = DIRECTION('',(-0.,-1.));
#7207 = ( GEOMETRIC_REPRESENTATION_CONTEXT(2) 
PARAMETRIC_REPRESENTATION_CONTEXT() REPRESENTATION_CONTEXT('2D SPACE',''
  ) );
#7208 = ORIENTED_EDGE('',*,*,#7209,.F.);
#7209 = EDGE_CURVE('',#7187,#7187,#7210,.T.);
#7210 = SURFACE_CURVE('',#7211,(#7216,#7223),.PCURVE_S1.);
#7211 = CIRCLE('',#7212,1.4);
#7212 = AXIS2_PLACEMENT_3D('',#7213,#7214,#7215);
#7213 = CARTESIAN_POINT('',(69.812575930583,78.297857304821,11.));
#7214 = DIRECTION('',(-0.707106781187,-0.707106781187,-0.));
#7215 = DIRECTION('',(0.,0.,-1.));
#7216 = PCURVE('',#4179,#7217);
#7217 = DEFINITIONAL_REPRESENTATION('',(#7218),#7222);
#7218 = LINE('',#7219,#7220);
#7219 = CARTESIAN_POINT('',(-0.,-1.3));
#7220 = VECTOR('',#7221,1.);
#7221 = DIRECTION('',(-1.,-0.));
#7222 = ( GEOMETRIC_REPRESENTATION_CONTEXT(2) 
PARAMETRIC_REPRESENTATION_CONTEXT() REPRESENTATION_CONTEXT('2D SPACE',''
  ) );
#7223 = PCURVE('',#7224,#7229);
#7224 = PLANE('',#7225);
#7225 = AXIS2_PLACEMENT_3D('',#7226,#7227,#7228);
#7226 = CARTESIAN_POINT('',(69.812575930583,78.297857304821,11.));
#7227 = DIRECTION('',(-0.707106781187,-0.707106781187,0.));
#7228 = DIRECTION('',(0.,0.,-1.));
#7229 = DEFINITIONAL_REPRESENTATION('',(#7230),#7234);
#7230 = CIRCLE('',#7231,1.4);
#7231 = AXIS2_PLACEMENT_2D('',#7232,#7233);
#7232 = CARTESIAN_POINT('',(0.,0.));
#7233 = DIRECTION('',(1.,0.));
#7234 = ( GEOMETRIC_REPRESENTATION_CONTEXT(2) 
PARAMETRIC_REPRESENTATION_CONTEXT() REPRESENTATION_CONTEXT('2D SPACE',''
  ) );
#7235 = ORIENTED_EDGE('',*,*,#7186,.F.);
#7236 = ORIENTED_EDGE('',*,*,#3841,.T.);
#7237 = ADVANCED_FACE('',(#7238),#4692,.T.);
#7238 = FACE_BOUND('',#7239,.T.);
#7239 = EDGE_LOOP('',(#7240,#7263,#7290,#7291));
#7240 = ORIENTED_EDGE('',*,*,#7241,.T.);
#7241 = EDGE_CURVE('',#4355,#7242,#7244,.T.);
#7242 = VERTEX_POINT('',#7243);
#7243 = CARTESIAN_POINT('',(-78.29785730482,69.812575930583,9.6));
#7244 = SEAM_CURVE('',#7245,(#7249,#7256),.PCURVE_S1.);
#7245 = LINE('',#7246,#7247);
#7246 = CARTESIAN_POINT('',(-79.21709612036,70.731814746125,8.6));
#7247 = VECTOR('',#7248,1.);
#7248 = DIRECTION('',(0.560469797627,-0.560469797627,0.60971076085));
#7249 = PCURVE('',#4692,#7250);
#7250 = DEFINITIONAL_REPRESENTATION('',(#7251),#7255);
#7251 = LINE('',#7252,#7253);
#7252 = CARTESIAN_POINT('',(-6.28318530718,0.));
#7253 = VECTOR('',#7254,1.);
#7254 = DIRECTION('',(-0.,-1.));
#7255 = ( GEOMETRIC_REPRESENTATION_CONTEXT(2) 
PARAMETRIC_REPRESENTATION_CONTEXT() REPRESENTATION_CONTEXT('2D SPACE',''
  ) );
#7256 = PCURVE('',#4692,#7257);
#7257 = DEFINITIONAL_REPRESENTATION('',(#7258),#7262);
#7258 = LINE('',#7259,#7260);
#7259 = CARTESIAN_POINT('',(0.,-0.));
#7260 = VECTOR('',#7261,1.);
#7261 = DIRECTION('',(-0.,-1.));
#7262 = ( GEOMETRIC_REPRESENTATION_CONTEXT(2) 
PARAMETRIC_REPRESENTATION_CONTEXT() REPRESENTATION_CONTEXT('2D SPACE',''
  ) );
#7263 = ORIENTED_EDGE('',*,*,#7264,.F.);
#7264 = EDGE_CURVE('',#7242,#7242,#7265,.T.);
#7265 = SURFACE_CURVE('',#7266,(#7271,#7278),.PCURVE_S1.);
#7266 = CIRCLE('',#7267,1.4);
#7267 = AXIS2_PLACEMENT_3D('',#7268,#7269,#7270);
#7268 = CARTESIAN_POINT('',(-78.29785730482,69.812575930583,11.));
#7269 = DIRECTION('',(0.707106781187,-0.707106781187,-0.));
#7270 = DIRECTION('',(-0.,0.,-1.));
#7271 = PCURVE('',#4692,#7272);
#7272 = DEFINITIONAL_REPRESENTATION('',(#7273),#7277);
#7273 = LINE('',#7274,#7275);
#7274 = CARTESIAN_POINT('',(-0.,-1.3));
#7275 = VECTOR('',#7276,1.);
#7276 = DIRECTION('',(-1.,-0.));
#7277 = ( GEOMETRIC_REPRESENTATION_CONTEXT(2) 
PARAMETRIC_REPRESENTATION_CONTEXT() REPRESENTATION_CONTEXT('2D SPACE',''
  ) );
#7278 = PCURVE('',#7279,#7284);
#7279 = PLANE('',#7280);
#7280 = AXIS2_PLACEMENT_3D('',#7281,#7282,#7283);
#7281 = CARTESIAN_POINT('',(-78.29785730482,69.812575930583,11.));
#7282 = DIRECTION('',(0.707106781187,-0.707106781187,0.));
#7283 = DIRECTION('',(-0.,0.,-1.));
#7284 = DEFINITIONAL_REPRESENTATION('',(#7285),#7289);
#7285 = CIRCLE('',#7286,1.4);
#7286 = AXIS2_PLACEMENT_2D('',#7287,#7288);
#7287 = CARTESIAN_POINT('',(0.,0.));
#7288 = DIRECTION('',(1.,0.));
#7289 = ( GEOMETRIC_REPRESENTATION_CONTEXT(2) 
PARAMETRIC_REPRESENTATION_CONTEXT() REPRESENTATION_CONTEXT('2D SPACE',''
  ) );
#7290 = ORIENTED_EDGE('',*,*,#7241,.F.);
#7291 = ORIENTED_EDGE('',*,*,#4354,.T.);
#7292 = ADVANCED_FACE('',(#7293),#5205,.T.);
#7293 = FACE_BOUND('',#7294,.T.);
#7294 = EDGE_LOOP('',(#7295,#7318,#7345,#7346));
#7295 = ORIENTED_EDGE('',*,*,#7296,.T.);
#7296 = EDGE_CURVE('',#4868,#7297,#7299,.T.);
#7297 = VERTEX_POINT('',#7298);
#7298 = CARTESIAN_POINT('',(-69.81257593058,-78.29785730482,9.6));
#7299 = SEAM_CURVE('',#7300,(#7304,#7311),.PCURVE_S1.);
#7300 = LINE('',#7301,#7302);
#7301 = CARTESIAN_POINT('',(-70.73181474612,-79.21709612036,8.6));
#7302 = VECTOR('',#7303,1.);
#7303 = DIRECTION('',(0.560469797627,0.560469797627,0.60971076085));
#7304 = PCURVE('',#5205,#7305);
#7305 = DEFINITIONAL_REPRESENTATION('',(#7306),#7310);
#7306 = LINE('',#7307,#7308);
#7307 = CARTESIAN_POINT('',(-6.28318530718,0.));
#7308 = VECTOR('',#7309,1.);
#7309 = DIRECTION('',(-0.,-1.));
#7310 = ( GEOMETRIC_REPRESENTATION_CONTEXT(2) 
PARAMETRIC_REPRESENTATION_CONTEXT() REPRESENTATION_CONTEXT('2D SPACE',''
  ) );
#7311 = PCURVE('',#5205,#7312);
#7312 = DEFINITIONAL_REPRESENTATION('',(#7313),#7317);
#7313 = LINE('',#7314,#7315);
#7314 = CARTESIAN_POINT('',(0.,-0.));
#7315 = VECTOR('',#7316,1.);
#7316 = DIRECTION('',(-0.,-1.));
#7317 = ( GEOMETRIC_REPRESENTATION_CONTEXT(2) 
PARAMETRIC_REPRESENTATION_CONTEXT() REPRESENTATION_CONTEXT('2D SPACE',''
  ) );
#7318 = ORIENTED_EDGE('',*,*,#7319,.F.);
#7319 = EDGE_CURVE('',#7297,#7297,#7320,.T.);
#7320 = SURFACE_CURVE('',#7321,(#7326,#7333),.PCURVE_S1.);
#7321 = CIRCLE('',#7322,1.4);
#7322 = AXIS2_PLACEMENT_3D('',#7323,#7324,#7325);
#7323 = CARTESIAN_POINT('',(-69.81257593058,-78.29785730482,11.));
#7324 = DIRECTION('',(0.707106781187,0.707106781187,0.));
#7325 = DIRECTION('',(0.,-0.,-1.));
#7326 = PCURVE('',#5205,#7327);
#7327 = DEFINITIONAL_REPRESENTATION('',(#7328),#7332);
#7328 = LINE('',#7329,#7330);
#7329 = CARTESIAN_POINT('',(-0.,-1.3));
#7330 = VECTOR('',#7331,1.);
#7331 = DIRECTION('',(-1.,-0.));
#7332 = ( GEOMETRIC_REPRESENTATION_CONTEXT(2) 
PARAMETRIC_REPRESENTATION_CONTEXT() REPRESENTATION_CONTEXT('2D SPACE',''
  ) );
#7333 = PCURVE('',#7334,#7339);
#7334 = PLANE('',#7335);
#7335 = AXIS2_PLACEMENT_3D('',#7336,#7337,#7338);
#7336 = CARTESIAN_POINT('',(-69.81257593058,-78.29785730482,11.));
#7337 = DIRECTION('',(0.707106781187,0.707106781187,0.));
#7338 = DIRECTION('',(0.,-0.,-1.));
#7339 = DEFINITIONAL_REPRESENTATION('',(#7340),#7344);
#7340 = CIRCLE('',#7341,1.4);
#7341 = AXIS2_PLACEMENT_2D('',#7342,#7343);
#7342 = CARTESIAN_POINT('',(0.,0.));
#7343 = DIRECTION('',(1.,0.));
#7344 = ( GEOMETRIC_REPRESENTATION_CONTEXT(2) 
PARAMETRIC_REPRESENTATION_CONTEXT() REPRESENTATION_CONTEXT('2D SPACE',''
  ) );
#7345 = ORIENTED_EDGE('',*,*,#7296,.F.);
#7346 = ORIENTED_EDGE('',*,*,#4867,.T.);
#7347 = ADVANCED_FACE('',(#7348),#5718,.T.);
#7348 = FACE_BOUND('',#7349,.T.);
#7349 = EDGE_LOOP('',(#7350,#7373,#7400,#7401));
#7350 = ORIENTED_EDGE('',*,*,#7351,.T.);
#7351 = EDGE_CURVE('',#5381,#7352,#7354,.T.);
#7352 = VERTEX_POINT('',#7353);
#7353 = CARTESIAN_POINT('',(78.297857304821,-69.81257593058,9.6));
#7354 = SEAM_CURVE('',#7355,(#7359,#7366),.PCURVE_S1.);
#7355 = LINE('',#7356,#7357);
#7356 = CARTESIAN_POINT('',(79.217096120364,-70.73181474612,8.6));
#7357 = VECTOR('',#7358,1.);
#7358 = DIRECTION('',(-0.560469797627,0.560469797627,0.60971076085));
#7359 = PCURVE('',#5718,#7360);
#7360 = DEFINITIONAL_REPRESENTATION('',(#7361),#7365);
#7361 = LINE('',#7362,#7363);
#7362 = CARTESIAN_POINT('',(-6.28318530718,0.));
#7363 = VECTOR('',#7364,1.);
#7364 = DIRECTION('',(-0.,-1.));
#7365 = ( GEOMETRIC_REPRESENTATION_CONTEXT(2) 
PARAMETRIC_REPRESENTATION_CONTEXT() REPRESENTATION_CONTEXT('2D SPACE',''
  ) );
#7366 = PCURVE('',#5718,#7367);
#7367 = DEFINITIONAL_REPRESENTATION('',(#7368),#7372);
#7368 = LINE('',#7369,#7370);
#7369 = CARTESIAN_POINT('',(0.,-0.));
#7370 = VECTOR('',#7371,1.);
#7371 = DIRECTION('',(-0.,-1.));
#7372 = ( GEOMETRIC_REPRESENTATION_CONTEXT(2) 
PARAMETRIC_REPRESENTATION_CONTEXT() REPRESENTATION_CONTEXT('2D SPACE',''
  ) );
#7373 = ORIENTED_EDGE('',*,*,#7374,.F.);
#7374 = EDGE_CURVE('',#7352,#7352,#7375,.T.);
#7375 = SURFACE_CURVE('',#7376,(#7381,#7388),.PCURVE_S1.);
#7376 = CIRCLE('',#7377,1.4);
#7377 = AXIS2_PLACEMENT_3D('',#7378,#7379,#7380);
#7378 = CARTESIAN_POINT('',(78.297857304821,-69.81257593058,11.));
#7379 = DIRECTION('',(-0.707106781187,0.707106781187,0.));
#7380 = DIRECTION('',(0.,0.,-1.));
#7381 = PCURVE('',#5718,#7382);
#7382 = DEFINITIONAL_REPRESENTATION('',(#7383),#7387);
#7383 = LINE('',#7384,#7385);
#7384 = CARTESIAN_POINT('',(-0.,-1.3));
#7385 = VECTOR('',#7386,1.);
#7386 = DIRECTION('',(-1.,-0.));
#7387 = ( GEOMETRIC_REPRESENTATION_CONTEXT(2) 
PARAMETRIC_REPRESENTATION_CONTEXT() REPRESENTATION_CONTEXT('2D SPACE',''
  ) );
#7388 = PCURVE('',#7389,#7394);
#7389 = PLANE('',#7390);
#7390 = AXIS2_PLACEMENT_3D('',#7391,#7392,#7393);
#7391 = CARTESIAN_POINT('',(78.297857304821,-69.81257593058,11.));
#7392 = DIRECTION('',(-0.707106781187,0.707106781187,0.));
#7393 = DIRECTION('',(0.,0.,-1.));
#7394 = DEFINITIONAL_REPRESENTATION('',(#7395),#7399);
#7395 = CIRCLE('',#7396,1.4);
#7396 = AXIS2_PLACEMENT_2D('',#7397,#7398);
#7397 = CARTESIAN_POINT('',(0.,0.));
#7398 = DIRECTION('',(1.,0.));
#7399 = ( GEOMETRIC_REPRESENTATION_CONTEXT(2) 
PARAMETRIC_REPRESENTATION_CONTEXT() REPRESENTATION_CONTEXT('2D SPACE',''
  ) );
#7400 = ORIENTED_EDGE('',*,*,#7351,.F.);
#7401 = ORIENTED_EDGE('',*,*,#5380,.T.);
#7402 = ADVANCED_FACE('',(#7403),#5979,.F.);
#7403 = FACE_BOUND('',#7404,.T.);
#7404 = EDGE_LOOP('',(#7405,#7406,#7427,#7428));
#7405 = ORIENTED_EDGE('',*,*,#6600,.T.);
#7406 = ORIENTED_EDGE('',*,*,#7407,.T.);
#7407 = EDGE_CURVE('',#6601,#5959,#7408,.T.);
#7408 = SEAM_CURVE('',#7409,(#7413,#7420),.PCURVE_S1.);
#7409 = LINE('',#7410,#7411);
#7410 = CARTESIAN_POINT('',(-36.9,80.,42.4));
#7411 = VECTOR('',#7412,1.);
#7412 = DIRECTION('',(0.,0.,1.));
#7413 = PCURVE('',#5979,#7414);
#7414 = DEFINITIONAL_REPRESENTATION('',(#7415),#7419);
#7415 = LINE('',#7416,#7417);
#7416 = CARTESIAN_POINT('',(-6.28318530718,0.));
#7417 = VECTOR('',#7418,1.);
#7418 = DIRECTION('',(-0.,-1.));
#7419 = ( GEOMETRIC_REPRESENTATION_CONTEXT(2) 
PARAMETRIC_REPRESENTATION_CONTEXT() REPRESENTATION_CONTEXT('2D SPACE',''
  ) );
#7420 = PCURVE('',#5979,#7421);
#7421 = DEFINITIONAL_REPRESENTATION('',(#7422),#7426);
#7422 = LINE('',#7423,#7424);
#7423 = CARTESIAN_POINT('',(-0.,0.));
#7424 = VECTOR('',#7425,1.);
#7425 = DIRECTION('',(-0.,-1.));
#7426 = ( GEOMETRIC_REPRESENTATION_CONTEXT(2) 
PARAMETRIC_REPRESENTATION_CONTEXT() REPRESENTATION_CONTEXT('2D SPACE',''
  ) );
#7427 = ORIENTED_EDGE('',*,*,#5958,.F.);
#7428 = ORIENTED_EDGE('',*,*,#7407,.F.);
#7429 = ADVANCED_FACE('',(#7430),#6010,.T.);
#7430 = FACE_BOUND('',#7431,.T.);
#7431 = EDGE_LOOP('',(#7432,#7453,#7454,#7475));
#7432 = ORIENTED_EDGE('',*,*,#7433,.F.);
#7433 = EDGE_CURVE('',#6631,#5994,#7434,.T.);
#7434 = SURFACE_CURVE('',#7435,(#7439,#7446),.PCURVE_S1.);
#7435 = LINE('',#7436,#7437);
#7436 = CARTESIAN_POINT('',(-9.5,72.5,42.4));
#7437 = VECTOR('',#7438,1.);
#7438 = DIRECTION('',(0.,0.,1.));
#7439 = PCURVE('',#6010,#7440);
#7440 = DEFINITIONAL_REPRESENTATION('',(#7441),#7445);
#7441 = LINE('',#7442,#7443);
#7442 = CARTESIAN_POINT('',(0.,3.));
#7443 = VECTOR('',#7444,1.);
#7444 = DIRECTION('',(1.,0.));
#7445 = ( GEOMETRIC_REPRESENTATION_CONTEXT(2) 
PARAMETRIC_REPRESENTATION_CONTEXT() REPRESENTATION_CONTEXT('2D SPACE',''
  ) );
#7446 = PCURVE('',#6086,#7447);
#7447 = DEFINITIONAL_REPRESENTATION('',(#7448),#7452);
#7448 = LINE('',#7449,#7450);
#7449 = CARTESIAN_POINT('',(0.,0.));
#7450 = VECTOR('',#7451,1.);
#7451 = DIRECTION('',(1.,0.));
#7452 = ( GEOMETRIC_REPRESENTATION_CONTEXT(2) 
PARAMETRIC_REPRESENTATION_CONTEXT() REPRESENTATION_CONTEXT('2D SPACE',''
  ) );
#7453 = ORIENTED_EDGE('',*,*,#6630,.T.);
#7454 = ORIENTED_EDGE('',*,*,#7455,.T.);
#7455 = EDGE_CURVE('',#6633,#5996,#7456,.T.);
#7456 = SURFACE_CURVE('',#7457,(#7461,#7468),.PCURVE_S1.);
#7457 = LINE('',#7458,#7459);
#7458 = CARTESIAN_POINT('',(-12.5,72.5,42.4));
#7459 = VECTOR('',#7460,1.);
#7460 = DIRECTION('',(0.,0.,1.));
#7461 = PCURVE('',#6010,#7462);
#7462 = DEFINITIONAL_REPRESENTATION('',(#7463),#7467);
#7463 = LINE('',#7464,#7465);
#7464 = CARTESIAN_POINT('',(0.,0.));
#7465 = VECTOR('',#7466,1.);
#7466 = DIRECTION('',(1.,0.));
#7467 = ( GEOMETRIC_REPRESENTATION_CONTEXT(2) 
PARAMETRIC_REPRESENTATION_CONTEXT() REPRESENTATION_CONTEXT('2D SPACE',''
  ) );
#7468 = PCURVE('',#6036,#7469);
#7469 = DEFINITIONAL_REPRESENTATION('',(#7470),#7474);
#7470 = LINE('',#7471,#7472);
#7471 = CARTESIAN_POINT('',(0.,0.));
#7472 = VECTOR('',#7473,1.);
#7473 = DIRECTION('',(1.,0.));
#7474 = ( GEOMETRIC_REPRESENTATION_CONTEXT(2) 
PARAMETRIC_REPRESENTATION_CONTEXT() REPRESENTATION_CONTEXT('2D SPACE',''
  ) );
#7475 = ORIENTED_EDGE('',*,*,#5993,.F.);
#7476 = ADVANCED_FACE('',(#7477),#6086,.F.);
#7477 = FACE_BOUND('',#7478,.F.);
#7478 = EDGE_LOOP('',(#7479,#7480,#7481,#7502));
#7479 = ORIENTED_EDGE('',*,*,#7433,.F.);
#7480 = ORIENTED_EDGE('',*,*,#6695,.T.);
#7481 = ORIENTED_EDGE('',*,*,#7482,.T.);
#7482 = EDGE_CURVE('',#6675,#6048,#7483,.T.);
#7483 = SURFACE_CURVE('',#7484,(#7488,#7495),.PCURVE_S1.);
#7484 = LINE('',#7485,#7486);
#7485 = CARTESIAN_POINT('',(-9.5,96.5,42.4));
#7486 = VECTOR('',#7487,1.);
#7487 = DIRECTION('',(0.,0.,1.));
#7488 = PCURVE('',#6086,#7489);
#7489 = DEFINITIONAL_REPRESENTATION('',(#7490),#7494);
#7490 = LINE('',#7491,#7492);
#7491 = CARTESIAN_POINT('',(0.,-24.));
#7492 = VECTOR('',#7493,1.);
#7493 = DIRECTION('',(1.,0.));
#7494 = ( GEOMETRIC_REPRESENTATION_CONTEXT(2) 
PARAMETRIC_REPRESENTATION_CONTEXT() REPRESENTATION_CONTEXT('2D SPACE',''
  ) );
#7495 = PCURVE('',#6062,#7496);
#7496 = DEFINITIONAL_REPRESENTATION('',(#7497),#7501);
#7497 = LINE('',#7498,#7499);
#7498 = CARTESIAN_POINT('',(0.,3.));
#7499 = VECTOR('',#7500,1.);
#7500 = DIRECTION('',(1.,0.));
#7501 = ( GEOMETRIC_REPRESENTATION_CONTEXT(2) 
PARAMETRIC_REPRESENTATION_CONTEXT() REPRESENTATION_CONTEXT('2D SPACE',''
  ) );
#7502 = ORIENTED_EDGE('',*,*,#6073,.F.);
#7503 = ADVANCED_FACE('',(#7504),#6036,.T.);
#7504 = FACE_BOUND('',#7505,.T.);
#7505 = EDGE_LOOP('',(#7506,#7507,#7508,#7529));
#7506 = ORIENTED_EDGE('',*,*,#7455,.F.);
#7507 = ORIENTED_EDGE('',*,*,#6653,.T.);
#7508 = ORIENTED_EDGE('',*,*,#7509,.T.);
#7509 = EDGE_CURVE('',#6654,#6022,#7510,.T.);
#7510 = SURFACE_CURVE('',#7511,(#7515,#7522),.PCURVE_S1.);
#7511 = LINE('',#7512,#7513);
#7512 = CARTESIAN_POINT('',(-12.5,96.5,42.4));
#7513 = VECTOR('',#7514,1.);
#7514 = DIRECTION('',(0.,0.,1.));
#7515 = PCURVE('',#6036,#7516);
#7516 = DEFINITIONAL_REPRESENTATION('',(#7517),#7521);
#7517 = LINE('',#7518,#7519);
#7518 = CARTESIAN_POINT('',(0.,-24.));
#7519 = VECTOR('',#7520,1.);
#7520 = DIRECTION('',(1.,0.));
#7521 = ( GEOMETRIC_REPRESENTATION_CONTEXT(2) 
PARAMETRIC_REPRESENTATION_CONTEXT() REPRESENTATION_CONTEXT('2D SPACE',''
  ) );
#7522 = PCURVE('',#6062,#7523);
#7523 = DEFINITIONAL_REPRESENTATION('',(#7524),#7528);
#7524 = LINE('',#7525,#7526);
#7525 = CARTESIAN_POINT('',(0.,0.));
#7526 = VECTOR('',#7527,1.);
#7527 = DIRECTION('',(1.,0.));
#7528 = ( GEOMETRIC_REPRESENTATION_CONTEXT(2) 
PARAMETRIC_REPRESENTATION_CONTEXT() REPRESENTATION_CONTEXT('2D SPACE',''
  ) );
#7529 = ORIENTED_EDGE('',*,*,#6021,.F.);
#7530 = ADVANCED_FACE('',(#7531),#6062,.F.);
#7531 = FACE_BOUND('',#7532,.F.);
#7532 = EDGE_LOOP('',(#7533,#7534,#7535,#7536));
#7533 = ORIENTED_EDGE('',*,*,#7482,.F.);
#7534 = ORIENTED_EDGE('',*,*,#6674,.T.);
#7535 = ORIENTED_EDGE('',*,*,#7509,.T.);
#7536 = ORIENTED_EDGE('',*,*,#6047,.F.);
#7537 = ADVANCED_FACE('',(#7538),#6116,.T.);
#7538 = FACE_BOUND('',#7539,.T.);
#7539 = EDGE_LOOP('',(#7540,#7561,#7562,#7583));
#7540 = ORIENTED_EDGE('',*,*,#7541,.F.);
#7541 = EDGE_CURVE('',#6717,#6100,#7542,.T.);
#7542 = SURFACE_CURVE('',#7543,(#7547,#7554),.PCURVE_S1.);
#7543 = LINE('',#7544,#7545);
#7544 = CARTESIAN_POINT('',(-4.,72.5,42.4));
#7545 = VECTOR('',#7546,1.);
#7546 = DIRECTION('',(0.,0.,1.));
#7547 = PCURVE('',#6116,#7548);
#7548 = DEFINITIONAL_REPRESENTATION('',(#7549),#7553);
#7549 = LINE('',#7550,#7551);
#7550 = CARTESIAN_POINT('',(0.,3.));
#7551 = VECTOR('',#7552,1.);
#7552 = DIRECTION('',(1.,0.));
#7553 = ( GEOMETRIC_REPRESENTATION_CONTEXT(2) 
PARAMETRIC_REPRESENTATION_CONTEXT() REPRESENTATION_CONTEXT('2D SPACE',''
  ) );
#7554 = PCURVE('',#6192,#7555);
#7555 = DEFINITIONAL_REPRESENTATION('',(#7556),#7560);
#7556 = LINE('',#7557,#7558);
#7557 = CARTESIAN_POINT('',(0.,0.));
#7558 = VECTOR('',#7559,1.);
#7559 = DIRECTION('',(1.,0.));
#7560 = ( GEOMETRIC_REPRESENTATION_CONTEXT(2) 
PARAMETRIC_REPRESENTATION_CONTEXT() REPRESENTATION_CONTEXT('2D SPACE',''
  ) );
#7561 = ORIENTED_EDGE('',*,*,#6716,.T.);
#7562 = ORIENTED_EDGE('',*,*,#7563,.T.);
#7563 = EDGE_CURVE('',#6719,#6102,#7564,.T.);
#7564 = SURFACE_CURVE('',#7565,(#7569,#7576),.PCURVE_S1.);
#7565 = LINE('',#7566,#7567);
#7566 = CARTESIAN_POINT('',(-7.,72.5,42.4));
#7567 = VECTOR('',#7568,1.);
#7568 = DIRECTION('',(0.,0.,1.));
#7569 = PCURVE('',#6116,#7570);
#7570 = DEFINITIONAL_REPRESENTATION('',(#7571),#7575);
#7571 = LINE('',#7572,#7573);
#7572 = CARTESIAN_POINT('',(0.,0.));
#7573 = VECTOR('',#7574,1.);
#7574 = DIRECTION('',(1.,0.));
#7575 = ( GEOMETRIC_REPRESENTATION_CONTEXT(2) 
PARAMETRIC_REPRESENTATION_CONTEXT() REPRESENTATION_CONTEXT('2D SPACE',''
  ) );
#7576 = PCURVE('',#6142,#7577);
#7577 = DEFINITIONAL_REPRESENTATION('',(#7578),#7582);
#7578 = LINE('',#7579,#7580);
#7579 = CARTESIAN_POINT('',(0.,0.));
#7580 = VECTOR('',#7581,1.);
#7581 = DIRECTION('',(1.,0.));
#7582 = ( GEOMETRIC_REPRESENTATION_CONTEXT(2) 
PARAMETRIC_REPRESENTATION_CONTEXT() REPRESENTATION_CONTEXT('2D SPACE',''
  ) );
#7583 = ORIENTED_EDGE('',*,*,#6099,.F.);
#7584 = ADVANCED_FACE('',(#7585),#6192,.F.);
#7585 = FACE_BOUND('',#7586,.F.);
#7586 = EDGE_LOOP('',(#7587,#7588,#7589,#7610));
#7587 = ORIENTED_EDGE('',*,*,#7541,.F.);
#7588 = ORIENTED_EDGE('',*,*,#6781,.T.);
#7589 = ORIENTED_EDGE('',*,*,#7590,.T.);
#7590 = EDGE_CURVE('',#6761,#6154,#7591,.T.);
#7591 = SURFACE_CURVE('',#7592,(#7596,#7603),.PCURVE_S1.);
#7592 = LINE('',#7593,#7594);
#7593 = CARTESIAN_POINT('',(-4.,96.5,42.4));
#7594 = VECTOR('',#7595,1.);
#7595 = DIRECTION('',(0.,0.,1.));
#7596 = PCURVE('',#6192,#7597);
#7597 = DEFINITIONAL_REPRESENTATION('',(#7598),#7602);
#7598 = LINE('',#7599,#7600);
#7599 = CARTESIAN_POINT('',(0.,-24.));
#7600 = VECTOR('',#7601,1.);
#7601 = DIRECTION('',(1.,0.));
#7602 = ( GEOMETRIC_REPRESENTATION_CONTEXT(2) 
PARAMETRIC_REPRESENTATION_CONTEXT() REPRESENTATION_CONTEXT('2D SPACE',''
  ) );
#7603 = PCURVE('',#6168,#7604);
#7604 = DEFINITIONAL_REPRESENTATION('',(#7605),#7609);
#7605 = LINE('',#7606,#7607);
#7606 = CARTESIAN_POINT('',(0.,3.));
#7607 = VECTOR('',#7608,1.);
#7608 = DIRECTION('',(1.,0.));
#7609 = ( GEOMETRIC_REPRESENTATION_CONTEXT(2) 
PARAMETRIC_REPRESENTATION_CONTEXT() REPRESENTATION_CONTEXT('2D SPACE',''
  ) );
#7610 = ORIENTED_EDGE('',*,*,#6179,.F.);
#7611 = ADVANCED_FACE('',(#7612),#6142,.T.);
#7612 = FACE_BOUND('',#7613,.T.);
#7613 = EDGE_LOOP('',(#7614,#7615,#7616,#7637));
#7614 = ORIENTED_EDGE('',*,*,#7563,.F.);
#7615 = ORIENTED_EDGE('',*,*,#6739,.T.);
#7616 = ORIENTED_EDGE('',*,*,#7617,.T.);
#7617 = EDGE_CURVE('',#6740,#6128,#7618,.T.);
#7618 = SURFACE_CURVE('',#7619,(#7623,#7630),.PCURVE_S1.);
#7619 = LINE('',#7620,#7621);
#7620 = CARTESIAN_POINT('',(-7.,96.5,42.4));
#7621 = VECTOR('',#7622,1.);
#7622 = DIRECTION('',(0.,0.,1.));
#7623 = PCURVE('',#6142,#7624);
#7624 = DEFINITIONAL_REPRESENTATION('',(#7625),#7629);
#7625 = LINE('',#7626,#7627);
#7626 = CARTESIAN_POINT('',(0.,-24.));
#7627 = VECTOR('',#7628,1.);
#7628 = DIRECTION('',(1.,0.));
#7629 = ( GEOMETRIC_REPRESENTATION_CONTEXT(2) 
PARAMETRIC_REPRESENTATION_CONTEXT() REPRESENTATION_CONTEXT('2D SPACE',''
  ) );
#7630 = PCURVE('',#6168,#7631);
#7631 = DEFINITIONAL_REPRESENTATION('',(#7632),#7636);
#7632 = LINE('',#7633,#7634);
#7633 = CARTESIAN_POINT('',(0.,0.));
#7634 = VECTOR('',#7635,1.);
#7635 = DIRECTION('',(1.,0.));
#7636 = ( GEOMETRIC_REPRESENTATION_CONTEXT(2) 
PARAMETRIC_REPRESENTATION_CONTEXT() REPRESENTATION_CONTEXT('2D SPACE',''
  ) );
#7637 = ORIENTED_EDGE('',*,*,#6127,.F.);
#7638 = ADVANCED_FACE('',(#7639),#6168,.F.);
#7639 = FACE_BOUND('',#7640,.F.);
#7640 = EDGE_LOOP('',(#7641,#7642,#7643,#7644));
#7641 = ORIENTED_EDGE('',*,*,#7590,.F.);
#7642 = ORIENTED_EDGE('',*,*,#6760,.T.);
#7643 = ORIENTED_EDGE('',*,*,#7617,.T.);
#7644 = ORIENTED_EDGE('',*,*,#6153,.F.);
#7645 = ADVANCED_FACE('',(#7646),#6222,.T.);
#7646 = FACE_BOUND('',#7647,.T.);
#7647 = EDGE_LOOP('',(#7648,#7669,#7670,#7691));
#7648 = ORIENTED_EDGE('',*,*,#7649,.F.);
#7649 = EDGE_CURVE('',#6803,#6206,#7650,.T.);
#7650 = SURFACE_CURVE('',#7651,(#7655,#7662),.PCURVE_S1.);
#7651 = LINE('',#7652,#7653);
#7652 = CARTESIAN_POINT('',(1.5,72.5,42.4));
#7653 = VECTOR('',#7654,1.);
#7654 = DIRECTION('',(0.,0.,1.));
#7655 = PCURVE('',#6222,#7656);
#7656 = DEFINITIONAL_REPRESENTATION('',(#7657),#7661);
#7657 = LINE('',#7658,#7659);
#7658 = CARTESIAN_POINT('',(0.,3.));
#7659 = VECTOR('',#7660,1.);
#7660 = DIRECTION('',(1.,0.));
#7661 = ( GEOMETRIC_REPRESENTATION_CONTEXT(2) 
PARAMETRIC_REPRESENTATION_CONTEXT() REPRESENTATION_CONTEXT('2D SPACE',''
  ) );
#7662 = PCURVE('',#6298,#7663);
#7663 = DEFINITIONAL_REPRESENTATION('',(#7664),#7668);
#7664 = LINE('',#7665,#7666);
#7665 = CARTESIAN_POINT('',(0.,0.));
#7666 = VECTOR('',#7667,1.);
#7667 = DIRECTION('',(1.,0.));
#7668 = ( GEOMETRIC_REPRESENTATION_CONTEXT(2) 
PARAMETRIC_REPRESENTATION_CONTEXT() REPRESENTATION_CONTEXT('2D SPACE',''
  ) );
#7669 = ORIENTED_EDGE('',*,*,#6802,.T.);
#7670 = ORIENTED_EDGE('',*,*,#7671,.T.);
#7671 = EDGE_CURVE('',#6805,#6208,#7672,.T.);
#7672 = SURFACE_CURVE('',#7673,(#7677,#7684),.PCURVE_S1.);
#7673 = LINE('',#7674,#7675);
#7674 = CARTESIAN_POINT('',(-1.5,72.5,42.4));
#7675 = VECTOR('',#7676,1.);
#7676 = DIRECTION('',(0.,0.,1.));
#7677 = PCURVE('',#6222,#7678);
#7678 = DEFINITIONAL_REPRESENTATION('',(#7679),#7683);
#7679 = LINE('',#7680,#7681);
#7680 = CARTESIAN_POINT('',(0.,0.));
#7681 = VECTOR('',#7682,1.);
#7682 = DIRECTION('',(1.,0.));
#7683 = ( GEOMETRIC_REPRESENTATION_CONTEXT(2) 
PARAMETRIC_REPRESENTATION_CONTEXT() REPRESENTATION_CONTEXT('2D SPACE',''
  ) );
#7684 = PCURVE('',#6248,#7685);
#7685 = DEFINITIONAL_REPRESENTATION('',(#7686),#7690);
#7686 = LINE('',#7687,#7688);
#7687 = CARTESIAN_POINT('',(0.,0.));
#7688 = VECTOR('',#7689,1.);
#7689 = DIRECTION('',(1.,0.));
#7690 = ( GEOMETRIC_REPRESENTATION_CONTEXT(2) 
PARAMETRIC_REPRESENTATION_CONTEXT() REPRESENTATION_CONTEXT('2D SPACE',''
  ) );
#7691 = ORIENTED_EDGE('',*,*,#6205,.F.);
#7692 = ADVANCED_FACE('',(#7693),#6298,.F.);
#7693 = FACE_BOUND('',#7694,.F.);
#7694 = EDGE_LOOP('',(#7695,#7696,#7697,#7718));
#7695 = ORIENTED_EDGE('',*,*,#7649,.F.);
#7696 = ORIENTED_EDGE('',*,*,#6867,.T.);
#7697 = ORIENTED_EDGE('',*,*,#7698,.T.);
#7698 = EDGE_CURVE('',#6847,#6260,#7699,.T.);
#7699 = SURFACE_CURVE('',#7700,(#7704,#7711),.PCURVE_S1.);
#7700 = LINE('',#7701,#7702);
#7701 = CARTESIAN_POINT('',(1.5,96.5,42.4));
#7702 = VECTOR('',#7703,1.);
#7703 = DIRECTION('',(0.,0.,1.));
#7704 = PCURVE('',#6298,#7705);
#7705 = DEFINITIONAL_REPRESENTATION('',(#7706),#7710);
#7706 = LINE('',#7707,#7708);
#7707 = CARTESIAN_POINT('',(0.,-24.));
#7708 = VECTOR('',#7709,1.);
#7709 = DIRECTION('',(1.,0.));
#7710 = ( GEOMETRIC_REPRESENTATION_CONTEXT(2) 
PARAMETRIC_REPRESENTATION_CONTEXT() REPRESENTATION_CONTEXT('2D SPACE',''
  ) );
#7711 = PCURVE('',#6274,#7712);
#7712 = DEFINITIONAL_REPRESENTATION('',(#7713),#7717);
#7713 = LINE('',#7714,#7715);
#7714 = CARTESIAN_POINT('',(0.,3.));
#7715 = VECTOR('',#7716,1.);
#7716 = DIRECTION('',(1.,0.));
#7717 = ( GEOMETRIC_REPRESENTATION_CONTEXT(2) 
PARAMETRIC_REPRESENTATION_CONTEXT() REPRESENTATION_CONTEXT('2D SPACE',''
  ) );
#7718 = ORIENTED_EDGE('',*,*,#6285,.F.);
#7719 = ADVANCED_FACE('',(#7720),#6248,.T.);
#7720 = FACE_BOUND('',#7721,.T.);
#7721 = EDGE_LOOP('',(#7722,#7723,#7724,#7745));
#7722 = ORIENTED_EDGE('',*,*,#7671,.F.);
#7723 = ORIENTED_EDGE('',*,*,#6825,.T.);
#7724 = ORIENTED_EDGE('',*,*,#7725,.T.);
#7725 = EDGE_CURVE('',#6826,#6234,#7726,.T.);
#7726 = SURFACE_CURVE('',#7727,(#7731,#7738),.PCURVE_S1.);
#7727 = LINE('',#7728,#7729);
#7728 = CARTESIAN_POINT('',(-1.5,96.5,42.4));
#7729 = VECTOR('',#7730,1.);
#7730 = DIRECTION('',(0.,0.,1.));
#7731 = PCURVE('',#6248,#7732);
#7732 = DEFINITIONAL_REPRESENTATION('',(#7733),#7737);
#7733 = LINE('',#7734,#7735);
#7734 = CARTESIAN_POINT('',(0.,-24.));
#7735 = VECTOR('',#7736,1.);
#7736 = DIRECTION('',(1.,0.));
#7737 = ( GEOMETRIC_REPRESENTATION_CONTEXT(2) 
PARAMETRIC_REPRESENTATION_CONTEXT() REPRESENTATION_CONTEXT('2D SPACE',''
  ) );
#7738 = PCURVE('',#6274,#7739);
#7739 = DEFINITIONAL_REPRESENTATION('',(#7740),#7744);
#7740 = LINE('',#7741,#7742);
#7741 = CARTESIAN_POINT('',(0.,0.));
#7742 = VECTOR('',#7743,1.);
#7743 = DIRECTION('',(1.,0.));
#7744 = ( GEOMETRIC_REPRESENTATION_CONTEXT(2) 
PARAMETRIC_REPRESENTATION_CONTEXT() REPRESENTATION_CONTEXT('2D SPACE',''
  ) );
#7745 = ORIENTED_EDGE('',*,*,#6233,.F.);
#7746 = ADVANCED_FACE('',(#7747),#6274,.F.);
#7747 = FACE_BOUND('',#7748,.F.);
#7748 = EDGE_LOOP('',(#7749,#7750,#7751,#7752));
#7749 = ORIENTED_EDGE('',*,*,#7698,.F.);
#7750 = ORIENTED_EDGE('',*,*,#6846,.T.);
#7751 = ORIENTED_EDGE('',*,*,#7725,.T.);
#7752 = ORIENTED_EDGE('',*,*,#6259,.F.);
#7753 = ADVANCED_FACE('',(#7754),#6328,.T.);
#7754 = FACE_BOUND('',#7755,.T.);
#7755 = EDGE_LOOP('',(#7756,#7777,#7778,#7799));
#7756 = ORIENTED_EDGE('',*,*,#7757,.F.);
#7757 = EDGE_CURVE('',#6889,#6312,#7758,.T.);
#7758 = SURFACE_CURVE('',#7759,(#7763,#7770),.PCURVE_S1.);
#7759 = LINE('',#7760,#7761);
#7760 = CARTESIAN_POINT('',(7.,72.5,42.4));
#7761 = VECTOR('',#7762,1.);
#7762 = DIRECTION('',(0.,0.,1.));
#7763 = PCURVE('',#6328,#7764);
#7764 = DEFINITIONAL_REPRESENTATION('',(#7765),#7769);
#7765 = LINE('',#7766,#7767);
#7766 = CARTESIAN_POINT('',(0.,3.));
#7767 = VECTOR('',#7768,1.);
#7768 = DIRECTION('',(1.,0.));
#7769 = ( GEOMETRIC_REPRESENTATION_CONTEXT(2) 
PARAMETRIC_REPRESENTATION_CONTEXT() REPRESENTATION_CONTEXT('2D SPACE',''
  ) );
#7770 = PCURVE('',#6404,#7771);
#7771 = DEFINITIONAL_REPRESENTATION('',(#7772),#7776);
#7772 = LINE('',#7773,#7774);
#7773 = CARTESIAN_POINT('',(0.,0.));
#7774 = VECTOR('',#7775,1.);
#7775 = DIRECTION('',(1.,0.));
#7776 = ( GEOMETRIC_REPRESENTATION_CONTEXT(2) 
PARAMETRIC_REPRESENTATION_CONTEXT() REPRESENTATION_CONTEXT('2D SPACE',''
  ) );
#7777 = ORIENTED_EDGE('',*,*,#6888,.T.);
#7778 = ORIENTED_EDGE('',*,*,#7779,.T.);
#7779 = EDGE_CURVE('',#6891,#6314,#7780,.T.);
#7780 = SURFACE_CURVE('',#7781,(#7785,#7792),.PCURVE_S1.);
#7781 = LINE('',#7782,#7783);
#7782 = CARTESIAN_POINT('',(4.,72.5,42.4));
#7783 = VECTOR('',#7784,1.);
#7784 = DIRECTION('',(0.,0.,1.));
#7785 = PCURVE('',#6328,#7786);
#7786 = DEFINITIONAL_REPRESENTATION('',(#7787),#7791);
#7787 = LINE('',#7788,#7789);
#7788 = CARTESIAN_POINT('',(0.,0.));
#7789 = VECTOR('',#7790,1.);
#7790 = DIRECTION('',(1.,0.));
#7791 = ( GEOMETRIC_REPRESENTATION_CONTEXT(2) 
PARAMETRIC_REPRESENTATION_CONTEXT() REPRESENTATION_CONTEXT('2D SPACE',''
  ) );
#7792 = PCURVE('',#6354,#7793);
#7793 = DEFINITIONAL_REPRESENTATION('',(#7794),#7798);
#7794 = LINE('',#7795,#7796);
#7795 = CARTESIAN_POINT('',(0.,0.));
#7796 = VECTOR('',#7797,1.);
#7797 = DIRECTION('',(1.,0.));
#7798 = ( GEOMETRIC_REPRESENTATION_CONTEXT(2) 
PARAMETRIC_REPRESENTATION_CONTEXT() REPRESENTATION_CONTEXT('2D SPACE',''
  ) );
#7799 = ORIENTED_EDGE('',*,*,#6311,.F.);
#7800 = ADVANCED_FACE('',(#7801),#6404,.F.);
#7801 = FACE_BOUND('',#7802,.F.);
#7802 = EDGE_LOOP('',(#7803,#7804,#7805,#7826));
#7803 = ORIENTED_EDGE('',*,*,#7757,.F.);
#7804 = ORIENTED_EDGE('',*,*,#6953,.T.);
#7805 = ORIENTED_EDGE('',*,*,#7806,.T.);
#7806 = EDGE_CURVE('',#6933,#6366,#7807,.T.);
#7807 = SURFACE_CURVE('',#7808,(#7812,#7819),.PCURVE_S1.);
#7808 = LINE('',#7809,#7810);
#7809 = CARTESIAN_POINT('',(7.,96.5,42.4));
#7810 = VECTOR('',#7811,1.);
#7811 = DIRECTION('',(0.,0.,1.));
#7812 = PCURVE('',#6404,#7813);
#7813 = DEFINITIONAL_REPRESENTATION('',(#7814),#7818);
#7814 = LINE('',#7815,#7816);
#7815 = CARTESIAN_POINT('',(0.,-24.));
#7816 = VECTOR('',#7817,1.);
#7817 = DIRECTION('',(1.,0.));
#7818 = ( GEOMETRIC_REPRESENTATION_CONTEXT(2) 
PARAMETRIC_REPRESENTATION_CONTEXT() REPRESENTATION_CONTEXT('2D SPACE',''
  ) );
#7819 = PCURVE('',#6380,#7820);
#7820 = DEFINITIONAL_REPRESENTATION('',(#7821),#7825);
#7821 = LINE('',#7822,#7823);
#7822 = CARTESIAN_POINT('',(0.,3.));
#7823 = VECTOR('',#7824,1.);
#7824 = DIRECTION('',(1.,0.));
#7825 = ( GEOMETRIC_REPRESENTATION_CONTEXT(2) 
PARAMETRIC_REPRESENTATION_CONTEXT() REPRESENTATION_CONTEXT('2D SPACE',''
  ) );
#7826 = ORIENTED_EDGE('',*,*,#6391,.F.);
#7827 = ADVANCED_FACE('',(#7828),#6354,.T.);
#7828 = FACE_BOUND('',#7829,.T.);
#7829 = EDGE_LOOP('',(#7830,#7831,#7832,#7853));
#7830 = ORIENTED_EDGE('',*,*,#7779,.F.);
#7831 = ORIENTED_EDGE('',*,*,#6911,.T.);
#7832 = ORIENTED_EDGE('',*,*,#7833,.T.);
#7833 = EDGE_CURVE('',#6912,#6340,#7834,.T.);
#7834 = SURFACE_CURVE('',#7835,(#7839,#7846),.PCURVE_S1.);
#7835 = LINE('',#7836,#7837);
#7836 = CARTESIAN_POINT('',(4.,96.5,42.4));
#7837 = VECTOR('',#7838,1.);
#7838 = DIRECTION('',(0.,0.,1.));
#7839 = PCURVE('',#6354,#7840);
#7840 = DEFINITIONAL_REPRESENTATION('',(#7841),#7845);
#7841 = LINE('',#7842,#7843);
#7842 = CARTESIAN_POINT('',(0.,-24.));
#7843 = VECTOR('',#7844,1.);
#7844 = DIRECTION('',(1.,0.));
#7845 = ( GEOMETRIC_REPRESENTATION_CONTEXT(2) 
PARAMETRIC_REPRESENTATION_CONTEXT() REPRESENTATION_CONTEXT('2D SPACE',''
  ) );
#7846 = PCURVE('',#6380,#7847);
#7847 = DEFINITIONAL_REPRESENTATION('',(#7848),#7852);
#7848 = LINE('',#7849,#7850);
#7849 = CARTESIAN_POINT('',(0.,0.));
#7850 = VECTOR('',#7851,1.);
#7851 = DIRECTION('',(1.,0.));
#7852 = ( GEOMETRIC_REPRESENTATION_CONTEXT(2) 
PARAMETRIC_REPRESENTATION_CONTEXT() REPRESENTATION_CONTEXT('2D SPACE',''
  ) );
#7853 = ORIENTED_EDGE('',*,*,#6339,.F.);
#7854 = ADVANCED_FACE('',(#7855),#6380,.F.);
#7855 = FACE_BOUND('',#7856,.F.);
#7856 = EDGE_LOOP('',(#7857,#7858,#7859,#7860));
#7857 = ORIENTED_EDGE('',*,*,#7806,.F.);
#7858 = ORIENTED_EDGE('',*,*,#6932,.T.);
#7859 = ORIENTED_EDGE('',*,*,#7833,.T.);
#7860 = ORIENTED_EDGE('',*,*,#6365,.F.);
#7861 = ADVANCED_FACE('',(#7862),#6434,.T.);
#7862 = FACE_BOUND('',#7863,.T.);
#7863 = EDGE_LOOP('',(#7864,#7885,#7886,#7907));
#7864 = ORIENTED_EDGE('',*,*,#7865,.F.);
#7865 = EDGE_CURVE('',#6975,#6418,#7866,.T.);
#7866 = SURFACE_CURVE('',#7867,(#7871,#7878),.PCURVE_S1.);
#7867 = LINE('',#7868,#7869);
#7868 = CARTESIAN_POINT('',(12.5,72.5,42.4));
#7869 = VECTOR('',#7870,1.);
#7870 = DIRECTION('',(0.,0.,1.));
#7871 = PCURVE('',#6434,#7872);
#7872 = DEFINITIONAL_REPRESENTATION('',(#7873),#7877);
#7873 = LINE('',#7874,#7875);
#7874 = CARTESIAN_POINT('',(0.,3.));
#7875 = VECTOR('',#7876,1.);
#7876 = DIRECTION('',(1.,0.));
#7877 = ( GEOMETRIC_REPRESENTATION_CONTEXT(2) 
PARAMETRIC_REPRESENTATION_CONTEXT() REPRESENTATION_CONTEXT('2D SPACE',''
  ) );
#7878 = PCURVE('',#6510,#7879);
#7879 = DEFINITIONAL_REPRESENTATION('',(#7880),#7884);
#7880 = LINE('',#7881,#7882);
#7881 = CARTESIAN_POINT('',(0.,0.));
#7882 = VECTOR('',#7883,1.);
#7883 = DIRECTION('',(1.,0.));
#7884 = ( GEOMETRIC_REPRESENTATION_CONTEXT(2) 
PARAMETRIC_REPRESENTATION_CONTEXT() REPRESENTATION_CONTEXT('2D SPACE',''
  ) );
#7885 = ORIENTED_EDGE('',*,*,#6974,.T.);
#7886 = ORIENTED_EDGE('',*,*,#7887,.T.);
#7887 = EDGE_CURVE('',#6977,#6420,#7888,.T.);
#7888 = SURFACE_CURVE('',#7889,(#7893,#7900),.PCURVE_S1.);
#7889 = LINE('',#7890,#7891);
#7890 = CARTESIAN_POINT('',(9.5,72.5,42.4));
#7891 = VECTOR('',#7892,1.);
#7892 = DIRECTION('',(0.,0.,1.));
#7893 = PCURVE('',#6434,#7894);
#7894 = DEFINITIONAL_REPRESENTATION('',(#7895),#7899);
#7895 = LINE('',#7896,#7897);
#7896 = CARTESIAN_POINT('',(0.,0.));
#7897 = VECTOR('',#7898,1.);
#7898 = DIRECTION('',(1.,0.));
#7899 = ( GEOMETRIC_REPRESENTATION_CONTEXT(2) 
PARAMETRIC_REPRESENTATION_CONTEXT() REPRESENTATION_CONTEXT('2D SPACE',''
  ) );
#7900 = PCURVE('',#6460,#7901);
#7901 = DEFINITIONAL_REPRESENTATION('',(#7902),#7906);
#7902 = LINE('',#7903,#7904);
#7903 = CARTESIAN_POINT('',(0.,0.));
#7904 = VECTOR('',#7905,1.);
#7905 = DIRECTION('',(1.,0.));
#7906 = ( GEOMETRIC_REPRESENTATION_CONTEXT(2) 
PARAMETRIC_REPRESENTATION_CONTEXT() REPRESENTATION_CONTEXT('2D SPACE',''
  ) );
#7907 = ORIENTED_EDGE('',*,*,#6417,.F.);
#7908 = ADVANCED_FACE('',(#7909),#6510,.F.);
#7909 = FACE_BOUND('',#7910,.F.);
#7910 = EDGE_LOOP('',(#7911,#7912,#7913,#7934));
#7911 = ORIENTED_EDGE('',*,*,#7865,.F.);
#7912 = ORIENTED_EDGE('',*,*,#7039,.T.);
#7913 = ORIENTED_EDGE('',*,*,#7914,.T.);
#7914 = EDGE_CURVE('',#7019,#6472,#7915,.T.);
#7915 = SURFACE_CURVE('',#7916,(#7920,#7927),.PCURVE_S1.);
#7916 = LINE('',#7917,#7918);
#7917 = CARTESIAN_POINT('',(12.5,96.5,42.4));
#7918 = VECTOR('',#7919,1.);
#7919 = DIRECTION('',(0.,0.,1.));
#7920 = PCURVE('',#6510,#7921);
#7921 = DEFINITIONAL_REPRESENTATION('',(#7922),#7926);
#7922 = LINE('',#7923,#7924);
#7923 = CARTESIAN_POINT('',(0.,-24.));
#7924 = VECTOR('',#7925,1.);
#7925 = DIRECTION('',(1.,0.));
#7926 = ( GEOMETRIC_REPRESENTATION_CONTEXT(2) 
PARAMETRIC_REPRESENTATION_CONTEXT() REPRESENTATION_CONTEXT('2D SPACE',''
  ) );
#7927 = PCURVE('',#6486,#7928);
#7928 = DEFINITIONAL_REPRESENTATION('',(#7929),#7933);
#7929 = LINE('',#7930,#7931);
#7930 = CARTESIAN_POINT('',(0.,3.));
#7931 = VECTOR('',#7932,1.);
#7932 = DIRECTION('',(1.,0.));
#7933 = ( GEOMETRIC_REPRESENTATION_CONTEXT(2) 
PARAMETRIC_REPRESENTATION_CONTEXT() REPRESENTATION_CONTEXT('2D SPACE',''
  ) );
#7934 = ORIENTED_EDGE('',*,*,#6497,.F.);
#7935 = ADVANCED_FACE('',(#7936),#6486,.F.);
#7936 = FACE_BOUND('',#7937,.F.);
#7937 = EDGE_LOOP('',(#7938,#7939,#7940,#7961));
#7938 = ORIENTED_EDGE('',*,*,#7914,.F.);
#7939 = ORIENTED_EDGE('',*,*,#7018,.T.);
#7940 = ORIENTED_EDGE('',*,*,#7941,.T.);
#7941 = EDGE_CURVE('',#6998,#6446,#7942,.T.);
#7942 = SURFACE_CURVE('',#7943,(#7947,#7954),.PCURVE_S1.);
#7943 = LINE('',#7944,#7945);
#7944 = CARTESIAN_POINT('',(9.5,96.5,42.4));
#7945 = VECTOR('',#7946,1.);
#7946 = DIRECTION('',(0.,0.,1.));
#7947 = PCURVE('',#6486,#7948);
#7948 = DEFINITIONAL_REPRESENTATION('',(#7949),#7953);
#7949 = LINE('',#7950,#7951);
#7950 = CARTESIAN_POINT('',(0.,0.));
#7951 = VECTOR('',#7952,1.);
#7952 = DIRECTION('',(1.,0.));
#7953 = ( GEOMETRIC_REPRESENTATION_CONTEXT(2) 
PARAMETRIC_REPRESENTATION_CONTEXT() REPRESENTATION_CONTEXT('2D SPACE',''
  ) );
#7954 = PCURVE('',#6460,#7955);
#7955 = DEFINITIONAL_REPRESENTATION('',(#7956),#7960);
#7956 = LINE('',#7957,#7958);
#7957 = CARTESIAN_POINT('',(0.,-24.));
#7958 = VECTOR('',#7959,1.);
#7959 = DIRECTION('',(1.,0.));
#7960 = ( GEOMETRIC_REPRESENTATION_CONTEXT(2) 
PARAMETRIC_REPRESENTATION_CONTEXT() REPRESENTATION_CONTEXT('2D SPACE',''
  ) );
#7961 = ORIENTED_EDGE('',*,*,#6471,.F.);
#7962 = ADVANCED_FACE('',(#7963),#6460,.T.);
#7963 = FACE_BOUND('',#7964,.T.);
#7964 = EDGE_LOOP('',(#7965,#7966,#7967,#7968));
#7965 = ORIENTED_EDGE('',*,*,#7887,.F.);
#7966 = ORIENTED_EDGE('',*,*,#6997,.T.);
#7967 = ORIENTED_EDGE('',*,*,#7941,.T.);
#7968 = ORIENTED_EDGE('',*,*,#6445,.F.);
#7969 = ADVANCED_FACE('',(#7970),#6565,.F.);
#7970 = FACE_BOUND('',#7971,.F.);
#7971 = EDGE_LOOP('',(#7972,#7973,#7974,#7975));
#7972 = ORIENTED_EDGE('',*,*,#7160,.F.);
#7973 = ORIENTED_EDGE('',*,*,#7111,.T.);
#7974 = ORIENTED_EDGE('',*,*,#7084,.T.);
#7975 = ORIENTED_EDGE('',*,*,#6549,.F.);
#7976 = ADVANCED_FACE('',(#7977),#7224,.T.);
#7977 = FACE_BOUND('',#7978,.T.);
#7978 = EDGE_LOOP('',(#7979));
#7979 = ORIENTED_EDGE('',*,*,#7209,.T.);
#7980 = ADVANCED_FACE('',(#7981),#7279,.T.);
#7981 = FACE_BOUND('',#7982,.T.);
#7982 = EDGE_LOOP('',(#7983));
#7983 = ORIENTED_EDGE('',*,*,#7264,.T.);
#7984 = ADVANCED_FACE('',(#7985),#7334,.T.);
#7985 = FACE_BOUND('',#7986,.T.);
#7986 = EDGE_LOOP('',(#7987));
#7987 = ORIENTED_EDGE('',*,*,#7319,.T.);
#7988 = ADVANCED_FACE('',(#7989),#7389,.T.);
#7989 = FACE_BOUND('',#7990,.T.);
#7990 = EDGE_LOOP('',(#7991));
#7991 = ORIENTED_EDGE('',*,*,#7374,.T.);
#7992 = ( GEOMETRIC_REPRESENTATION_CONTEXT(3) 
GLOBAL_UNCERTAINTY_ASSIGNED_CONTEXT((#7996)) 
GLOBAL_UNIT_ASSIGNED_CONTEXT((#7993,#7994,#7995)) REPRESENTATION_CONTEXT
('Context #1','3D Context with UNIT and UNCERTAINTY') );
#7993 = ( LENGTH_UNIT() NAMED_UNIT(*) SI_UNIT(.MILLI.,.METRE.) );
#7994 = ( NAMED_UNIT(*) PLANE_ANGLE_UNIT() SI_UNIT($,.RADIAN.) );
#7995 = ( NAMED_UNIT(*) SI_UNIT($,.STERADIAN.) SOLID_ANGLE_UNIT() );
#7996 = UNCERTAINTY_MEASURE_WITH_UNIT(LENGTH_MEASURE(1.E-07),#7993,
  'distance_accuracy_value','confusion accuracy');
#7997 = PRODUCT_RELATED_PRODUCT_CATEGORY('part',$,(#7));
ENDSEC;
END-ISO-10303-21;
